7241 1 9.5367431640625e-07
7300 2 1.9073486328125e-06
7324 3 2.86102294921875e-06
7352 4 3.814697265625e-06
7367 5 4.76837158203125e-06
7393 7 6.67572021484375e-06
7400 8 7.62939453125e-06
7403 9 8.58306884765625e-06
7415 10 9.5367431640625e-06
7417 11 1.049041748046875e-05
7426 12 1.1444091796875e-05
7427 13 1.239776611328125e-05
7430 14 1.33514404296875e-05
7431 17 1.621246337890625e-05
7439 18 1.71661376953125e-05
7442 20 1.9073486328125e-05
7443 21 2.002716064453125e-05
7454 22 2.09808349609375e-05
7455 23 2.193450927734375e-05
7458 25 2.384185791015625e-05
7462 26 2.47955322265625e-05
7464 27 2.574920654296875e-05
7468 28 2.6702880859375e-05
7470 30 2.86102294921875e-05
7474 31 2.956390380859375e-05
7475 32 3.0517578125e-05
7478 33 3.147125244140625e-05
7479 34 3.24249267578125e-05
7482 36 3.4332275390625e-05
7484 39 3.719329833984375e-05
7485 40 3.814697265625e-05
7486 41 3.910064697265625e-05
7492 42 4.00543212890625e-05
7495 44 4.1961669921875e-05
7496 45 4.291534423828125e-05
7498 47 4.482269287109375e-05
7499 48 4.57763671875e-05
7500 49 4.673004150390625e-05
7502 50 4.76837158203125e-05
7503 51 4.863739013671875e-05
7504 52 4.9591064453125e-05
7505 53 5.054473876953125e-05
7506 57 5.435943603515625e-05
7507 58 5.53131103515625e-05
7508 59 5.626678466796875e-05
7510 62 5.91278076171875e-05
7512 63 6.008148193359375e-05
7513 66 6.29425048828125e-05
7516 68 6.4849853515625e-05
7517 70 6.67572021484375e-05
7519 72 6.866455078125e-05
7522 74 7.05718994140625e-05
7523 77 7.343292236328125e-05
7524 78 7.43865966796875e-05
7525 82 7.82012939453125e-05
7527 84 8.0108642578125e-05
7529 86 8.20159912109375e-05
7530 91 8.678436279296875e-05
7531 92 8.7738037109375e-05
7532 93 8.869171142578125e-05
7533 94 8.96453857421875e-05
7534 97 9.250640869140625e-05
7535 99 9.441375732421875e-05
7536 103 9.822845458984375e-05
7538 104 9.918212890625e-05
7539 106 0.0001010894775390625
7540 108 0.000102996826171875
7541 110 0.0001049041748046875
7542 116 0.000110626220703125
7543 118 0.0001125335693359375
7544 123 0.00011730194091796875
7545 125 0.00011920928955078125
7546 127 0.00012111663818359375
7547 128 0.0001220703125
7548 131 0.00012493133544921875
7549 135 0.00012874603271484375
7550 137 0.00013065338134765625
7551 144 0.0001373291015625
7552 146 0.0001392364501953125
7553 148 0.000141143798828125
7554 150 0.0001430511474609375
7555 151 0.00014400482177734375
7556 154 0.0001468658447265625
7557 156 0.000148773193359375
7558 157 0.00014972686767578125
7559 159 0.00015163421630859375
7560 164 0.000156402587890625
7561 166 0.0001583099365234375
7562 169 0.00016117095947265625
7563 172 0.000164031982421875
7564 174 0.0001659393310546875
7565 179 0.00017070770263671875
7566 182 0.0001735687255859375
7567 184 0.00017547607421875
7568 188 0.000179290771484375
7569 193 0.00018405914306640625
7570 198 0.0001888275146484375
7571 199 0.00018978118896484375
7572 202 0.0001926422119140625
7573 205 0.00019550323486328125
7574 208 0.0001983642578125
7575 212 0.000202178955078125
7576 216 0.00020599365234375
7577 223 0.00021266937255859375
7578 226 0.0002155303955078125
7579 229 0.00021839141845703125
7580 235 0.00022411346435546875
7581 238 0.0002269744873046875
7582 241 0.00022983551025390625
7583 244 0.000232696533203125
7584 246 0.0002346038818359375
7585 252 0.000240325927734375
7586 256 0.000244140625
7587 263 0.00025081634521484375
7588 268 0.000255584716796875
7589 272 0.0002593994140625
7590 278 0.0002651214599609375
7591 284 0.000270843505859375
7592 289 0.00027561187744140625
7593 292 0.000278472900390625
7594 300 0.000286102294921875
7595 304 0.0002899169921875
7596 308 0.000293731689453125
7597 312 0.00029754638671875
7598 321 0.00030612945556640625
7599 329 0.00031375885009765625
7600 332 0.000316619873046875
7601 337 0.00032138824462890625
7602 345 0.00032901763916015625
7603 348 0.000331878662109375
7604 351 0.00033473968505859375
7605 357 0.00034046173095703125
7606 362 0.0003452301025390625
7607 368 0.0003509521484375
7608 375 0.00035762786865234375
7609 378 0.0003604888916015625
7610 386 0.0003681182861328125
7611 392 0.00037384033203125
7612 401 0.00038242340087890625
7613 410 0.0003910064697265625
7614 415 0.00039577484130859375
7615 419 0.00039958953857421875
7616 427 0.00040721893310546875
7617 434 0.0004138946533203125
7618 442 0.0004215240478515625
7619 453 0.00043201446533203125
7620 460 0.000438690185546875
7621 467 0.00044536590576171875
7622 480 0.000457763671875
7623 484 0.000461578369140625
7624 493 0.00047016143798828125
7625 507 0.00048351287841796875
7626 516 0.000492095947265625
7627 527 0.0005025863647460938
7628 530 0.0005054473876953125
7629 539 0.0005140304565429688
7630 542 0.0005168914794921875
7631 557 0.0005311965942382812
7632 571 0.0005445480346679688
7633 579 0.0005521774291992188
7634 586 0.0005588531494140625
7635 599 0.0005712509155273438
7636 608 0.000579833984375
7637 617 0.0005884170532226562
7638 628 0.000598907470703125
7639 636 0.000606536865234375
7640 644 0.000614166259765625
7641 654 0.0006237030029296875
7642 664 0.00063323974609375
7643 680 0.00064849853515625
7644 688 0.0006561279296875
7645 696 0.00066375732421875
7646 702 0.0006694793701171875
7647 709 0.0006761550903320312
7648 717 0.0006837844848632812
7649 729 0.0006952285766601562
7650 742 0.0007076263427734375
7651 749 0.0007143020629882812
7652 757 0.0007219314575195312
7653 764 0.000728607177734375
7654 780 0.000743865966796875
7655 790 0.0007534027099609375
7656 802 0.0007648468017578125
7657 812 0.000774383544921875
7658 832 0.00079345703125
7659 843 0.0008039474487304688
7660 854 0.0008144378662109375
7661 865 0.0008249282836914062
7662 882 0.0008411407470703125
7663 899 0.0008573532104492188
7664 915 0.0008726119995117188
7665 928 0.000885009765625
7666 944 0.0009002685546875
7667 958 0.0009136199951171875
7668 973 0.0009279251098632812
7669 988 0.000942230224609375
7670 1009 0.0009622573852539062
7671 1029 0.0009813308715820312
7672 1042 0.0009937286376953125
7673 1050 0.0010013580322265625
7674 1068 0.001018524169921875
7675 1085 0.0010347366333007812
7676 1104 0.0010528564453125
7677 1110 0.0010585784912109375
7678 1123 0.0010709762573242188
7679 1142 0.0010890960693359375
7680 1160 0.00110626220703125
7681 1167 0.0011129379272460938
7682 1189 0.0011339187622070312
7683 1207 0.0011510848999023438
7684 1219 0.0011625289916992188
7685 1235 0.0011777877807617188
7686 1250 0.0011920928955078125
7687 1266 0.0012073516845703125
7688 1282 0.0012226104736328125
7689 1303 0.0012426376342773438
7690 1324 0.001262664794921875
7691 1340 0.001277923583984375
7692 1358 0.0012950897216796875
7693 1374 0.0013103485107421875
7694 1392 0.0013275146484375
7695 1410 0.0013446807861328125
7696 1424 0.0013580322265625
7697 1443 0.0013761520385742188
7698 1468 0.001399993896484375
7699 1494 0.0014247894287109375
7700 1509 0.0014390945434570312
7701 1521 0.0014505386352539062
7702 1539 0.0014677047729492188
7703 1558 0.0014858245849609375
7704 1579 0.0015058517456054688
7705 1606 0.0015316009521484375
7706 1635 0.0015592575073242188
7707 1665 0.0015878677368164062
7708 1690 0.0016117095947265625
7709 1706 0.0016269683837890625
7710 1718 0.0016384124755859375
7711 1734 0.0016536712646484375
7712 1759 0.0016775131225585938
7713 1781 0.0016984939575195312
7714 1799 0.0017156600952148438
7715 1820 0.001735687255859375
7716 1849 0.0017633438110351562
7717 1864 0.00177764892578125
7718 1882 0.0017948150634765625
7719 1906 0.0018177032470703125
7720 1935 0.0018453598022460938
7721 1960 0.00186920166015625
7722 1981 0.0018892288208007812
7723 2000 0.0019073486328125
7724 2029 0.0019350051879882812
7725 2058 0.0019626617431640625
7726 2078 0.0019817352294921875
7727 2096 0.0019989013671875
7728 2117 0.0020189285278320312
7729 2140 0.002040863037109375
7730 2163 0.0020627975463867188
7731 2193 0.0020914077758789062
7732 2219 0.0021162033081054688
7733 2246 0.0021419525146484375
7734 2266 0.0021610260009765625
7735 2293 0.0021867752075195312
7736 2318 0.0022106170654296875
7737 2350 0.0022411346435546875
7738 2382 0.0022716522216796875
7739 2401 0.0022897720336914062
7740 2431 0.0023183822631835938
7741 2454 0.0023403167724609375
7742 2484 0.002368927001953125
7743 2510 0.0023937225341796875
7744 2524 0.002407073974609375
7745 2555 0.0024366378784179688
7746 2575 0.0024557113647460938
7747 2605 0.0024843215942382812
7748 2629 0.0025072097778320312
7749 2654 0.0025310516357421875
7750 2680 0.00255584716796875
7751 2704 0.0025787353515625
7752 2737 0.0026102066040039062
7753 2769 0.0026407241821289062
7754 2793 0.0026636123657226562
7755 2817 0.0026865005493164062
7756 2840 0.00270843505859375
7757 2867 0.0027341842651367188
7758 2905 0.0027704238891601562
7759 2938 0.0028018951416015625
7760 2968 0.00283050537109375
7761 2995 0.0028562545776367188
7762 3020 0.002880096435546875
7763 3043 0.0029020309448242188
7764 3078 0.0029354095458984375
7765 3108 0.002964019775390625
7766 3139 0.0029935836791992188
7767 3169 0.0030221939086914062
7768 3192 0.00304412841796875
7769 3207 0.0030584335327148438
7770 3236 0.003086090087890625
7771 3259 0.0031080245971679688
7772 3301 0.0031480789184570312
7773 3335 0.0031805038452148438
7774 3363 0.0032072067260742188
7775 3386 0.0032291412353515625
7776 3405 0.0032472610473632812
7777 3440 0.0032806396484375
7778 3475 0.0033140182495117188
7779 3514 0.0033512115478515625
7780 3544 0.00337982177734375
7781 3573 0.0034074783325195312
7782 3612 0.003444671630859375
7783 3648 0.00347900390625
7784 3678 0.0035076141357421875
7785 3710 0.0035381317138671875
7786 3755 0.0035810470581054688
7787 3792 0.0036163330078125
7788 3830 0.0036525726318359375
7789 3861 0.0036821365356445312
7790 3893 0.0037126541137695312
7791 3931 0.0037488937377929688
7792 3971 0.0037870407104492188
7793 4007 0.0038213729858398438
7794 4044 0.003856658935546875
7795 4067 0.0038785934448242188
7796 4105 0.003914833068847656
7797 4140 0.003948211669921875
7798 4172 0.003978729248046875
7799 4210 0.0040149688720703125
7800 4259 0.004061698913574219
7801 4289 0.004090309143066406
7802 4326 0.0041255950927734375
7803 4358 0.0041561126708984375
7804 4402 0.0041980743408203125
7805 4434 0.0042285919189453125
7806 4466 0.0042591094970703125
7807 4508 0.004299163818359375
7808 4540 0.004329681396484375
7809 4575 0.004363059997558594
7810 4612 0.004398345947265625
7811 4655 0.004439353942871094
7812 4698 0.0044803619384765625
7813 4741 0.004521369934082031
7814 4786 0.0045642852783203125
7815 4824 0.00460052490234375
7816 4861 0.004635810852050781
7817 4896 0.004669189453125
7818 4933 0.004704475402832031
7819 4970 0.0047397613525390625
7820 5020 0.004787445068359375
7821 5048 0.00481414794921875
7822 5099 0.004862785339355469
7823 5131 0.004893302917480469
7824 5183 0.004942893981933594
7825 5229 0.004986763000488281
7826 5264 0.0050201416015625
7827 5306 0.0050601959228515625
7828 5334 0.0050868988037109375
7829 5382 0.0051326751708984375
7830 5417 0.005166053771972656
7831 5465 0.005211830139160156
7832 5510 0.0052547454833984375
7833 5555 0.005297660827636719
7834 5585 0.005326271057128906
7835 5628 0.005367279052734375
7836 5674 0.0054111480712890625
7837 5723 0.005457878112792969
7838 5763 0.005496025085449219
7839 5814 0.0055446624755859375
7840 5863 0.005591392517089844
7841 5909 0.005635261535644531
7842 5957 0.005681037902832031
7843 6012 0.005733489990234375
7844 6052 0.005771636962890625
7845 6099 0.005816459655761719
7846 6154 0.0058689117431640625
7847 6207 0.005919456481933594
7848 6257 0.005967140197753906
7849 6294 0.0060024261474609375
7850 6338 0.0060443878173828125
7851 6386 0.0060901641845703125
7852 6453 0.006154060363769531
7853 6498 0.0061969757080078125
7854 6548 0.006244659423828125
7855 6591 0.006285667419433594
7856 6640 0.0063323974609375
7857 6681 0.006371498107910156
7858 6736 0.0064239501953125
7859 6782 0.0064678192138671875
7860 6853 0.006535530090332031
7861 6896 0.0065765380859375
7862 6950 0.0066280364990234375
7863 7002 0.0066776275634765625
7864 7055 0.006728172302246094
7865 7113 0.006783485412597656
7866 7166 0.0068340301513671875
7867 7220 0.006885528564453125
7868 7272 0.00693511962890625
7869 7319 0.006979942321777344
7870 7374 0.0070323944091796875
7871 7422 0.0070781707763671875
7872 7484 0.007137298583984375
7873 7543 0.007193565368652344
7874 7603 0.007250785827636719
7875 7667 0.007311820983886719
7876 7739 0.007380485534667969
7877 7793 0.007431983947753906
7878 7855 0.007491111755371094
7879 7908 0.007541656494140625
7880 7957 0.007588386535644531
7881 8006 0.0076351165771484375
7882 8067 0.007693290710449219
7883 8139 0.007761955261230469
7884 8184 0.00780487060546875
7885 8254 0.007871627807617188
7886 8313 0.007927894592285156
7887 8381 0.007992744445800781
7888 8442 0.008050918579101562
7889 8500 0.008106231689453125
7890 8572 0.008174896240234375
7891 8622 0.008222579956054688
7892 8694 0.008291244506835938
7893 8768 0.00836181640625
7894 8847 0.008437156677246094
7895 8905 0.008492469787597656
7896 8956 0.008541107177734375
7897 9036 0.008617401123046875
7898 9097 0.008675575256347656
7899 9151 0.008727073669433594
7900 9213 0.008786201477050781
7901 9292 0.008861541748046875
7902 9355 0.008921623229980469
7903 9440 0.009002685546875
7904 9510 0.009069442749023438
7905 9581 0.009137153625488281
7906 9650 0.009202957153320312
7907 9726 0.009275436401367188
7908 9803 0.009348869323730469
7909 9868 0.009410858154296875
7910 9955 0.009493827819824219
7911 10032 0.0095672607421875
7912 10120 0.00965118408203125
7913 10198 0.009725570678710938
7914 10257 0.009781837463378906
7915 10324 0.009845733642578125
7916 10390 0.009908676147460938
7917 10465 0.009980201721191406
7918 10560 0.01007080078125
7919 10630 0.010137557983398438
7920 10709 0.010212898254394531
7921 10772 0.010272979736328125
7922 10845 0.010342597961425781
7923 10923 0.010416984558105469
7924 11005 0.010495185852050781
7925 11087 0.010573387145996094
7926 11144 0.01062774658203125
7927 11236 0.010715484619140625
7928 11316 0.010791778564453125
7929 11380 0.010852813720703125
7930 11443 0.010912895202636719
7931 11518 0.010984420776367188
7932 11590 0.011053085327148438
7933 11662 0.011121749877929688
7934 11728 0.0111846923828125
7935 11812 0.011264801025390625
7936 11890 0.011339187622070312
7937 11972 0.011417388916015625
7938 12054 0.011495590209960938
7939 12138 0.011575698852539062
7940 12199 0.011633872985839844
7941 12282 0.011713027954101562
7942 12363 0.011790275573730469
7943 12429 0.011853218078613281
7944 12495 0.011916160583496094
7945 12589 0.012005805969238281
7946 12658 0.012071609497070312
7947 12737 0.012146949768066406
7948 12807 0.012213706970214844
7949 12888 0.01229095458984375
7950 12944 0.0123443603515625
7951 13030 0.012426376342773438
7952 13105 0.012497901916503906
7953 13187 0.012576103210449219
7954 13255 0.012640953063964844
7955 13338 0.012720108032226562
7956 13423 0.012801170349121094
7957 13488 0.0128631591796875
7958 13562 0.012933731079101562
7959 13643 0.013010978698730469
7960 13721 0.013085365295410156
7961 13801 0.013161659240722656
7962 13909 0.013264656066894531
7963 13988 0.013339996337890625
7964 14081 0.013428688049316406
7965 14173 0.013516426086425781
7966 14258 0.013597488403320312
7967 14336 0.013671875
7968 14421 0.013752937316894531
7969 14505 0.013833045959472656
7970 14591 0.013915061950683594
7971 14660 0.013980865478515625
7972 14751 0.014067649841308594
7973 14836 0.014148712158203125
7974 14907 0.014216423034667969
7975 14979 0.014285087585449219
7976 15062 0.014364242553710938
7977 15140 0.014438629150390625
7978 15228 0.014522552490234375
7979 15318 0.014608383178710938
7980 15407 0.014693260192871094
7981 15485 0.014767646789550781
7982 15553 0.014832496643066406
7983 15634 0.014909744262695312
7984 15727 0.014998435974121094
7985 15807 0.015074729919433594
7986 15900 0.015163421630859375
7987 15980 0.015239715576171875
7988 16053 0.015309333801269531
7989 16121 0.015374183654785156
7990 16210 0.015459060668945312
7991 16301 0.015545845031738281
7992 16385 0.015625953674316406
7993 16455 0.015692710876464844
7994 16535 0.015769004821777344
7995 16606 0.015836715698242188
7996 16683 0.01591014862060547
7997 16780 0.016002655029296875
7998 16865 0.016083717346191406
7999 16949 0.01616382598876953
8000 17042 0.016252517700195312
8001 17130 0.016336441040039062
8002 17211 0.01641368865966797
8003 17274 0.016473770141601562
8004 17365 0.01656055450439453
8005 17439 0.016631126403808594
8006 17525 0.01671314239501953
8007 17618 0.016801834106445312
8008 17699 0.01687908172607422
8009 17788 0.016963958740234375
8010 17872 0.0170440673828125
8011 17968 0.0171356201171875
8012 18046 0.017210006713867188
8013 18131 0.01729106903076172
8014 18207 0.017363548278808594
8015 18281 0.017434120178222656
8016 18367 0.017516136169433594
8017 18449 0.017594337463378906
8018 18528 0.017669677734375
8019 18612 0.017749786376953125
8020 18711 0.017844200134277344
8021 18793 0.017922401428222656
8022 18873 0.017998695373535156
8023 18955 0.01807689666748047
8024 19029 0.01814746856689453
8025 19113 0.018227577209472656
8026 19200 0.018310546875
8027 19270 0.018377304077148438
8028 19344 0.0184478759765625
8029 19406 0.018507003784179688
8030 19507 0.01860332489013672
8031 19593 0.018685340881347656
8032 19674 0.018762588500976562
8033 19759 0.018843650817871094
8034 19827 0.01890850067138672
8035 19908 0.018985748291015625
8036 19989 0.01906299591064453
8037 20069 0.01913928985595703
8038 20158 0.019224166870117188
8039 20256 0.019317626953125
8040 20362 0.019418716430664062
8041 20447 0.019499778747558594
8042 20524 0.019573211669921875
8043 20610 0.019655227661132812
8044 20700 0.019741058349609375
8045 20807 0.019843101501464844
8046 20891 0.01992321014404297
8047 20979 0.02000713348388672
8048 21050 0.020074844360351562
8049 21124 0.020145416259765625
8050 21196 0.020214080810546875
8051 21287 0.020300865173339844
8052 21364 0.020374298095703125
8053 21446 0.020452499389648438
8054 21525 0.02052783966064453
8055 21624 0.02062225341796875
8056 21713 0.020707130432128906
8057 21795 0.02078533172607422
8058 21899 0.02088451385498047
8059 21993 0.020974159240722656
8060 22075 0.02105236053466797
8061 22167 0.021140098571777344
8062 22249 0.021218299865722656
8063 22353 0.021317481994628906
8064 22452 0.021411895751953125
8065 22540 0.021495819091796875
8066 22644 0.021595001220703125
8067 22735 0.021681785583496094
8068 22825 0.021767616271972656
8069 22918 0.021856307983398438
8070 23012 0.021945953369140625
8071 23113 0.022042274475097656
8072 23217 0.022141456604003906
8073 23325 0.02224445343017578
8074 23416 0.02233123779296875
8075 23513 0.022423744201660156
8076 23615 0.022521018981933594
8077 23697 0.022599220275878906
8078 23806 0.022703170776367188
8079 23897 0.022789955139160156
8080 23999 0.022887229919433594
8081 24109 0.02299213409423828
8082 24228 0.023105621337890625
8083 24325 0.02319812774658203
8084 24424 0.02329254150390625
8085 24539 0.02340221405029297
8086 24656 0.0235137939453125
8087 24771 0.02362346649169922
8088 24881 0.023728370666503906
8089 24972 0.023815155029296875
8090 25083 0.02392101287841797
8091 25194 0.024026870727539062
8092 25286 0.024114608764648438
8093 25398 0.024221420288085938
8094 25494 0.024312973022460938
8095 25607 0.024420738220214844
8096 25713 0.024521827697753906
8097 25814 0.024618148803710938
8098 25938 0.024736404418945312
8099 26054 0.024847030639648438
8100 26153 0.024941444396972656
8101 26244 0.025028228759765625
8102 26349 0.02512836456298828
8103 26464 0.025238037109375
8104 26572 0.025341033935546875
8105 26686 0.025449752807617188
8106 26789 0.02554798126220703
8107 26880 0.025634765625
8108 27003 0.02575206756591797
8109 27103 0.025847434997558594
8110 27210 0.025949478149414062
8111 27314 0.026048660278320312
8112 27417 0.026146888732910156
8113 27526 0.026250839233398438
8114 27627 0.02634716033935547
8115 27746 0.026460647583007812
8116 27846 0.026556015014648438
8117 27963 0.02666759490966797
8118 28082 0.026781082153320312
8119 28188 0.026882171630859375
8120 28309 0.02699756622314453
8121 28428 0.027111053466796875
8122 28537 0.027215003967285156
8123 28654 0.027326583862304688
8124 28753 0.027420997619628906
8125 28857 0.027520179748535156
8126 28978 0.027635574340820312
8127 29087 0.027739524841308594
8128 29200 0.0278472900390625
8129 29324 0.027965545654296875
8130 29427 0.02806377410888672
8131 29563 0.02819347381591797
8132 29687 0.028311729431152344
8133 29802 0.028421401977539062
8134 29924 0.028537750244140625
8135 30032 0.0286407470703125
8136 30133 0.02873706817626953
8137 30241 0.028840065002441406
8138 30365 0.02895832061767578
8139 30488 0.02907562255859375
8140 30613 0.02919483184814453
8141 30739 0.02931499481201172
8142 30866 0.029436111450195312
8143 30977 0.029541969299316406
8144 31101 0.02966022491455078
8145 31252 0.029804229736328125
8146 31387 0.02993297576904297
8147 31502 0.030042648315429688
8148 31617 0.030152320861816406
8149 31729 0.030259132385253906
8150 31865 0.030388832092285156
8151 31999 0.030516624450683594
8152 32137 0.030648231506347656
8153 32255 0.030760765075683594
8154 32371 0.03087139129638672
8155 32501 0.03099536895751953
8156 32632 0.03112030029296875
8157 32743 0.031226158142089844
8158 32872 0.03134918212890625
8159 32992 0.031463623046875
8160 33118 0.03158378601074219
8161 33260 0.031719207763671875
8162 33405 0.03185749053955078
8163 33522 0.03196907043457031
8164 33642 0.03208351135253906
8165 33770 0.03220558166503906
8166 33893 0.03232288360595703
8167 34027 0.03245067596435547
8168 34140 0.032558441162109375
8169 34284 0.032695770263671875
8170 34418 0.03282356262207031
8171 34541 0.03294086456298828
8172 34694 0.03308677673339844
8173 34831 0.033217430114746094
8174 34964 0.033344268798828125
8175 35092 0.033466339111328125
8176 35228 0.033596038818359375
8177 35347 0.03370952606201172
8178 35495 0.033850669860839844
8179 35652 0.034000396728515625
8180 35771 0.03411388397216797
8181 35878 0.03421592712402344
8182 36015 0.034346580505371094
8183 36153 0.034478187561035156
8184 36290 0.03460884094238281
8185 36427 0.03473949432373047
8186 36536 0.03484344482421875
8187 36678 0.03497886657714844
8188 36810 0.03510475158691406
8189 36944 0.0352325439453125
8190 37086 0.03536796569824219
8191 37221 0.03549671173095703
8192 37352 0.03562164306640625
8193 37490 0.03575325012207031
8194 37600 0.035858154296875
8195 37709 0.03596210479736328
8196 37842 0.03608894348144531
8197 37969 0.036210060119628906
8198 38124 0.036357879638671875
8199 38257 0.036484718322753906
8200 38387 0.03660869598388672
8201 38522 0.03673744201660156
8202 38654 0.03686332702636719
8203 38793 0.036995887756347656
8204 38939 0.03713512420654297
8205 39074 0.03726387023925781
8206 39229 0.03741168975830078
8207 39375 0.037550926208496094
8208 39516 0.037685394287109375
8209 39632 0.0377960205078125
8210 39770 0.03792762756347656
8211 39919 0.038069725036621094
8212 40060 0.038204193115234375
8213 40180 0.038318634033203125
8214 40327 0.038458824157714844
8215 40446 0.03857231140136719
8216 40565 0.03868579864501953
8217 40696 0.03881072998046875
8218 40854 0.03896141052246094
8219 40963 0.03906536102294922
8220 41090 0.03918647766113281
8221 41207 0.039298057556152344
8222 41323 0.03940868377685547
8223 41465 0.039544105529785156
8224 41594 0.03966712951660156
8225 41730 0.03979682922363281
8226 41840 0.0399017333984375
8227 41979 0.04003429412841797
8228 42098 0.04014778137207031
8229 42220 0.040264129638671875
8230 42360 0.04039764404296875
8231 42497 0.040528297424316406
8232 42631 0.040656089782714844
8233 42777 0.040795326232910156
8234 42911 0.040923118591308594
8235 43050 0.04105567932128906
8236 43176 0.04117584228515625
8237 43313 0.041306495666503906
8238 43441 0.041428565979003906
8239 43576 0.04155731201171875
8240 43724 0.041698455810546875
8241 43852 0.041820526123046875
8242 43961 0.041924476623535156
8243 44080 0.0420379638671875
8244 44202 0.04215431213378906
8245 44354 0.04229927062988281
8246 44485 0.04242420196533203
8247 44603 0.04253673553466797
8248 44747 0.04267406463623047
8249 44903 0.042822837829589844
8250 45038 0.04295158386230469
8251 45189 0.04309558868408203
8252 45330 0.04323005676269531
8253 45453 0.04334735870361328
8254 45589 0.04347705841064453
8255 45721 0.043602943420410156
8256 45842 0.04371833801269531
8257 45963 0.04383373260498047
8258 46117 0.04398059844970703
8259 46269 0.04412555694580078
8260 46401 0.044251441955566406
8261 46527 0.044371604919433594
8262 46658 0.04449653625488281
8263 46804 0.044635772705078125
8264 46945 0.044770240783691406
8265 47096 0.04491424560546875
8266 47241 0.045052528381347656
8267 47369 0.045174598693847656
8268 47501 0.04530048370361328
8269 47630 0.04542350769042969
8270 47784 0.04557037353515625
8271 47924 0.045703887939453125
8272 48064 0.04583740234375
8273 48204 0.045970916748046875
8274 48323 0.04608440399169922
8275 48442 0.04619789123535156
8276 48588 0.046337127685546875
8277 48737 0.046479225158691406
8278 48886 0.04662132263183594
8279 49045 0.04677295684814453
8280 49195 0.04691600799560547
8281 49332 0.047046661376953125
8282 49464 0.04717254638671875
8283 49604 0.047306060791015625
8284 49751 0.047446250915527344
8285 49908 0.047595977783203125
8286 50074 0.04775428771972656
8287 50230 0.04790306091308594
8288 50398 0.04806327819824219
8289 50570 0.04822731018066406
8290 50702 0.04835319519042969
8291 50844 0.048488616943359375
8292 50992 0.0486297607421875
8293 51134 0.04876518249511719
8294 51289 0.048913002014160156
8295 51451 0.04906749725341797
8296 51589 0.04919910430908203
8297 51729 0.049332618713378906
8298 51879 0.049475669860839844
8299 52043 0.04963207244873047
8300 52205 0.04978656768798828
8301 52350 0.04992485046386719
8302 52481 0.050049781799316406
8303 52625 0.050187110900878906
8304 52755 0.05031108856201172
8305 52924 0.050472259521484375
8306 53064 0.05060577392578125
8307 53219 0.05075359344482422
8308 53356 0.050884246826171875
8309 53519 0.051039695739746094
8310 53685 0.05119800567626953
8311 53845 0.05135059356689453
8312 54019 0.05151653289794922
8313 54176 0.051666259765625
8314 54325 0.05180835723876953
8315 54496 0.051971435546875
8316 54654 0.05212211608886719
8317 54785 0.052247047424316406
8318 54979 0.05243206024169922
8319 55134 0.05257987976074219
8320 55301 0.05273914337158203
8321 55487 0.052916526794433594
8322 55638 0.05306053161621094
8323 55818 0.05323219299316406
8324 55975 0.053381919860839844
8325 56175 0.053572654724121094
8326 56328 0.05371856689453125
8327 56498 0.05388069152832031
8328 56653 0.05402851104736328
8329 56820 0.054187774658203125
8330 57026 0.05438423156738281
8331 57213 0.05456256866455078
8332 57406 0.05474662780761719
8333 57566 0.05489921569824219
8334 57743 0.055068016052246094
8335 57918 0.05523490905761719
8336 58122 0.05542945861816406
8337 58307 0.05560588836669922
8338 58522 0.05581092834472656
8339 58744 0.05602264404296875
8340 58918 0.05618858337402344
8341 59108 0.056369781494140625
8342 59297 0.056550025939941406
8343 59493 0.05673694610595703
8344 59687 0.056921958923339844
8345 59910 0.05713462829589844
8346 60102 0.05731773376464844
8347 60268 0.057476043701171875
8348 60472 0.05767059326171875
8349 60660 0.057849884033203125
8350 60877 0.05805683135986328
8351 61093 0.05826282501220703
8352 61310 0.05846977233886719
8353 61509 0.05865955352783203
8354 61702 0.05884361267089844
8355 61906 0.05903816223144531
8356 62115 0.05923748016357422
8357 62314 0.05942726135253906
8358 62530 0.05963325500488281
8359 62737 0.059830665588378906
8360 62932 0.060016632080078125
8361 63157 0.06023120880126953
8362 63372 0.060436248779296875
8363 63591 0.060645103454589844
8364 63831 0.060873985290527344
8365 64069 0.06110095977783203
8366 64245 0.06126880645751953
8367 64493 0.06150531768798828
8368 64692 0.061695098876953125
8369 64910 0.06190299987792969
8370 65112 0.06209564208984375
8371 65323 0.06229686737060547
8372 65549 0.06251239776611328
8373 65756 0.06270980834960938
8374 65981 0.06292438507080078
8375 66203 0.06313610076904297
8376 66415 0.0633382797241211
8377 66644 0.06355667114257812
8378 66889 0.06379032135009766
8379 67119 0.0640096664428711
8380 67334 0.06421470642089844
8381 67571 0.06444072723388672
8382 67796 0.06465530395507812
8383 68039 0.06488704681396484
8384 68263 0.06510066986083984
8385 68511 0.0653371810913086
8386 68738 0.06555366516113281
8387 68980 0.06578445434570312
8388 69206 0.06599998474121094
8389 69450 0.06623268127441406
8390 69677 0.06644916534423828
8391 69910 0.06667137145996094
8392 70198 0.06694602966308594
8393 70469 0.06720447540283203
8394 70707 0.06743144989013672
8395 70931 0.06764507293701172
8396 71184 0.0678863525390625
8397 71433 0.06812381744384766
8398 71692 0.06837081909179688
8399 71939 0.06860637664794922
8400 72189 0.06884479522705078
8401 72424 0.06906890869140625
8402 72646 0.06928062438964844
8403 72904 0.06952667236328125
8404 73164 0.06977462768554688
8405 73461 0.07005786895751953
8406 73729 0.0703134536743164
8407 74003 0.07057476043701172
8408 74257 0.0708169937133789
8409 74509 0.07105731964111328
8410 74764 0.07130050659179688
8411 75048 0.07157135009765625
8412 75309 0.07182025909423828
8413 75563 0.07206249237060547
8414 75809 0.0722970962524414
8415 76068 0.07254409790039062
8416 76346 0.07280921936035156
8417 76625 0.0730752944946289
8418 76929 0.0733652114868164
8419 77182 0.07360649108886719
8420 77461 0.07387256622314453
8421 77740 0.07413864135742188
8422 77995 0.07438182830810547
8423 78246 0.07462120056152344
8424 78530 0.07489204406738281
8425 78792 0.07514190673828125
8426 79086 0.07542228698730469
8427 79359 0.0756826400756836
8428 79627 0.07593822479248047
8429 79911 0.07620906829833984
8430 80199 0.07648372650146484
8431 80473 0.07674503326416016
8432 80775 0.07703304290771484
8433 81014 0.07726097106933594
8434 81265 0.0775003433227539
8435 81506 0.07773017883300781
8436 81768 0.07798004150390625
8437 82050 0.07824897766113281
8438 82342 0.07852745056152344
8439 82619 0.07879161834716797
8440 82889 0.07904911041259766
8441 83139 0.07928752899169922
8442 83370 0.07950782775878906
8443 83653 0.07977771759033203
8444 83916 0.08002853393554688
8445 84219 0.08031749725341797
8446 84507 0.08059215545654297
8447 84779 0.08085155487060547
8448 85019 0.08108043670654297
8449 85289 0.08133792877197266
8450 85570 0.08160591125488281
8451 85899 0.08191967010498047
8452 86207 0.0822134017944336
8453 86466 0.08246040344238281
8454 86744 0.08272552490234375
8455 87053 0.08302021026611328
8456 87347 0.08330059051513672
8457 87614 0.08355522155761719
8458 87927 0.08385372161865234
8459 88231 0.08414363861083984
8460 88508 0.08440780639648438
8461 88792 0.08467864990234375
8462 89084 0.08495712280273438
8463 89371 0.08523082733154297
8464 89668 0.08551406860351562
8465 89986 0.08581733703613281
8466 90306 0.08612251281738281
8467 90621 0.08642292022705078
8468 90928 0.0867156982421875
8469 91214 0.08698844909667969
8470 91512 0.08727264404296875
8471 91837 0.08758258819580078
8472 92161 0.0878915786743164
8473 92469 0.08818531036376953
8474 92764 0.08846664428710938
8475 93040 0.0887298583984375
8476 93336 0.08901214599609375
8477 93653 0.08931446075439453
8478 93998 0.08964347839355469
8479 94292 0.08992385864257812
8480 94582 0.09020042419433594
8481 94871 0.09047603607177734
8482 95174 0.09076499938964844
8483 95490 0.09106636047363281
8484 95834 0.09139442443847656
8485 96159 0.0917043685913086
8486 96466 0.09199714660644531
8487 96761 0.09227848052978516
8488 97073 0.0925760269165039
8489 97378 0.09286689758300781
8490 97679 0.0931539535522461
8491 98011 0.09347057342529297
8492 98332 0.09377670288085938
8493 98623 0.0940542221069336
8494 98948 0.09436416625976562
8495 99242 0.09464454650878906
8496 99561 0.09494876861572266
8497 99909 0.09528064727783203
8498 100234 0.09559059143066406
8499 100549 0.09589099884033203
8500 100884 0.09621047973632812
8501 101179 0.09649181365966797
8502 101463 0.09676265716552734
8503 101785 0.09706974029541016
8504 102117 0.09738636016845703
8505 102435 0.09768962860107422
8506 102767 0.0980062484741211
8507 103111 0.09833431243896484
8508 103416 0.09862518310546875
8509 103765 0.09895801544189453
8510 104107 0.09928417205810547
8511 104476 0.09963607788085938
8512 104801 0.0999460220336914
8513 105162 0.10029029846191406
8514 105473 0.1005868911743164
8515 105819 0.10091686248779297
8516 106148 0.10123062133789062
8517 106467 0.10153484344482422
8518 106843 0.10189342498779297
8519 107175 0.10221004486083984
8520 107534 0.10255241394042969
8521 107879 0.10288143157958984
8522 108236 0.10322189331054688
8523 108578 0.10354804992675781
8524 108927 0.1038808822631836
8525 109308 0.10424423217773438
8526 109652 0.10457229614257812
8527 110007 0.10491085052490234
8528 110334 0.10522270202636719
8529 110669 0.10554218292236328
8530 111063 0.10591793060302734
8531 111427 0.10626506805419922
8532 111769 0.10659122467041016
8533 112148 0.10695266723632812
8534 112534 0.10732078552246094
8535 112871 0.10764217376708984
8536 113235 0.10798931121826172
8537 113593 0.10833072662353516
8538 113991 0.10871028900146484
8539 114375 0.10907649993896484
8540 114736 0.1094207763671875
8541 115090 0.10975837707519531
8542 115475 0.11012554168701172
8543 115831 0.11046504974365234
8544 116201 0.11081790924072266
8545 116566 0.11116600036621094
8546 116966 0.11154747009277344
8547 117365 0.11192798614501953
8548 117744 0.1122894287109375
8549 118100 0.11262893676757812
8550 118473 0.11298465728759766
8551 118875 0.11336803436279297
8552 119263 0.1137380599975586
8553 119675 0.11413097381591797
8554 120076 0.11451339721679688
8555 120409 0.11483097076416016
8556 120808 0.11521148681640625
8557 121209 0.11559391021728516
8558 121638 0.11600303649902344
8559 122007 0.11635494232177734
8560 122379 0.11670970916748047
8561 122757 0.11707019805908203
8562 123162 0.11745643615722656
8563 123573 0.11784839630126953
8564 123981 0.11823749542236328
8565 124420 0.11865615844726562
8566 124813 0.11903095245361328
8567 125209 0.11940860748291016
8568 125613 0.11979389190673828
8569 126013 0.12017536163330078
8570 126415 0.1205587387084961
8571 126842 0.12096595764160156
8572 127264 0.121368408203125
8573 127656 0.12174224853515625
8574 128064 0.12213134765625
8575 128468 0.12251663208007812
8576 128886 0.12291526794433594
8577 129297 0.1233072280883789
8578 129746 0.12373542785644531
8579 130170 0.12413978576660156
8580 130617 0.12456607818603516
8581 131054 0.12498283386230469
8582 131443 0.12535381317138672
8583 131876 0.12576675415039062
8584 132337 0.1262063980102539
8585 132780 0.12662887573242188
8586 133193 0.12702274322509766
8587 133632 0.12744140625
8588 134072 0.12786102294921875
8589 134497 0.1282663345336914
8590 134936 0.12868499755859375
8591 135393 0.1291208267211914
8592 135853 0.12955951690673828
8593 136302 0.1299877166748047
8594 136737 0.1304025650024414
8595 137186 0.1308307647705078
8596 137676 0.13129806518554688
8597 138104 0.13170623779296875
8598 138581 0.13216114044189453
8599 139072 0.13262939453125
8600 139544 0.13307952880859375
8601 139965 0.13348102569580078
8602 140467 0.13395977020263672
8603 140901 0.13437366485595703
8604 141378 0.1348285675048828
8605 141873 0.1353006362915039
8606 142354 0.1357593536376953
8607 142804 0.13618850708007812
8608 143312 0.1366729736328125
8609 143736 0.13707733154296875
8610 144261 0.13757801055908203
8611 144741 0.13803577423095703
8612 145220 0.13849258422851562
8613 145730 0.1389789581298828
8614 146196 0.13942337036132812
8615 146652 0.13985824584960938
8616 147143 0.14032649993896484
8617 147608 0.14076995849609375
8618 148127 0.1412649154663086
8619 148595 0.14171123504638672
8620 149103 0.1421957015991211
8621 149569 0.1426401138305664
8622 150059 0.14310741424560547
8623 150584 0.14360809326171875
8624 151093 0.14409351348876953
8625 151627 0.14460277557373047
8626 152123 0.14507579803466797
8627 152589 0.14552021026611328
8628 153133 0.14603900909423828
8629 153650 0.1465320587158203
8630 154135 0.14699459075927734
8631 154669 0.14750385284423828
8632 155172 0.14798355102539062
8633 155691 0.14847850799560547
8634 156179 0.14894390106201172
8635 156685 0.14942646026611328
8636 157211 0.14992809295654297
8637 157693 0.15038776397705078
8638 158277 0.15094470977783203
8639 158790 0.15143394470214844
8640 159305 0.15192508697509766
8641 159817 0.15241336822509766
8642 160361 0.15293216705322266
8643 160919 0.15346431732177734
8644 161432 0.15395355224609375
8645 162022 0.15451622009277344
8646 162563 0.15503215789794922
8647 163095 0.15553951263427734
8648 163653 0.15607166290283203
8649 164180 0.15657424926757812
8650 164714 0.15708351135253906
8651 165326 0.1576671600341797
8652 165889 0.1582040786743164
8653 166463 0.1587514877319336
8654 167019 0.15928173065185547
8655 167527 0.15976619720458984
8656 168057 0.16027164459228516
8657 168604 0.16079330444335938
8658 169214 0.1613750457763672
8659 169723 0.16186046600341797
8660 170304 0.16241455078125
8661 170803 0.16289043426513672
8662 171347 0.16340923309326172
8663 171904 0.1639404296875
8664 172461 0.16447162628173828
8665 173064 0.16504669189453125
8666 173578 0.16553688049316406
8667 174139 0.16607189178466797
8668 174700 0.16660690307617188
8669 175238 0.16711997985839844
8670 175788 0.16764450073242188
8671 176394 0.16822242736816406
8672 176969 0.16877079010009766
8673 177483 0.16926097869873047
8674 178008 0.16976165771484375
8675 178563 0.17029094696044922
8676 179092 0.17079544067382812
8677 179650 0.1713275909423828
8678 180255 0.1719045639038086
8679 180793 0.17241764068603516
8680 181408 0.173004150390625
8681 181936 0.1735076904296875
8682 182459 0.17400646209716797
8683 183050 0.17457008361816406
8684 183623 0.17511653900146484
8685 184240 0.1757049560546875
8686 184806 0.17624473571777344
8687 185367 0.17677974700927734
8688 185929 0.17731571197509766
8689 186456 0.17781829833984375
8690 187033 0.17836856842041016
8691 187596 0.17890548706054688
8692 188152 0.17943572998046875
8693 188731 0.17998790740966797
8694 189285 0.18051624298095703
8695 189828 0.18103408813476562
8696 190325 0.18150806427001953
8697 190908 0.18206405639648438
8698 191514 0.18264198303222656
8699 192129 0.1832284927368164
8700 192721 0.1837930679321289
8701 193253 0.18430042266845703
8702 193850 0.18486976623535156
8703 194442 0.18543434143066406
8704 195032 0.18599700927734375
8705 195666 0.1866016387939453
8706 196272 0.1871795654296875
8707 196874 0.18775367736816406
8708 197460 0.18831253051757812
8709 198081 0.1889047622680664
8710 198648 0.18944549560546875
8711 199236 0.19000625610351562
8712 199831 0.19057369232177734
8713 200377 0.19109439849853516
8714 200953 0.19164371490478516
8715 201531 0.19219493865966797
8716 202063 0.1927022933959961
8717 202610 0.1932239532470703
8718 203246 0.1938304901123047
8719 203841 0.1943979263305664
8720 204431 0.1949605941772461
8721 205011 0.19551372528076172
8722 205604 0.19607925415039062
8723 206200 0.19664764404296875
8724 206815 0.1972341537475586
8725 207421 0.19781208038330078
8726 207995 0.19835948944091797
8727 208618 0.19895362854003906
8728 209197 0.19950580596923828
8729 209782 0.20006370544433594
8730 210422 0.20067405700683594
8731 211048 0.20127105712890625
8732 211660 0.20185470581054688
8733 212258 0.2024250030517578
8734 212823 0.20296382904052734
8735 213400 0.20351409912109375
8736 214005 0.20409107208251953
8737 214547 0.20460796356201172
8738 215207 0.20523738861083984
8739 215795 0.20579814910888672
8740 216410 0.20638465881347656
8741 217009 0.2069559097290039
8742 217637 0.20755481719970703
8743 218261 0.20814990997314453
8744 218888 0.20874786376953125
8745 219540 0.20936965942382812
8746 220106 0.20990943908691406
8747 220704 0.210479736328125
8748 221282 0.2110309600830078
8749 221871 0.2115926742553711
8750 222479 0.2121725082397461
8751 223119 0.2127828598022461
8752 223703 0.21333980560302734
8753 224371 0.21397686004638672
8754 224930 0.2145099639892578
8755 225567 0.2151174545288086
8756 226193 0.2157144546508789
8757 226817 0.2163095474243164
8758 227516 0.21697616577148438
8759 228106 0.21753883361816406
8760 228728 0.21813201904296875
8761 229322 0.21869850158691406
8762 229952 0.21929931640625
8763 230531 0.21985149383544922
8764 231153 0.2204446792602539
8765 231823 0.2210836410522461
8766 232412 0.22164535522460938
8767 233066 0.22226905822753906
8768 233673 0.22284793853759766
8769 234279 0.22342586517333984
8770 234931 0.22404766082763672
8771 235533 0.22462177276611328
8772 236203 0.22526073455810547
8773 236819 0.22584819793701172
8774 237445 0.22644519805908203
8775 238064 0.2270355224609375
8776 238706 0.2276477813720703
8777 239356 0.22826766967773438
8778 240059 0.22893810272216797
8779 240662 0.22951316833496094
8780 241303 0.23012447357177734
8781 241958 0.23074913024902344
8782 242530 0.2312946319580078
8783 243185 0.2319192886352539
8784 243720 0.23242950439453125
8785 244415 0.2330923080444336
8786 245023 0.2336721420288086
8787 245665 0.2342844009399414
8788 246278 0.23486900329589844
8789 246882 0.2354450225830078
8790 247477 0.23601245880126953
8791 248129 0.2366342544555664
8792 248777 0.23725223541259766
8793 249372 0.23781967163085938
8794 249989 0.23840808868408203
8795 250610 0.2390003204345703
8796 251272 0.23963165283203125
8797 251940 0.24026870727539062
8798 252654 0.2409496307373047
8799 253272 0.24153900146484375
8800 253898 0.24213600158691406
8801 254548 0.24275588989257812
8802 255254 0.24342918395996094
8803 255952 0.2440948486328125
8804 256599 0.24471187591552734
8805 257275 0.24535655975341797
8806 257904 0.2459564208984375
8807 258563 0.24658489227294922
8808 259189 0.24718189239501953
8809 259801 0.24776554107666016
8810 260481 0.2484140396118164
8811 261164 0.24906539916992188
8812 261885 0.24975299835205078
8813 262529 0.2503671646118164
8814 263196 0.2510032653808594
8815 263793 0.2515726089477539
8816 264434 0.2521839141845703
8817 265096 0.25281524658203125
8818 265875 0.2535581588745117
8819 266552 0.25420379638671875
8820 267231 0.2548513412475586
8821 267909 0.25549793243408203
8822 268562 0.2561206817626953
8823 269210 0.25673866271972656
8824 269837 0.2573366165161133
8825 270495 0.2579641342163086
8826 271194 0.25863075256347656
8827 271862 0.25926780700683594
8828 272547 0.2599210739135742
8829 273207 0.26055049896240234
8830 273917 0.2612276077270508
8831 274658 0.2619342803955078
8832 275350 0.26259422302246094
8833 276046 0.2632579803466797
8834 276745 0.26392459869384766
8835 277363 0.2645139694213867
8836 278039 0.26515865325927734
8837 278718 0.2658061981201172
8838 279454 0.2665081024169922
8839 280097 0.2671213150024414
8840 280832 0.267822265625
8841 281443 0.2684049606323242
8842 282121 0.26905155181884766
8843 282801 0.2697000503540039
8844 283509 0.27037525177001953
8845 284191 0.2710256576538086
8846 284855 0.27165889739990234
8847 285565 0.2723360061645508
8848 286255 0.2729940414428711
8849 286940 0.2736473083496094
8850 287633 0.2743082046508789
8851 288392 0.27503204345703125
8852 289084 0.2756919860839844
8853 289779 0.2763547897338867
8854 290479 0.2770223617553711
8855 291127 0.27764034271240234
8856 291796 0.2782783508300781
8857 292492 0.2789421081542969
8858 293290 0.27970314025878906
8859 293911 0.28029537200927734
8860 294610 0.2809619903564453
8861 295311 0.2816305160522461
8862 295965 0.2822542190551758
8863 296662 0.28291893005371094
8864 297381 0.28360462188720703
8865 298158 0.2843456268310547
8866 298877 0.2850313186645508
8867 299563 0.28568553924560547
8868 300251 0.28634166717529297
8869 300967 0.28702449798583984
8870 301670 0.28769493103027344
8871 302371 0.2883634567260742
8872 303106 0.2890644073486328
8873 303802 0.28972816467285156
8874 304529 0.2904214859008789
8875 305232 0.2910919189453125
8876 305951 0.2917776107788086
8877 306618 0.29241371154785156
8878 307435 0.29319286346435547
8879 308144 0.2938690185546875
8880 308886 0.29457664489746094
8881 309551 0.2952108383178711
8882 310284 0.2959098815917969
8883 310952 0.29654693603515625
8884 311683 0.2972440719604492
8885 312455 0.29798030853271484
8886 313230 0.2987194061279297
8887 313917 0.2993745803833008
8888 314628 0.3000526428222656
8889 315379 0.3007688522338867
8890 316149 0.30150318145751953
8891 316960 0.302276611328125
8892 317736 0.30301666259765625
8893 318467 0.3037137985229492
8894 319176 0.30438995361328125
8895 319869 0.3050508499145508
8896 320638 0.3057842254638672
8897 321366 0.30647850036621094
8898 322174 0.3072490692138672
8899 322874 0.30791664123535156
8900 323586 0.3085956573486328
8901 324339 0.3093137741088867
8902 324983 0.30992794036865234
8903 325742 0.3106517791748047
8904 326436 0.3113136291503906
8905 327223 0.31206417083740234
8906 327912 0.31272125244140625
8907 328627 0.3134031295776367
8908 329331 0.3140745162963867
8909 330139 0.31484508514404297
8910 330855 0.31552791595458984
8911 331663 0.3162984848022461
8912 332400 0.3170013427734375
8913 333144 0.31771087646484375
8914 333866 0.31839942932128906
8915 334567 0.31906795501708984
8916 335319 0.31978511810302734
8917 336076 0.3205070495605469
8918 336891 0.32128429412841797
8919 337565 0.3219270706176758
8920 338290 0.3226184844970703
8921 338986 0.32328224182128906
8922 339723 0.32398509979248047
8923 340478 0.3247051239013672
8924 341161 0.32535648345947266
8925 341943 0.32610225677490234
8926 342631 0.32675838470458984
8927 343342 0.3274364471435547
8928 344000 0.32806396484375
8929 344783 0.3288106918334961
8930 345557 0.32954883575439453
8931 346316 0.3302726745605469
8932 347012 0.3309364318847656
8933 347761 0.3316507339477539
8934 348530 0.3323841094970703
8935 349209 0.33303165435791016
8936 349961 0.33374881744384766
8937 350717 0.3344697952270508
8938 351580 0.3352928161621094
8939 352239 0.3359212875366211
8940 352997 0.33664417266845703
8941 353722 0.33733558654785156
8942 354410 0.33799171447753906
8943 355155 0.3387022018432617
8944 355910 0.33942222595214844
8945 356719 0.3401937484741211
8946 357411 0.3408536911010742
8947 358137 0.34154605865478516
8948 358844 0.3422203063964844
8949 359589 0.34293079376220703
8950 360325 0.34363269805908203
8951 361098 0.34436988830566406
8952 361887 0.3451223373413086
8953 362672 0.3458709716796875
8954 363401 0.34656620025634766
8955 364165 0.34729480743408203
8956 364952 0.34804534912109375
8957 365704 0.34876251220703125
8958 366528 0.34954833984375
8959 367263 0.3502492904663086
8960 368017 0.3509683609008789
8961 368735 0.3516530990600586
8962 369463 0.35234737396240234
8963 370171 0.35302257537841797
8964 370929 0.3537454605102539
8965 371785 0.35456180572509766
8966 372547 0.3552885055541992
8967 373257 0.35596561431884766
8968 373959 0.35663509368896484
8969 374726 0.35736656188964844
8970 375437 0.3580446243286133
8971 376219 0.35879039764404297
8972 376973 0.3595094680786133
8973 377734 0.36023521423339844
8974 378486 0.36095237731933594
8975 379185 0.3616189956665039
8976 379950 0.3623485565185547
8977 380706 0.3630695343017578
8978 381459 0.3637876510620117
8979 382202 0.36449623107910156
8980 382960 0.3652191162109375
8981 383701 0.36592578887939453
8982 384491 0.36667919158935547
8983 385227 0.36738109588623047
8984 386019 0.3681364059448242
8985 386820 0.3689002990722656
8986 387585 0.3696298599243164
8987 388338 0.3703479766845703
8988 389085 0.3710603713989258
8989 389853 0.3717927932739258
8990 390611 0.3725156784057617
8991 391416 0.37328338623046875
8992 392205 0.3740358352661133
8993 392988 0.3747825622558594
8994 393765 0.37552356719970703
8995 394524 0.3762474060058594
8996 395304 0.37699127197265625
8997 396067 0.3777189254760742
8998 396871 0.37848567962646484
8999 397643 0.37922191619873047
9000 398439 0.37998104095458984
9001 399156 0.3806648254394531
9002 399914 0.38138771057128906
9003 400650 0.38208961486816406
9004 401468 0.3828697204589844
9005 402323 0.3836851119995117
9006 403090 0.3844165802001953
9007 403912 0.38520050048828125
9008 404657 0.3859109878540039
9009 405495 0.38671016693115234
9010 406294 0.38747215270996094
9011 407093 0.38823413848876953
9012 407953 0.3890542984008789
9013 408690 0.3897571563720703
9014 409421 0.3904542922973633
9015 410204 0.3912010192871094
9016 410979 0.3919401168823242
9017 411782 0.39270591735839844
9018 412699 0.39358043670654297
9019 413485 0.3943300247192383
9020 414291 0.3950986862182617
9021 415080 0.39585113525390625
9022 415803 0.39654064178466797
9023 416577 0.3972787857055664
9024 417396 0.3980598449707031
9025 418258 0.3988819122314453
9026 419056 0.3996429443359375
9027 419873 0.4004220962524414
9028 420660 0.4011726379394531
9029 421427 0.4019041061401367
9030 422230 0.40266990661621094
9031 423005 0.4034090042114258
9032 423791 0.4041585922241211
9033 424582 0.40491294860839844
9034 425372 0.4056663513183594
9035 426149 0.40640735626220703
9036 426961 0.4071817398071289
9037 427741 0.4079256057739258
9038 428526 0.4086742401123047
9039 429339 0.40944957733154297
9040 430174 0.4102458953857422
9041 430980 0.4110145568847656
9042 431800 0.41179656982421875
9043 432606 0.4125652313232422
9044 433373 0.4132966995239258
9045 434208 0.414093017578125
9046 435021 0.4148683547973633
9047 435768 0.41558074951171875
9048 436536 0.41631317138671875
9049 437346 0.4170856475830078
9050 438119 0.41782283782958984
9051 438936 0.41860198974609375
9052 439778 0.4194049835205078
9053 440585 0.42017459869384766
9054 441395 0.4209470748901367
9055 442158 0.4216747283935547
9056 442990 0.4224681854248047
9057 443760 0.4232025146484375
9058 444674 0.4240741729736328
9059 445429 0.42479419708251953
9060 446233 0.42556095123291016
9061 446978 0.4262714385986328
9062 447710 0.4269695281982422
9063 448451 0.4276762008666992
9064 449203 0.4283933639526367
9065 450053 0.42920398712158203
9066 450874 0.42998695373535156
9067 451658 0.43073463439941406
9068 452444 0.4314842224121094
9069 453238 0.43224143981933594
9070 454049 0.4330148696899414
9071 454901 0.43382740020751953
9072 455704 0.43459320068359375
9073 456462 0.4353160858154297
9074 457252 0.4360694885253906
9075 458019 0.4368009567260742
9076 458842 0.43758583068847656
9077 459669 0.43837451934814453
9078 460530 0.4391956329345703
9079 461325 0.4399538040161133
9080 462164 0.4407539367675781
9081 462944 0.441497802734375
9082 463743 0.4422597885131836
9083 464529 0.4430093765258789
9084 465296 0.4437408447265625
9085 466110 0.4445171356201172
9086 466884 0.4452552795410156
9087 467654 0.44598960876464844
9088 468420 0.4467201232910156
9089 469184 0.44744873046875
9090 469999 0.4482259750366211
9091 470780 0.4489707946777344
9092 471572 0.4497261047363281
9093 472377 0.45049381256103516
9094 473141 0.45122241973876953
9095 473911 0.45195674896240234
9096 474672 0.4526824951171875
9097 475465 0.45343875885009766
9098 476352 0.45428466796875
9099 477077 0.45497608184814453
9100 477883 0.45574474334716797
9101 478662 0.45648765563964844
9102 479415 0.45720577239990234
9103 480193 0.4579477310180664
9104 480995 0.4587125778198242
9105 481856 0.45953369140625
9106 482620 0.4602622985839844
9107 483422 0.4610271453857422
9108 484188 0.4617576599121094
9109 485006 0.4625377655029297
9110 485797 0.46329212188720703
9111 486635 0.46409130096435547
9112 487456 0.464874267578125
9113 488255 0.4656362533569336
9114 489056 0.466400146484375
9115 489828 0.4671363830566406
9116 490559 0.4678335189819336
9117 491295 0.4685354232788086
9118 492150 0.46935081481933594
9119 492933 0.47009754180908203
9120 493784 0.47090911865234375
9121 494577 0.4716653823852539
9122 495360 0.472412109375
9123 496141 0.4731569290161133
9124 496961 0.4739389419555664
9125 497772 0.4747123718261719
9126 498557 0.4754610061645508
9127 499373 0.4762392044067383
9128 500166 0.47699546813964844
9129 501002 0.47779273986816406
9130 501752 0.47850799560546875
9131 502636 0.4793510437011719
9132 503468 0.4801445007324219
9133 504285 0.4809236526489258
9134 505083 0.48168468475341797
9135 505892 0.4824562072753906
9136 506696 0.48322296142578125
9137 507482 0.48397254943847656
9138 508399 0.4848470687866211
9139 509155 0.4855680465698242
9140 509987 0.4863615036010742
9141 510766 0.4871044158935547
9142 511568 0.4878692626953125
9143 512327 0.48859310150146484
9144 513135 0.4893636703491211
9145 514003 0.4901914596557617
9146 514763 0.49091625213623047
9147 515549 0.4916658401489258
9148 516349 0.4924287796020508
9149 517171 0.4932126998901367
9150 517985 0.4939889907836914
9151 518821 0.49478626251220703
9152 519661 0.4955873489379883
9153 520441 0.49633121490478516
9154 521251 0.4971036911010742
9155 522026 0.49784278869628906
9156 522806 0.49858665466308594
9157 523565 0.4993104934692383
9158 524453 0.500157356262207
9159 525246 0.5009136199951172
9160 526015 0.5016469955444336
9161 526733 0.5023317337036133
9162 527556 0.5031166076660156
9163 528341 0.5038652420043945
9164 529138 0.5046253204345703
9165 529921 0.5053720474243164
9166 530702 0.5061168670654297
9167 531442 0.5068225860595703
9168 532214 0.5075588226318359
9169 532983 0.5082921981811523
9170 533774 0.5090465545654297
9171 534609 0.5098428726196289
9172 535443 0.5106382369995117
9173 536189 0.5113496780395508
9174 536987 0.512110710144043
9175 537826 0.5129108428955078
9176 538586 0.5136356353759766
9177 539391 0.5144033432006836
9178 540266 0.5152378082275391
9179 541054 0.5159893035888672
9180 541879 0.5167760848999023
9181 542720 0.517578125
9182 543516 0.5183372497558594
9183 544243 0.5190305709838867
9184 544990 0.5197429656982422
9185 545869 0.5205812454223633
9186 546686 0.5213603973388672
9187 547474 0.5221118927001953
9188 548287 0.5228872299194336
9189 549128 0.5236892700195312
9190 549948 0.5244712829589844
9191 550806 0.5252895355224609
9192 551668 0.5261116027832031
9193 552482 0.5268878936767578
9194 553295 0.5276632308959961
9195 554049 0.5283823013305664
9196 554876 0.5291709899902344
9197 555668 0.5299263000488281
9198 556566 0.5307826995849609
9199 557383 0.5315618515014648
9200 558227 0.5323667526245117
9201 559051 0.5331525802612305
9202 559899 0.533961296081543
9203 560692 0.5347175598144531
9204 561467 0.535456657409668
9205 562363 0.536311149597168
9206 563201 0.5371103286743164
9207 563953 0.5378274917602539
9208 564706 0.5385456085205078
9209 565510 0.5393123626708984
9210 566318 0.5400829315185547
9211 567225 0.5409479141235352
9212 568064 0.541748046875
9213 568860 0.5425071716308594
9214 569659 0.543269157409668
9215 570442 0.5440158843994141
9216 571245 0.5447816848754883
9217 572101 0.545598030090332
9218 572966 0.5464229583740234
9219 573788 0.5472068786621094
9220 574598 0.5479793548583984
9221 575426 0.5487689971923828
9222 576205 0.5495119094848633
9223 576971 0.5502424240112305
9224 577821 0.5510530471801758
9225 578676 0.5518684387207031
9226 579488 0.552642822265625
9227 580299 0.5534162521362305
9228 581151 0.5542287826538086
9229 582001 0.5550394058227539
9230 582857 0.5558557510375977
9231 583686 0.5566463470458984
9232 584501 0.5574235916137695
9233 585270 0.5581569671630859
9234 586047 0.5588979721069336
9235 586846 0.5596599578857422
9236 587656 0.5604324340820312
9237 588429 0.5611696243286133
9238 589353 0.5620508193969727
9239 590159 0.5628194808959961
9240 590936 0.5635604858398438
9241 591730 0.5643177032470703
9242 592550 0.5650997161865234
9243 593366 0.5658779144287109
9244 594200 0.5666732788085938
9245 595071 0.5675039291381836
9246 595857 0.5682535171508789
9247 596661 0.5690202713012695
9248 597423 0.5697469711303711
9249 598236 0.5705223083496094
9250 599078 0.5713253021240234
9251 599923 0.5721311569213867
9252 600750 0.5729198455810547
9253 601574 0.5737056732177734
9254 602362 0.5744571685791016
9255 603114 0.5751743316650391
9256 603956 0.5759773254394531
9257 604752 0.5767364501953125
9258 605644 0.5775871276855469
9259 606419 0.5783262252807617
9260 607251 0.5791196823120117
9261 607987 0.5798215866088867
9262 608765 0.5805635452270508
9263 609584 0.5813446044921875
9264 610407 0.5821294784545898
9265 611218 0.5829029083251953
9266 611985 0.5836343765258789
9267 612778 0.5843906402587891
9268 613547 0.5851240158081055
9269 614381 0.5859193801879883
9270 615165 0.5866670608520508
9271 615938 0.5874042510986328
9272 616742 0.5881710052490234
9273 617510 0.5889034271240234
9274 618269 0.5896272659301758
9275 619039 0.5903615951538086
9276 619808 0.591094970703125
9277 620571 0.591822624206543
9278 621465 0.5926752090454102
9279 622194 0.5933704376220703
9280 623022 0.5941600799560547
9281 623740 0.5948448181152344
9282 624511 0.5955801010131836
9283 625248 0.596282958984375
9284 626067 0.5970640182495117
9285 626850 0.5978107452392578
9286 627663 0.5985860824584961
9287 628384 0.599273681640625
9288 629097 0.5999536514282227
9289 629851 0.600672721862793
9290 630644 0.6014289855957031
9291 631459 0.6022062301635742
9292 632203 0.6029157638549805
9293 632958 0.6036357879638672
9294 633664 0.60430908203125
9295 634360 0.6049728393554688
9296 635112 0.6056900024414062
9297 635866 0.6064090728759766
9298 636673 0.6071786880493164
9299 637377 0.6078500747680664
9300 638111 0.6085500717163086
9301 638808 0.6092147827148438
9302 639530 0.6099033355712891
9303 640261 0.610600471496582
9304 641045 0.6113481521606445
9305 641815 0.6120824813842773
9306 642565 0.612797737121582
9307 643291 0.613490104675293
9308 643951 0.6141195297241211
9309 644675 0.6148099899291992
9310 645406 0.6155071258544922
9311 646173 0.6162385940551758
9312 646945 0.6169748306274414
9313 647686 0.6176815032958984
9314 648414 0.6183757781982422
9315 649115 0.619044303894043
9316 649813 0.6197099685668945
9317 650469 0.620335578918457
9318 651258 0.6210880279541016
9319 651952 0.6217498779296875
9320 652678 0.6224422454833984
9321 653393 0.6231241226196289
9322 654084 0.6237831115722656
9323 654776 0.6244430541992188
9324 655500 0.6251335144042969
9325 656293 0.625889778137207
9326 656992 0.626556396484375
9327 657676 0.6272087097167969
9328 658379 0.6278791427612305
9329 659059 0.6285276412963867
9330 659751 0.6291875839233398
9331 660498 0.6298999786376953
9332 661225 0.6305932998657227
9333 661921 0.6312570571899414
9334 662636 0.6319389343261719
9335 663310 0.6325817108154297
9336 663994 0.6332340240478516
9337 664692 0.6338996887207031
9338 665425 0.6345987319946289
9339 666095 0.6352376937866211
9340 666824 0.6359329223632812
9341 667532 0.6366081237792969
9342 668192 0.637237548828125
9343 668889 0.6379022598266602
9344 669583 0.6385641098022461
9345 670312 0.6392593383789062
9346 670919 0.6398382186889648
9347 671597 0.6404848098754883
9348 672267 0.6411237716674805
9349 672958 0.6417827606201172
9350 673665 0.6424570083618164
9351 674399 0.6431570053100586
9352 675102 0.6438274383544922
9353 675751 0.6444463729858398
9354 676410 0.6450748443603516
9355 677069 0.6457033157348633
9356 677774 0.6463756561279297
9357 678423 0.6469945907592773
9358 679162 0.6476993560791016
9359 679789 0.6482973098754883
9360 680491 0.6489667892456055
9361 681198 0.6496410369873047
9362 681890 0.6503009796142578
9363 682568 0.6509475708007812
9364 683287 0.6516332626342773
9365 684027 0.652338981628418
9366 684691 0.6529722213745117
9367 685403 0.653651237487793
9368 686089 0.6543054580688477
9369 686743 0.6549291610717773
9370 687461 0.655613899230957
9371 688167 0.6562871932983398
9372 688906 0.6569919586181641
9373 689641 0.6576929092407227
9374 690324 0.6583442687988281
9375 690971 0.658961296081543
9376 691675 0.659632682800293
9377 692380 0.6603050231933594
9378 693103 0.6609945297241211
9379 693765 0.661625862121582
9380 694476 0.6623039245605469
9381 695172 0.6629676818847656
9382 695839 0.6636037826538086
9383 696554 0.6642856597900391
9384 697288 0.6649856567382812
9385 698021 0.665684700012207
9386 698724 0.6663551330566406
9387 699409 0.6670083999633789
9388 700100 0.6676673889160156
9389 700805 0.668339729309082
9390 701501 0.6690034866333008
9391 702250 0.6697177886962891
9392 702926 0.6703624725341797
9393 703620 0.6710243225097656
9394 704324 0.6716957092285156
9395 705030 0.6723690032958984
9396 705724 0.6730308532714844
9397 706364 0.6736412048339844
9398 707132 0.6743736267089844
9399 707771 0.674983024597168
9400 708425 0.6756067276000977
9401 709013 0.6761674880981445
9402 709657 0.6767816543579102
9403 710322 0.6774158477783203
9404 711001 0.6780633926391602
9405 711733 0.6787614822387695
9406 712412 0.6794090270996094
9407 713061 0.680027961730957
9408 713718 0.6806545257568359
9409 714415 0.6813192367553711
9410 715125 0.6819963455200195
9411 715876 0.6827125549316406
9412 716518 0.6833248138427734
9413 717185 0.6839609146118164
9414 717844 0.6845893859863281
9415 718489 0.6852045059204102
9416 719143 0.6858282089233398
9417 719823 0.6864767074584961
9418 720578 0.6871967315673828
9419 721274 0.6878604888916016
9420 721959 0.6885137557983398
9421 722631 0.6891546249389648
9422 723257 0.6897516250610352
9423 723925 0.6903886795043945
9424 724624 0.6910552978515625
9425 725336 0.6917343139648438
9426 726000 0.6923675537109375
9427 726643 0.6929807662963867
9428 727307 0.6936140060424805
9429 727936 0.6942138671875
9430 728572 0.6948204040527344
9431 729222 0.6954402923583984
9432 729854 0.6960430145263672
9433 730522 0.6966800689697266
9434 731193 0.6973199844360352
9435 731825 0.6979227066040039
9436 732470 0.6985378265380859
9437 733105 0.6991434097290039
9438 733845 0.6998491287231445
9439 734483 0.7004575729370117
9440 735139 0.7010831832885742
9441 735740 0.7016563415527344
9442 736348 0.7022361755371094
9443 736981 0.7028398513793945
9444 737630 0.7034587860107422
9445 738315 0.7041120529174805
9446 738948 0.7047157287597656
9447 739594 0.7053318023681641
9448 740225 0.7059335708618164
9449 740872 0.7065505981445312
9450 741481 0.7071313858032227
9451 742185 0.7078027725219727
9452 742798 0.7083873748779297
9453 743428 0.7089881896972656
9454 744076 0.7096061706542969
9455 744733 0.7102327346801758
9456 745354 0.7108249664306641
9457 746010 0.7114505767822266
9458 746681 0.7120904922485352
9459 747268 0.7126502990722656
9460 747913 0.7132654190063477
9461 748555 0.7138776779174805
9462 749155 0.7144498825073242
9463 749797 0.715062141418457
9464 750464 0.7156982421875
9465 751139 0.7163419723510742
9466 751741 0.7169160842895508
9467 752396 0.7175407409667969
9468 753016 0.7181320190429688
9469 753628 0.7187156677246094
9470 754266 0.7193241119384766
9471 754924 0.7199516296386719
9472 755573 0.7205705642700195
9473 756162 0.7211322784423828
9474 756755 0.7216978073120117
9475 757338 0.7222537994384766
9476 757937 0.7228250503540039
9477 758571 0.7234296798706055
9478 759240 0.7240676879882812
9479 759836 0.7246360778808594
9480 760508 0.7252769470214844
9481 761092 0.7258338928222656
9482 761684 0.7263984680175781
9483 762251 0.7269392013549805
9484 762851 0.7275114059448242
9485 763480 0.7281112670898438
9486 764074 0.7286777496337891
9487 764678 0.7292537689208984
9488 765270 0.7298183441162109
9489 765827 0.7303495407104492
9490 766421 0.7309160232543945
9491 767053 0.7315187454223633
9492 767674 0.7321109771728516
9493 768240 0.7326507568359375
9494 768861 0.7332429885864258
9495 769468 0.7338218688964844
9496 770068 0.7343940734863281
9497 770666 0.7349643707275391
9498 771354 0.7356204986572266
9499 771986 0.7362232208251953
9500 772600 0.7368087768554688
9501 773166 0.7373485565185547
9502 773757 0.7379121780395508
9503 774396 0.7385215759277344
9504 775055 0.7391500473022461
9505 775679 0.7397451400756836
9506 776260 0.7402992248535156
9507 776859 0.740870475769043
9508 777450 0.7414340972900391
9509 778074 0.7420291900634766
9510 778630 0.7425594329833984
9511 779283 0.7431821823120117
9512 779893 0.7437639236450195
9513 780463 0.7443075180053711
9514 781039 0.7448568344116211
9515 781617 0.7454080581665039
9516 782252 0.7460136413574219
9517 782859 0.7465925216674805
9518 783525 0.747227668762207
9519 784060 0.7477378845214844
9520 784672 0.748321533203125
9521 785218 0.7488422393798828
9522 785785 0.7493829727172852
9523 786349 0.7499208450317383
9524 786967 0.7505102157592773
9525 787538 0.7510547637939453
9526 788105 0.7515954971313477
9527 788691 0.7521543502807617
9528 789248 0.752685546875
9529 789784 0.7531967163085938
9530 790347 0.7537336349487305
9531 790992 0.7543487548828125
9532 791555 0.7548856735229492
9533 792089 0.7553949356079102
9534 792693 0.7559709548950195
9535 793217 0.7564706802368164
9536 793791 0.7570180892944336
9537 794324 0.7575263977050781
9538 794942 0.7581157684326172
9539 795510 0.7586574554443359
9540 796053 0.7591753005981445
9541 796589 0.7596864700317383
9542 797112 0.7601852416992188
9543 797672 0.7607192993164062
9544 798220 0.7612419128417969
9545 798795 0.7617902755737305
9546 799352 0.7623214721679688
9547 799904 0.762847900390625
9548 800390 0.7633113861083984
9549 800907 0.7638044357299805
9550 801465 0.7643365859985352
9551 802025 0.7648706436157227
9552 802528 0.765350341796875
9553 803066 0.7658634185791016
9554 803586 0.7663593292236328
9555 804086 0.7668361663818359
9556 804605 0.7673311233520508
9557 805130 0.7678318023681641
9558 805725 0.7683992385864258
9559 806216 0.7688674926757812
9560 806743 0.7693700790405273
9561 807257 0.7698602676391602
9562 807768 0.7703475952148438
9563 808299 0.7708539962768555
9564 808883 0.7714109420776367
9565 809413 0.771916389465332
9566 809954 0.7724323272705078
9567 810461 0.7729158401489258
9568 810995 0.7734251022338867
9569 811543 0.7739477157592773
9570 812077 0.7744569778442383
9571 812617 0.7749719619750977
9572 813168 0.7754974365234375
9573 813717 0.7760210037231445
9574 814249 0.7765283584594727
9575 814727 0.7769842147827148
9576 815247 0.7774801254272461
9577 815752 0.7779617309570312
9578 816302 0.7784862518310547
9579 816779 0.7789411544799805
9580 817313 0.7794504165649414
9581 817829 0.779942512512207
9582 818350 0.7804393768310547
9583 818842 0.7809085845947266
9584 819366 0.7814083099365234
9585 819870 0.7818889617919922
9586 820398 0.7823925018310547
9587 820904 0.7828750610351562
9588 821456 0.7834014892578125
9589 821935 0.7838582992553711
9590 822438 0.7843379974365234
9591 822971 0.784846305847168
9592 823476 0.7853279113769531
9593 823958 0.7857875823974609
9594 824422 0.7862300872802734
9595 824909 0.7866945266723633
9596 825371 0.787135124206543
9597 825824 0.787567138671875
9598 826378 0.7880954742431641
9599 826825 0.7885217666625977
9600 827337 0.7890100479125977
9601 827819 0.7894697189331055
9602 828295 0.7899236679077148
9603 828801 0.7904062271118164
9604 829310 0.7908916473388672
9605 829761 0.7913217544555664
9606 830199 0.7917394638061523
9607 830742 0.7922573089599609
9608 831186 0.7926807403564453
9609 831637 0.7931108474731445
9610 832149 0.7935991287231445
9611 832667 0.794093132019043
9612 833159 0.7945623397827148
9613 833659 0.795039176940918
9614 834103 0.7954626083374023
9615 834577 0.7959146499633789
9616 835066 0.7963809967041016
9617 835518 0.7968120574951172
9618 836056 0.7973251342773438
9619 836544 0.79779052734375
9620 837002 0.7982273101806641
9621 837444 0.7986488342285156
9622 837899 0.7990827560424805
9623 838352 0.7995147705078125
9624 838832 0.7999725341796875
9625 839344 0.8004608154296875
9626 839805 0.8009004592895508
9627 840239 0.8013143539428711
9628 840712 0.8017654418945312
9629 841179 0.802210807800293
9630 841610 0.8026218414306641
9631 842088 0.8030776977539062
9632 842564 0.8035316467285156
9633 843017 0.8039636611938477
9634 843479 0.8044042587280273
9635 843906 0.8048114776611328
9636 844369 0.8052530288696289
9637 844780 0.8056449890136719
9638 845338 0.8061771392822266
9639 845797 0.806614875793457
9640 846234 0.8070316314697266
9641 846635 0.8074140548706055
9642 847086 0.8078441619873047
9643 847525 0.808262825012207
9644 847972 0.8086891174316406
9645 848427 0.8091230392456055
9646 848857 0.8095331192016602
9647 849272 0.8099288940429688
9648 849705 0.8103418350219727
9649 850116 0.8107337951660156
9650 850553 0.8111505508422852
9651 851023 0.8115987777709961
9652 851495 0.8120489120483398
9653 851936 0.812469482421875
9654 852377 0.8128900527954102
9655 852811 0.8133039474487305
9656 853261 0.8137331008911133
9657 853706 0.8141574859619141
9658 854212 0.8146400451660156
9659 854601 0.8150110244750977
9660 855034 0.8154239654541016
9661 855435 0.8158063888549805
9662 855835 0.816187858581543
9663 856270 0.8166027069091797
9664 856724 0.8170356750488281
9665 857170 0.8174610137939453
9666 857576 0.8178482055664062
9667 857970 0.8182239532470703
9668 858410 0.8186435699462891
9669 858797 0.8190126419067383
9670 859208 0.8194046020507812
9671 859602 0.8197803497314453
9672 860043 0.8202009201049805
9673 860481 0.8206186294555664
9674 860893 0.8210115432739258
9675 861294 0.8213939666748047
9676 861673 0.8217554092407227
9677 862065 0.8221292495727539
9678 862540 0.8225822448730469
9679 862941 0.8229646682739258
9680 863337 0.8233423233032227
9681 863747 0.8237333297729492
9682 864146 0.8241138458251953
9683 864520 0.8244705200195312
9684 864940 0.8248710632324219
9685 865379 0.8252897262573242
9686 865769 0.8256616592407227
9687 866152 0.8260269165039062
9688 866538 0.8263950347900391
9689 866927 0.8267660140991211
9690 867348 0.8271675109863281
9691 867730 0.8275318145751953
9692 868164 0.8279457092285156
9693 868568 0.8283309936523438
9694 868984 0.8287277221679688
9695 869371 0.829096794128418
9696 869770 0.8294773101806641
9697 870159 0.8298482894897461
9698 870556 0.8302268981933594
9699 870929 0.8305826187133789
9700 871350 0.8309841156005859
9701 871736 0.8313522338867188
9702 872121 0.8317193984985352
9703 872542 0.8321208953857422
9704 872956 0.8325157165527344
9705 873365 0.8329057693481445
9706 873747 0.8332700729370117
9707 874161 0.8336648941040039
9708 874543 0.8340291976928711
9709 874934 0.8344020843505859
9710 875296 0.834747314453125
9711 875682 0.8351154327392578
9712 876065 0.8354806900024414
9713 876447 0.8358449935913086
9714 876828 0.8362083435058594
9715 877235 0.8365964889526367
9716 877602 0.8369464874267578
9717 877979 0.837306022644043
9718 878385 0.8376932144165039
9719 878756 0.8380470275878906
9720 879137 0.8384103775024414
9721 879509 0.8387651443481445
9722 879879 0.8391180038452148
9723 880270 0.8394908905029297
9724 880667 0.839869499206543
9725 881037 0.8402223587036133
9726 881393 0.8405618667602539
9727 881761 0.8409128189086914
9728 882130 0.8412647247314453
9729 882469 0.841588020324707
9730 882794 0.8418979644775391
9731 883147 0.8422346115112305
9732 883506 0.8425769805908203
9733 883858 0.8429126739501953
9734 884191 0.8432302474975586
9735 884497 0.8435220718383789
9736 884857 0.8438653945922852
9737 885172 0.8441658020019531
9738 885556 0.8445320129394531
9739 885906 0.8448657989501953
9740 886284 0.8452262878417969
9741 886650 0.8455753326416016
9742 886996 0.8459053039550781
9743 887371 0.8462629318237305
9744 887740 0.8466148376464844
9745 888105 0.8469629287719727
9746 888418 0.8472614288330078
9747 888746 0.8475742340087891
9748 889075 0.8478879928588867
9749 889412 0.8482093811035156
9750 889738 0.8485202789306641
9751 890107 0.848872184753418
9752 890464 0.849212646484375
9753 890829 0.8495607376098633
9754 891170 0.8498859405517578
9755 891504 0.8502044677734375
9756 891824 0.8505096435546875
9757 892149 0.8508195877075195
9758 892534 0.8511867523193359
9759 892877 0.8515138626098633
9760 893228 0.8518486022949219
9761 893539 0.8521451950073242
9762 893864 0.8524551391601562
9763 894163 0.8527402877807617
9764 894536 0.8530960083007812
9765 894868 0.8534126281738281
9766 895160 0.8536911010742188
9767 895498 0.8540134429931641
9768 895797 0.8542985916137695
9769 896111 0.8545980453491211
9770 896428 0.8549003601074219
9771 896772 0.8552284240722656
9772 897103 0.8555440902709961
9773 897419 0.8558454513549805
9774 897759 0.8561697006225586
9775 898072 0.8564682006835938
9776 898387 0.8567686080932617
9777 898713 0.8570795059204102
9778 899089 0.8574380874633789
9779 899396 0.8577308654785156
9780 899702 0.8580226898193359
9781 900020 0.8583259582519531
9782 900346 0.8586368560791016
9783 900675 0.8589506149291992
9784 900985 0.8592462539672852
9785 901305 0.8595514297485352
9786 901612 0.8598442077636719
9787 901908 0.8601264953613281
9788 902210 0.8604145050048828
9789 902512 0.8607025146484375
9790 902829 0.8610048294067383
9791 903148 0.8613090515136719
9792 903434 0.8615818023681641
9793 903716 0.8618507385253906
9794 903985 0.8621072769165039
9795 904287 0.8623952865600586
9796 904588 0.8626823425292969
9797 904874 0.8629550933837891
9798 905227 0.8632917404174805
9799 905494 0.8635463714599609
9800 905830 0.8638668060302734
9801 906101 0.8641252517700195
9802 906392 0.8644027709960938
9803 906688 0.86468505859375
9804 907001 0.8649835586547852
9805 907304 0.8652725219726562
9806 907587 0.8655424118041992
9807 907881 0.8658227920532227
9808 908164 0.8660926818847656
9809 908434 0.8663501739501953
9810 908711 0.8666143417358398
9811 909011 0.8669004440307617
9812 909305 0.8671808242797852
9813 909621 0.8674821853637695
9814 909900 0.8677482604980469
9815 910211 0.8680448532104492
9816 910484 0.8683052062988281
9817 910775 0.8685827255249023
9818 911075 0.8688688278198242
9819 911332 0.8691139221191406
9820 911639 0.8694067001342773
9821 911896 0.8696517944335938
9822 912170 0.8699131011962891
9823 912410 0.8701419830322266
9824 912707 0.8704252243041992
9825 912980 0.8706855773925781
9826 913258 0.8709506988525391
9827 913548 0.8712272644042969
9828 913803 0.8714704513549805
9829 914086 0.8717403411865234
9830 914371 0.8720121383666992
9831 914698 0.8723239898681641
9832 914972 0.8725852966308594
9833 915243 0.8728437423706055
9834 915495 0.8730840682983398
9835 915786 0.8733615875244141
9836 916049 0.8736124038696289
9837 916324 0.8738746643066406
9838 916623 0.8741598129272461
9839 916864 0.8743896484375
9840 917145 0.8746576309204102
9841 917380 0.8748817443847656
9842 917627 0.875117301940918
9843 917904 0.8753814697265625
9844 918163 0.8756284713745117
9845 918444 0.8758964538574219
9846 918688 0.876129150390625
9847 918933 0.8763628005981445
9848 919175 0.8765935897827148
9849 919448 0.8768539428710938
9850 919707 0.877100944519043
9851 919993 0.8773736953735352
9852 920272 0.8776397705078125
9853 920530 0.8778858184814453
9854 920780 0.8781242370605469
9855 921042 0.8783740997314453
9856 921310 0.8786296844482422
9857 921578 0.8788852691650391
9858 921862 0.8791561126708984
9859 922117 0.879399299621582
9860 922396 0.8796653747558594
9861 922666 0.8799228668212891
9862 922933 0.8801774978637695
9863 923187 0.8804197311401367
9864 923440 0.8806610107421875
9865 923702 0.8809108734130859
9866 923963 0.881159782409668
9867 924197 0.881382942199707
9868 924431 0.8816061019897461
9869 924655 0.8818197250366211
9870 924903 0.8820562362670898
9871 925175 0.8823156356811523
9872 925397 0.8825273513793945
9873 925624 0.8827438354492188
9874 925856 0.882965087890625
9875 926123 0.8832197189331055
9876 926382 0.8834667205810547
9877 926618 0.8836917877197266
9878 926918 0.8839778900146484
9879 927157 0.8842058181762695
9880 927384 0.8844223022460938
9881 927640 0.8846664428710938
9882 927867 0.884882926940918
9883 928113 0.8851175308227539
9884 928387 0.8853788375854492
9885 928631 0.8856115341186523
9886 928856 0.8858261108398438
9887 929053 0.8860139846801758
9888 929290 0.8862400054931641
9889 929539 0.8864774703979492
9890 929755 0.886683464050293
9891 930004 0.8869209289550781
9892 930251 0.8871564865112305
9893 930486 0.8873805999755859
9894 930718 0.8876018524169922
9895 930940 0.8878135681152344
9896 931173 0.888035774230957
9897 931420 0.8882713317871094
9898 931690 0.8885288238525391
9899 931927 0.8887548446655273
9900 932177 0.8889932632446289
9901 932397 0.8892030715942383
9902 932629 0.8894243240356445
9903 932879 0.8896627426147461
9904 933124 0.8898963928222656
9905 933364 0.8901252746582031
9906 933584 0.8903350830078125
9907 933803 0.8905439376831055
9908 934034 0.8907642364501953
9909 934280 0.8909988403320312
9910 934491 0.891200065612793
9911 934745 0.8914422988891602
9912 934963 0.8916501998901367
9913 935182 0.8918590545654297
9914 935380 0.8920478820800781
9915 935575 0.8922338485717773
9916 935758 0.8924083709716797
9917 935981 0.8926210403442383
9918 936219 0.892848014831543
9919 936425 0.8930444717407227
9920 936660 0.8932685852050781
9921 936886 0.8934841156005859
9922 937116 0.8937034606933594
9923 937316 0.8938941955566406
9924 937524 0.8940925598144531
9925 937740 0.8942985534667969
9926 937926 0.8944759368896484
9927 938145 0.8946847915649414
9928 938347 0.8948774337768555
9929 938564 0.8950843811035156
9930 938794 0.8953037261962891
9931 939029 0.8955278396606445
9932 939238 0.8957271575927734
9933 939443 0.8959226608276367
9934 939654 0.8961238861083984
9935 939860 0.8963203430175781
9936 940045 0.8964967727661133
9937 940253 0.8966951370239258
9938 940484 0.8969154357910156
9939 940678 0.8971004486083984
9940 940886 0.8972988128662109
9941 941073 0.8974771499633789
9942 941239 0.8976354598999023
9943 941450 0.8978366851806641
9944 941675 0.8980512619018555
9945 941876 0.8982429504394531
9946 942079 0.8984365463256836
9947 942286 0.8986339569091797
9948 942456 0.8987960815429688
9949 942638 0.8989696502685547
9950 942827 0.8991498947143555
9951 943026 0.8993396759033203
9952 943232 0.8995361328125
9953 943434 0.8997287750244141
9954 943621 0.899907112121582
9955 943811 0.9000883102416992
9956 944014 0.9002819061279297
9957 944208 0.9004669189453125
9958 944432 0.9006805419921875
9959 944613 0.900853157043457
9960 944816 0.9010467529296875
9961 945014 0.9012355804443359
9962 945204 0.9014167785644531
9963 945409 0.9016122817993164
9964 945578 0.9017734527587891
9965 945785 0.9019708633422852
9966 946011 0.902186393737793
9967 946210 0.9023761749267578
9968 946390 0.9025478363037109
9969 946579 0.9027280807495117
9970 946767 0.9029073715209961
9971 946972 0.9031028747558594
9972 947161 0.9032831192016602
9973 947333 0.903447151184082
9974 947512 0.9036178588867188
9975 947726 0.9038219451904297
9976 947901 0.9039888381958008
9977 948088 0.9041671752929688
9978 948301 0.9043703079223633
9979 948472 0.9045333862304688
9980 948675 0.9047269821166992
9981 948865 0.9049081802368164
9982 949047 0.9050817489624023
9983 949228 0.9052543640136719
9984 949399 0.9054174423217773
9985 949587 0.9055967330932617
9986 949766 0.9057674407958984
9987 949963 0.9059553146362305
9988 950134 0.9061183929443359
9989 950307 0.9062833786010742
9990 950481 0.9064493179321289
9991 950671 0.9066305160522461
9992 950849 0.9068002700805664
9993 951020 0.9069633483886719
9994 951186 0.9071216583251953
9995 951349 0.9072771072387695
9996 951504 0.9074249267578125
9997 951658 0.9075717926025391
9998 951845 0.907750129699707
9999 952014 0.9079113006591797
10000 952182 0.9080715179443359
10001 952349 0.9082307815551758
10002 952531 0.9084043502807617
10003 952704 0.9085693359375
10004 952887 0.9087438583374023
10005 953087 0.9089345932006836
10006 953229 0.9090700149536133
10007 953432 0.9092636108398438
10008 953583 0.9094076156616211
10009 953746 0.9095630645751953
10010 953932 0.9097404479980469
10011 954109 0.9099092483520508
10012 954266 0.9100589752197266
10013 954431 0.9102163314819336
10014 954603 0.9103803634643555
10015 954765 0.9105348587036133
10016 954945 0.9107065200805664
10017 955116 0.9108695983886719
10018 955287 0.9110326766967773
10019 955444 0.9111824035644531
10020 955638 0.9113674163818359
10021 955809 0.9115304946899414
10022 955956 0.9116706848144531
10023 956107 0.9118146896362305
10024 956280 0.9119796752929688
10025 956423 0.9121160507202148
10026 956601 0.9122858047485352
10027 956745 0.9124231338500977
10028 956889 0.9125604629516602
10029 957044 0.9127082824707031
10030 957207 0.9128637313842773
10031 957393 0.9130411148071289
10032 957557 0.9131975173950195
10033 957710 0.9133434295654297
10034 957876 0.9135017395019531
10035 958034 0.9136524200439453
10036 958191 0.9138021469116211
10037 958347 0.9139509201049805
10038 958513 0.9141092300415039
10039 958662 0.9142513275146484
10040 958817 0.9143991470336914
10041 958961 0.9145364761352539
10042 959098 0.9146671295166016
10043 959259 0.914820671081543
10044 959417 0.9149713516235352
10045 959567 0.9151144027709961
10046 959726 0.9152660369873047
10047 959891 0.9154233932495117
10048 960041 0.9155664443969727
10049 960186 0.9157047271728516
10050 960322 0.9158344268798828
10051 960510 0.9160137176513672
10052 960676 0.9161720275878906
10053 960817 0.9163064956665039
10054 960962 0.9164447784423828
10055 961142 0.9166164398193359
10056 961303 0.9167699813842773
10057 961453 0.9169130325317383
10058 961616 0.9170684814453125
10059 961749 0.9171953201293945
10060 961908 0.9173469543457031
10061 962085 0.917515754699707
10062 962230 0.9176540374755859
10063 962381 0.9177980422973633
10064 962549 0.9179582595825195
10065 962725 0.918126106262207
10066 962865 0.9182596206665039
10067 962998 0.9183864593505859
10068 963175 0.9185552597045898
10069 963334 0.9187068939208984
10070 963486 0.9188518524169922
10071 963642 0.9190006256103516
10072 963784 0.9191360473632812
10073 963923 0.9192686080932617
10074 964068 0.9194068908691406
10075 964219 0.919550895690918
10076 964358 0.9196834564208984
10077 964506 0.9198246002197266
10078 964682 0.9199924468994141
10079 964822 0.9201259613037109
10080 964964 0.9202613830566406
10081 965126 0.9204158782958984
10082 965261 0.9205446243286133
10083 965412 0.9206886291503906
10084 965587 0.9208555221557617
10085 965741 0.9210023880004883
10086 965880 0.9211349487304688
10087 966007 0.9212560653686523
10088 966149 0.921391487121582
10089 966304 0.921539306640625
10090 966451 0.9216794967651367
10091 966611 0.9218320846557617
10092 966759 0.9219732284545898
10093 966890 0.9220981597900391
10094 967036 0.9222373962402344
10095 967160 0.9223556518554688
10096 967305 0.9224939346313477
10097 967452 0.9226341247558594
10098 967612 0.9227867126464844
10099 967756 0.9229240417480469
10100 967900 0.9230613708496094
10101 968046 0.9232006072998047
10102 968190 0.9233379364013672
10103 968325 0.923466682434082
10104 968466 0.9236011505126953
10105 968609 0.9237375259399414
10106 968742 0.9238643646240234
10107 968876 0.9239921569824219
10108 969004 0.9241142272949219
10109 969128 0.9242324829101562
10110 969273 0.9243707656860352
10111 969419 0.9245100021362305
10112 969541 0.924626350402832
10113 969664 0.92474365234375
10114 969799 0.9248723983764648
10115 969925 0.924992561340332
10116 970059 0.9251203536987305
10117 970176 0.92523193359375
10118 970313 0.9253625869750977
10119 970435 0.9254789352416992
10120 970570 0.9256076812744141
10121 970711 0.9257421493530273
10122 970845 0.9258699417114258
10123 970960 0.9259796142578125
10124 971097 0.9261102676391602
10125 971219 0.9262266159057617
10126 971353 0.9263544082641602
10127 971488 0.926483154296875
10128 971609 0.9265985488891602
10129 971745 0.9267282485961914
10130 971881 0.9268579483032227
10131 971997 0.9269685745239258
10132 972124 0.9270896911621094
10133 972254 0.9272136688232422
10134 972371 0.9273252487182617
10135 972495 0.9274435043334961
10136 972625 0.9275674819946289
10137 972757 0.9276933670043945
10138 972890 0.9278202056884766
10139 973003 0.9279279708862305
10140 973140 0.9280586242675781
10141 973263 0.9281759262084961
10142 973383 0.9282903671264648
10143 973509 0.928410530090332
10144 973618 0.9285144805908203
10145 973749 0.9286394119262695
10146 973864 0.9287490844726562
10147 974000 0.9288787841796875
10148 974115 0.9289884567260742
10149 974223 0.9290914535522461
10150 974355 0.9292173385620117
10151 974493 0.9293489456176758
10152 974599 0.9294500350952148
10153 974708 0.9295539855957031
10154 974801 0.9296426773071289
10155 974900 0.9297370910644531
10156 975014 0.9298458099365234
10157 975139 0.9299650192260742
10158 975267 0.9300870895385742
10159 975377 0.9301919937133789
10160 975493 0.930302619934082
10161 975594 0.9303989410400391
10162 975705 0.9305047988891602
10163 975824 0.9306182861328125
10164 975937 0.9307260513305664
10165 976048 0.9308319091796875
10166 976168 0.9309463500976562
10167 976292 0.9310646057128906
10168 976409 0.9311761856079102
10169 976528 0.9312896728515625
10170 976651 0.9314069747924805
10171 976780 0.9315299987792969
10172 976892 0.9316368103027344
10173 976992 0.931732177734375
10174 977098 0.9318332672119141
10175 977211 0.931941032409668
10176 977318 0.9320430755615234
10177 977414 0.9321346282958984
10178 977542 0.9322566986083984
10179 977650 0.9323596954345703
10180 977764 0.9324684143066406
10181 977862 0.9325618743896484
10182 977986 0.9326801300048828
10183 978108 0.9327964782714844
10184 978237 0.9329195022583008
10185 978355 0.9330320358276367
10186 978479 0.9331502914428711
10187 978589 0.9332551956176758
10188 978695 0.9333562850952148
10189 978810 0.9334659576416016
10190 978911 0.9335622787475586
10191 979030 0.9336757659912109
10192 979132 0.9337730407714844
10193 979238 0.9338741302490234
10194 979346 0.9339771270751953
10195 979456 0.93408203125
10196 979566 0.9341869354248047
10197 979694 0.9343090057373047
10198 979796 0.9344062805175781
10199 979893 0.9344987869262695
10200 980001 0.9346017837524414
10201 980106 0.9347019195556641
10202 980202 0.9347934722900391
10203 980298 0.9348850250244141
10204 980420 0.9350013732910156
10205 980526 0.9351024627685547
10206 980642 0.9352130889892578
10207 980756 0.9353218078613281
10208 980874 0.9354343414306641
10209 980976 0.9355316162109375
10210 981093 0.935643196105957
10211 981189 0.935734748840332
10212 981283 0.9358243942260742
10213 981374 0.9359111785888672
10214 981468 0.9360008239746094
10215 981567 0.9360952377319336
10216 981664 0.936187744140625
10217 981774 0.9362926483154297
10218 981879 0.9363927841186523
10219 981972 0.9364814758300781
10220 982079 0.9365835189819336
10221 982178 0.9366779327392578
10222 982269 0.9367647171020508
10223 982370 0.9368610382080078
10224 982461 0.9369478225708008
10225 982571 0.9370527267456055
10226 982686 0.9371623992919922
10227 982793 0.9372644424438477
10228 982880 0.937347412109375
10229 982978 0.9374408721923828
10230 983068 0.9375267028808594
10231 983173 0.937626838684082
10232 983253 0.9377031326293945
10233 983348 0.9377937316894531
10234 983435 0.9378767013549805
10235 983522 0.9379596710205078
10236 983604 0.9380378723144531
10237 983706 0.9381351470947266
10238 983826 0.9382495880126953
10239 983914 0.9383335113525391
10240 984005 0.938420295715332
10241 984095 0.9385061264038086
10242 984177 0.9385843276977539
10243 984272 0.9386749267578125
10244 984368 0.9387664794921875
10245 984468 0.9388618469238281
10246 984582 0.9389705657958984
10247 984678 0.9390621185302734
10248 984777 0.9391565322875977
10249 984865 0.9392404556274414
10250 984959 0.9393301010131836
10251 985071 0.9394369125366211
10252 985171 0.9395322799682617
10253 985253 0.939610481262207
10254 985345 0.9396982192993164
10255 985436 0.9397850036621094
10256 985543 0.9398870468139648
10257 985642 0.9399814605712891
10258 985746 0.9400806427001953
10259 985829 0.940159797668457
10260 985931 0.9402570724487305
10261 986030 0.9403514862060547
10262 986118 0.9404354095458984
10263 986202 0.9405155181884766
10264 986289 0.9405984878540039
10265 986379 0.9406843185424805
10266 986467 0.9407682418823242
10267 986550 0.9408473968505859
10268 986642 0.9409351348876953
10269 986735 0.9410238265991211
10270 986828 0.9411125183105469
10271 986915 0.9411954879760742
10272 986997 0.9412736892700195
10273 987089 0.9413614273071289
10274 987168 0.941436767578125
10275 987251 0.9415159225463867
10276 987337 0.9415979385375977
10277 987418 0.9416751861572266
10278 987513 0.9417657852172852
10279 987594 0.9418430328369141
10280 987683 0.9419279098510742
10281 987766 0.9420070648193359
10282 987842 0.9420795440673828
10283 987929 0.9421625137329102
10284 988018 0.9422473907470703
10285 988109 0.9423341751098633
10286 988201 0.9424219131469727
10287 988288 0.9425048828125
10288 988351 0.9425649642944336
10289 988424 0.9426345825195312
10290 988539 0.942744255065918
10291 988631 0.9428319931030273
10292 988710 0.9429073333740234
10293 988787 0.9429807662963867
10294 988874 0.9430637359619141
10295 988964 0.9431495666503906
10296 989060 0.9432411193847656
10297 989157 0.943333625793457
10298 989245 0.9434175491333008
10299 989333 0.9435014724731445
10300 989423 0.9435873031616211
10301 989505 0.9436655044555664
10302 989585 0.9437417984008789
10303 989660 0.9438133239746094
10304 989743 0.9438924789428711
10305 989840 0.9439849853515625
10306 989924 0.9440650939941406
10307 990005 0.9441423416137695
10308 990099 0.9442319869995117
10309 990186 0.9443149566650391
10310 990265 0.9443902969360352
10311 990369 0.9444894790649414
10312 990461 0.9445772171020508
10313 990551 0.9446630477905273
10314 990634 0.9447422027587891
10315 990717 0.9448213577270508
10316 990802 0.9449024200439453
10317 990875 0.944972038269043
10318 990981 0.945073127746582
10319 991071 0.9451589584350586
10320 991154 0.9452381134033203
10321 991229 0.9453096389770508
10322 991317 0.9453935623168945
10323 991401 0.9454736709594727
10324 991496 0.9455642700195312
10325 991581 0.9456453323364258
10326 991672 0.9457321166992188
10327 991736 0.9457931518554688
10328 991827 0.9458799362182617
10329 991924 0.9459724426269531
10330 991987 0.9460325241088867
10331 992069 0.946110725402832
10332 992145 0.9461832046508789
10333 992226 0.9462604522705078
10334 992315 0.946345329284668
10335 992405 0.9464311599731445
10336 992484 0.9465065002441406
10337 992556 0.9465751647949219
10338 992639 0.9466543197631836
10339 992710 0.9467220306396484
10340 992792 0.9468002319335938
10341 992853 0.9468584060668945
10342 992932 0.9469337463378906
10343 993015 0.9470129013061523
10344 993103 0.9470968246459961
10345 993199 0.9471883773803711
10346 993284 0.9472694396972656
10347 993356 0.9473381042480469
10348 993431 0.9474096298217773
10349 993513 0.9474878311157227
10350 993586 0.9475574493408203
10351 993676 0.9476432800292969
10352 993753 0.9477167129516602
10353 993832 0.9477920532226562
10354 993888 0.947845458984375
10355 993968 0.9479217529296875
10356 994049 0.9479990005493164
10357 994112 0.94805908203125
10358 994208 0.948150634765625
10359 994283 0.9482221603393555
10360 994375 0.9483098983764648
10361 994448 0.9483795166015625
10362 994512 0.9484405517578125
10363 994563 0.9484891891479492
10364 994647 0.9485692977905273
10365 994721 0.9486398696899414
10366 994813 0.9487276077270508
10367 994898 0.9488086700439453
10368 994977 0.9488840103149414
10369 995057 0.9489603042602539
10370 995146 0.9490451812744141
10371 995233 0.9491281509399414
10372 995307 0.9491987228393555
10373 995377 0.9492654800415039
10374 995438 0.9493236541748047
10375 995543 0.9494237899780273
10376 995638 0.9495143890380859
10377 995727 0.9495992660522461
10378 995816 0.9496841430664062
10379 995905 0.9497690200805664
10380 995974 0.9498348236083984
10381 996033 0.9498910903930664
10382 996115 0.9499692916870117
10383 996192 0.950042724609375
10384 996274 0.9501209259033203
10385 996344 0.9501876831054688
10386 996420 0.9502601623535156
10387 996493 0.9503297805786133
10388 996567 0.9504003524780273
10389 996636 0.9504661560058594
10390 996693 0.9505205154418945
10391 996785 0.9506082534790039
10392 996848 0.9506683349609375
10393 996922 0.9507389068603516
10394 997002 0.9508152008056641
10395 997074 0.9508838653564453
10396 997137 0.9509439468383789
10397 997210 0.9510135650634766
10398 997291 0.9510908126831055
10399 997360 0.9511566162109375
10400 997420 0.9512138366699219
10401 997486 0.9512767791748047
10402 997553 0.9513406753540039
10403 997608 0.9513931274414062
10404 997693 0.9514741897583008
10405 997768 0.9515457153320312
10406 997838 0.9516124725341797
10407 997911 0.9516820907592773
10408 997975 0.9517431259155273
10409 998044 0.9518089294433594
10410 998120 0.9518814086914062
10411 998188 0.9519462585449219
10412 998255 0.9520101547241211
10413 998325 0.9520769119262695
10414 998384 0.9521331787109375
10415 998439 0.9521856307983398
10416 998498 0.9522418975830078
10417 998585 0.9523248672485352
10418 998670 0.9524059295654297
10419 998740 0.9524726867675781
10420 998814 0.9525432586669922
10421 998869 0.9525957107543945
10422 998944 0.952667236328125
10423 999014 0.9527339935302734
10424 999087 0.9528036117553711
10425 999170 0.9528827667236328
10426 999239 0.9529485702514648
10427 999310 0.9530162811279297
10428 999369 0.9530725479125977
10429 999436 0.9531364440917969
10430 999500 0.9531974792480469
10431 999584 0.953277587890625
10432 999650 0.9533405303955078
10433 999727 0.9534139633178711
10434 999806 0.9534893035888672
10435 999864 0.9535446166992188
10436 999942 0.9536190032958984
10437 1000011 0.9536848068237305
10438 1000099 0.9537687301635742
10439 1000174 0.9538402557373047
10440 1000238 0.9539012908935547
10441 1000315 0.953974723815918
10442 1000378 0.9540348052978516
10443 1000443 0.954096794128418
10444 1000521 0.9541711807250977
10445 1000588 0.9542350769042969
10446 1000664 0.9543075561523438
10447 1000737 0.9543771743774414
10448 1000805 0.954442024230957
10449 1000884 0.9545173645019531
10450 1000960 0.95458984375
10451 1001030 0.9546566009521484
10452 1001095 0.9547185897827148
10453 1001169 0.9547891616821289
10454 1001240 0.9548568725585938
10455 1001310 0.9549236297607422
10456 1001376 0.954986572265625
10457 1001456 0.9550628662109375
10458 1001524 0.9551277160644531
10459 1001603 0.9552030563354492
10460 1001674 0.9552707672119141
10461 1001732 0.9553260803222656
10462 1001802 0.9553928375244141
10463 1001863 0.9554510116577148
10464 1001950 0.9555339813232422
10465 1002014 0.9555950164794922
10466 1002073 0.9556512832641602
10467 1002131 0.9557065963745117
10468 1002202 0.9557743072509766
10469 1002262 0.9558315277099609
10470 1002324 0.9558906555175781
10471 1002393 0.9559564590454102
10472 1002445 0.9560060501098633
10473 1002523 0.956080436706543
10474 1002576 0.9561309814453125
10475 1002629 0.956181526184082
10476 1002698 0.9562473297119141
10477 1002769 0.9563150405883789
10478 1002831 0.9563741683959961
10479 1002881 0.9564218521118164
10480 1002947 0.9564847946166992
10481 1003003 0.956538200378418
10482 1003066 0.9565982818603516
10483 1003130 0.9566593170166016
10484 1003190 0.9567165374755859
10485 1003239 0.9567632675170898
10486 1003295 0.9568166732788086
10487 1003347 0.9568662643432617
10488 1003415 0.9569311141967773
10489 1003486 0.9569988250732422
10490 1003538 0.9570484161376953
10491 1003598 0.9571056365966797
10492 1003668 0.9571723937988281
10493 1003718 0.9572200775146484
10494 1003778 0.9572772979736328
10495 1003850 0.9573459625244141
10496 1003890 0.9573841094970703
10497 1003948 0.9574394226074219
10498 1004007 0.9574956893920898
10499 1004060 0.9575462341308594
10500 1004110 0.9575939178466797
10501 1004166 0.9576473236083984
10502 1004222 0.9577007293701172
10503 1004277 0.9577531814575195
10504 1004334 0.9578075408935547
10505 1004399 0.9578695297241211
10506 1004444 0.9579124450683594
10507 1004496 0.9579620361328125
10508 1004567 0.9580297470092773
10509 1004615 0.9580755233764648
10510 1004657 0.9581155776977539
10511 1004727 0.9581823348999023
10512 1004774 0.9582271575927734
10513 1004829 0.9582796096801758
10514 1004877 0.9583253860473633
10515 1004935 0.9583806991577148
10516 1004986 0.9584293365478516
10517 1005042 0.9584827423095703
10518 1005095 0.9585332870483398
10519 1005145 0.9585809707641602
10520 1005194 0.9586277008056641
10521 1005259 0.9586896896362305
10522 1005316 0.9587440490722656
10523 1005377 0.9588022232055664
10524 1005441 0.9588632583618164
10525 1005512 0.9589309692382812
10526 1005574 0.9589900970458984
10527 1005622 0.9590358734130859
10528 1005669 0.959080696105957
10529 1005727 0.9591360092163086
10530 1005780 0.9591865539550781
10531 1005841 0.9592447280883789
10532 1005886 0.9592876434326172
10533 1005945 0.9593439102172852
10534 1005998 0.9593944549560547
10535 1006053 0.959446907043457
10536 1006114 0.9595050811767578
10537 1006179 0.9595670700073242
10538 1006238 0.9596233367919922
10539 1006289 0.9596719741821289
10540 1006333 0.9597139358520508
10541 1006386 0.9597644805908203
10542 1006429 0.9598054885864258
10543 1006489 0.9598627090454102
10544 1006547 0.9599180221557617
10545 1006608 0.9599761962890625
10546 1006658 0.9600238800048828
10547 1006697 0.9600610733032227
10548 1006759 0.9601202011108398
10549 1006804 0.9601631164550781
10550 1006847 0.9602041244506836
10551 1006916 0.9602699279785156
10552 1006965 0.9603166580200195
10553 1007012 0.9603614807128906
10554 1007060 0.9604072570800781
10555 1007120 0.9604644775390625
10556 1007173 0.960515022277832
10557 1007227 0.960566520690918
10558 1007288 0.9606246948242188
10559 1007336 0.9606704711914062
10560 1007385 0.9607172012329102
10561 1007428 0.9607582092285156
10562 1007470 0.9607982635498047
10563 1007517 0.9608430862426758
10564 1007571 0.9608945846557617
10565 1007617 0.9609384536743164
10566 1007668 0.9609870910644531
10567 1007716 0.9610328674316406
10568 1007765 0.9610795974731445
10569 1007807 0.9611196517944336
10570 1007866 0.9611759185791016
10571 1007908 0.9612159729003906
10572 1007969 0.9612741470336914
10573 1008021 0.9613237380981445
10574 1008066 0.9613666534423828
10575 1008107 0.9614057540893555
10576 1008152 0.9614486694335938
10577 1008206 0.9615001678466797
10578 1008252 0.9615440368652344
10579 1008288 0.961578369140625
10580 1008335 0.9616231918334961
10581 1008387 0.9616727828979492
10582 1008441 0.9617242813110352
10583 1008490 0.9617710113525391
10584 1008546 0.9618244171142578
10585 1008612 0.9618873596191406
10586 1008651 0.9619245529174805
10587 1008698 0.9619693756103516
10588 1008748 0.9620170593261719
10589 1008788 0.9620552062988281
10590 1008842 0.9621067047119141
10591 1008888 0.9621505737304688
10592 1008934 0.9621944427490234
10593 1008980 0.9622383117675781
10594 1009035 0.9622907638549805
10595 1009074 0.9623279571533203
10596 1009129 0.9623804092407227
10597 1009169 0.9624185562133789
10598 1009216 0.96246337890625
10599 1009263 0.9625082015991211
10600 1009311 0.9625539779663086
10601 1009355 0.9625959396362305
10602 1009397 0.9626359939575195
10603 1009446 0.9626827239990234
10604 1009487 0.9627218246459961
10605 1009535 0.9627676010131836
10606 1009593 0.9628229141235352
10607 1009646 0.9628734588623047
10608 1009688 0.9629135131835938
10609 1009745 0.9629678726196289
10610 1009786 0.9630069732666016
10611 1009827 0.9630460739135742
10612 1009869 0.9630861282348633
10613 1009917 0.9631319046020508
10614 1009963 0.9631757736206055
10615 1010003 0.9632139205932617
10616 1010069 0.9632768630981445
10617 1010099 0.9633054733276367
10618 1010140 0.9633445739746094
10619 1010195 0.9633970260620117
10620 1010238 0.9634380340576172
10621 1010279 0.9634771347045898
10622 1010319 0.9635152816772461
10623 1010361 0.9635553359985352
10624 1010416 0.9636077880859375
10625 1010462 0.9636516571044922
10626 1010510 0.9636974334716797
10627 1010570 0.9637546539306641
10628 1010604 0.9637870788574219
10629 1010638 0.9638195037841797
10630 1010682 0.9638614654541016
10631 1010732 0.9639091491699219
10632 1010777 0.9639520645141602
10633 1010816 0.9639892578125
10634 1010857 0.9640283584594727
10635 1010908 0.9640769958496094
10636 1010955 0.9641218185424805
10637 1010999 0.9641637802124023
10638 1011040 0.964202880859375
10639 1011091 0.9642515182495117
10640 1011141 0.964299201965332
10641 1011183 0.9643392562866211
10642 1011229 0.9643831253051758
10643 1011292 0.9644432067871094
10644 1011354 0.9645023345947266
10645 1011408 0.9645538330078125
10646 1011449 0.9645929336547852
10647 1011481 0.9646234512329102
10648 1011516 0.9646568298339844
10649 1011558 0.9646968841552734
10650 1011605 0.9647417068481445
10651 1011640 0.9647750854492188
10652 1011693 0.9648256301879883
10653 1011737 0.9648675918579102
10654 1011769 0.9648981094360352
10655 1011809 0.9649362564086914
10656 1011855 0.9649801254272461
10657 1011906 0.9650287628173828
10658 1011946 0.9650669097900391
10659 1011981 0.9651002883911133
10660 1012029 0.9651460647583008
10661 1012064 0.965179443359375
10662 1012099 0.9652128219604492
10663 1012139 0.9652509689331055
10664 1012183 0.9652929306030273
10665 1012230 0.9653377532958984
10666 1012276 0.9653816223144531
10667 1012313 0.9654169082641602
10668 1012349 0.9654512405395508
10669 1012393 0.9654932022094727
10670 1012436 0.9655342102050781
10671 1012472 0.9655685424804688
10672 1012512 0.965606689453125
10673 1012557 0.9656496047973633
10674 1012594 0.9656848907470703
10675 1012638 0.9657268524169922
10676 1012685 0.9657716751098633
10677 1012736 0.9658203125
10678 1012774 0.9658565521240234
10679 1012812 0.9658927917480469
10680 1012846 0.9659252166748047
10681 1012878 0.9659557342529297
10682 1012922 0.9659976959228516
10683 1012953 0.9660272598266602
10684 1013000 0.9660720825195312
10685 1013038 0.9661083221435547
10686 1013068 0.9661369323730469
10687 1013113 0.9661798477172852
10688 1013149 0.9662141799926758
10689 1013188 0.9662513732910156
10690 1013217 0.9662790298461914
10691 1013256 0.9663162231445312
10692 1013287 0.9663457870483398
10693 1013319 0.9663763046264648
10694 1013360 0.9664154052734375
10695 1013394 0.9664478302001953
10696 1013441 0.9664926528930664
10697 1013481 0.9665307998657227
10698 1013522 0.9665699005126953
10699 1013549 0.9665956497192383
10700 1013585 0.9666299819946289
10701 1013616 0.9666595458984375
10702 1013661 0.9667024612426758
10703 1013696 0.96673583984375
10704 1013739 0.9667768478393555
10705 1013783 0.9668188095092773
10706 1013815 0.9668493270874023
10707 1013849 0.9668817520141602
10708 1013893 0.966923713684082
10709 1013945 0.9669733047485352
10710 1013982 0.9670085906982422
10711 1014023 0.9670476913452148
10712 1014076 0.9670982360839844
10713 1014112 0.967132568359375
10714 1014151 0.9671697616577148
10715 1014186 0.9672031402587891
10716 1014215 0.9672307968139648
10717 1014249 0.9672632217407227
10718 1014283 0.9672956466674805
10719 1014316 0.9673271179199219
10720 1014355 0.9673643112182617
10721 1014399 0.9674062728881836
10722 1014436 0.9674415588378906
10723 1014469 0.967473030090332
10724 1014505 0.9675073623657227
10725 1014539 0.9675397872924805
10726 1014583 0.9675817489624023
10727 1014620 0.9676170349121094
10728 1014652 0.9676475524902344
10729 1014688 0.967681884765625
10730 1014724 0.9677162170410156
10731 1014766 0.9677562713623047
10732 1014798 0.9677867889404297
10733 1014833 0.9678201675415039
10734 1014864 0.9678497314453125
10735 1014912 0.9678955078125
10736 1014949 0.967930793762207
10737 1014992 0.9679718017578125
10738 1015028 0.9680061340332031
10739 1015057 0.9680337905883789
10740 1015090 0.9680652618408203
10741 1015123 0.9680967330932617
10742 1015166 0.9681377410888672
10743 1015205 0.968174934387207
10744 1015246 0.9682140350341797
10745 1015282 0.9682483673095703
10746 1015310 0.9682750701904297
10747 1015354 0.9683170318603516
10748 1015401 0.9683618545532227
10749 1015436 0.9683952331542969
10750 1015475 0.9684324264526367
10751 1015507 0.9684629440307617
10752 1015536 0.9684906005859375
10753 1015568 0.9685211181640625
10754 1015605 0.9685564041137695
10755 1015649 0.9685983657836914
10756 1015688 0.9686355590820312
10757 1015727 0.9686727523803711
10758 1015754 0.9686985015869141
10759 1015782 0.9687252044677734
10760 1015818 0.9687595367431641
10761 1015848 0.9687881469726562
10762 1015879 0.9688177108764648
10763 1015916 0.9688529968261719
10764 1015967 0.9689016342163086
10765 1016013 0.9689455032348633
10766 1016052 0.9689826965332031
10767 1016086 0.9690151214599609
10768 1016116 0.9690437316894531
10769 1016148 0.9690742492675781
10770 1016188 0.9691123962402344
10771 1016229 0.969151496887207
10772 1016261 0.969182014465332
10773 1016299 0.9692182540893555
10774 1016333 0.9692506790161133
10775 1016367 0.9692831039428711
10776 1016400 0.9693145751953125
10777 1016445 0.9693574905395508
10778 1016487 0.9693975448608398
10779 1016512 0.96942138671875
10780 1016543 0.9694509506225586
10781 1016579 0.9694852828979492
10782 1016614 0.9695186614990234
10783 1016652 0.9695549011230469
10784 1016686 0.9695873260498047
10785 1016723 0.9696226119995117
10786 1016755 0.9696531295776367
10787 1016789 0.9696855545043945
10788 1016816 0.9697113037109375
10789 1016847 0.9697408676147461
10790 1016876 0.9697685241699219
10791 1016917 0.9698076248168945
10792 1016953 0.9698419570922852
10793 1017001 0.9698877334594727
10794 1017034 0.9699192047119141
10795 1017058 0.9699420928955078
10796 1017099 0.9699811935424805
10797 1017133 0.9700136184692383
10798 1017167 0.9700460433959961
10799 1017204 0.9700813293457031
10800 1017232 0.9701080322265625
10801 1017272 0.9701461791992188
10802 1017300 0.9701728820800781
10803 1017334 0.9702053070068359
10804 1017389 0.9702577590942383
10805 1017417 0.9702844619750977
10806 1017456 0.9703216552734375
10807 1017493 0.9703569412231445
10808 1017533 0.9703950881958008
10809 1017569 0.9704294204711914
10810 1017601 0.9704599380493164
10811 1017633 0.9704904556274414
10812 1017668 0.9705238342285156
10813 1017704 0.9705581665039062
10814 1017741 0.9705934524536133
10815 1017781 0.9706315994262695
10816 1017815 0.9706640243530273
10817 1017844 0.9706916809082031
10818 1017878 0.9707241058349609
10819 1017906 0.9707508087158203
10820 1017940 0.9707832336425781
10821 1017972 0.9708137512207031
10822 1018009 0.9708490371704102
10823 1018045 0.9708833694458008
10824 1018093 0.9709291458129883
10825 1018126 0.9709606170654297
10826 1018159 0.9709920883178711
10827 1018194 0.9710254669189453
10828 1018222 0.9710521697998047
10829 1018245 0.971074104309082
10830 1018273 0.9711008071899414
10831 1018310 0.9711360931396484
10832 1018337 0.9711618423461914
10833 1018364 0.9711875915527344
10834 1018401 0.9712228775024414
10835 1018432 0.97125244140625
10836 1018463 0.9712820053100586
10837 1018497 0.9713144302368164
10838 1018525 0.9713411331176758
10839 1018558 0.9713726043701172
10840 1018591 0.9714040756225586
10841 1018613 0.9714250564575195
10842 1018640 0.9714508056640625
10843 1018673 0.9714822769165039
10844 1018716 0.9715232849121094
10845 1018747 0.971552848815918
10846 1018777 0.9715814590454102
10847 1018798 0.9716014862060547
10848 1018821 0.971623420715332
10849 1018850 0.9716510772705078
10850 1018882 0.9716815948486328
10851 1018918 0.9717159271240234
10852 1018940 0.9717369079589844
10853 1018966 0.9717617034912109
10854 1019004 0.9717979431152344
10855 1019040 0.971832275390625
10856 1019061 0.9718523025512695
10857 1019084 0.9718742370605469
10858 1019111 0.9718999862670898
10859 1019133 0.9719209671020508
10860 1019162 0.9719486236572266
10861 1019182 0.9719676971435547
10862 1019211 0.9719953536987305
10863 1019232 0.972015380859375
10864 1019273 0.9720544815063477
10865 1019301 0.972081184387207
10866 1019330 0.9721088409423828
10867 1019356 0.9721336364746094
10868 1019390 0.9721660614013672
10869 1019418 0.9721927642822266
10870 1019446 0.9722194671630859
10871 1019482 0.9722537994384766
10872 1019504 0.9722747802734375
10873 1019533 0.9723024368286133
10874 1019551 0.9723196029663086
10875 1019580 0.9723472595214844
10876 1019613 0.9723787307739258
10877 1019638 0.9724025726318359
10878 1019669 0.9724321365356445
10879 1019698 0.9724597930908203
10880 1019724 0.9724845886230469
10881 1019751 0.9725103378295898
10882 1019780 0.9725379943847656
10883 1019808 0.972564697265625
10884 1019833 0.9725885391235352
10885 1019860 0.9726142883300781
10886 1019893 0.9726457595825195
10887 1019917 0.9726686477661133
10888 1019948 0.9726982116699219
10889 1019972 0.9727210998535156
10890 1020009 0.9727563858032227
10891 1020037 0.972783088684082
10892 1020054 0.9727993011474609
10893 1020069 0.972813606262207
10894 1020096 0.97283935546875
10895 1020116 0.9728584289550781
10896 1020143 0.9728841781616211
10897 1020164 0.9729042053222656
10898 1020195 0.9729337692260742
10899 1020230 0.9729671478271484
10900 1020258 0.9729938507080078
10901 1020285 0.9730195999145508
10902 1020316 0.9730491638183594
10903 1020346 0.9730777740478516
10904 1020377 0.9731073379516602
10905 1020398 0.9731273651123047
10906 1020425 0.9731531143188477
10907 1020460 0.9731864929199219
10908 1020483 0.9732084274291992
10909 1020510 0.9732341766357422
10910 1020534 0.9732570648193359
10911 1020571 0.973292350769043
10912 1020594 0.9733142852783203
10913 1020617 0.9733362197875977
10914 1020650 0.9733676910400391
10915 1020670 0.9733867645263672
10916 1020694 0.9734096527099609
10917 1020728 0.9734420776367188
10918 1020758 0.9734706878662109
10919 1020777 0.9734888076782227
10920 1020811 0.9735212326049805
10921 1020832 0.973541259765625
10922 1020860 0.9735679626464844
10923 1020885 0.9735918045043945
10924 1020910 0.9736156463623047
10925 1020934 0.9736385345458984
10926 1020958 0.9736614227294922
10927 1020985 0.9736871719360352
10928 1021015 0.9737157821655273
10929 1021034 0.9737339019775391
10930 1021054 0.9737529754638672
10931 1021086 0.9737834930419922
10932 1021116 0.9738121032714844
10933 1021140 0.9738349914550781
10934 1021163 0.9738569259643555
10935 1021189 0.973881721496582
10936 1021219 0.9739103317260742
10937 1021245 0.9739351272583008
10938 1021265 0.9739542007446289
10939 1021298 0.9739856719970703
10940 1021319 0.9740056991577148
10941 1021342 0.9740276336669922
10942 1021369 0.9740533828735352
10943 1021389 0.9740724563598633
10944 1021411 0.9740934371948242
10945 1021435 0.974116325378418
10946 1021461 0.9741411209106445
10947 1021485 0.9741640090942383
10948 1021507 0.9741849899291992
10949 1021534 0.9742107391357422
10950 1021563 0.974238395690918
10951 1021597 0.9742708206176758
10952 1021622 0.9742946624755859
10953 1021643 0.9743146896362305
10954 1021662 0.9743328094482422
10955 1021684 0.9743537902832031
10956 1021708 0.9743766784667969
10957 1021738 0.9744052886962891
10958 1021757 0.9744234085083008
10959 1021789 0.9744539260864258
10960 1021816 0.9744796752929688
10961 1021850 0.9745121002197266
10962 1021869 0.9745302200317383
10963 1021894 0.9745540618896484
10964 1021915 0.974574089050293
10965 1021934 0.9745922088623047
10966 1021949 0.9746065139770508
10967 1021964 0.9746208190917969
10968 1021990 0.9746456146240234
10969 1022016 0.97467041015625
10970 1022036 0.9746894836425781
10971 1022055 0.9747076034545898
10972 1022079 0.9747304916381836
10973 1022105 0.9747552871704102
10974 1022138 0.9747867584228516
10975 1022161 0.9748086929321289
10976 1022184 0.9748306274414062
10977 1022210 0.9748554229736328
10978 1022232 0.9748764038085938
10979 1022253 0.9748964309692383
10980 1022280 0.9749221801757812
10981 1022301 0.9749422073364258
10982 1022327 0.9749670028686523
10983 1022345 0.9749841690063477
10984 1022376 0.9750137329101562
10985 1022401 0.9750375747680664
10986 1022421 0.9750566482543945
10987 1022446 0.9750804901123047
10988 1022467 0.9751005172729492
10989 1022487 0.9751195907592773
10990 1022518 0.9751491546630859
10991 1022541 0.9751710891723633
10992 1022567 0.9751958847045898
10993 1022588 0.9752159118652344
10994 1022611 0.9752378463745117
10995 1022637 0.9752626419067383
10996 1022662 0.9752864837646484
10997 1022687 0.9753103256225586
10998 1022710 0.9753322601318359
10999 1022740 0.9753608703613281
11000 1022760 0.9753799438476562
11001 1022784 0.97540283203125
11002 1022814 0.9754314422607422
11003 1022834 0.9754505157470703
11004 1022852 0.9754676818847656
11005 1022870 0.9754848480224609
11006 1022897 0.9755105972290039
11007 1022917 0.975529670715332
11008 1022940 0.9755516052246094
11009 1022962 0.9755725860595703
11010 1022979 0.9755887985229492
11011 1023008 0.975616455078125
11012 1023031 0.9756383895874023
11013 1023058 0.9756641387939453
11014 1023078 0.9756832122802734
11015 1023105 0.9757089614868164
11016 1023127 0.9757299423217773
11017 1023152 0.9757537841796875
11018 1023177 0.9757776260375977
11019 1023198 0.9757976531982422
11020 1023217 0.9758157730102539
11021 1023236 0.9758338928222656
11022 1023249 0.9758462905883789
11023 1023264 0.975860595703125
11024 1023291 0.975886344909668
11025 1023317 0.9759111404418945
11026 1023342 0.9759349822998047
11027 1023355 0.975947380065918
11028 1023382 0.9759731292724609
11029 1023401 0.9759912490844727
11030 1023418 0.9760074615478516
11031 1023440 0.9760284423828125
11032 1023451 0.976038932800293
11033 1023468 0.9760551452636719
11034 1023500 0.9760856628417969
11035 1023531 0.9761152267456055
11036 1023544 0.9761276245117188
11037 1023560 0.9761428833007812
11038 1023580 0.9761619567871094
11039 1023600 0.9761810302734375
11040 1023617 0.9761972427368164
11041 1023644 0.9762229919433594
11042 1023667 0.9762449264526367
11043 1023686 0.9762630462646484
11044 1023700 0.9762763977050781
11045 1023726 0.9763011932373047
11046 1023746 0.9763202667236328
11047 1023769 0.9763422012329102
11048 1023783 0.9763555526733398
11049 1023805 0.9763765335083008
11050 1023824 0.9763946533203125
11051 1023845 0.976414680480957
11052 1023868 0.9764366149902344
11053 1023890 0.9764575958251953
11054 1023909 0.976475715637207
11055 1023928 0.9764938354492188
11056 1023947 0.9765119552612305
11057 1023966 0.9765300750732422
11058 1023989 0.9765520095825195
11059 1024020 0.9765815734863281
11060 1024048 0.9766082763671875
11061 1024071 0.9766302108764648
11062 1024090 0.9766483306884766
11063 1024103 0.9766607284545898
11064 1024122 0.9766788482666016
11065 1024137 0.9766931533813477
11066 1024155 0.976710319519043
11067 1024177 0.9767313003540039
11068 1024188 0.9767417907714844
11069 1024210 0.9767627716064453
11070 1024225 0.9767770767211914
11071 1024241 0.9767923355102539
11072 1024267 0.9768171310424805
11073 1024294 0.9768428802490234
11074 1024310 0.9768581390380859
11075 1024332 0.9768791198730469
11076 1024352 0.976898193359375
11077 1024375 0.9769201278686523
11078 1024406 0.9769496917724609
11079 1024429 0.9769716262817383
11080 1024446 0.9769878387451172
11081 1024462 0.9770030975341797
11082 1024485 0.977025032043457
11083 1024512 0.97705078125
11084 1024531 0.9770689010620117
11085 1024547 0.9770841598510742
11086 1024569 0.9771051406860352
11087 1024589 0.9771242141723633
11088 1024609 0.9771432876586914
11089 1024634 0.9771671295166016
11090 1024652 0.9771842956542969
11091 1024672 0.977203369140625
11092 1024686 0.9772167205810547
11093 1024704 0.97723388671875
11094 1024727 0.9772558212280273
11095 1024748 0.9772758483886719
11096 1024767 0.9772939682006836
11097 1024785 0.9773111343383789
11098 1024804 0.9773292541503906
11099 1024821 0.9773454666137695
11100 1024838 0.9773616790771484
11101 1024856 0.9773788452148438
11102 1024883 0.9774045944213867
11103 1024906 0.9774265289306641
11104 1024922 0.9774417877197266
11105 1024951 0.9774694442749023
11106 1024971 0.9774885177612305
11107 1024988 0.9775047302246094
11108 1025002 0.9775180816650391
11109 1025021 0.9775362014770508
11110 1025037 0.9775514602661133
11111 1025056 0.977569580078125
11112 1025072 0.9775848388671875
11113 1025092 0.9776039123535156
11114 1025117 0.9776277542114258
11115 1025141 0.9776506423950195
11116 1025158 0.9776668548583984
11117 1025182 0.9776897430419922
11118 1025202 0.9777088165283203
11119 1025219 0.9777250289916992
11120 1025236 0.9777412414550781
11121 1025251 0.9777555465698242
11122 1025270 0.9777736663818359
11123 1025286 0.9777889251708984
11124 1025306 0.9778079986572266
11125 1025320 0.9778213500976562
11126 1025341 0.9778413772583008
11127 1025353 0.9778528213500977
11128 1025365 0.9778642654418945
11129 1025389 0.9778871536254883
11130 1025406 0.9779033660888672
11131 1025424 0.9779205322265625
11132 1025444 0.9779396057128906
11133 1025462 0.9779567718505859
11134 1025477 0.977971076965332
11135 1025488 0.9779815673828125
11136 1025503 0.9779958724975586
11137 1025518 0.9780101776123047
11138 1025537 0.9780282974243164
11139 1025547 0.9780378341674805
11140 1025561 0.9780511856079102
11141 1025573 0.978062629699707
11142 1025589 0.9780778884887695
11143 1025613 0.9781007766723633
11144 1025638 0.9781246185302734
11145 1025656 0.9781417846679688
11146 1025667 0.9781522750854492
11147 1025687 0.9781713485717773
11148 1025705 0.9781885147094727
11149 1025719 0.9782018661499023
11150 1025737 0.9782190322875977
11151 1025757 0.9782381057739258
11152 1025769 0.9782495498657227
11153 1025782 0.9782619476318359
11154 1025807 0.9782857894897461
11155 1025823 0.9783010482788086
11156 1025850 0.9783267974853516
11157 1025868 0.9783439636230469
11158 1025885 0.9783601760864258
11159 1025896 0.9783706665039062
11160 1025915 0.978388786315918
11161 1025927 0.9784002304077148
11162 1025945 0.9784173965454102
11163 1025965 0.9784364700317383
11164 1025984 0.97845458984375
11165 1025999 0.9784688949584961
11166 1026019 0.9784879684448242
11167 1026037 0.9785051345825195
11168 1026051 0.9785184860229492
11169 1026065 0.9785318374633789
11170 1026086 0.9785518646240234
11171 1026105 0.9785699844360352
11172 1026122 0.9785861968994141
11173 1026145 0.9786081314086914
11174 1026163 0.9786252975463867
11175 1026182 0.9786434173583984
11176 1026195 0.9786558151245117
11177 1026209 0.9786691665649414
11178 1026230 0.9786891937255859
11179 1026252 0.9787101745605469
11180 1026267 0.978724479675293
11181 1026287 0.9787435531616211
11182 1026300 0.9787559509277344
11183 1026318 0.9787731170654297
11184 1026335 0.9787893295288086
11185 1026348 0.9788017272949219
11186 1026362 0.9788150787353516
11187 1026373 0.978825569152832
11188 1026390 0.9788417816162109
11189 1026407 0.9788579940795898
11190 1026426 0.9788761138916016
11191 1026442 0.9788913726806641
11192 1026462 0.9789104461669922
11193 1026481 0.9789285659790039
11194 1026493 0.9789400100708008
11195 1026503 0.9789495468139648
11196 1026516 0.9789619445800781
11197 1026529 0.9789743423461914
11198 1026552 0.9789962768554688
11199 1026569 0.9790124893188477
11200 1026584 0.9790267944335938
11201 1026599 0.9790410995483398
11202 1026612 0.9790534973144531
11203 1026623 0.9790639877319336
11204 1026638 0.9790782928466797
11205 1026655 0.9790945053100586
11206 1026673 0.9791116714477539
11207 1026695 0.9791326522827148
11208 1026713 0.9791498184204102
11209 1026729 0.9791650772094727
11210 1026748 0.9791831970214844
11211 1026767 0.9792013168334961
11212 1026783 0.9792165756225586
11213 1026801 0.9792337417602539
11214 1026817 0.9792490005493164
11215 1026837 0.9792680740356445
11216 1026851 0.9792814254760742
11217 1026868 0.9792976379394531
11218 1026878 0.9793071746826172
11219 1026889 0.9793176651000977
11220 1026904 0.9793319702148438
11221 1026911 0.9793386459350586
11222 1026926 0.9793529510498047
11223 1026946 0.9793720245361328
11224 1026965 0.9793901443481445
11225 1026987 0.9794111251831055
11226 1027001 0.9794244766235352
11227 1027016 0.9794387817382812
11228 1027031 0.9794530868530273
11229 1027048 0.9794692993164062
11230 1027068 0.9794883728027344
11231 1027081 0.9795007705688477
11232 1027097 0.9795160293579102
11233 1027112 0.9795303344726562
11234 1027132 0.9795494079589844
11235 1027143 0.9795598983764648
11236 1027160 0.9795761108398438
11237 1027178 0.9795932769775391
11238 1027193 0.9796075820922852
11239 1027207 0.9796209335327148
11240 1027219 0.9796323776245117
11241 1027236 0.9796485900878906
11242 1027250 0.9796619415283203
11243 1027259 0.979670524597168
11244 1027274 0.9796848297119141
11245 1027283 0.9796934127807617
11246 1027302 0.9797115325927734
11247 1027315 0.9797239303588867
11248 1027327 0.9797353744506836
11249 1027346 0.9797534942626953
11250 1027361 0.9797677993774414
11251 1027375 0.9797811508178711
11252 1027390 0.9797954559326172
11253 1027398 0.9798030853271484
11254 1027416 0.9798202514648438
11255 1027430 0.9798336029052734
11256 1027445 0.9798479080200195
11257 1027459 0.9798612594604492
11258 1027477 0.9798784255981445
11259 1027491 0.9798917770385742
11260 1027502 0.9799022674560547
11261 1027518 0.9799175262451172
11262 1027535 0.9799337387084961
11263 1027551 0.9799489974975586
11264 1027560 0.9799575805664062
11265 1027570 0.9799671173095703
11266 1027581 0.9799776077270508
11267 1027594 0.9799900054931641
11268 1027602 0.9799976348876953
11269 1027613 0.9800081253051758
11270 1027621 0.980015754699707
11271 1027632 0.9800262451171875
11272 1027647 0.9800405502319336
11273 1027663 0.9800558090209961
11274 1027677 0.9800691604614258
11275 1027685 0.980076789855957
11276 1027700 0.9800910949707031
11277 1027714 0.9801044464111328
11278 1027728 0.9801177978515625
11279 1027741 0.9801301956176758
11280 1027752 0.9801406860351562
11281 1027767 0.9801549911499023
11282 1027778 0.9801654815673828
11283 1027798 0.9801845550537109
11284 1027810 0.9801959991455078
11285 1027827 0.9802122116088867
11286 1027842 0.9802265167236328
11287 1027851 0.9802350997924805
11288 1027870 0.9802532196044922
11289 1027882 0.9802646636962891
11290 1027900 0.9802818298339844
11291 1027907 0.9802885055541992
11292 1027919 0.9802999496459961
11293 1027929 0.9803094863891602
11294 1027948 0.9803276062011719
11295 1027968 0.9803466796875
11296 1027985 0.9803628921508789
11297 1028000 0.980377197265625
11298 1028011 0.9803876876831055
11299 1028022 0.9803981781005859
11300 1028037 0.980412483215332
11301 1028057 0.9804315567016602
11302 1028070 0.9804439544677734
11303 1028077 0.9804506301879883
11304 1028085 0.9804582595825195
11305 1028101 0.980473518371582
11306 1028109 0.9804811477661133
11307 1028124 0.9804954528808594
11308 1028131 0.9805021286010742
11309 1028143 0.9805135726928711
11310 1028152 0.9805221557617188
11311 1028175 0.9805440902709961
11312 1028184 0.9805526733398438
11313 1028195 0.9805631637573242
11314 1028209 0.9805765151977539
11315 1028223 0.9805898666381836
11316 1028234 0.9806003570556641
11317 1028245 0.9806108474731445
11318 1028258 0.9806232452392578
11319 1028268 0.9806327819824219
11320 1028278 0.9806423187255859
11321 1028289 0.9806528091430664
11322 1028296 0.9806594848632812
11323 1028301 0.9806642532348633
11324 1028313 0.9806756973266602
11325 1028327 0.9806890487670898
11326 1028338 0.9806995391845703
11327 1028349 0.9807100296020508
11328 1028354 0.9807147979736328
11329 1028367 0.9807271957397461
11330 1028375 0.9807348251342773
11331 1028387 0.9807462692260742
11332 1028392 0.9807510375976562
11333 1028406 0.9807643890380859
11334 1028427 0.9807844161987305
11335 1028439 0.9807958602905273
11336 1028452 0.9808082580566406
11337 1028467 0.9808225631713867
11338 1028480 0.9808349609375
11339 1028491 0.9808454513549805
11340 1028498 0.9808521270751953
11341 1028506 0.9808597564697266
11342 1028514 0.9808673858642578
11343 1028531 0.9808835983276367
11344 1028544 0.98089599609375
11345 1028559 0.9809103012084961
11346 1028578 0.9809284210205078
11347 1028592 0.9809417724609375
11348 1028606 0.9809551239013672
11349 1028611 0.9809598922729492
11350 1028624 0.9809722900390625
11351 1028637 0.9809846878051758
11352 1028644 0.9809913635253906
11353 1028652 0.9809989929199219
11354 1028663 0.9810094833374023
11355 1028674 0.9810199737548828
11356 1028688 0.9810333251953125
11357 1028704 0.981048583984375
11358 1028715 0.9810590744018555
11359 1028733 0.9810762405395508
11360 1028740 0.9810829162597656
11361 1028746 0.9810886383056641
11362 1028759 0.9811010360717773
11363 1028776 0.9811172485351562
11364 1028789 0.9811296463012695
11365 1028799 0.9811391830444336
11366 1028808 0.9811477661132812
11367 1028825 0.9811639785766602
11368 1028835 0.9811735153198242
11369 1028848 0.9811859130859375
11370 1028858 0.9811954498291016
11371 1028866 0.9812030792236328
11372 1028875 0.9812116622924805
11373 1028884 0.9812202453613281
11374 1028892 0.9812278747558594
11375 1028904 0.9812393188476562
11376 1028914 0.9812488555908203
11377 1028922 0.9812564849853516
11378 1028931 0.9812650680541992
11379 1028940 0.9812736511230469
11380 1028948 0.9812812805175781
11381 1028957 0.9812898635864258
11382 1028967 0.9812994003295898
11383 1028975 0.9813070297241211
11384 1028988 0.9813194274902344
11385 1028992 0.9813232421875
11386 1028996 0.9813270568847656
11387 1029008 0.9813385009765625
11388 1029021 0.9813508987426758
11389 1029029 0.981358528137207
11390 1029032 0.9813613891601562
11391 1029042 0.9813709259033203
11392 1029048 0.9813766479492188
11393 1029059 0.9813871383666992
11394 1029070 0.9813976287841797
11395 1029077 0.9814043045043945
11396 1029087 0.9814138412475586
11397 1029097 0.9814233779907227
11398 1029110 0.9814357757568359
11399 1029116 0.9814414978027344
11400 1029126 0.9814510345458984
11401 1029140 0.9814643859863281
11402 1029156 0.9814796447753906
11403 1029166 0.9814891815185547
11404 1029184 0.98150634765625
11405 1029193 0.9815149307250977
11406 1029204 0.9815254211425781
11407 1029213 0.9815340042114258
11408 1029228 0.9815483093261719
11409 1029240 0.9815597534179688
11410 1029250 0.9815692901611328
11411 1029259 0.9815778732299805
11412 1029273 0.9815912246704102
11413 1029290 0.9816074371337891
11414 1029300 0.9816169738769531
11415 1029316 0.9816322326660156
11416 1029332 0.9816474914550781
11417 1029339 0.981654167175293
11418 1029344 0.981658935546875
11419 1029350 0.9816646575927734
11420 1029363 0.9816770553588867
11421 1029370 0.9816837310791016
11422 1029380 0.9816932678222656
11423 1029394 0.9817066192626953
11424 1029402 0.9817142486572266
11425 1029410 0.9817218780517578
11426 1029420 0.9817314147949219
11427 1029428 0.9817390441894531
11428 1029433 0.9817438125610352
11429 1029451 0.9817609786987305
11430 1029458 0.9817676544189453
11431 1029466 0.9817752838134766
11432 1029474 0.9817829132080078
11433 1029491 0.9817991256713867
11434 1029502 0.9818096160888672
11435 1029513 0.9818201065063477
11436 1029521 0.9818277359008789
11437 1029528 0.9818344116210938
11438 1029539 0.9818449020385742
11439 1029550 0.9818553924560547
11440 1029561 0.9818658828735352
11441 1029569 0.9818735122680664
11442 1029577 0.9818811416625977
11443 1029591 0.9818944931030273
11444 1029601 0.9819040298461914
11445 1029609 0.9819116592407227
11446 1029617 0.9819192886352539
11447 1029630 0.9819316864013672
11448 1029636 0.9819374084472656
11449 1029644 0.9819450378417969
11450 1029655 0.9819555282592773
11451 1029666 0.9819660186767578
11452 1029679 0.9819784164428711
11453 1029686 0.9819850921630859
11454 1029697 0.9819955825805664
11455 1029704 0.9820022583007812
11456 1029717 0.9820146560668945
11457 1029727 0.9820241928100586
11458 1029738 0.9820346832275391
11459 1029744 0.9820404052734375
11460 1029755 0.982050895690918
11461 1029762 0.9820575714111328
11462 1029769 0.9820642471313477
11463 1029779 0.9820737838745117
11464 1029790 0.9820842742919922
11465 1029802 0.9820957183837891
11466 1029814 0.9821071624755859
11467 1029820 0.9821128845214844
11468 1029830 0.9821224212646484
11469 1029836 0.9821281433105469
11470 1029841 0.9821329116821289
11471 1029856 0.982147216796875
11472 1029868 0.9821586608886719
11473 1029874 0.9821643829345703
11474 1029881 0.9821710586547852
11475 1029891 0.9821805953979492
11476 1029900 0.9821891784667969
11477 1029905 0.9821939468383789
11478 1029911 0.9821996688842773
11479 1029922 0.9822101593017578
11480 1029930 0.9822177886962891
11481 1029936 0.9822235107421875
11482 1029951 0.9822378158569336
11483 1029958 0.9822444915771484
11484 1029967 0.9822530746459961
11485 1029973 0.9822587966918945
11486 1029980 0.9822654724121094
11487 1029989 0.982274055480957
11488 1029995 0.9822797775268555
11489 1030008 0.9822921752929688
11490 1030020 0.9823036193847656
11491 1030033 0.9823160171508789
11492 1030037 0.9823198318481445
11493 1030049 0.9823312759399414
11494 1030057 0.9823389053344727
11495 1030064 0.9823455810546875
11496 1030067 0.9823484420776367
11497 1030079 0.9823598861694336
11498 1030089 0.9823694229125977
11499 1030095 0.9823751449584961
11500 1030103 0.9823827743530273
11501 1030108 0.9823875427246094
11502 1030119 0.9823980331420898
11503 1030126 0.9824047088623047
11504 1030133 0.9824113845825195
11505 1030146 0.9824237823486328
11506 1030157 0.9824342727661133
11507 1030167 0.9824438095092773
11508 1030170 0.9824466705322266
11509 1030172 0.9824485778808594
11510 1030178 0.9824542999267578
11511 1030192 0.9824676513671875
11512 1030197 0.9824724197387695
11513 1030208 0.98248291015625
11514 1030219 0.9824934005737305
11515 1030226 0.9825000762939453
11516 1030234 0.9825077056884766
11517 1030247 0.9825201034545898
11518 1030258 0.9825305938720703
11519 1030273 0.9825448989868164
11520 1030279 0.9825506210327148
11521 1030288 0.9825592041015625
11522 1030294 0.9825649261474609
11523 1030305 0.9825754165649414
11524 1030310 0.9825801849365234
11525 1030311 0.9825811386108398
11526 1030318 0.9825878143310547
11527 1030326 0.9825954437255859
11528 1030331 0.982600212097168
11529 1030339 0.9826078414916992
11530 1030350 0.9826183319091797
11531 1030356 0.9826240539550781
11532 1030371 0.9826383590698242
11533 1030375 0.9826421737670898
11534 1030386 0.9826526641845703
11535 1030392 0.9826583862304688
11536 1030401 0.9826669692993164
11537 1030404 0.9826698303222656
11538 1030411 0.9826765060424805
11539 1030421 0.9826860427856445
11540 1030429 0.9826936721801758
11541 1030434 0.9826984405517578
11542 1030440 0.9827041625976562
11543 1030448 0.9827117919921875
11544 1030457 0.9827203750610352
11545 1030466 0.9827289581298828
11546 1030471 0.9827337265014648
11547 1030478 0.9827404022216797
11548 1030486 0.9827480316162109
11549 1030491 0.982752799987793
11550 1030497 0.9827585220336914
11551 1030506 0.9827671051025391
11552 1030511 0.9827718734741211
11553 1030516 0.9827766418457031
11554 1030522 0.9827823638916016
11555 1030525 0.9827852249145508
11556 1030534 0.9827938079833984
11557 1030541 0.9828004837036133
11558 1030547 0.9828062057495117
11559 1030551 0.9828100204467773
11560 1030556 0.9828147888183594
11561 1030565 0.982823371887207
11562 1030570 0.9828281402587891
11563 1030574 0.9828319549560547
11564 1030583 0.9828405380249023
11565 1030592 0.98284912109375
11566 1030598 0.9828548431396484
11567 1030604 0.9828605651855469
11568 1030614 0.9828701019287109
11569 1030623 0.9828786849975586
11570 1030626 0.9828815460205078
11571 1030630 0.9828853607177734
11572 1030632 0.9828872680664062
11573 1030643 0.9828977584838867
11574 1030651 0.982905387878418
11575 1030658 0.9829120635986328
11576 1030669 0.9829225540161133
11577 1030677 0.9829301834106445
11578 1030684 0.9829368591308594
11579 1030694 0.9829463958740234
11580 1030696 0.9829483032226562
11581 1030706 0.9829578399658203
11582 1030718 0.9829692840576172
11583 1030724 0.9829750061035156
11584 1030733 0.9829835891723633
11585 1030743 0.9829931259155273
11586 1030753 0.9830026626586914
11587 1030756 0.9830055236816406
11588 1030760 0.9830093383789062
11589 1030770 0.9830188751220703
11590 1030777 0.9830255508422852
11591 1030782 0.9830303192138672
11592 1030791 0.9830389022827148
11593 1030802 0.9830493927001953
11594 1030808 0.9830551147460938
11595 1030819 0.9830656051635742
11596 1030827 0.9830732345581055
11597 1030835 0.9830808639526367
11598 1030848 0.98309326171875
11599 1030861 0.9831056594848633
11600 1030869 0.9831132888793945
11601 1030877 0.9831209182739258
11602 1030884 0.9831275939941406
11603 1030893 0.9831361770629883
11604 1030903 0.9831457138061523
11605 1030912 0.983154296875
11606 1030918 0.9831600189208984
11607 1030925 0.9831666946411133
11608 1030931 0.9831724166870117
11609 1030938 0.9831790924072266
11610 1030947 0.9831876754760742
11611 1030958 0.9831981658935547
11612 1030967 0.9832067489624023
11613 1030974 0.9832134246826172
11614 1030981 0.983220100402832
11615 1030983 0.9832220077514648
11616 1030993 0.9832315444946289
11617 1031000 0.9832382202148438
11618 1031006 0.9832439422607422
11619 1031015 0.9832525253295898
11620 1031023 0.9832601547241211
11621 1031028 0.9832649230957031
11622 1031036 0.9832725524902344
11623 1031041 0.9832773208618164
11624 1031049 0.9832849502563477
11625 1031054 0.9832897186279297
11626 1031061 0.9832963943481445
11627 1031069 0.9833040237426758
11628 1031076 0.9833106994628906
11629 1031082 0.9833164215087891
11630 1031088 0.9833221435546875
11631 1031098 0.9833316802978516
11632 1031104 0.98333740234375
11633 1031111 0.9833440780639648
11634 1031118 0.9833507537841797
11635 1031123 0.9833555221557617
11636 1031130 0.9833621978759766
11637 1031135 0.9833669662475586
11638 1031144 0.9833755493164062
11639 1031153 0.9833841323852539
11640 1031160 0.9833908081054688
11641 1031162 0.9833927154541016
11642 1031170 0.9834003448486328
11643 1031177 0.9834070205688477
11644 1031183 0.9834127426147461
11645 1031190 0.9834194183349609
11646 1031197 0.9834260940551758
11647 1031203 0.9834318161010742
11648 1031215 0.9834432601928711
11649 1031219 0.9834470748901367
11650 1031223 0.9834508895874023
11651 1031228 0.9834556579589844
11652 1031229 0.9834566116333008
11653 1031237 0.983464241027832
11654 1031246 0.9834728240966797
11655 1031260 0.9834861755371094
11656 1031266 0.9834918975830078
11657 1031279 0.9835042953491211
11658 1031287 0.9835119247436523
11659 1031291 0.983515739440918
11660 1031295 0.9835195541381836
11661 1031303 0.9835271835327148
11662 1031311 0.9835348129272461
11663 1031318 0.9835414886474609
11664 1031329 0.9835519790649414
11665 1031338 0.9835605621337891
11666 1031344 0.9835662841796875
11667 1031347 0.9835691452026367
11668 1031351 0.9835729598999023
11669 1031360 0.98358154296875
11670 1031371 0.9835920333862305
11671 1031381 0.9836015701293945
11672 1031385 0.9836053848266602
11673 1031391 0.9836111068725586
11674 1031397 0.983616828918457
11675 1031401 0.9836206436157227
11676 1031412 0.9836311340332031
11677 1031417 0.9836359024047852
11678 1031428 0.9836463928222656
11679 1031433 0.9836511611938477
11680 1031440 0.9836578369140625
11681 1031442 0.9836597442626953
11682 1031448 0.9836654663085938
11683 1031453 0.9836702346801758
11684 1031457 0.9836740493774414
11685 1031466 0.9836826324462891
11686 1031474 0.9836902618408203
11687 1031482 0.9836978912353516
11688 1031488 0.98370361328125
11689 1031495 0.9837102890014648
11690 1031500 0.9837150573730469
11691 1031504 0.9837188720703125
11692 1031512 0.9837265014648438
11693 1031520 0.983734130859375
11694 1031529 0.9837427139282227
11695 1031534 0.9837474822998047
11696 1031540 0.9837532043457031
11697 1031544 0.9837570190429688
11698 1031550 0.9837627410888672
11699 1031554 0.9837665557861328
11700 1031561 0.9837732315063477
11701 1031568 0.9837799072265625
11702 1031577 0.9837884902954102
11703 1031587 0.9837980270385742
11704 1031594 0.9838047027587891
11705 1031595 0.9838056564331055
11706 1031600 0.9838104248046875
11707 1031603 0.9838132858276367
11708 1031612 0.9838218688964844
11709 1031621 0.983830451965332
11710 1031625 0.9838342666625977
11711 1031630 0.9838390350341797
11712 1031636 0.9838447570800781
11713 1031642 0.9838504791259766
11714 1031646 0.9838542938232422
11715 1031648 0.983856201171875
11716 1031656 0.9838638305664062
11717 1031658 0.9838657379150391
11718 1031666 0.9838733673095703
11719 1031671 0.9838781356811523
11720 1031677 0.9838838577270508
11721 1031685 0.983891487121582
11722 1031688 0.9838943481445312
11723 1031695 0.9839010238647461
11724 1031703 0.9839086532592773
11725 1031712 0.983917236328125
11726 1031718 0.9839229583740234
11727 1031726 0.9839305877685547
11728 1031731 0.9839353561401367
11729 1031738 0.9839420318603516
11730 1031741 0.9839448928833008
11731 1031745 0.9839487075805664
11732 1031753 0.9839563369750977
11733 1031756 0.9839591979980469
11734 1031766 0.9839687347412109
11735 1031773 0.9839754104614258
11736 1031782 0.9839839935302734
11737 1031788 0.9839897155761719
11738 1031794 0.9839954376220703
11739 1031801 0.9840021133422852
11740 1031808 0.9840087890625
11741 1031814 0.9840145111083984
11742 1031820 0.9840202331542969
11743 1031824 0.9840240478515625
11744 1031828 0.9840278625488281
11745 1031837 0.9840364456176758
11746 1031844 0.9840431213378906
11747 1031850 0.9840488433837891
11748 1031857 0.9840555191040039
11749 1031862 0.9840602874755859
11750 1031868 0.9840660095214844
11751 1031871 0.9840688705444336
11752 1031881 0.9840784072875977
11753 1031889 0.9840860366821289
11754 1031893 0.9840898513793945
11755 1031899 0.984095573425293
11756 1031904 0.984100341796875
11757 1031908 0.9841041564941406
11758 1031917 0.9841127395629883
11759 1031923 0.9841184616088867
11760 1031924 0.9841194152832031
11761 1031932 0.9841270446777344
11762 1031938 0.9841327667236328
11763 1031944 0.9841384887695312
11764 1031948 0.9841423034667969
11765 1031954 0.9841480255126953
11766 1031959 0.9841527938842773
11767 1031968 0.984161376953125
11768 1031974 0.9841670989990234
11769 1031979 0.9841718673706055
11770 1031986 0.9841785430908203
11771 1031992 0.9841842651367188
11772 1031993 0.9841852188110352
11773 1032001 0.9841928482055664
11774 1032008 0.9841995239257812
11775 1032014 0.9842052459716797
11776 1032022 0.9842128753662109
11777 1032028 0.9842185974121094
11778 1032036 0.9842262268066406
11779 1032041 0.9842309951782227
11780 1032045 0.9842348098754883
11781 1032050 0.9842395782470703
11782 1032052 0.9842414855957031
11783 1032057 0.9842462539672852
11784 1032060 0.9842491149902344
11785 1032066 0.9842548370361328
11786 1032068 0.9842567443847656
11787 1032070 0.9842586517333984
11788 1032075 0.9842634201049805
11789 1032079 0.9842672348022461
11790 1032087 0.9842748641967773
11791 1032091 0.984278678894043
11792 1032095 0.9842824935913086
11793 1032096 0.984283447265625
11794 1032103 0.9842901229858398
11795 1032107 0.9842939376831055
11796 1032115 0.9843015670776367
11797 1032123 0.984309196472168
11798 1032126 0.9843120574951172
11799 1032133 0.984318733215332
11800 1032137 0.9843225479125977
11801 1032138 0.9843235015869141
11802 1032145 0.9843301773071289
11803 1032149 0.9843339920043945
11804 1032152 0.9843368530273438
11805 1032156 0.9843406677246094
11806 1032162 0.9843463897705078
11807 1032168 0.9843521118164062
11808 1032172 0.9843559265136719
11809 1032177 0.9843606948852539
11810 1032180 0.9843635559082031
11811 1032182 0.9843654632568359
11812 1032186 0.9843692779541016
11813 1032194 0.9843769073486328
11814 1032196 0.9843788146972656
11815 1032203 0.9843854904174805
11816 1032209 0.9843912124633789
11817 1032216 0.9843978881835938
11818 1032220 0.9844017028808594
11819 1032226 0.9844074249267578
11820 1032233 0.9844141006469727
11821 1032243 0.9844236373901367
11822 1032246 0.9844264984130859
11823 1032249 0.9844293594360352
11824 1032253 0.9844331741333008
11825 1032256 0.98443603515625
11826 1032262 0.9844417572021484
11827 1032266 0.9844455718994141
11828 1032269 0.9844484329223633
11829 1032276 0.9844551086425781
11830 1032279 0.9844579696655273
11831 1032281 0.9844598770141602
11833 1032286 0.9844646453857422
11834 1032290 0.9844684600830078
11835 1032297 0.9844751358032227
11836 1032300 0.9844779968261719
11837 1032303 0.9844808578491211
11838 1032306 0.9844837188720703
11839 1032316 0.9844932556152344
11840 1032325 0.984501838684082
11841 1032328 0.9845046997070312
11842 1032332 0.9845085144042969
11843 1032339 0.9845151901245117
11844 1032344 0.9845199584960938
11845 1032347 0.984522819519043
11846 1032349 0.9845247268676758
11847 1032354 0.9845294952392578
11848 1032358 0.9845333099365234
11849 1032362 0.9845371246337891
11850 1032370 0.9845447540283203
11851 1032376 0.9845504760742188
11852 1032379 0.984553337097168
11853 1032387 0.9845609664916992
11854 1032391 0.9845647811889648
11855 1032396 0.9845695495605469
11856 1032398 0.9845714569091797
11857 1032399 0.9845724105834961
11858 1032401 0.9845743179321289
11859 1032406 0.9845790863037109
11860 1032410 0.9845829010009766
11861 1032415 0.9845876693725586
11862 1032420 0.9845924377441406
11863 1032424 0.9845962524414062
11864 1032428 0.9846000671386719
11865 1032432 0.9846038818359375
11866 1032438 0.9846096038818359
11867 1032440 0.9846115112304688
11868 1032443 0.984614372253418
11870 1032450 0.9846210479736328
11871 1032459 0.9846296310424805
11872 1032460 0.9846305847167969
11873 1032464 0.9846343994140625
11874 1032467 0.9846372604370117
11875 1032470 0.9846401214599609
11876 1032473 0.9846429824829102
11877 1032479 0.9846487045288086
11878 1032481 0.9846506118774414
11879 1032484 0.9846534729003906
11880 1032485 0.984654426574707
11881 1032489 0.9846582412719727
11882 1032494 0.9846630096435547
11883 1032497 0.9846658706665039
11884 1032501 0.9846696853637695
11885 1032509 0.9846773147583008
11886 1032514 0.9846820831298828
11887 1032517 0.984684944152832
11888 1032523 0.9846906661987305
11889 1032524 0.9846916198730469
11890 1032529 0.9846963882446289
11891 1032533 0.9847002029418945
11892 1032537 0.9847040176391602
11893 1032538 0.9847049713134766
11894 1032543 0.9847097396850586
11895 1032548 0.9847145080566406
11896 1032553 0.9847192764282227
11897 1032554 0.9847202301025391
11898 1032559 0.9847249984741211
11899 1032564 0.9847297668457031
11900 1032566 0.9847316741943359
11901 1032568 0.9847335815429688
11902 1032569 0.9847345352172852
11903 1032573 0.9847383499145508
11904 1032577 0.9847421646118164
11905 1032587 0.9847517013549805
11906 1032592 0.9847564697265625
11907 1032594 0.9847583770751953
11908 1032596 0.9847602844238281
11909 1032601 0.9847650527954102
11910 1032610 0.9847736358642578
11911 1032615 0.9847784042358398
11912 1032618 0.9847812652587891
11913 1032620 0.9847831726074219
11914 1032625 0.9847879409790039
11915 1032626 0.9847888946533203
11916 1032629 0.9847917556762695
11917 1032632 0.9847946166992188
11918 1032638 0.9848003387451172
11919 1032642 0.9848041534423828
11920 1032644 0.9848060607910156
11921 1032647 0.9848089218139648
11922 1032652 0.9848136901855469
11923 1032660 0.9848213195800781
11924 1032663 0.9848241806030273
11925 1032667 0.984827995300293
11926 1032675 0.9848356246948242
11927 1032678 0.9848384857177734
11928 1032683 0.9848432540893555
11929 1032686 0.9848461151123047
11930 1032693 0.9848527908325195
11931 1032696 0.9848556518554688
11932 1032698 0.9848575592041016
11933 1032700 0.9848594665527344
11934 1032704 0.98486328125
11935 1032706 0.9848651885986328
11936 1032710 0.9848690032958984
11937 1032712 0.9848709106445312
11938 1032716 0.9848747253417969
11939 1032723 0.9848814010620117
11940 1032724 0.9848823547363281
11941 1032728 0.9848861694335938
11942 1032732 0.9848899841308594
11943 1032735 0.9848928451538086
11944 1032736 0.984893798828125
11945 1032743 0.9849004745483398
11946 1032746 0.9849033355712891
11947 1032750 0.9849071502685547
11948 1032754 0.9849109649658203
11949 1032757 0.9849138259887695
11950 1032763 0.984919548034668
11951 1032768 0.98492431640625
11952 1032776 0.9849319458007812
11953 1032778 0.9849338531494141
11954 1032782 0.9849376678466797
11955 1032786 0.9849414825439453
11956 1032790 0.9849452972412109
11957 1032793 0.9849481582641602
11958 1032799 0.9849538803100586
11959 1032803 0.9849576950073242
11960 1032810 0.9849643707275391
11961 1032812 0.9849662780761719
11962 1032815 0.9849691390991211
11963 1032818 0.9849720001220703
11964 1032820 0.9849739074707031
11965 1032828 0.9849815368652344
11966 1032835 0.9849882125854492
11967 1032840 0.9849929809570312
11968 1032844 0.9849967956542969
11969 1032847 0.9849996566772461
11970 1032850 0.9850025177001953
11971 1032856 0.9850082397460938
11972 1032858 0.9850101470947266
11973 1032860 0.9850120544433594
11974 1032863 0.9850149154663086
11975 1032869 0.985020637512207
11976 1032872 0.9850234985351562
11977 1032875 0.9850263595581055
11978 1032879 0.9850301742553711
11979 1032883 0.9850339889526367
11980 1032887 0.9850378036499023
11981 1032890 0.9850406646728516
11983 1032895 0.9850454330444336
11984 1032896 0.98504638671875
11985 1032900 0.9850502014160156
11986 1032904 0.9850540161132812
11987 1032906 0.9850559234619141
11988 1032914 0.9850635528564453
11989 1032916 0.9850654602050781
11990 1032917 0.9850664138793945
11991 1032918 0.9850673675537109
11992 1032920 0.9850692749023438
11993 1032924 0.9850730895996094
11994 1032930 0.9850788116455078
11995 1032932 0.9850807189941406
11996 1032935 0.9850835800170898
11997 1032938 0.9850864410400391
11998 1032945 0.9850931167602539
11999 1032949 0.9850969314575195
12000 1032950 0.9850978851318359
12001 1032954 0.9851016998291016
12002 1032958 0.9851055145263672
12003 1032965 0.985112190246582
12004 1032970 0.9851169586181641
12005 1032973 0.9851198196411133
12006 1032974 0.9851207733154297
12007 1032980 0.9851264953613281
12008 1032983 0.9851293563842773
12009 1032987 0.985133171081543
12010 1032991 0.9851369857788086
12011 1032996 0.9851417541503906
12012 1032999 0.9851446151733398
12013 1033006 0.9851512908935547
12014 1033010 0.9851551055908203
12015 1033014 0.9851589202880859
12016 1033016 0.9851608276367188
12017 1033019 0.985163688659668
12018 1033024 0.98516845703125
12019 1033029 0.985173225402832
12020 1033034 0.9851779937744141
12021 1033037 0.9851808547973633
12022 1033038 0.9851818084716797
12023 1033041 0.9851846694946289
12024 1033046 0.9851894378662109
12025 1033050 0.9851932525634766
12026 1033057 0.9851999282836914
12027 1033060 0.9852027893066406
12028 1033064 0.9852066040039062
12029 1033068 0.9852104187011719
12030 1033072 0.9852142333984375
12031 1033074 0.9852161407470703
12032 1033076 0.9852180480957031
12033 1033081 0.9852228164672852
12034 1033084 0.9852256774902344
12035 1033088 0.9852294921875
12036 1033090 0.9852313995361328
12037 1033097 0.9852380752563477
12038 1033102 0.9852428436279297
12039 1033103 0.9852437973022461
12040 1033106 0.9852466583251953
12041 1033108 0.9852485656738281
12042 1033112 0.9852523803710938
12043 1033116 0.9852561950683594
12044 1033120 0.985260009765625
12045 1033124 0.9852638244628906
12046 1033126 0.9852657318115234
12047 1033128 0.9852676391601562
12048 1033134 0.9852733612060547
12049 1033140 0.9852790832519531
12050 1033144 0.9852828979492188
12051 1033146 0.9852848052978516
12053 1033149 0.9852876663208008
12054 1033153 0.9852914810180664
12055 1033156 0.9852943420410156
12056 1033161 0.9852991104125977
12057 1033164 0.9853019714355469
12058 1033167 0.9853048324584961
12059 1033169 0.9853067398071289
12060 1033170 0.9853076934814453
12061 1033171 0.9853086471557617
12062 1033175 0.9853124618530273
12063 1033176 0.9853134155273438
12064 1033182 0.9853191375732422
12065 1033184 0.985321044921875
12066 1033186 0.9853229522705078
12067 1033187 0.9853239059448242
12068 1033190 0.9853267669677734
12069 1033193 0.9853296279907227
12070 1033197 0.9853334426879883
12071 1033202 0.9853382110595703
12072 1033204 0.9853401184082031
12073 1033207 0.9853429794311523
12074 1033210 0.9853458404541016
12075 1033212 0.9853477478027344
12076 1033216 0.9853515625
12077 1033219 0.9853544235229492
12078 1033221 0.985356330871582
12079 1033226 0.9853610992431641
12080 1033231 0.9853658676147461
12081 1033236 0.9853706359863281
12082 1033241 0.9853754043579102
12083 1033242 0.9853763580322266
12084 1033243 0.985377311706543
12085 1033245 0.9853792190551758
12086 1033249 0.9853830337524414
12087 1033252 0.9853858947753906
12088 1033253 0.985386848449707
12089 1033258 0.9853916168212891
12090 1033261 0.9853944778442383
12091 1033271 0.9854040145874023
12092 1033275 0.985407829284668
12093 1033277 0.9854097366333008
12094 1033280 0.98541259765625
12095 1033283 0.9854154586791992
12096 1033286 0.9854183197021484
12097 1033290 0.9854221343994141
12098 1033293 0.9854249954223633
12099 1033295 0.9854269027709961
12100 1033299 0.9854307174682617
12101 1033304 0.9854354858398438
12102 1033309 0.9854402542114258
12103 1033311 0.9854421615600586
12104 1033314 0.9854450225830078
12105 1033318 0.9854488372802734
12106 1033319 0.9854497909545898
12107 1033322 0.9854526519775391
12108 1033324 0.9854545593261719
12109 1033330 0.9854602813720703
12110 1033332 0.9854621887207031
12111 1033335 0.9854650497436523
12112 1033336 0.9854660034179688
12113 1033339 0.985468864440918
12114 1033342 0.9854717254638672
12115 1033344 0.9854736328125
12116 1033346 0.9854755401611328
12117 1033348 0.9854774475097656
12118 1033351 0.9854803085327148
12119 1033357 0.9854860305786133
12120 1033358 0.9854869842529297
12121 1033363 0.9854917526245117
12122 1033369 0.9854974746704102
12123 1033372 0.9855003356933594
12124 1033377 0.9855051040649414
12125 1033385 0.9855127334594727
12126 1033388 0.9855155944824219
12127 1033389 0.9855165481567383
12128 1033393 0.9855203628540039
12129 1033397 0.9855241775512695
12130 1033398 0.9855251312255859
12131 1033400 0.9855270385742188
12132 1033403 0.985529899597168
12133 1033406 0.9855327606201172
12134 1033409 0.9855356216430664
12135 1033410 0.9855365753173828
12136 1033412 0.9855384826660156
12137 1033420 0.9855461120605469
12138 1033423 0.9855489730834961
12139 1033431 0.9855566024780273
12140 1033434 0.9855594635009766
12141 1033436 0.9855613708496094
12142 1033440 0.985565185546875
12143 1033441 0.9855661392211914
12145 1033444 0.9855690002441406
12146 1033447 0.9855718612670898
12147 1033450 0.9855747222900391
12149 1033451 0.9855756759643555
12150 1033453 0.9855775833129883
12151 1033454 0.9855785369873047
12152 1033457 0.9855813980102539
12153 1033465 0.9855890274047852
12154 1033467 0.985590934753418
12155 1033469 0.9855928421020508
12156 1033471 0.9855947494506836
12157 1033475 0.9855985641479492
12158 1033480 0.9856033325195312
12159 1033482 0.9856052398681641
12160 1033484 0.9856071472167969
12161 1033487 0.9856100082397461
12162 1033488 0.9856109619140625
12163 1033492 0.9856147766113281
12164 1033493 0.9856157302856445
12165 1033494 0.9856166839599609
12166 1033496 0.9856185913085938
12167 1033497 0.9856195449829102
12168 1033499 0.985621452331543
12170 1033500 0.9856224060058594
12171 1033505 0.9856271743774414
12172 1033506 0.9856281280517578
12173 1033509 0.985630989074707
12174 1033515 0.9856367111206055
12175 1033518 0.9856395721435547
12176 1033526 0.9856472015380859
12177 1033530 0.9856510162353516
12178 1033534 0.9856548309326172
12179 1033538 0.9856586456298828
12180 1033541 0.985661506652832
12181 1033544 0.9856643676757812
12182 1033549 0.9856691360473633
12183 1033553 0.9856729507446289
12184 1033558 0.9856777191162109
12185 1033560 0.9856796264648438
12186 1033564 0.9856834411621094
12187 1033566 0.9856853485107422
12188 1033567 0.9856863021850586
12189 1033570 0.9856891632080078
12190 1033573 0.985692024230957
12191 1033575 0.9856939315795898
12192 1033579 0.9856977462768555
12193 1033582 0.9857006072998047
12194 1033585 0.9857034683227539
12195 1033589 0.9857072830200195
12196 1033593 0.9857110977172852
12197 1033596 0.9857139587402344
12198 1033598 0.9857158660888672
12199 1033601 0.9857187271118164
12200 1033605 0.985722541809082
12201 1033608 0.9857254028320312
12202 1033612 0.9857292175292969
12203 1033618 0.9857349395751953
12204 1033623 0.9857397079467773
12205 1033630 0.9857463836669922
12206 1033634 0.9857501983642578
12207 1033635 0.9857511520385742
12209 1033638 0.9857540130615234
12210 1033641 0.9857568740844727
12211 1033646 0.9857616424560547
12212 1033651 0.9857664108276367
12213 1033652 0.9857673645019531
12214 1033655 0.9857702255249023
12215 1033658 0.9857730865478516
12216 1033659 0.985774040222168
12217 1033662 0.9857769012451172
12218 1033663 0.9857778549194336
12219 1033666 0.9857807159423828
12220 1033670 0.9857845306396484
12221 1033672 0.9857864379882812
12222 1033678 0.9857921600341797
12223 1033682 0.9857959747314453
12224 1033687 0.9858007431030273
12225 1033688 0.9858016967773438
12226 1033692 0.9858055114746094
12227 1033696 0.985809326171875
12228 1033701 0.985814094543457
12229 1033704 0.9858169555664062
12230 1033709 0.9858217239379883
12231 1033713 0.9858255386352539
12232 1033714 0.9858264923095703
12233 1033718 0.9858303070068359
12234 1033720 0.9858322143554688
12235 1033724 0.9858360290527344
12236 1033725 0.9858369827270508
12237 1033726 0.9858379364013672
12238 1033729 0.9858407974243164
12239 1033733 0.985844612121582
12240 1033735 0.9858465194702148
12241 1033738 0.9858493804931641
12242 1033740 0.9858512878417969
12244 1033743 0.9858541488647461
12245 1033745 0.9858560562133789
12246 1033748 0.9858589172363281
12247 1033751 0.9858617782592773
12248 1033755 0.985865592956543
12249 1033759 0.9858694076538086
12250 1033761 0.9858713150024414
12252 1033766 0.9858760833740234
12253 1033767 0.9858770370483398
12254 1033768 0.9858779907226562
12255 1033770 0.9858798980712891
12256 1033773 0.9858827590942383
12257 1033776 0.9858856201171875
12258 1033782 0.9858913421630859
12259 1033784 0.9858932495117188
12260 1033788 0.9858970642089844
12261 1033793 0.9859018325805664
12262 1033794 0.9859027862548828
12263 1033797 0.985905647277832
12264 1033799 0.9859075546264648
12265 1033800 0.9859085083007812
12266 1033802 0.9859104156494141
12267 1033806 0.9859142303466797
12268 1033808 0.9859161376953125
12269 1033811 0.9859189987182617
12270 1033814 0.9859218597412109
12271 1033818 0.9859256744384766
12272 1033819 0.985926628112793
12273 1033823 0.9859304428100586
12274 1033827 0.9859342575073242
12275 1033828 0.9859352111816406
12276 1033831 0.9859380722045898
12277 1033837 0.9859437942504883
12278 1033839 0.9859457015991211
12279 1033843 0.9859495162963867
12280 1033844 0.9859504699707031
12281 1033845 0.9859514236450195
12282 1033849 0.9859552383422852
12283 1033851 0.985957145690918
12284 1033852 0.9859580993652344
12285 1033853 0.9859590530395508
12286 1033855 0.9859609603881836
12287 1033858 0.9859638214111328
12288 1033859 0.9859647750854492
12289 1033861 0.985966682434082
12290 1033866 0.9859714508056641
12291 1033867 0.9859724044799805
12292 1033869 0.9859743118286133
12293 1033872 0.9859771728515625
12294 1033874 0.9859790802001953
12295 1033876 0.9859809875488281
12296 1033878 0.9859828948974609
12297 1033881 0.9859857559204102
12298 1033885 0.9859895706176758
12299 1033886 0.9859905242919922
12301 1033889 0.9859933853149414
12302 1033892 0.9859962463378906
12305 1033896 0.9860000610351562
12306 1033898 0.9860019683837891
12307 1033899 0.9860029220581055
12309 1033902 0.9860057830810547
12310 1033905 0.9860086441040039
12311 1033908 0.9860115051269531
12312 1033911 0.9860143661499023
12313 1033913 0.9860162734985352
12314 1033917 0.9860200881958008
12315 1033918 0.9860210418701172
12316 1033920 0.98602294921875
12317 1033925 0.986027717590332
12318 1033928 0.9860305786132812
12319 1033933 0.9860353469848633
12320 1033935 0.9860372543334961
12321 1033938 0.9860401153564453
12322 1033940 0.9860420227050781
12323 1033946 0.9860477447509766
12324 1033949 0.9860506057739258
12325 1033951 0.9860525131225586
12326 1033955 0.9860563278198242
12327 1033959 0.9860601425170898
12328 1033963 0.9860639572143555
12329 1033967 0.9860677719116211
12330 1033975 0.9860754013061523
12331 1033978 0.9860782623291016
12332 1033984 0.986083984375
12333 1033985 0.9860849380493164
12334 1033992 0.9860916137695312
12335 1033996 0.9860954284667969
12336 1033997 0.9860963821411133
12337 1034001 0.9861001968383789
12338 1034002 0.9861011505126953
12339 1034003 0.9861021041870117
12340 1034009 0.9861078262329102
12341 1034012 0.9861106872558594
12342 1034019 0.9861173629760742
12343 1034022 0.9861202239990234
12344 1034026 0.9861240386962891
12345 1034032 0.9861297607421875
12347 1034037 0.9861345291137695
12349 1034040 0.9861373901367188
12351 1034043 0.986140251159668
12352 1034046 0.9861431121826172
12353 1034049 0.9861459732055664
12354 1034052 0.9861488342285156
12355 1034057 0.9861536026000977
12356 1034059 0.9861555099487305
12358 1034061 0.9861574172973633
12359 1034066 0.9861621856689453
12360 1034067 0.9861631393432617
12361 1034070 0.9861660003662109
12362 1034071 0.9861669540405273
12363 1034072 0.9861679077148438
12364 1034074 0.9861698150634766
12365 1034077 0.9861726760864258
12366 1034080 0.986175537109375
12367 1034083 0.9861783981323242
12368 1034084 0.9861793518066406
12369 1034086 0.9861812591552734
12370 1034088 0.9861831665039062
12371 1034090 0.9861850738525391
12372 1034096 0.9861907958984375
12373 1034098 0.9861927032470703
12374 1034103 0.9861974716186523
12375 1034107 0.986201286315918
12376 1034111 0.9862051010131836
12377 1034113 0.9862070083618164
12378 1034119 0.9862127304077148
12380 1034123 0.9862165451049805
12381 1034128 0.9862213134765625
12382 1034130 0.9862232208251953
12383 1034133 0.9862260818481445
12384 1034135 0.9862279891967773
12385 1034137 0.9862298965454102
12386 1034138 0.9862308502197266
12387 1034140 0.9862327575683594
12388 1034143 0.9862356185913086
12389 1034144 0.986236572265625
12390 1034147 0.9862394332885742
12391 1034150 0.9862422943115234
12392 1034152 0.9862442016601562
12393 1034156 0.9862480163574219
12394 1034158 0.9862499237060547
12395 1034161 0.9862527847290039
12396 1034163 0.9862546920776367
12397 1034165 0.9862565994262695
12398 1034168 0.9862594604492188
12399 1034172 0.9862632751464844
12400 1034175 0.9862661361694336
12401 1034177 0.9862680435180664
12402 1034180 0.9862709045410156
12403 1034185 0.9862756729125977
12404 1034191 0.9862813949584961
12405 1034193 0.9862833023071289
12407 1034194 0.9862842559814453
12410 1034200 0.9862899780273438
12411 1034205 0.9862947463989258
12412 1034207 0.9862966537475586
12414 1034210 0.9862995147705078
12415 1034213 0.986302375793457
12416 1034216 0.9863052368164062
12417 1034221 0.9863100051879883
12418 1034225 0.9863138198852539
12419 1034226 0.9863147735595703
12420 1034230 0.9863185882568359
12421 1034234 0.9863224029541016
12422 1034237 0.9863252639770508
12423 1034241 0.9863290786743164
12424 1034246 0.9863338470458984
12425 1034249 0.9863367080688477
12426 1034251 0.9863386154174805
12427 1034253 0.9863405227661133
12428 1034255 0.9863424301147461
12429 1034258 0.9863452911376953
12430 1034261 0.9863481521606445
12431 1034264 0.9863510131835938
12432 1034267 0.986353874206543
12433 1034272 0.986358642578125
12434 1034278 0.9863643646240234
12435 1034280 0.9863662719726562
12436 1034281 0.9863672256469727
12437 1034283 0.9863691329956055
12438 1034287 0.9863729476928711
12439 1034289 0.9863748550415039
12440 1034290 0.9863758087158203
12441 1034292 0.9863777160644531
12442 1034295 0.9863805770874023
12443 1034300 0.9863853454589844
12444 1034301 0.9863862991333008
12445 1034303 0.9863882064819336
12446 1034304 0.98638916015625
12447 1034307 0.9863920211791992
12448 1034315 0.9863996505737305
12449 1034319 0.9864034652709961
12450 1034321 0.9864053726196289
12451 1034325 0.9864091873168945
12452 1034328 0.9864120483398438
12453 1034331 0.986414909362793
12454 1034333 0.9864168167114258
12456 1034336 0.986419677734375
12457 1034341 0.986424446105957
12458 1034342 0.9864253997802734
12459 1034343 0.9864263534545898
12460 1034345 0.9864282608032227
12461 1034349 0.9864320755004883
12462 1034354 0.9864368438720703
12463 1034359 0.9864416122436523
12464 1034361 0.9864435195922852
12465 1034363 0.986445426940918
12466 1034365 0.9864473342895508
12467 1034367 0.9864492416381836
12468 1034370 0.9864521026611328
12469 1034372 0.9864540100097656
12470 1034376 0.9864578247070312
12471 1034378 0.9864597320556641
12472 1034381 0.9864625930786133
12473 1034384 0.9864654541015625
12474 1034387 0.9864683151245117
12476 1034390 0.9864711761474609
12477 1034392 0.9864730834960938
12478 1034395 0.986475944519043
12481 1034399 0.9864797592163086
12482 1034402 0.9864826202392578
12483 1034404 0.9864845275878906
12484 1034405 0.986485481262207
12485 1034406 0.9864864349365234
12486 1034408 0.9864883422851562
12487 1034410 0.9864902496337891
12488 1034413 0.9864931106567383
12489 1034415 0.9864950180053711
12490 1034418 0.9864978790283203
12491 1034419 0.9864988327026367
12492 1034423 0.9865026473999023
12493 1034426 0.9865055084228516
12497 1034430 0.9865093231201172
12498 1034434 0.9865131378173828
12499 1034438 0.9865169525146484
12500 1034441 0.9865198135375977
12501 1034447 0.9865255355834961
12502 1034449 0.9865274429321289
12503 1034450 0.9865283966064453
12504 1034451 0.9865293502807617
12505 1034454 0.9865322113037109
12506 1034455 0.9865331649780273
12507 1034457 0.9865350723266602
12508 1034463 0.9865407943725586
12509 1034467 0.9865446090698242
12510 1034470 0.9865474700927734
12511 1034473 0.9865503311157227
12513 1034477 0.9865541458129883
12514 1034479 0.9865560531616211
12515 1034480 0.9865570068359375
12516 1034481 0.9865579605102539
12517 1034485 0.9865617752075195
12518 1034488 0.9865646362304688
12519 1034490 0.9865665435791016
12520 1034491 0.986567497253418
12521 1034494 0.9865703582763672
12522 1034499 0.9865751266479492
12523 1034500 0.9865760803222656
12524 1034506 0.9865818023681641
12525 1034509 0.9865846633911133
12526 1034513 0.9865884780883789
12527 1034515 0.9865903854370117
12528 1034516 0.9865913391113281
12529 1034519 0.9865942001342773
12530 1034521 0.9865961074829102
12531 1034522 0.9865970611572266
12532 1034525 0.9865999221801758
12533 1034527 0.9866018295288086
12535 1034530 0.9866046905517578
12536 1034533 0.986607551574707
12537 1034536 0.9866104125976562
12538 1034540 0.9866142272949219
12539 1034541 0.9866151809692383
12540 1034543 0.9866170883178711
12541 1034545 0.9866189956665039
12542 1034548 0.9866218566894531
12543 1034549 0.9866228103637695
12545 1034553 0.9866266250610352
12547 1034556 0.9866294860839844
12548 1034560 0.98663330078125
12549 1034566 0.9866390228271484
12550 1034569 0.9866418838500977
12551 1034572 0.9866447448730469
12552 1034575 0.9866476058959961
12553 1034579 0.9866514205932617
12554 1034580 0.9866523742675781
12555 1034583 0.9866552352905273
12556 1034586 0.9866580963134766
12557 1034590 0.9866619110107422
12558 1034594 0.9866657257080078
12559 1034595 0.9866666793823242
12560 1034596 0.9866676330566406
12561 1034600 0.9866714477539062
12562 1034604 0.9866752624511719
12563 1034607 0.9866781234741211
12564 1034614 0.9866847991943359
12565 1034615 0.9866857528686523
12566 1034619 0.986689567565918
12567 1034623 0.9866933822631836
12568 1034625 0.9866952896118164
12569 1034630 0.9867000579833984
12570 1034633 0.9867029190063477
12571 1034635 0.9867048263549805
12572 1034638 0.9867076873779297
12573 1034642 0.9867115020751953
12574 1034645 0.9867143630981445
12575 1034647 0.9867162704467773
12576 1034649 0.9867181777954102
12577 1034656 0.986724853515625
12578 1034660 0.9867286682128906
12579 1034662 0.9867305755615234
12580 1034663 0.9867315292358398
12581 1034665 0.9867334365844727
12582 1034669 0.9867372512817383
12583 1034671 0.9867391586303711
12584 1034673 0.9867410659790039
12585 1034674 0.9867420196533203
12586 1034676 0.9867439270019531
12587 1034679 0.9867467880249023
12588 1034682 0.9867496490478516
12589 1034685 0.9867525100708008
12590 1034687 0.9867544174194336
12591 1034690 0.9867572784423828
12592 1034694 0.9867610931396484
12593 1034697 0.9867639541625977
12594 1034698 0.9867649078369141
12595 1034702 0.9867687225341797
12596 1034707 0.9867734909057617
12597 1034709 0.9867753982543945
12598 1034711 0.9867773056030273
12599 1034712 0.9867782592773438
12600 1034714 0.9867801666259766
12601 1034718 0.9867839813232422
12602 1034723 0.9867887496948242
12603 1034728 0.9867935180664062
12604 1034729 0.9867944717407227
12605 1034730 0.9867954254150391
12606 1034733 0.9867982864379883
12607 1034737 0.9868021011352539
12608 1034740 0.9868049621582031
12609 1034741 0.9868059158325195
12610 1034744 0.9868087768554688
12611 1034745 0.9868097305297852
12612 1034750 0.9868144989013672
12613 1034753 0.9868173599243164
12614 1034759 0.9868230819702148
12615 1034762 0.9868259429931641
12616 1034763 0.9868268966674805
12617 1034765 0.9868288040161133
12618 1034766 0.9868297576904297
12619 1034769 0.9868326187133789
12620 1034772 0.9868354797363281
12621 1034777 0.9868402481079102
12623 1034778 0.9868412017822266
12624 1034783 0.9868459701538086
12625 1034784 0.986846923828125
12627 1034788 0.9868507385253906
12628 1034791 0.9868535995483398
12629 1034794 0.9868564605712891
12630 1034796 0.9868583679199219
12631 1034798 0.9868602752685547
12632 1034805 0.9868669509887695
12633 1034809 0.9868707656860352
12634 1034811 0.986872673034668
12635 1034812 0.9868736267089844
12636 1034815 0.9868764877319336
12637 1034824 0.9868850708007812
12638 1034827 0.9868879318237305
12639 1034830 0.9868907928466797
12640 1034832 0.9868927001953125
12641 1034836 0.9868965148925781
12642 1034840 0.9869003295898438
12643 1034844 0.9869041442871094
12644 1034845 0.9869050979614258
12645 1034849 0.9869089126586914
12646 1034855 0.9869146347045898
12647 1034856 0.9869155883789062
12648 1034858 0.9869174957275391
12649 1034860 0.9869194030761719
12650 1034861 0.9869203567504883
12651 1034866 0.9869251251220703
12652 1034870 0.9869289398193359
12653 1034874 0.9869327545166016
12654 1034877 0.9869356155395508
12655 1034881 0.9869394302368164
12656 1034883 0.9869413375854492
12657 1034884 0.9869422912597656
12658 1034887 0.9869451522827148
12659 1034890 0.9869480133056641
12660 1034894 0.9869518280029297
12661 1034896 0.9869537353515625
12662 1034898 0.9869556427001953
12663 1034901 0.9869585037231445
12664 1034906 0.9869632720947266
12665 1034909 0.9869661331176758
12666 1034911 0.9869680404663086
12667 1034915 0.9869718551635742
12669 1034918 0.9869747161865234
12670 1034920 0.9869766235351562
12671 1034922 0.9869785308837891
12672 1034923 0.9869794845581055
12673 1034924 0.9869804382324219
12674 1034926 0.9869823455810547
12676 1034928 0.9869842529296875
12678 1034931 0.9869871139526367
12679 1034934 0.9869899749755859
12680 1034935 0.9869909286499023
12681 1034938 0.9869937896728516
12682 1034940 0.9869956970214844
12683 1034942 0.9869976043701172
12684 1034946 0.9870014190673828
12685 1034950 0.9870052337646484
12686 1034957 0.9870119094848633
12687 1034958 0.9870128631591797
12688 1034960 0.9870147705078125
12689 1034963 0.9870176315307617
12690 1034965 0.9870195388793945
12691 1034966 0.9870204925537109
12693 1034970 0.9870243072509766
12694 1034973 0.9870271682739258
12695 1034979 0.9870328903198242
12696 1034982 0.9870357513427734
12697 1034985 0.9870386123657227
12698 1034987 0.9870405197143555
12700 1034989 0.9870424270629883
12701 1034991 0.9870443344116211
12702 1034994 0.9870471954345703
12703 1034998 0.9870510101318359
12704 1034999 0.9870519638061523
12705 1035002 0.9870548248291016
12706 1035008 0.987060546875
12707 1035009 0.9870615005493164
12708 1035010 0.9870624542236328
12709 1035014 0.9870662689208984
12710 1035016 0.9870681762695312
12711 1035018 0.9870700836181641
12712 1035019 0.9870710372924805
12713 1035020 0.9870719909667969
12714 1035022 0.9870738983154297
12715 1035026 0.9870777130126953
12716 1035028 0.9870796203613281
12717 1035031 0.9870824813842773
12718 1035035 0.987086296081543
12719 1035037 0.9870882034301758
12720 1035039 0.9870901107788086
12721 1035040 0.987091064453125
12722 1035044 0.9870948791503906
12723 1035051 0.9871015548706055
12724 1035054 0.9871044158935547
12725 1035056 0.9871063232421875
12726 1035057 0.9871072769165039
12727 1035059 0.9871091842651367
12728 1035060 0.9871101379394531
12729 1035066 0.9871158599853516
12730 1035068 0.9871177673339844
12731 1035069 0.9871187210083008
12733 1035071 0.9871206283569336
12734 1035073 0.9871225357055664
12735 1035076 0.9871253967285156
12736 1035080 0.9871292114257812
12737 1035085 0.9871339797973633
12738 1035089 0.9871377944946289
12739 1035091 0.9871397018432617
12740 1035093 0.9871416091918945
12742 1035095 0.9871435165405273
12744 1035098 0.9871463775634766
12745 1035100 0.9871482849121094
12746 1035106 0.9871540069580078
12747 1035109 0.987156867980957
12748 1035113 0.9871606826782227
12749 1035115 0.9871625900268555
12750 1035118 0.9871654510498047
12751 1035122 0.9871692657470703
12752 1035125 0.9871721267700195
12753 1035127 0.9871740341186523
12755 1035129 0.9871759414672852
12756 1035132 0.9871788024902344
12757 1035134 0.9871807098388672
12758 1035135 0.9871816635131836
12759 1035141 0.987187385559082
12760 1035143 0.9871892929077148
12761 1035148 0.9871940612792969
12762 1035150 0.9871959686279297
12763 1035151 0.9871969223022461
12764 1035156 0.9872016906738281
12765 1035162 0.9872074127197266
12766 1035165 0.9872102737426758
12767 1035167 0.9872121810913086
12768 1035170 0.9872150421142578
12769 1035174 0.9872188568115234
12770 1035176 0.9872207641601562
12771 1035178 0.9872226715087891
12772 1035181 0.9872255325317383
12773 1035183 0.9872274398803711
12774 1035190 0.9872341156005859
12775 1035195 0.987238883972168
12776 1035196 0.9872398376464844
12777 1035198 0.9872417449951172
12778 1035203 0.9872465133666992
12779 1035206 0.9872493743896484
12780 1035208 0.9872512817382812
12781 1035210 0.9872531890869141
12782 1035212 0.9872550964355469
12783 1035214 0.9872570037841797
12784 1035218 0.9872608184814453
12785 1035222 0.9872646331787109
12786 1035223 0.9872655868530273
12787 1035224 0.9872665405273438
12788 1035231 0.9872732162475586
12789 1035235 0.9872770309448242
12790 1035237 0.987278938293457
12791 1035240 0.9872817993164062
12792 1035241 0.9872827529907227
12793 1035244 0.9872856140136719
12794 1035251 0.9872922897338867
12795 1035257 0.9872980117797852
12796 1035260 0.9873008728027344
12798 1035261 0.9873018264770508
12799 1035266 0.9873065948486328
12800 1035268 0.9873085021972656
12801 1035271 0.9873113632202148
12802 1035272 0.9873123168945312
12803 1035274 0.9873142242431641
12804 1035276 0.9873161315917969
12805 1035277 0.9873170852661133
12806 1035283 0.9873228073120117
12807 1035284 0.9873237609863281
12808 1035289 0.9873285293579102
12809 1035294 0.9873332977294922
12810 1035298 0.9873371124267578
12811 1035304 0.9873428344726562
12812 1035307 0.9873456954956055
12813 1035308 0.9873466491699219
12814 1035309 0.9873476028442383
12815 1035311 0.9873495101928711
12816 1035313 0.9873514175415039
12817 1035315 0.9873533248901367
12818 1035316 0.9873542785644531
12819 1035318 0.9873561859130859
12820 1035319 0.9873571395874023
12821 1035324 0.9873619079589844
12822 1035325 0.9873628616333008
12823 1035330 0.9873676300048828
12824 1035331 0.9873685836791992
12825 1035332 0.9873695373535156
12826 1035335 0.9873723983764648
12827 1035336 0.9873733520507812
12828 1035337 0.9873743057250977
12829 1035338 0.9873752593994141
12830 1035341 0.9873781204223633
12831 1035342 0.9873790740966797
12832 1035343 0.9873800277709961
12833 1035344 0.9873809814453125
12834 1035348 0.9873847961425781
12835 1035351 0.9873876571655273
12836 1035355 0.987391471862793
12837 1035357 0.9873933792114258
12838 1035361 0.9873971939086914
12839 1035365 0.987401008605957
12840 1035367 0.9874029159545898
12841 1035371 0.9874067306518555
12842 1035372 0.9874076843261719
12843 1035373 0.9874086380004883
12844 1035378 0.9874134063720703
12845 1035382 0.9874172210693359
12846 1035384 0.9874191284179688
12847 1035385 0.9874200820922852
12848 1035386 0.9874210357666016
12849 1035387 0.987421989440918
12850 1035388 0.9874229431152344
12851 1035391 0.9874258041381836
12852 1035394 0.9874286651611328
12853 1035395 0.9874296188354492
12854 1035397 0.987431526184082
12855 1035399 0.9874334335327148
12856 1035401 0.9874353408813477
12857 1035403 0.9874372482299805
12858 1035406 0.9874401092529297
12859 1035408 0.9874420166015625
12860 1035411 0.9874448776245117
12861 1035414 0.9874477386474609
12862 1035415 0.9874486923217773
12863 1035417 0.9874505996704102
12864 1035420 0.9874534606933594
12865 1035426 0.9874591827392578
12867 1035428 0.9874610900878906
12868 1035434 0.9874668121337891
12869 1035439 0.9874715805053711
12870 1035440 0.9874725341796875
12871 1035442 0.9874744415283203
12872 1035445 0.9874773025512695
12873 1035447 0.9874792098999023
12874 1035450 0.9874820709228516
12875 1035452 0.9874839782714844
12876 1035453 0.9874849319458008
12877 1035456 0.98748779296875
12878 1035458 0.9874897003173828
12879 1035461 0.987492561340332
12880 1035462 0.9874935150146484
12881 1035467 0.9874982833862305
12882 1035471 0.9875020980834961
12883 1035476 0.9875068664550781
12884 1035480 0.9875106811523438
12885 1035481 0.9875116348266602
12886 1035484 0.9875144958496094
12887 1035487 0.9875173568725586
12888 1035489 0.9875192642211914
12890 1035490 0.9875202178955078
12892 1035496 0.9875259399414062
12893 1035500 0.9875297546386719
12894 1035502 0.9875316619873047
12895 1035503 0.9875326156616211
12896 1035504 0.9875335693359375
12897 1035508 0.9875373840332031
12898 1035509 0.9875383377075195
12899 1035512 0.9875411987304688
12900 1035515 0.987544059753418
12901 1035516 0.9875450134277344
12902 1035521 0.9875497817993164
12903 1035524 0.9875526428222656
12904 1035525 0.987553596496582
12905 1035528 0.9875564575195312
12906 1035531 0.9875593185424805
12907 1035533 0.9875612258911133
12909 1035536 0.9875640869140625
12910 1035537 0.9875650405883789
12911 1035540 0.9875679016113281
12913 1035542 0.9875698089599609
12914 1035547 0.987574577331543
12915 1035548 0.9875755310058594
12916 1035549 0.9875764846801758
12917 1035551 0.9875783920288086
12919 1035553 0.9875802993774414
12920 1035557 0.987584114074707
12921 1035561 0.9875879287719727
12922 1035562 0.9875888824462891
12923 1035568 0.9875946044921875
12924 1035570 0.9875965118408203
12925 1035574 0.9876003265380859
12926 1035575 0.9876012802124023
12927 1035579 0.987605094909668
12928 1035580 0.9876060485839844
12929 1035583 0.9876089096069336
12930 1035584 0.98760986328125
12931 1035588 0.9876136779785156
12932 1035590 0.9876155853271484
12933 1035593 0.9876184463500977
12934 1035595 0.9876203536987305
12935 1035600 0.9876251220703125
12936 1035602 0.9876270294189453
12937 1035606 0.9876308441162109
12938 1035608 0.9876327514648438
12939 1035610 0.9876346588134766
12940 1035614 0.9876384735107422
12941 1035617 0.9876413345336914
12942 1035619 0.9876432418823242
12943 1035621 0.987645149230957
12944 1035625 0.9876489639282227
12945 1035627 0.9876508712768555
12946 1035630 0.9876537322998047
12947 1035634 0.9876575469970703
12949 1035638 0.9876613616943359
12950 1035642 0.9876651763916016
12951 1035643 0.987666130065918
12952 1035646 0.9876689910888672
12953 1035648 0.9876708984375
12954 1035649 0.9876718521118164
12955 1035653 0.987675666809082
12957 1035654 0.9876766204833984
12959 1035657 0.9876794815063477
12960 1035661 0.9876832962036133
12961 1035665 0.9876871109008789
12962 1035668 0.9876899719238281
12963 1035669 0.9876909255981445
12964 1035673 0.9876947402954102
12965 1035677 0.9876985549926758
12966 1035682 0.9877033233642578
12967 1035683 0.9877042770385742
12968 1035685 0.987706184387207
12969 1035690 0.9877109527587891
12970 1035692 0.9877128601074219
12971 1035693 0.9877138137817383
12972 1035697 0.9877176284790039
12973 1035698 0.9877185821533203
12974 1035701 0.9877214431762695
12975 1035703 0.9877233505249023
12976 1035709 0.9877290725708008
12977 1035711 0.9877309799194336
12978 1035712 0.98773193359375
12979 1035714 0.9877338409423828
12980 1035715 0.9877347946166992
12981 1035716 0.9877357482910156
12982 1035717 0.987736701965332
12983 1035721 0.9877405166625977
12984 1035724 0.9877433776855469
12985 1035727 0.9877462387084961
12986 1035729 0.9877481460571289
12987 1035731 0.9877500534057617
12988 1035733 0.9877519607543945
12989 1035738 0.9877567291259766
12990 1035742 0.9877605438232422
12991 1035743 0.9877614974975586
12992 1035744 0.987762451171875
12993 1035746 0.9877643585205078
12994 1035749 0.987767219543457
12995 1035752 0.9877700805664062
12996 1035755 0.9877729415893555
12997 1035757 0.9877748489379883
12998 1035759 0.9877767562866211
12999 1035760 0.9877777099609375
13000 1035762 0.9877796173095703
13001 1035766 0.9877834320068359
13002 1035768 0.9877853393554688
13003 1035770 0.9877872467041016
13004 1035771 0.987788200378418
13005 1035773 0.9877901077270508
13006 1035776 0.98779296875
13007 1035778 0.9877948760986328
13008 1035782 0.9877986907958984
13009 1035786 0.9878025054931641
13010 1035793 0.9878091812133789
13011 1035796 0.9878120422363281
13012 1035798 0.9878139495849609
13013 1035800 0.9878158569335938
13014 1035803 0.987818717956543
13015 1035804 0.9878196716308594
13016 1035805 0.9878206253051758
13017 1035807 0.9878225326538086
13018 1035808 0.987823486328125
13019 1035812 0.9878273010253906
13020 1035814 0.9878292083740234
13021 1035816 0.9878311157226562
13022 1035818 0.9878330230712891
13023 1035819 0.9878339767456055
13024 1035822 0.9878368377685547
13025 1035823 0.9878377914428711
13026 1035826 0.9878406524658203
13027 1035829 0.9878435134887695
13028 1035830 0.9878444671630859
13030 1035833 0.9878473281860352
13032 1035835 0.987849235534668
13033 1035838 0.9878520965576172
13034 1035840 0.98785400390625
13035 1035842 0.9878559112548828
13036 1035844 0.9878578186035156
13037 1035849 0.9878625869750977
13038 1035852 0.9878654479980469
13039 1035854 0.9878673553466797
13040 1035857 0.9878702163696289
13041 1035859 0.9878721237182617
13042 1035862 0.9878749847412109
13043 1035863 0.9878759384155273
13044 1035865 0.9878778457641602
13045 1035867 0.987879753112793
13046 1035868 0.9878807067871094
13047 1035872 0.987884521484375
13048 1035874 0.9878864288330078
13049 1035879 0.9878911972045898
13050 1035880 0.9878921508789062
13051 1035884 0.9878959655761719
13052 1035887 0.9878988265991211
13053 1035889 0.9879007339477539
13054 1035892 0.9879035949707031
13055 1035896 0.9879074096679688
13057 1035903 0.9879140853881836
13058 1035907 0.9879179000854492
13060 1035911 0.9879217147827148
13061 1035915 0.9879255294799805
13063 1035919 0.9879293441772461
13064 1035924 0.9879341125488281
13065 1035927 0.9879369735717773
13066 1035928 0.9879379272460938
13067 1035933 0.9879426956176758
13068 1035936 0.987945556640625
13070 1035941 0.987950325012207
13071 1035942 0.9879512786865234
13072 1035944 0.9879531860351562
13073 1035945 0.9879541397094727
13075 1035946 0.9879550933837891
13076 1035952 0.9879608154296875
13077 1035955 0.9879636764526367
13078 1035963 0.987971305847168
13079 1035966 0.9879741668701172
13080 1035967 0.9879751205444336
13081 1035968 0.98797607421875
13082 1035971 0.9879789352416992
13083 1035974 0.9879817962646484
13084 1035980 0.9879875183105469
13085 1035981 0.9879884719848633
13086 1035985 0.9879922866821289
13087 1035986 0.9879932403564453
13088 1035991 0.9879980087280273
13089 1035993 0.9879999160766602
13090 1035996 0.9880027770996094
13091 1035997 0.9880037307739258
13092 1036000 0.988006591796875
13093 1036004 0.9880104064941406
13094 1036006 0.9880123138427734
13095 1036007 0.9880132675170898
13096 1036008 0.9880142211914062
13097 1036010 0.9880161285400391
13098 1036014 0.9880199432373047
13099 1036016 0.9880218505859375
13100 1036019 0.9880247116088867
13101 1036022 0.9880275726318359
13102 1036024 0.9880294799804688
13103 1036025 0.9880304336547852
13104 1036028 0.9880332946777344
13105 1036031 0.9880361557006836
13107 1036035 0.9880399703979492
13108 1036037 0.988041877746582
13109 1036038 0.9880428314208984
13111 1036039 0.9880437850952148
13112 1036044 0.9880485534667969
13113 1036045 0.9880495071411133
13114 1036047 0.9880514144897461
13115 1036049 0.9880533218383789
13116 1036050 0.9880542755126953
13117 1036051 0.9880552291870117
13118 1036054 0.9880580902099609
13119 1036055 0.9880590438842773
13120 1036056 0.9880599975585938
13121 1036060 0.9880638122558594
13122 1036063 0.9880666732788086
13123 1036065 0.9880685806274414
13124 1036070 0.9880733489990234
13125 1036073 0.9880762100219727
13126 1036076 0.9880790710449219
13128 1036080 0.9880828857421875
13129 1036081 0.9880838394165039
13130 1036085 0.9880876541137695
13131 1036088 0.9880905151367188
13132 1036091 0.988093376159668
13133 1036094 0.9880962371826172
13134 1036097 0.9880990982055664
13135 1036098 0.9881000518798828
13136 1036099 0.9881010055541992
13137 1036102 0.9881038665771484
13138 1036104 0.9881057739257812
13139 1036106 0.9881076812744141
13141 1036108 0.9881095886230469
13143 1036111 0.9881124496459961
13144 1036115 0.9881162643432617
13145 1036119 0.9881200790405273
13146 1036123 0.988123893737793
13147 1036128 0.988128662109375
13148 1036131 0.9881315231323242
13150 1036136 0.9881362915039062
13151 1036141 0.9881410598754883
13153 1036144 0.9881439208984375
13154 1036146 0.9881458282470703
13155 1036150 0.9881496429443359
13158 1036155 0.988154411315918
13159 1036157 0.9881563186645508
13160 1036161 0.9881601333618164
13161 1036166 0.9881649017333984
13162 1036172 0.9881706237792969
13163 1036180 0.9881782531738281
13164 1036182 0.9881801605224609
13165 1036184 0.9881820678710938
13166 1036186 0.9881839752197266
13167 1036188 0.9881858825683594
13168 1036190 0.9881877899169922
13169 1036192 0.988189697265625
13170 1036193 0.9881906509399414
13171 1036194 0.9881916046142578
13172 1036198 0.9881954193115234
13173 1036200 0.9881973266601562
13174 1036202 0.9881992340087891
13175 1036203 0.9882001876831055
13176 1036206 0.9882030487060547
13177 1036207 0.9882040023803711
13178 1036209 0.9882059097290039
13179 1036210 0.9882068634033203
13180 1036213 0.9882097244262695
13181 1036215 0.9882116317749023
13182 1036220 0.9882164001464844
13183 1036222 0.9882183074951172
13184 1036223 0.9882192611694336
13185 1036227 0.9882230758666992
13186 1036230 0.9882259368896484
13187 1036233 0.9882287979125977
13188 1036235 0.9882307052612305
13189 1036237 0.9882326126098633
13190 1036240 0.9882354736328125
13191 1036244 0.9882392883300781
13192 1036249 0.9882440567016602
13193 1036250 0.9882450103759766
13194 1036258 0.9882526397705078
13195 1036259 0.9882535934448242
13196 1036261 0.988255500793457
13197 1036263 0.9882574081420898
13198 1036265 0.9882593154907227
13199 1036268 0.9882621765136719
13200 1036273 0.9882669448852539
13201 1036275 0.9882688522338867
13203 1036278 0.9882717132568359
13204 1036280 0.9882736206054688
13205 1036283 0.988276481628418
13206 1036284 0.9882774353027344
13207 1036288 0.98828125
13208 1036291 0.9882841110229492
13209 1036296 0.9882888793945312
13211 1036300 0.9882926940917969
13212 1036302 0.9882946014404297
13213 1036306 0.9882984161376953
13214 1036310 0.9883022308349609
13215 1036314 0.9883060455322266
13217 1036316 0.9883079528808594
13219 1036318 0.9883098602294922
13220 1036320 0.988311767578125
13221 1036322 0.9883136749267578
13222 1036326 0.9883174896240234
13223 1036330 0.9883213043212891
13224 1036332 0.9883232116699219
13225 1036335 0.9883260726928711
13226 1036342 0.9883327484130859
13228 1036344 0.9883346557617188
13229 1036345 0.9883356094360352
13230 1036348 0.9883384704589844
13231 1036349 0.9883394241333008
13232 1036351 0.9883413314819336
13234 1036352 0.98834228515625
13235 1036355 0.9883451461791992
13236 1036357 0.988347053527832
13237 1036360 0.9883499145507812
13238 1036361 0.9883508682250977
13239 1036362 0.9883518218994141
13240 1036365 0.9883546829223633
13241 1036367 0.9883565902709961
13242 1036368 0.9883575439453125
13244 1036369 0.9883584976196289
13245 1036372 0.9883613586425781
13246 1036374 0.9883632659912109
13247 1036379 0.988368034362793
13248 1036382 0.9883708953857422
13249 1036384 0.988372802734375
13250 1036388 0.9883766174316406
13251 1036390 0.9883785247802734
13252 1036392 0.9883804321289062
13253 1036393 0.9883813858032227
13254 1036396 0.9883842468261719
13256 1036400 0.9883880615234375
13257 1036404 0.9883918762207031
13258 1036406 0.9883937835693359
13259 1036408 0.9883956909179688
13260 1036411 0.988398551940918
13261 1036415 0.9884023666381836
13262 1036417 0.9884042739868164
13263 1036418 0.9884052276611328
13264 1036421 0.988408088684082
13265 1036422 0.9884090423583984
13266 1036423 0.9884099960327148
13267 1036426 0.9884128570556641
13268 1036428 0.9884147644042969
13269 1036431 0.9884176254272461
13270 1036434 0.9884204864501953
13271 1036436 0.9884223937988281
13272 1036439 0.9884252548217773
13273 1036441 0.9884271621704102
13274 1036444 0.9884300231933594
13275 1036447 0.9884328842163086
13276 1036448 0.988433837890625
13277 1036452 0.9884376525878906
13278 1036454 0.9884395599365234
13279 1036458 0.9884433746337891
13280 1036462 0.9884471893310547
13282 1036465 0.9884500503540039
13283 1036468 0.9884529113769531
13284 1036472 0.9884567260742188
13285 1036473 0.9884576797485352
13286 1036474 0.9884586334228516
13287 1036478 0.9884624481201172
13288 1036479 0.9884634017944336
13289 1036482 0.9884662628173828
13290 1036488 0.9884719848632812
13291 1036489 0.9884729385375977
13292 1036492 0.9884757995605469
13293 1036494 0.9884777069091797
13294 1036495 0.9884786605834961
13295 1036496 0.9884796142578125
13296 1036498 0.9884815216064453
13298 1036501 0.9884843826293945
13299 1036508 0.9884910583496094
13301 1036513 0.9884958267211914
13302 1036516 0.9884986877441406
13303 1036520 0.9885025024414062
13304 1036521 0.9885034561157227
13305 1036522 0.9885044097900391
13306 1036525 0.9885072708129883
13307 1036527 0.9885091781616211
13308 1036530 0.9885120391845703
13309 1036534 0.9885158538818359
13310 1036538 0.9885196685791016
13311 1036545 0.9885263442993164
13312 1036548 0.9885292053222656
13313 1036552 0.9885330200195312
13314 1036554 0.9885349273681641
13316 1036558 0.9885387420654297
13317 1036561 0.9885416030883789
13318 1036563 0.9885435104370117
13319 1036566 0.9885463714599609
13320 1036569 0.9885492324829102
13321 1036572 0.9885520935058594
13322 1036574 0.9885540008544922
13323 1036575 0.9885549545288086
13324 1036577 0.9885568618774414
13325 1036578 0.9885578155517578
13326 1036582 0.9885616302490234
13327 1036583 0.9885625839233398
13329 1036585 0.9885644912719727
13330 1036586 0.9885654449462891
13331 1036590 0.9885692596435547
13332 1036593 0.9885721206665039
13333 1036599 0.9885778427124023
13334 1036600 0.9885787963867188
13335 1036604 0.9885826110839844
13336 1036606 0.9885845184326172
13337 1036612 0.9885902404785156
13338 1036614 0.9885921478271484
13339 1036617 0.9885950088500977
13340 1036620 0.9885978698730469
13341 1036624 0.9886016845703125
13342 1036629 0.9886064529418945
13343 1036634 0.9886112213134766
13344 1036635 0.988612174987793
13345 1036636 0.9886131286621094
13347 1036637 0.9886140823364258
13348 1036639 0.9886159896850586
13349 1036641 0.9886178970336914
13350 1036642 0.9886188507080078
13352 1036643 0.9886198043823242
13353 1036644 0.9886207580566406
13354 1036650 0.9886264801025391
13355 1036652 0.9886283874511719
13356 1036654 0.9886302947998047
13357 1036656 0.9886322021484375
13358 1036659 0.9886350631713867
13359 1036662 0.9886379241943359
13360 1036669 0.9886445999145508
13361 1036673 0.9886484146118164
13362 1036675 0.9886503219604492
13363 1036678 0.9886531829833984
13364 1036682 0.9886569976806641
13365 1036684 0.9886589050292969
13366 1036685 0.9886598587036133
13367 1036687 0.9886617660522461
13368 1036689 0.9886636734008789
13369 1036692 0.9886665344238281
13370 1036694 0.9886684417724609
13371 1036695 0.9886693954467773
13372 1036697 0.9886713027954102
13373 1036699 0.988673210144043
13374 1036702 0.9886760711669922
13375 1036704 0.988677978515625
13376 1036711 0.9886846542358398
13377 1036717 0.9886903762817383
13378 1036718 0.9886913299560547
13379 1036723 0.9886960983276367
13380 1036724 0.9886970520019531
13381 1036728 0.9887008666992188
13382 1036730 0.9887027740478516
13383 1036731 0.988703727722168
13384 1036735 0.9887075424194336
13385 1036737 0.9887094497680664
13386 1036739 0.9887113571166992
13388 1036741 0.988713264465332
13389 1036744 0.9887161254882812
13391 1036746 0.9887180328369141
13392 1036748 0.9887199401855469
13393 1036752 0.9887237548828125
13394 1036755 0.9887266159057617
13395 1036761 0.9887323379516602
13397 1036763 0.988734245300293
13398 1036767 0.9887380599975586
13399 1036769 0.9887399673461914
13400 1036771 0.9887418746948242
13401 1036775 0.9887456893920898
13402 1036778 0.9887485504150391
13403 1036779 0.9887495040893555
13404 1036783 0.9887533187866211
13405 1036785 0.9887552261352539
13406 1036786 0.9887561798095703
13407 1036789 0.9887590408325195
13408 1036793 0.9887628555297852
13409 1036796 0.9887657165527344
13410 1036799 0.9887685775756836
13411 1036801 0.9887704849243164
13412 1036803 0.9887723922729492
13413 1036805 0.988774299621582
13414 1036809 0.9887781143188477
13415 1036812 0.9887809753417969
13416 1036815 0.9887838363647461
13417 1036816 0.9887847900390625
13418 1036820 0.9887886047363281
13419 1036823 0.9887914657592773
13420 1036827 0.988795280456543
13421 1036829 0.9887971878051758
13422 1036833 0.9888010025024414
13423 1036834 0.9888019561767578
13424 1036835 0.9888029098510742
13425 1036837 0.988804817199707
13426 1036843 0.9888105392456055
13427 1036847 0.9888143539428711
13428 1036848 0.9888153076171875
13429 1036852 0.9888191223144531
13430 1036855 0.9888219833374023
13431 1036857 0.9888238906860352
13432 1036864 0.98883056640625
13433 1036868 0.9888343811035156
13434 1036872 0.9888381958007812
13435 1036873 0.9888391494750977
13436 1036874 0.9888401031494141
13437 1036877 0.9888429641723633
13438 1036881 0.9888467788696289
13439 1036883 0.9888486862182617
13440 1036886 0.9888515472412109
13441 1036888 0.9888534545898438
13442 1036893 0.9888582229614258
13443 1036897 0.9888620376586914
13444 1036903 0.9888677597045898
13445 1036907 0.9888715744018555
13446 1036908 0.9888725280761719
13447 1036911 0.9888753890991211
13448 1036913 0.9888772964477539
13449 1036917 0.9888811111450195
13451 1036918 0.9888820648193359
13452 1036919 0.9888830184936523
13453 1036922 0.9888858795166016
13454 1036923 0.988886833190918
13455 1036926 0.9888896942138672
13456 1036933 0.988896369934082
13457 1036939 0.9889020919799805
13458 1036942 0.9889049530029297
13459 1036943 0.9889059066772461
13460 1036947 0.9889097213745117
13461 1036949 0.9889116287231445
13462 1036950 0.9889125823974609
13463 1036952 0.9889144897460938
13464 1036954 0.9889163970947266
13466 1036956 0.9889183044433594
13467 1036959 0.9889211654663086
13468 1036960 0.988922119140625
13469 1036964 0.9889259338378906
13470 1036968 0.9889297485351562
13471 1036973 0.9889345169067383
13472 1036975 0.9889364242553711
13473 1036979 0.9889402389526367
13474 1036981 0.9889421463012695
13477 1036982 0.9889430999755859
13478 1036991 0.9889516830444336
13479 1036993 0.9889535903930664
13480 1036994 0.9889545440673828
13481 1036997 0.988957405090332
13482 1036998 0.9889583587646484
13483 1037004 0.9889640808105469
13484 1037005 0.9889650344848633
13485 1037007 0.9889669418334961
13486 1037010 0.9889698028564453
13487 1037011 0.9889707565307617
13488 1037012 0.9889717102050781
13490 1037018 0.9889774322509766
13491 1037022 0.9889812469482422
13492 1037024 0.988983154296875
13493 1037028 0.9889869689941406
13496 1037029 0.988987922668457
13497 1037033 0.9889917373657227
13498 1037034 0.9889926910400391
13499 1037038 0.9889965057373047
13500 1037040 0.9889984130859375
13501 1037041 0.9889993667602539
13502 1037043 0.9890012741088867
13503 1037045 0.9890031814575195
13504 1037048 0.9890060424804688
13505 1037053 0.9890108108520508
13506 1037058 0.9890155792236328
13507 1037061 0.989018440246582
13508 1037062 0.9890193939208984
13509 1037064 0.9890213012695312
13511 1037066 0.9890232086181641
13512 1037069 0.9890260696411133
13513 1037071 0.9890279769897461
13514 1037073 0.9890298843383789
13515 1037078 0.9890346527099609
13516 1037080 0.9890365600585938
13517 1037081 0.9890375137329102
13518 1037088 0.989044189453125
13519 1037091 0.9890470504760742
13520 1037097 0.9890527725219727
13522 1037099 0.9890546798706055
13524 1037101 0.9890565872192383
13525 1037102 0.9890575408935547
13526 1037105 0.9890604019165039
13527 1037108 0.9890632629394531
13528 1037109 0.9890642166137695
13529 1037113 0.9890680313110352
13530 1037115 0.989069938659668
13531 1037118 0.9890727996826172
13532 1037121 0.9890756607055664
13533 1037124 0.9890785217285156
13534 1037125 0.989079475402832
13535 1037126 0.9890804290771484
13536 1037131 0.9890851974487305
13537 1037133 0.9890871047973633
13538 1037136 0.9890899658203125
13539 1037138 0.9890918731689453
13540 1037140 0.9890937805175781
13541 1037144 0.9890975952148438
13542 1037149 0.9891023635864258
13543 1037154 0.9891071319580078
13544 1037158 0.9891109466552734
13545 1037162 0.9891147613525391
13546 1037165 0.9891176223754883
13547 1037168 0.9891204833984375
13548 1037170 0.9891223907470703
13549 1037173 0.9891252517700195
13550 1037176 0.9891281127929688
13551 1037177 0.9891290664672852
13552 1037184 0.9891357421875
13553 1037187 0.9891386032104492
13554 1037189 0.989140510559082
13556 1037190 0.9891414642333984
13557 1037192 0.9891433715820312
13558 1037193 0.9891443252563477
13559 1037198 0.9891490936279297
13560 1037199 0.9891500473022461
13561 1037202 0.9891529083251953
13562 1037205 0.9891557693481445
13563 1037206 0.9891567230224609
13564 1037211 0.989161491394043
13565 1037212 0.9891624450683594
13566 1037217 0.9891672134399414
13567 1037220 0.9891700744628906
13568 1037223 0.9891729354858398
13569 1037226 0.9891757965087891
13570 1037228 0.9891777038574219
13571 1037230 0.9891796112060547
13572 1037233 0.9891824722290039
13573 1037234 0.9891834259033203
13574 1037240 0.9891891479492188
13575 1037242 0.9891910552978516
13576 1037243 0.989192008972168
13577 1037244 0.9891929626464844
13578 1037247 0.9891958236694336
13579 1037250 0.9891986846923828
13580 1037252 0.9892005920410156
13581 1037253 0.989201545715332
13582 1037254 0.9892024993896484
13583 1037257 0.9892053604125977
13584 1037259 0.9892072677612305
13585 1037260 0.9892082214355469
13586 1037261 0.9892091751098633
13587 1037263 0.9892110824584961
13588 1037267 0.9892148971557617
13589 1037271 0.9892187118530273
13590 1037272 0.9892196655273438
13591 1037276 0.9892234802246094
13592 1037279 0.9892263412475586
13593 1037281 0.9892282485961914
13594 1037284 0.9892311096191406
13595 1037288 0.9892349243164062
13596 1037293 0.9892396926879883
13597 1037296 0.9892425537109375
13598 1037297 0.9892435073852539
13599 1037300 0.9892463684082031
13600 1037305 0.9892511367797852
13601 1037307 0.989253044128418
13603 1037310 0.9892559051513672
13604 1037316 0.9892616271972656
13605 1037318 0.9892635345458984
13606 1037320 0.9892654418945312
13607 1037322 0.9892673492431641
13608 1037324 0.9892692565917969
13609 1037326 0.9892711639404297
13610 1037332 0.9892768859863281
13611 1037333 0.9892778396606445
13612 1037336 0.9892807006835938
13613 1037340 0.9892845153808594
13614 1037344 0.989288330078125
13615 1037350 0.9892940521240234
13616 1037351 0.9892950057983398
13617 1037355 0.9892988204956055
13618 1037358 0.9893016815185547
13619 1037362 0.9893054962158203
13620 1037366 0.9893093109130859
13621 1037368 0.9893112182617188
13622 1037370 0.9893131256103516
13623 1037372 0.9893150329589844
13624 1037373 0.9893159866333008
13625 1037377 0.9893198013305664
13626 1037380 0.9893226623535156
13627 1037382 0.9893245697021484
13628 1037383 0.9893255233764648
13630 1037389 0.9893312454223633
13631 1037391 0.9893331527709961
13632 1037395 0.9893369674682617
13633 1037400 0.9893417358398438
13634 1037401 0.9893426895141602
13635 1037406 0.9893474578857422
13636 1037408 0.989349365234375
13637 1037410 0.9893512725830078
13638 1037415 0.9893560409545898
13639 1037416 0.9893569946289062
13640 1037418 0.9893589019775391
13642 1037421 0.9893617630004883
13643 1037424 0.9893646240234375
13645 1037426 0.9893665313720703
13646 1037430 0.9893703460693359
13647 1037432 0.9893722534179688
13648 1037434 0.9893741607666016
13649 1037436 0.9893760681152344
13650 1037437 0.9893770217895508
13651 1037441 0.9893808364868164
13652 1037444 0.9893836975097656
13653 1037446 0.9893856048583984
13655 1037447 0.9893865585327148
13656 1037449 0.9893884658813477
13657 1037452 0.9893913269042969
13658 1037455 0.9893941879272461
13659 1037456 0.9893951416015625
13660 1037462 0.9894008636474609
13661 1037467 0.989405632019043
13662 1037468 0.9894065856933594
13663 1037470 0.9894084930419922
13664 1037472 0.989410400390625
13665 1037475 0.9894132614135742
13666 1037476 0.9894142150878906
13667 1037478 0.9894161224365234
13668 1037480 0.9894180297851562
13669 1037482 0.9894199371337891
13670 1037484 0.9894218444824219
13671 1037488 0.9894256591796875
13672 1037491 0.9894285202026367
13673 1037496 0.9894332885742188
13674 1037498 0.9894351959228516
13675 1037502 0.9894390106201172
13676 1037504 0.98944091796875
13677 1037507 0.9894437789916992
13678 1037511 0.9894475936889648
13679 1037512 0.9894485473632812
13680 1037515 0.9894514083862305
13681 1037517 0.9894533157348633
13682 1037519 0.9894552230834961
13683 1037521 0.9894571304321289
13684 1037524 0.9894599914550781
13685 1037528 0.9894638061523438
13686 1037532 0.9894676208496094
13687 1037535 0.9894704818725586
13688 1037538 0.9894733428955078
13689 1037540 0.9894752502441406
13690 1037542 0.9894771575927734
13691 1037544 0.9894790649414062
13692 1037548 0.9894828796386719
13693 1037555 0.9894895553588867
13694 1037558 0.9894924163818359
13695 1037560 0.9894943237304688
13696 1037564 0.9894981384277344
13697 1037566 0.9895000457763672
13698 1037571 0.9895048141479492
13699 1037572 0.9895057678222656
13700 1037574 0.9895076751708984
13702 1037575 0.9895086288452148
13704 1037579 0.9895124435424805
13705 1037585 0.9895181655883789
13706 1037587 0.9895200729370117
13708 1037589 0.9895219802856445
13709 1037594 0.9895267486572266
13710 1037598 0.9895305633544922
13711 1037601 0.9895334243774414
13712 1037604 0.9895362854003906
13713 1037605 0.989537239074707
13714 1037607 0.9895391464233398
13715 1037610 0.9895420074462891
13716 1037612 0.9895439147949219
13717 1037613 0.9895448684692383
13718 1037615 0.9895467758178711
13719 1037617 0.9895486831665039
13720 1037623 0.9895544052124023
13721 1037625 0.9895563125610352
13723 1037628 0.9895591735839844
13724 1037631 0.9895620346069336
13725 1037635 0.9895658493041992
13726 1037638 0.9895687103271484
13727 1037643 0.9895734786987305
13728 1037647 0.9895772933959961
13729 1037648 0.9895782470703125
13730 1037653 0.9895830154418945
13731 1037655 0.9895849227905273
13733 1037662 0.9895915985107422
13734 1037663 0.9895925521850586
13735 1037666 0.9895954132080078
13736 1037669 0.989598274230957
13737 1037673 0.9896020889282227
13738 1037675 0.9896039962768555
13739 1037678 0.9896068572998047
13740 1037680 0.9896087646484375
13741 1037683 0.9896116256713867
13742 1037686 0.9896144866943359
13743 1037689 0.9896173477172852
13744 1037690 0.9896183013916016
13746 1037695 0.9896230697631836
13747 1037699 0.9896268844604492
13748 1037701 0.989628791809082
13749 1037705 0.9896326065063477
13750 1037708 0.9896354675292969
13751 1037710 0.9896373748779297
13752 1037716 0.9896430969238281
13753 1037719 0.9896459579467773
13754 1037723 0.989649772644043
13755 1037728 0.989654541015625
13756 1037729 0.9896554946899414
13757 1037734 0.9896602630615234
13758 1037739 0.9896650314331055
13759 1037743 0.9896688461303711
13760 1037748 0.9896736145019531
13761 1037753 0.9896783828735352
13762 1037754 0.9896793365478516
13763 1037756 0.9896812438964844
13764 1037758 0.9896831512451172
13765 1037761 0.9896860122680664
13766 1037764 0.9896888732910156
13767 1037766 0.9896907806396484
13768 1037768 0.9896926879882812
13769 1037771 0.9896955490112305
13770 1037773 0.9896974563598633
13771 1037776 0.9897003173828125
13772 1037778 0.9897022247314453
13773 1037780 0.9897041320800781
13774 1037782 0.9897060394287109
13775 1037784 0.9897079467773438
13776 1037786 0.9897098541259766
13777 1037787 0.989710807800293
13778 1037788 0.9897117614746094
13779 1037790 0.9897136688232422
13780 1037796 0.9897193908691406
13781 1037799 0.9897222518920898
13782 1037801 0.9897241592407227
13783 1037805 0.9897279739379883
13784 1037808 0.9897308349609375
13786 1037813 0.9897356033325195
13788 1037814 0.9897365570068359
13789 1037817 0.9897394180297852
13790 1037820 0.9897422790527344
13791 1037823 0.9897451400756836
13792 1037825 0.9897470474243164
13794 1037827 0.9897489547729492
13795 1037831 0.9897527694702148
13796 1037832 0.9897537231445312
13797 1037839 0.9897603988647461
13798 1037841 0.9897623062133789
13799 1037844 0.9897651672363281
13800 1037848 0.9897689819335938
13801 1037850 0.9897708892822266
13802 1037855 0.9897756576538086
13803 1037858 0.9897785186767578
13804 1037862 0.9897823333740234
13806 1037867 0.9897871017456055
13807 1037868 0.9897880554199219
13808 1037869 0.9897890090942383
13809 1037872 0.9897918701171875
13810 1037876 0.9897956848144531
13811 1037879 0.9897985458374023
13812 1037882 0.9898014068603516
13813 1037885 0.9898042678833008
13815 1037886 0.9898052215576172
13816 1037888 0.98980712890625
13817 1037890 0.9898090362548828
13818 1037892 0.9898109436035156
13819 1037896 0.9898147583007812
13820 1037898 0.9898166656494141
13822 1037902 0.9898204803466797
13823 1037906 0.9898242950439453
13824 1037910 0.9898281097412109
13825 1037911 0.9898290634155273
13826 1037915 0.989832878112793
13827 1037916 0.9898338317871094
13828 1037921 0.9898386001586914
13829 1037925 0.989842414855957
13830 1037929 0.9898462295532227
13831 1037931 0.9898481369018555
13832 1037933 0.9898500442504883
13834 1037940 0.9898567199707031
13835 1037943 0.9898595809936523
13837 1037946 0.9898624420166016
13838 1037947 0.989863395690918
13840 1037950 0.9898662567138672
13841 1037954 0.9898700714111328
13842 1037955 0.9898710250854492
13843 1037957 0.989872932434082
13844 1037959 0.9898748397827148
13845 1037960 0.9898757934570312
13846 1037961 0.9898767471313477
13847 1037964 0.9898796081542969
13848 1037967 0.9898824691772461
13849 1037970 0.9898853302001953
13850 1037975 0.9898900985717773
13851 1037977 0.9898920059204102
13852 1037980 0.9898948669433594
13853 1037982 0.9898967742919922
13854 1037984 0.989898681640625
13855 1037989 0.989903450012207
13856 1037991 0.9899053573608398
13857 1037994 0.9899082183837891
13858 1037995 0.9899091720581055
13859 1037997 0.9899110794067383
13861 1038000 0.9899139404296875
13862 1038001 0.9899148941040039
13863 1038003 0.9899168014526367
13864 1038008 0.9899215698242188
13865 1038013 0.9899263381958008
13866 1038017 0.9899301528930664
13867 1038018 0.9899311065673828
13868 1038019 0.9899320602416992
13869 1038020 0.9899330139160156
13870 1038021 0.989933967590332
13871 1038022 0.9899349212646484
13872 1038023 0.9899358749389648
13873 1038025 0.9899377822875977
13874 1038026 0.9899387359619141
13876 1038028 0.9899406433105469
13877 1038030 0.9899425506591797
13878 1038031 0.9899435043334961
13879 1038032 0.9899444580078125
13880 1038035 0.9899473190307617
13881 1038040 0.9899520874023438
13882 1038041 0.9899530410766602
13883 1038044 0.9899559020996094
13884 1038045 0.9899568557739258
13885 1038049 0.9899606704711914
13886 1038053 0.989964485168457
13887 1038058 0.9899692535400391
13888 1038060 0.9899711608886719
13889 1038064 0.9899749755859375
13890 1038065 0.9899759292602539
13891 1038070 0.9899806976318359
13892 1038071 0.9899816513061523
13893 1038072 0.9899826049804688
13895 1038078 0.9899883270263672
13896 1038082 0.9899921417236328
13897 1038087 0.9899969100952148
13898 1038089 0.9899988174438477
13899 1038092 0.9900016784667969
13900 1038095 0.9900045394897461
13901 1038101 0.9900102615356445
13902 1038103 0.9900121688842773
13903 1038105 0.9900140762329102
13904 1038108 0.9900169372558594
13905 1038111 0.9900197982788086
13907 1038118 0.9900264739990234
13908 1038120 0.9900283813476562
13909 1038123 0.9900312423706055
13910 1038125 0.9900331497192383
13911 1038130 0.9900379180908203
13912 1038131 0.9900388717651367
13913 1038134 0.9900417327880859
13914 1038137 0.9900445938110352
13915 1038139 0.990046501159668
13916 1038140 0.9900474548339844
13917 1038143 0.9900503158569336
13918 1038145 0.9900522232055664
13919 1038149 0.990056037902832
13920 1038154 0.9900608062744141
13921 1038155 0.9900617599487305
13922 1038157 0.9900636672973633
13923 1038158 0.9900646209716797
13924 1038159 0.9900655746459961
13925 1038161 0.9900674819946289
13926 1038163 0.9900693893432617
13927 1038167 0.9900732040405273
13928 1038168 0.9900741577148438
13930 1038170 0.9900760650634766
13931 1038172 0.9900779724121094
13933 1038174 0.9900798797607422
13935 1038177 0.9900827407836914
13936 1038183 0.9900884628295898
13937 1038186 0.9900913238525391
13938 1038190 0.9900951385498047
13939 1038197 0.9901018142700195
13940 1038198 0.9901027679443359
13941 1038199 0.9901037216186523
13942 1038202 0.9901065826416016
13943 1038205 0.9901094436645508
13944 1038208 0.9901123046875
13945 1038210 0.9901142120361328
13946 1038212 0.9901161193847656
13947 1038216 0.9901199340820312
13948 1038217 0.9901208877563477
13949 1038221 0.9901247024536133
13950 1038223 0.9901266098022461
13951 1038225 0.9901285171508789
13953 1038230 0.9901332855224609
13954 1038232 0.9901351928710938
13955 1038233 0.9901361465454102
13956 1038235 0.990138053894043
13957 1038239 0.9901418685913086
13958 1038242 0.9901447296142578
13959 1038244 0.9901466369628906
13961 1038247 0.9901494979858398
13962 1038251 0.9901533126831055
13963 1038254 0.9901561737060547
13964 1038259 0.9901609420776367
13965 1038263 0.9901647567749023
13966 1038265 0.9901666641235352
13967 1038267 0.990168571472168
13968 1038273 0.9901742935180664
13969 1038274 0.9901752471923828
13970 1038276 0.9901771545410156
13971 1038279 0.9901800155639648
13972 1038280 0.9901809692382812
13973 1038282 0.9901828765869141
13975 1038283 0.9901838302612305
13977 1038286 0.9901866912841797
13978 1038290 0.9901905059814453
13979 1038291 0.9901914596557617
13981 1038294 0.9901943206787109
13982 1038295 0.9901952743530273
13983 1038297 0.9901971817016602
13984 1038298 0.9901981353759766
13985 1038299 0.990199089050293
13986 1038304 0.990203857421875
13987 1038306 0.9902057647705078
13988 1038307 0.9902067184448242
13989 1038310 0.9902095794677734
13990 1038316 0.9902153015136719
13991 1038321 0.9902200698852539
13992 1038324 0.9902229309082031
13993 1038327 0.9902257919311523
13994 1038330 0.9902286529541016
13995 1038335 0.9902334213256836
13997 1038338 0.9902362823486328
14001 1038341 0.990239143371582
14002 1038348 0.9902458190917969
14003 1038350 0.9902477264404297
14004 1038354 0.9902515411376953
14005 1038360 0.9902572631835938
14006 1038364 0.9902610778808594
14007 1038365 0.9902620315551758
14008 1038368 0.990264892578125
14009 1038369 0.9902658462524414
14010 1038372 0.9902687072753906
14011 1038373 0.990269660949707
14012 1038378 0.9902744293212891
14013 1038380 0.9902763366699219
14014 1038381 0.9902772903442383
14015 1038382 0.9902782440185547
14016 1038384 0.9902801513671875
14017 1038385 0.9902811050415039
14018 1038387 0.9902830123901367
14019 1038392 0.9902877807617188
14020 1038395 0.990290641784668
14021 1038400 0.99029541015625
14023 1038403 0.9902982711791992
14025 1038407 0.9903020858764648
14026 1038409 0.9903039932250977
14027 1038410 0.9903049468994141
14028 1038414 0.9903087615966797
14029 1038415 0.9903097152709961
14030 1038418 0.9903125762939453
14031 1038421 0.9903154373168945
14032 1038423 0.9903173446655273
14034 1038426 0.9903202056884766
14035 1038431 0.9903249740600586
14036 1038435 0.9903287887573242
14037 1038438 0.9903316497802734
14038 1038440 0.9903335571289062
14039 1038441 0.9903345108032227
14040 1038445 0.9903383255004883
14041 1038450 0.9903430938720703
14042 1038455 0.9903478622436523
14043 1038457 0.9903497695922852
14044 1038460 0.9903526306152344
14045 1038465 0.9903573989868164
14046 1038466 0.9903583526611328
14047 1038469 0.990361213684082
14048 1038472 0.9903640747070312
14049 1038474 0.9903659820556641
14050 1038476 0.9903678894042969
14051 1038478 0.9903697967529297
14052 1038479 0.9903707504272461
14053 1038481 0.9903726577758789
14054 1038486 0.9903774261474609
14055 1038487 0.9903783798217773
14056 1038489 0.9903802871704102
14057 1038494 0.9903850555419922
14058 1038495 0.9903860092163086
14059 1038499 0.9903898239135742
14060 1038500 0.9903907775878906
14061 1038502 0.9903926849365234
14062 1038504 0.9903945922851562
14064 1038507 0.9903974533081055
14066 1038510 0.9904003143310547
14067 1038513 0.9904031753540039
14068 1038518 0.9904079437255859
14070 1038521 0.9904108047485352
14071 1038523 0.990412712097168
14072 1038527 0.9904165267944336
14073 1038529 0.9904184341430664
14074 1038531 0.9904203414916992
14075 1038532 0.9904212951660156
14076 1038534 0.9904232025146484
14077 1038536 0.9904251098632812
14078 1038538 0.9904270172119141
14079 1038541 0.9904298782348633
14080 1038546 0.9904346466064453
14081 1038549 0.9904375076293945
14082 1038553 0.9904413223266602
14083 1038556 0.9904441833496094
14084 1038558 0.9904460906982422
14085 1038561 0.9904489517211914
14086 1038564 0.9904518127441406
14087 1038567 0.9904546737670898
14088 1038572 0.9904594421386719
14089 1038575 0.9904623031616211
14090 1038578 0.9904651641845703
14091 1038582 0.9904689788818359
14092 1038584 0.9904708862304688
14093 1038585 0.9904718399047852
14094 1038587 0.990473747253418
14095 1038588 0.9904747009277344
14096 1038591 0.9904775619506836
14097 1038595 0.9904813766479492
14099 1038599 0.9904851913452148
14100 1038603 0.9904890060424805
14101 1038605 0.9904909133911133
14102 1038609 0.9904947280883789
14103 1038612 0.9904975891113281
14104 1038615 0.9905004501342773
14105 1038617 0.9905023574829102
14106 1038619 0.990504264831543
14107 1038620 0.9905052185058594
14108 1038623 0.9905080795288086
14109 1038629 0.990513801574707
14110 1038633 0.9905176162719727
14111 1038634 0.9905185699462891
14115 1038637 0.9905214309692383
14116 1038641 0.9905252456665039
14117 1038643 0.9905271530151367
14118 1038647 0.9905309677124023
14120 1038649 0.9905328750610352
14121 1038652 0.9905357360839844
14123 1038654 0.9905376434326172
14124 1038658 0.9905414581298828
14125 1038659 0.9905424118041992
14126 1038662 0.9905452728271484
14127 1038665 0.9905481338500977
14129 1038667 0.9905500411987305
14130 1038668 0.9905509948730469
14131 1038670 0.9905529022216797
14132 1038675 0.9905576705932617
14133 1038678 0.9905605316162109
14134 1038680 0.9905624389648438
14135 1038686 0.9905681610107422
14136 1038689 0.9905710220336914
14137 1038692 0.9905738830566406
14138 1038694 0.9905757904052734
14139 1038702 0.9905834197998047
14140 1038703 0.9905843734741211
14141 1038711 0.9905920028686523
14142 1038715 0.990595817565918
14143 1038721 0.9906015396118164
14144 1038728 0.9906082153320312
14145 1038733 0.9906129837036133
14146 1038735 0.9906148910522461
14147 1038737 0.9906167984008789
14148 1038740 0.9906196594238281
14149 1038742 0.9906215667724609
14150 1038743 0.9906225204467773
14151 1038748 0.9906272888183594
14152 1038755 0.9906339645385742
14153 1038761 0.9906396865844727
14155 1038768 0.9906463623046875
14156 1038769 0.9906473159790039
14157 1038772 0.9906501770019531
14158 1038773 0.9906511306762695
14159 1038775 0.9906530380249023
14160 1038781 0.9906587600708008
14161 1038784 0.99066162109375
14162 1038785 0.9906625747680664
14164 1038787 0.9906644821166992
14165 1038789 0.990666389465332
14166 1038791 0.9906682968139648
14167 1038795 0.9906721115112305
14168 1038799 0.9906759262084961
14169 1038804 0.9906806945800781
14170 1038808 0.9906845092773438
14171 1038811 0.990687370300293
14172 1038815 0.9906911849975586
14173 1038816 0.990692138671875
14175 1038819 0.9906949996948242
14176 1038821 0.990696907043457
14177 1038825 0.9907007217407227
14178 1038828 0.9907035827636719
14179 1038830 0.9907054901123047
14180 1038834 0.9907093048095703
14181 1038836 0.9907112121582031
14182 1038838 0.9907131195068359
14183 1038842 0.9907169342041016
14184 1038846 0.9907207489013672
14185 1038849 0.9907236099243164
14186 1038851 0.9907255172729492
14187 1038855 0.9907293319702148
14188 1038861 0.9907350540161133
14189 1038865 0.9907388687133789
14191 1038868 0.9907417297363281
14192 1038873 0.9907464981079102
14193 1038876 0.9907493591308594
14194 1038878 0.9907512664794922
14195 1038879 0.9907522201538086
14196 1038882 0.9907550811767578
14197 1038886 0.9907588958740234
14198 1038890 0.9907627105712891
14199 1038892 0.9907646179199219
14200 1038893 0.9907655715942383
14201 1038894 0.9907665252685547
14202 1038896 0.9907684326171875
14203 1038899 0.9907712936401367
14204 1038900 0.9907722473144531
14205 1038905 0.9907770156860352
14206 1038908 0.9907798767089844
14209 1038911 0.9907827377319336
14210 1038916 0.9907875061035156
14211 1038922 0.9907932281494141
14212 1038923 0.9907941818237305
14213 1038926 0.9907970428466797
14214 1038927 0.9907979965209961
14215 1038929 0.9907999038696289
14216 1038930 0.9908008575439453
14217 1038932 0.9908027648925781
14218 1038934 0.9908046722412109
14219 1038938 0.9908084869384766
14220 1038940 0.9908103942871094
14221 1038944 0.990814208984375
14223 1038949 0.990818977355957
14224 1038951 0.9908208847045898
14225 1038956 0.9908256530761719
14226 1038958 0.9908275604248047
14227 1038960 0.9908294677734375
14228 1038964 0.9908332824707031
14229 1038968 0.9908370971679688
14230 1038971 0.990839958190918
14231 1038976 0.9908447265625
14232 1038978 0.9908466339111328
14233 1038982 0.9908504486083984
14234 1038984 0.9908523559570312
14235 1038985 0.9908533096313477
14237 1038989 0.9908571243286133
14238 1038991 0.9908590316772461
14239 1038992 0.9908599853515625
14240 1038994 0.9908618927001953
14241 1038996 0.9908638000488281
14242 1038998 0.9908657073974609
14243 1038999 0.9908666610717773
14244 1039000 0.9908676147460938
14245 1039005 0.9908723831176758
14246 1039006 0.9908733367919922
14247 1039010 0.9908771514892578
14248 1039012 0.9908790588378906
14249 1039013 0.990880012512207
14250 1039015 0.9908819198608398
14251 1039018 0.9908847808837891
14252 1039023 0.9908895492553711
14253 1039024 0.9908905029296875
14254 1039027 0.9908933639526367
14255 1039031 0.9908971786499023
14256 1039032 0.9908981323242188
14257 1039034 0.9909000396728516
14259 1039035 0.990900993347168
14260 1039036 0.9909019470214844
14261 1039039 0.9909048080444336
14262 1039042 0.9909076690673828
14263 1039043 0.9909086227416992
14264 1039044 0.9909095764160156
14265 1039045 0.990910530090332
14266 1039046 0.9909114837646484
14268 1039048 0.9909133911132812
14269 1039049 0.9909143447875977
14270 1039051 0.9909162521362305
14271 1039053 0.9909181594848633
14272 1039055 0.9909200668334961
14273 1039057 0.9909219741821289
14274 1039064 0.9909286499023438
14275 1039067 0.990931510925293
14276 1039071 0.9909353256225586
14277 1039073 0.9909372329711914
14278 1039075 0.9909391403198242
14280 1039079 0.9909429550170898
14281 1039083 0.9909467697143555
14282 1039090 0.9909534454345703
14283 1039093 0.9909563064575195
14285 1039096 0.9909591674804688
14286 1039101 0.9909639358520508
14287 1039104 0.990966796875
14288 1039108 0.9909706115722656
14289 1039111 0.9909734725952148
14290 1039112 0.9909744262695312
14291 1039115 0.9909772872924805
14292 1039123 0.9909849166870117
14293 1039129 0.9909906387329102
14294 1039135 0.9909963607788086
14295 1039137 0.9909982681274414
14296 1039138 0.9909992218017578
14297 1039140 0.9910011291503906
14298 1039143 0.9910039901733398
14299 1039146 0.9910068511962891
14300 1039149 0.9910097122192383
14301 1039152 0.9910125732421875
14302 1039155 0.9910154342651367
14303 1039156 0.9910163879394531
14304 1039160 0.9910202026367188
14305 1039164 0.9910240173339844
14306 1039170 0.9910297393798828
14307 1039172 0.9910316467285156
14308 1039174 0.9910335540771484
14309 1039177 0.9910364151000977
14310 1039179 0.9910383224487305
14311 1039180 0.9910392761230469
14312 1039185 0.9910440444946289
14313 1039186 0.9910449981689453
14314 1039187 0.9910459518432617
14315 1039189 0.9910478591918945
14316 1039191 0.9910497665405273
14317 1039192 0.9910507202148438
14318 1039195 0.991053581237793
14319 1039198 0.9910564422607422
14320 1039201 0.9910593032836914
14321 1039206 0.9910640716552734
14322 1039208 0.9910659790039062
14323 1039210 0.9910678863525391
14324 1039211 0.9910688400268555
14325 1039213 0.9910707473754883
14326 1039215 0.9910726547241211
14327 1039216 0.9910736083984375
14328 1039217 0.9910745620727539
14329 1039221 0.9910783767700195
14330 1039223 0.9910802841186523
14331 1039224 0.9910812377929688
14332 1039227 0.991084098815918
14333 1039231 0.9910879135131836
14335 1039234 0.9910907745361328
14336 1039236 0.9910926818847656
14337 1039241 0.9910974502563477
14338 1039244 0.9911003112792969
14339 1039245 0.9911012649536133
14341 1039249 0.9911050796508789
14342 1039252 0.9911079406738281
14343 1039254 0.9911098480224609
14344 1039256 0.9911117553710938
14345 1039258 0.9911136627197266
14346 1039262 0.9911174774169922
14347 1039266 0.9911212921142578
14348 1039271 0.9911260604858398
14349 1039276 0.9911308288574219
14350 1039278 0.9911327362060547
14351 1039284 0.9911384582519531
14352 1039287 0.9911413192749023
14353 1039288 0.9911422729492188
14354 1039290 0.9911441802978516
14355 1039292 0.9911460876464844
14356 1039296 0.99114990234375
14357 1039300 0.9911537170410156
14358 1039303 0.9911565780639648
14359 1039305 0.9911584854125977
14360 1039307 0.9911603927612305
14361 1039312 0.9911651611328125
14362 1039313 0.9911661148071289
14363 1039315 0.9911680221557617
14365 1039316 0.9911689758300781
14367 1039321 0.9911737442016602
14368 1039322 0.9911746978759766
14370 1039327 0.9911794662475586
14371 1039331 0.9911832809448242
14372 1039333 0.991185188293457
14373 1039334 0.9911861419677734
14374 1039336 0.9911880493164062
14375 1039339 0.9911909103393555
14376 1039342 0.9911937713623047
14377 1039344 0.9911956787109375
14378 1039348 0.9911994934082031
14379 1039349 0.9912004470825195
14380 1039350 0.9912014007568359
14381 1039354 0.9912052154541016
14382 1039355 0.991206169128418
14383 1039359 0.9912099838256836
14384 1039360 0.9912109375
14385 1039361 0.9912118911743164
14386 1039364 0.9912147521972656
14387 1039368 0.9912185668945312
14389 1039369 0.9912195205688477
14391 1039371 0.9912214279174805
14392 1039373 0.9912233352661133
14393 1039374 0.9912242889404297
14394 1039377 0.9912271499633789
14395 1039380 0.9912300109863281
14396 1039382 0.9912319183349609
14397 1039386 0.9912357330322266
14398 1039389 0.9912385940551758
14399 1039394 0.9912433624267578
14400 1039395 0.9912443161010742
14402 1039396 0.9912452697753906
14403 1039398 0.9912471771240234
14404 1039399 0.9912481307983398
14405 1039401 0.9912500381469727
14406 1039402 0.9912509918212891
14407 1039403 0.9912519454956055
14408 1039407 0.9912557601928711
14410 1039409 0.9912576675415039
14411 1039410 0.9912586212158203
14412 1039412 0.9912605285644531
14414 1039413 0.9912614822387695
14416 1039416 0.9912643432617188
14417 1039422 0.9912700653076172
14418 1039427 0.9912748336791992
14419 1039429 0.991276741027832
14420 1039432 0.9912796020507812
14422 1039434 0.9912815093994141
14423 1039437 0.9912843704223633
14424 1039438 0.9912853240966797
14425 1039441 0.9912881851196289
14426 1039442 0.9912891387939453
14428 1039444 0.9912910461425781
14429 1039449 0.9912958145141602
14430 1039451 0.991297721862793
14431 1039453 0.9912996292114258
14432 1039454 0.9913005828857422
14433 1039456 0.991302490234375
14434 1039459 0.9913053512573242
14435 1039460 0.9913063049316406
14436 1039465 0.9913110733032227
14437 1039467 0.9913129806518555
14438 1039470 0.9913158416748047
14439 1039471 0.9913167953491211
14440 1039474 0.9913196563720703
14441 1039475 0.9913206100463867
14442 1039478 0.9913234710693359
14443 1039479 0.9913244247436523
14444 1039482 0.9913272857666016
14445 1039483 0.991328239440918
14446 1039485 0.9913301467895508
14447 1039488 0.9913330078125
14448 1039490 0.9913349151611328
14449 1039492 0.9913368225097656
14450 1039498 0.9913425445556641
14451 1039501 0.9913454055786133
14452 1039505 0.9913492202758789
14453 1039508 0.9913520812988281
14454 1039510 0.9913539886474609
14455 1039511 0.9913549423217773
14456 1039514 0.9913578033447266
14457 1039517 0.9913606643676758
14458 1039520 0.991363525390625
14459 1039523 0.9913663864135742
14460 1039524 0.9913673400878906
14462 1039527 0.9913702011108398
14463 1039530 0.9913730621337891
14464 1039534 0.9913768768310547
14465 1039538 0.9913806915283203
14466 1039542 0.9913845062255859
14467 1039545 0.9913873672485352
14468 1039552 0.99139404296875
14469 1039553 0.9913949966430664
14470 1039556 0.9913978576660156
14471 1039558 0.9913997650146484
14472 1039560 0.9914016723632812
14473 1039564 0.9914054870605469
14474 1039566 0.9914073944091797
14475 1039569 0.9914102554321289
14476 1039570 0.9914112091064453
14477 1039572 0.9914131164550781
14478 1039573 0.9914140701293945
14479 1039577 0.9914178848266602
14480 1039581 0.9914216995239258
14481 1039583 0.9914236068725586
14482 1039587 0.9914274215698242
14483 1039591 0.9914312362670898
14484 1039592 0.9914321899414062
14485 1039596 0.9914360046386719
14486 1039597 0.9914369583129883
14487 1039601 0.9914407730102539
14488 1039607 0.9914464950561523
14489 1039610 0.9914493560791016
14490 1039616 0.991455078125
14491 1039618 0.9914569854736328
14492 1039619 0.9914579391479492
14493 1039622 0.9914608001708984
14494 1039623 0.9914617538452148
14495 1039626 0.9914646148681641
14497 1039628 0.9914665222167969
14498 1039631 0.9914693832397461
14499 1039637 0.9914751052856445
14500 1039641 0.9914789199829102
14502 1039642 0.9914798736572266
14503 1039644 0.9914817810058594
14504 1039647 0.9914846420288086
14505 1039649 0.9914865493774414
14506 1039651 0.9914884567260742
14507 1039654 0.9914913177490234
14508 1039658 0.9914951324462891
14509 1039661 0.9914979934692383
14510 1039663 0.9914999008178711
14511 1039669 0.9915056228637695
14512 1039671 0.9915075302124023
14513 1039674 0.9915103912353516
14514 1039675 0.991511344909668
14516 1039676 0.9915122985839844
14518 1039677 0.9915132522583008
14519 1039679 0.9915151596069336
14520 1039682 0.9915180206298828
14522 1039683 0.9915189743041992
14523 1039686 0.9915218353271484
14526 1039693 0.9915285110473633
14527 1039697 0.9915323257446289
14529 1039699 0.9915342330932617
14530 1039701 0.9915361404418945
14531 1039706 0.9915409088134766
14532 1039708 0.9915428161621094
14533 1039709 0.9915437698364258
14534 1039711 0.9915456771850586
14535 1039716 0.9915504455566406
14536 1039718 0.9915523529052734
14537 1039722 0.9915561676025391
14538 1039725 0.9915590286254883
14539 1039726 0.9915599822998047
14542 1039727 0.9915609359741211
14543 1039728 0.9915618896484375
14544 1039731 0.9915647506713867
14545 1039732 0.9915657043457031
14546 1039734 0.9915676116943359
14547 1039737 0.9915704727172852
14548 1039739 0.991572380065918
14549 1039742 0.9915752410888672
14550 1039743 0.9915761947631836
14551 1039745 0.9915781021118164
14552 1039746 0.9915790557861328
14553 1039749 0.991581916809082
14555 1039752 0.9915847778320312
14556 1039757 0.9915895462036133
14557 1039760 0.9915924072265625
14558 1039761 0.9915933609008789
14559 1039765 0.9915971755981445
14560 1039767 0.9915990829467773
14561 1039772 0.9916038513183594
14562 1039775 0.9916067123413086
14563 1039777 0.9916086196899414
14564 1039778 0.9916095733642578
14565 1039780 0.9916114807128906
14566 1039785 0.9916162490844727
14567 1039786 0.9916172027587891
14568 1039789 0.9916200637817383
14569 1039796 0.9916267395019531
14570 1039797 0.9916276931762695
14571 1039801 0.9916315078735352
14572 1039806 0.9916362762451172
14573 1039809 0.9916391372680664
14574 1039810 0.9916400909423828
14576 1039812 0.9916419982910156
14577 1039814 0.9916439056396484
14578 1039818 0.9916477203369141
14579 1039820 0.9916496276855469
14581 1039826 0.9916553497314453
14582 1039829 0.9916582107543945
14583 1039832 0.9916610717773438
14584 1039836 0.9916648864746094
14586 1039840 0.991668701171875
14587 1039842 0.9916706085205078
14588 1039843 0.9916715621948242
14589 1039848 0.9916763305664062
14590 1039853 0.9916810989379883
14591 1039858 0.9916858673095703
14592 1039861 0.9916887283325195
14593 1039864 0.9916915893554688
14594 1039867 0.991694450378418
14595 1039871 0.9916982650756836
14596 1039874 0.9917011260986328
14597 1039878 0.9917049407958984
14598 1039880 0.9917068481445312
14599 1039884 0.9917106628417969
14600 1039888 0.9917144775390625
14601 1039891 0.9917173385620117
14603 1039894 0.9917201995849609
14604 1039896 0.9917221069335938
14605 1039897 0.9917230606079102
14606 1039899 0.991724967956543
14607 1039901 0.9917268753051758
14608 1039902 0.9917278289794922
14609 1039903 0.9917287826538086
14610 1039909 0.991734504699707
14611 1039910 0.9917354583740234
14613 1039912 0.9917373657226562
14614 1039913 0.9917383193969727
14615 1039914 0.9917392730712891
14616 1039916 0.9917411804199219
14617 1039919 0.9917440414428711
14618 1039922 0.9917469024658203
14619 1039923 0.9917478561401367
14620 1039925 0.9917497634887695
14621 1039928 0.9917526245117188
14622 1039931 0.991755485534668
14623 1039935 0.9917593002319336
14624 1039939 0.9917631149291992
14625 1039945 0.9917688369750977
14626 1039950 0.9917736053466797
14627 1039951 0.9917745590209961
14628 1039956 0.9917793273925781
14629 1039963 0.991786003112793
14630 1039965 0.9917879104614258
14631 1039966 0.9917888641357422
14632 1039970 0.9917926788330078
14633 1039972 0.9917945861816406
14634 1039975 0.9917974472045898
14635 1039977 0.9917993545532227
14636 1039985 0.9918069839477539
14637 1039989 0.9918107986450195
14638 1039990 0.9918117523193359
14639 1039991 0.9918127059936523
14640 1039992 0.9918136596679688
14641 1039995 0.991816520690918
14642 1039996 0.9918174743652344
14643 1040000 0.9918212890625
14644 1040001 0.9918222427368164
14645 1040004 0.9918251037597656
14646 1040007 0.9918279647827148
14647 1040008 0.9918289184570312
14649 1040009 0.9918298721313477
14650 1040012 0.9918327331542969
14651 1040014 0.9918346405029297
14652 1040018 0.9918384552001953
14653 1040021 0.9918413162231445
14654 1040023 0.9918432235717773
14655 1040024 0.9918441772460938
14656 1040025 0.9918451309204102
14657 1040033 0.9918527603149414
14658 1040035 0.9918546676635742
14659 1040037 0.991856575012207
14660 1040038 0.9918575286865234
14661 1040039 0.9918584823608398
14662 1040042 0.9918613433837891
14663 1040043 0.9918622970581055
14664 1040046 0.9918651580810547
14665 1040049 0.9918680191040039
14667 1040051 0.9918699264526367
14668 1040053 0.9918718338012695
14669 1040055 0.9918737411499023
14670 1040059 0.991877555847168
14671 1040064 0.99188232421875
14672 1040067 0.9918851852416992
14673 1040070 0.9918880462646484
14674 1040075 0.9918928146362305
14675 1040081 0.9918985366821289
14677 1040085 0.9919023513793945
14678 1040088 0.9919052124023438
14679 1040090 0.9919071197509766
14680 1040091 0.991908073425293
14681 1040092 0.9919090270996094
14682 1040095 0.9919118881225586
14683 1040098 0.9919147491455078
14684 1040102 0.9919185638427734
14685 1040105 0.9919214248657227
14686 1040109 0.9919252395629883
14687 1040111 0.9919271469116211
14688 1040113 0.9919290542602539
14689 1040118 0.9919338226318359
14690 1040122 0.9919376373291016
14691 1040128 0.991943359375
14692 1040129 0.9919443130493164
14693 1040132 0.9919471740722656
14694 1040133 0.991948127746582
14695 1040138 0.9919528961181641
14696 1040139 0.9919538497924805
14697 1040142 0.9919567108154297
14698 1040145 0.9919595718383789
14699 1040148 0.9919624328613281
14700 1040152 0.9919662475585938
14701 1040153 0.9919672012329102
14702 1040155 0.991969108581543
14703 1040160 0.991973876953125
14704 1040163 0.9919767379760742
14705 1040164 0.9919776916503906
14706 1040168 0.9919815063476562
14707 1040171 0.9919843673706055
14708 1040177 0.9919900894165039
14709 1040180 0.9919929504394531
14710 1040183 0.9919958114624023
14711 1040185 0.9919977188110352
14712 1040187 0.991999626159668
14713 1040190 0.9920024871826172
14714 1040193 0.9920053482055664
14715 1040197 0.992009162902832
14716 1040201 0.9920129776000977
14717 1040204 0.9920158386230469
14718 1040207 0.9920186996459961
14719 1040209 0.9920206069946289
14720 1040212 0.9920234680175781
14721 1040215 0.9920263290405273
14722 1040219 0.992030143737793
14723 1040223 0.9920339584350586
14724 1040228 0.9920387268066406
14725 1040235 0.9920454025268555
14726 1040238 0.9920482635498047
14727 1040242 0.9920520782470703
14728 1040244 0.9920539855957031
14729 1040246 0.9920558929443359
14730 1040248 0.9920578002929688
14731 1040253 0.9920625686645508
14732 1040256 0.9920654296875
14733 1040259 0.9920682907104492
14734 1040261 0.992070198059082
14735 1040262 0.9920711517333984
14736 1040263 0.9920721054077148
14737 1040264 0.9920730590820312
14738 1040265 0.9920740127563477
14739 1040266 0.9920749664306641
14741 1040267 0.9920759201049805
14742 1040268 0.9920768737792969
14744 1040273 0.9920816421508789
14745 1040274 0.9920825958251953
14746 1040279 0.9920873641967773
14747 1040281 0.9920892715454102
14748 1040283 0.992091178894043
14749 1040285 0.9920930862426758
14750 1040289 0.9920969009399414
14751 1040291 0.9920988082885742
14752 1040295 0.9921026229858398
14753 1040296 0.9921035766601562
14754 1040298 0.9921054840087891
14755 1040301 0.9921083450317383
14756 1040302 0.9921092987060547
14757 1040303 0.9921102523803711
14758 1040304 0.9921112060546875
14759 1040308 0.9921150207519531
14761 1040311 0.9921178817749023
14762 1040315 0.992121696472168
14763 1040316 0.9921226501464844
14764 1040320 0.99212646484375
14765 1040323 0.9921293258666992
14766 1040324 0.9921302795410156
14767 1040329 0.9921350479125977
14768 1040331 0.9921369552612305
14769 1040333 0.9921388626098633
14770 1040337 0.9921426773071289
14771 1040340 0.9921455383300781
14772 1040342 0.9921474456787109
14773 1040345 0.9921503067016602
14774 1040346 0.9921512603759766
14775 1040347 0.992152214050293
14776 1040350 0.9921550750732422
14777 1040352 0.992156982421875
14779 1040356 0.9921607971191406
14780 1040361 0.9921655654907227
14781 1040362 0.9921665191650391
14782 1040363 0.9921674728393555
14783 1040364 0.9921684265136719
14784 1040367 0.9921712875366211
14785 1040369 0.9921731948852539
14787 1040373 0.9921770095825195
14788 1040376 0.9921798706054688
14789 1040383 0.9921865463256836
14790 1040384 0.9921875
14791 1040388 0.9921913146972656
14793 1040391 0.9921941757202148
14794 1040393 0.9921960830688477
14795 1040395 0.9921979904174805
14796 1040397 0.9921998977661133
14797 1040398 0.9922008514404297
14798 1040401 0.9922037124633789
14799 1040402 0.9922046661376953
14800 1040403 0.9922056198120117
14801 1040405 0.9922075271606445
14802 1040408 0.9922103881835938
14803 1040409 0.9922113418579102
14804 1040413 0.9922151565551758
14805 1040414 0.9922161102294922
14806 1040417 0.9922189712524414
14807 1040420 0.9922218322753906
14809 1040422 0.9922237396240234
14810 1040425 0.9922266006469727
14812 1040427 0.9922285079956055
14813 1040429 0.9922304153442383
14814 1040430 0.9922313690185547
14815 1040434 0.9922351837158203
14816 1040438 0.9922389984130859
14817 1040439 0.9922399520874023
14818 1040443 0.992243766784668
14819 1040445 0.9922456741333008
14820 1040447 0.9922475814819336
14821 1040453 0.992253303527832
14826 1040454 0.9922542572021484
14827 1040457 0.9922571182250977
14828 1040461 0.9922609329223633
14829 1040464 0.9922637939453125
14830 1040467 0.9922666549682617
14834 1040470 0.9922695159912109
14836 1040471 0.9922704696655273
14837 1040474 0.9922733306884766
14838 1040475 0.992274284362793
14839 1040481 0.9922800064086914
14840 1040485 0.992283821105957
14841 1040486 0.9922847747802734
14842 1040487 0.9922857284545898
14843 1040488 0.9922866821289062
14844 1040494 0.9922924041748047
14845 1040495 0.9922933578491211
14846 1040500 0.9922981262207031
14848 1040501 0.9922990798950195
14849 1040503 0.9923009872436523
14850 1040505 0.9923028945922852
14851 1040508 0.9923057556152344
14852 1040510 0.9923076629638672
14853 1040514 0.9923114776611328
14854 1040515 0.9923124313354492
14855 1040518 0.9923152923583984
14856 1040519 0.9923162460327148
14857 1040521 0.9923181533813477
14858 1040522 0.9923191070556641
14859 1040525 0.9923219680786133
14860 1040528 0.9923248291015625
14862 1040532 0.9923286437988281
14863 1040534 0.9923305511474609
14864 1040537 0.9923334121704102
14865 1040542 0.9923381805419922
14868 1040545 0.9923410415649414
14869 1040547 0.9923429489135742
14870 1040548 0.9923439025878906
14871 1040550 0.9923458099365234
14872 1040552 0.9923477172851562
14873 1040554 0.9923496246337891
14874 1040556 0.9923515319824219
14875 1040558 0.9923534393310547
14876 1040560 0.9923553466796875
14877 1040564 0.9923591613769531
14878 1040567 0.9923620223999023
14879 1040570 0.9923648834228516
14880 1040572 0.9923667907714844
14881 1040576 0.99237060546875
14882 1040577 0.9923715591430664
14883 1040579 0.9923734664916992
14884 1040584 0.9923782348632812
14885 1040585 0.9923791885375977
14886 1040587 0.9923810958862305
14887 1040589 0.9923830032348633
14888 1040593 0.9923868179321289
14889 1040594 0.9923877716064453
14890 1040597 0.9923906326293945
14891 1040599 0.9923925399780273
14892 1040601 0.9923944473266602
14893 1040605 0.9923982620239258
14895 1040607 0.9924001693725586
14896 1040609 0.9924020767211914
14897 1040615 0.9924077987670898
14899 1040617 0.9924097061157227
14900 1040620 0.9924125671386719
14901 1040621 0.9924135208129883
14904 1040622 0.9924144744873047
14905 1040626 0.9924182891845703
14908 1040628 0.9924201965332031
14910 1040631 0.9924230575561523
14912 1040633 0.9924249649047852
14913 1040636 0.9924278259277344
14915 1040642 0.9924335479736328
14916 1040643 0.9924345016479492
14917 1040644 0.9924354553222656
14918 1040645 0.992436408996582
14919 1040648 0.9924392700195312
14920 1040651 0.9924421310424805
14921 1040652 0.9924430847167969
14922 1040653 0.9924440383911133
14923 1040655 0.9924459457397461
14924 1040656 0.9924468994140625
14925 1040657 0.9924478530883789
14926 1040659 0.9924497604370117
14927 1040662 0.9924526214599609
14928 1040663 0.9924535751342773
14929 1040665 0.9924554824829102
14930 1040666 0.9924564361572266
14931 1040667 0.992457389831543
14932 1040672 0.992462158203125
14933 1040677 0.992466926574707
14934 1040680 0.9924697875976562
14935 1040682 0.9924716949462891
14936 1040683 0.9924726486206055
14937 1040684 0.9924736022949219
14938 1040686 0.9924755096435547
14939 1040687 0.9924764633178711
14940 1040689 0.9924783706665039
14941 1040693 0.9924821853637695
14942 1040696 0.9924850463867188
14943 1040700 0.9924888610839844
14944 1040703 0.9924917221069336
14945 1040704 0.99249267578125
14946 1040706 0.9924945831298828
14948 1040707 0.9924955368041992
14949 1040710 0.9924983978271484
14951 1040712 0.9925003051757812
14952 1040714 0.9925022125244141
14953 1040715 0.9925031661987305
14954 1040716 0.9925041198730469
14955 1040720 0.9925079345703125
14956 1040724 0.9925117492675781
14957 1040728 0.9925155639648438
14958 1040729 0.9925165176391602
14959 1040732 0.9925193786621094
14960 1040736 0.992523193359375
14961 1040739 0.9925260543823242
14962 1040743 0.9925298690795898
14963 1040746 0.9925327301025391
14964 1040747 0.9925336837768555
14965 1040750 0.9925365447998047
14966 1040754 0.9925403594970703
14967 1040755 0.9925413131713867
14968 1040756 0.9925422668457031
14969 1040760 0.9925460815429688
14970 1040765 0.9925508499145508
14971 1040768 0.9925537109375
14972 1040771 0.9925565719604492
14974 1040772 0.9925575256347656
14975 1040775 0.9925603866577148
14976 1040778 0.9925632476806641
14977 1040781 0.9925661087036133
14978 1040782 0.9925670623779297
14979 1040784 0.9925689697265625
14980 1040786 0.9925708770751953
14981 1040788 0.9925727844238281
14982 1040789 0.9925737380981445
14983 1040796 0.9925804138183594
14984 1040797 0.9925813674926758
14985 1040800 0.992584228515625
14986 1040802 0.9925861358642578
14987 1040805 0.992588996887207
14988 1040807 0.9925909042358398
14989 1040808 0.9925918579101562
14990 1040810 0.9925937652587891
14992 1040812 0.9925956726074219
14993 1040815 0.9925985336303711
14994 1040817 0.9926004409790039
14995 1040822 0.9926052093505859
14996 1040826 0.9926090240478516
14997 1040830 0.9926128387451172
14998 1040835 0.9926176071166992
14999 1040838 0.9926204681396484
15000 1040840 0.9926223754882812
15001 1040841 0.9926233291625977
15002 1040844 0.9926261901855469
15003 1040848 0.9926300048828125
15005 1040850 0.9926319122314453
15006 1040852 0.9926338195800781
15007 1040855 0.9926366806030273
15008 1040858 0.9926395416259766
15009 1040859 0.992640495300293
15010 1040861 0.9926424026489258
15011 1040863 0.9926443099975586
15012 1040868 0.9926490783691406
15013 1040870 0.9926509857177734
15014 1040874 0.9926548004150391
15015 1040879 0.9926595687866211
15016 1040883 0.9926633834838867
15017 1040887 0.9926671981811523
15018 1040890 0.9926700592041016
15019 1040892 0.9926719665527344
15020 1040894 0.9926738739013672
15021 1040897 0.9926767349243164
15023 1040899 0.9926786422729492
15024 1040902 0.9926815032958984
15025 1040906 0.9926853179931641
15026 1040907 0.9926862716674805
15027 1040909 0.9926881790161133
15028 1040911 0.9926900863647461
15029 1040912 0.9926910400390625
15030 1040916 0.9926948547363281
15032 1040919 0.9926977157592773
15033 1040921 0.9926996231079102
15034 1040922 0.9927005767822266
15035 1040924 0.9927024841308594
15036 1040926 0.9927043914794922
15037 1040929 0.9927072525024414
15038 1040931 0.9927091598510742
15039 1040936 0.9927139282226562
15040 1040937 0.9927148818969727
15041 1040938 0.9927158355712891
15042 1040939 0.9927167892456055
15043 1040940 0.9927177429199219
15044 1040942 0.9927196502685547
15045 1040944 0.9927215576171875
15046 1040946 0.9927234649658203
15047 1040949 0.9927263259887695
15048 1040954 0.9927310943603516
15049 1040955 0.992732048034668
15051 1040957 0.9927339553833008
15052 1040962 0.9927387237548828
15054 1040969 0.9927453994750977
15055 1040971 0.9927473068237305
15057 1040973 0.9927492141723633
15058 1040975 0.9927511215209961
15059 1040977 0.9927530288696289
15060 1040980 0.9927558898925781
15062 1040981 0.9927568435668945
15064 1040983 0.9927587509155273
15065 1040987 0.992762565612793
15066 1040989 0.9927644729614258
15067 1040990 0.9927654266357422
15068 1040993 0.9927682876586914
15069 1040995 0.9927701950073242
15071 1040996 0.9927711486816406
15072 1040998 0.9927730560302734
15073 1041000 0.9927749633789062
15074 1041002 0.9927768707275391
15075 1041004 0.9927787780761719
15076 1041006 0.9927806854248047
15077 1041009 0.9927835464477539
15079 1041013 0.9927873611450195
15081 1041016 0.9927902221679688
15082 1041019 0.992793083190918
15083 1041020 0.9927940368652344
15084 1041022 0.9927959442138672
15085 1041023 0.9927968978881836
15086 1041026 0.9927997589111328
15088 1041029 0.992802619934082
15089 1041033 0.9928064346313477
15090 1041035 0.9928083419799805
15091 1041039 0.9928121566772461
15092 1041046 0.9928188323974609
15093 1041048 0.9928207397460938
15094 1041053 0.9928255081176758
15095 1041055 0.9928274154663086
15096 1041059 0.9928312301635742
15097 1041063 0.9928350448608398
15100 1041067 0.9928388595581055
15101 1041068 0.9928398132324219
15102 1041069 0.9928407669067383
15103 1041073 0.9928445816040039
15104 1041075 0.9928464889526367
15105 1041076 0.9928474426269531
15106 1041079 0.9928503036499023
15107 1041082 0.9928531646728516
15108 1041083 0.992854118347168
15109 1041084 0.9928550720214844
15110 1041086 0.9928569793701172
15112 1041087 0.9928579330444336
15114 1041089 0.9928598403930664
15115 1041091 0.9928617477416992
15116 1041093 0.992863655090332
15117 1041096 0.9928665161132812
15118 1041099 0.9928693771362305
15119 1041102 0.9928722381591797
15120 1041104 0.9928741455078125
15121 1041105 0.9928750991821289
15122 1041107 0.9928770065307617
15123 1041110 0.9928798675537109
15124 1041116 0.9928855895996094
15125 1041117 0.9928865432739258
15126 1041121 0.9928903579711914
15127 1041124 0.9928932189941406
15130 1041125 0.992894172668457
15131 1041127 0.9928960800170898
15132 1041129 0.9928979873657227
15134 1041130 0.9928989410400391
15135 1041131 0.9928998947143555
15136 1041132 0.9929008483886719
15137 1041138 0.9929065704345703
15138 1041141 0.9929094314575195
15139 1041144 0.9929122924804688
15140 1041147 0.992915153503418
15141 1041149 0.9929170608520508
15142 1041150 0.9929180145263672
15143 1041153 0.9929208755493164
15144 1041155 0.9929227828979492
15145 1041157 0.992924690246582
15146 1041161 0.9929285049438477
15147 1041162 0.9929294586181641
15148 1041163 0.9929304122924805
15149 1041166 0.9929332733154297
15150 1041170 0.9929370880126953
15151 1041173 0.9929399490356445
15152 1041174 0.9929409027099609
15153 1041175 0.9929418563842773
15154 1041178 0.9929447174072266
15155 1041179 0.992945671081543
15156 1041181 0.9929475784301758
15157 1041186 0.9929523468017578
15158 1041189 0.992955207824707
15159 1041191 0.9929571151733398
15160 1041194 0.9929599761962891
15161 1041196 0.9929618835449219
15162 1041198 0.9929637908935547
15163 1041202 0.9929676055908203
15165 1041204 0.9929695129394531
15166 1041206 0.9929714202880859
15167 1041207 0.9929723739624023
15168 1041210 0.9929752349853516
15169 1041214 0.9929790496826172
15170 1041217 0.9929819107055664
15171 1041223 0.9929876327514648
15173 1041225 0.9929895401000977
15174 1041226 0.9929904937744141
15175 1041228 0.9929924011230469
15176 1041229 0.9929933547973633
15177 1041231 0.9929952621459961
15178 1041233 0.9929971694946289
15180 1041235 0.9929990768432617
15182 1041236 0.9930000305175781
15183 1041238 0.9930019378662109
15184 1041240 0.9930038452148438
15185 1041243 0.993006706237793
15186 1041248 0.993011474609375
15187 1041250 0.9930133819580078
15188 1041252 0.9930152893066406
15189 1041254 0.9930171966552734
15190 1041256 0.9930191040039062
15191 1041259 0.9930219650268555
15192 1041263 0.9930257797241211
15193 1041265 0.9930276870727539
15194 1041266 0.9930286407470703
15196 1041269 0.9930315017700195
15197 1041273 0.9930353164672852
15198 1041277 0.9930391311645508
15199 1041280 0.9930419921875
15200 1041282 0.9930438995361328
15201 1041284 0.9930458068847656
15202 1041285 0.993046760559082
15203 1041288 0.9930496215820312
15204 1041290 0.9930515289306641
15206 1041291 0.9930524826049805
15207 1041294 0.9930553436279297
15208 1041295 0.9930562973022461
15209 1041298 0.9930591583251953
15210 1041300 0.9930610656738281
15211 1041301 0.9930620193481445
15213 1041304 0.9930648803710938
15214 1041309 0.9930696487426758
15217 1041310 0.9930706024169922
15218 1041313 0.9930734634399414
15219 1041314 0.9930744171142578
15220 1041317 0.993077278137207
15222 1041320 0.9930801391601562
15223 1041324 0.9930839538574219
15224 1041326 0.9930858612060547
15225 1041327 0.9930868148803711
15226 1041328 0.9930877685546875
15227 1041333 0.9930925369262695
15228 1041334 0.9930934906005859
15229 1041337 0.9930963516235352
15230 1041339 0.993098258972168
15231 1041342 0.9931011199951172
15232 1041343 0.9931020736694336
15233 1041349 0.993107795715332
15234 1041353 0.9931116104125977
15235 1041354 0.9931125640869141
15236 1041356 0.9931144714355469
15237 1041357 0.9931154251098633
15238 1041358 0.9931163787841797
15239 1041359 0.9931173324584961
15241 1041361 0.9931192398071289
15242 1041365 0.9931230545043945
15243 1041371 0.993128776550293
15244 1041373 0.9931306838989258
15246 1041376 0.993133544921875
15247 1041377 0.9931344985961914
15248 1041380 0.9931373596191406
15250 1041383 0.9931402206420898
15251 1041385 0.9931421279907227
15252 1041386 0.9931430816650391
15253 1041387 0.9931440353393555
15254 1041388 0.9931449890136719
15255 1041389 0.9931459426879883
15256 1041392 0.9931488037109375
15257 1041394 0.9931507110595703
15258 1041396 0.9931526184082031
15259 1041400 0.9931564331054688
15261 1041403 0.993159294128418
15262 1041404 0.9931602478027344
15263 1041407 0.9931631088256836
15264 1041410 0.9931659698486328
15265 1041412 0.9931678771972656
15266 1041413 0.993168830871582
15267 1041416 0.9931716918945312
15268 1041417 0.9931726455688477
15269 1041419 0.9931745529174805
15270 1041421 0.9931764602661133
15271 1041422 0.9931774139404297
15272 1041424 0.9931793212890625
15273 1041425 0.9931802749633789
15274 1041426 0.9931812286376953
15276 1041428 0.9931831359863281
15277 1041430 0.9931850433349609
15278 1041431 0.9931859970092773
15279 1041433 0.9931879043579102
15280 1041434 0.9931888580322266
15281 1041436 0.9931907653808594
15282 1041437 0.9931917190551758
15283 1041439 0.9931936264038086
15284 1041440 0.993194580078125
15285 1041443 0.9931974411010742
15286 1041446 0.9932003021240234
15287 1041448 0.9932022094726562
15288 1041449 0.9932031631469727
15289 1041452 0.9932060241699219
15290 1041455 0.9932088851928711
15291 1041458 0.9932117462158203
15293 1041459 0.9932126998901367
15294 1041460 0.9932136535644531
15295 1041465 0.9932184219360352
15296 1041468 0.9932212829589844
15297 1041470 0.9932231903076172
15298 1041472 0.99322509765625
15300 1041475 0.9932279586791992
15301 1041476 0.9932289123535156
15302 1041478 0.9932308197021484
15304 1041481 0.9932336807250977
15305 1041482 0.9932346343994141
15306 1041484 0.9932365417480469
15308 1041485 0.9932374954223633
15309 1041486 0.9932384490966797
15310 1041490 0.9932422637939453
15311 1041493 0.9932451248168945
15312 1041498 0.9932498931884766
15313 1041500 0.9932518005371094
15314 1041503 0.9932546615600586
15315 1041505 0.9932565689086914
15316 1041508 0.9932594299316406
15317 1041512 0.9932632446289062
15318 1041516 0.9932670593261719
15319 1041519 0.9932699203491211
15320 1041521 0.9932718276977539
15321 1041522 0.9932727813720703
15322 1041523 0.9932737350463867
15323 1041526 0.9932765960693359
15324 1041527 0.9932775497436523
15326 1041530 0.9932804107666016
15328 1041531 0.993281364440918
15329 1041534 0.9932842254638672
15330 1041535 0.9932851791381836
15331 1041538 0.9932880401611328
15333 1041539 0.9932889938354492
15334 1041542 0.9932918548583984
15335 1041543 0.9932928085327148
15336 1041544 0.9932937622070312
15337 1041548 0.9932975769042969
15338 1041550 0.9932994842529297
15339 1041553 0.9933023452758789
15341 1041556 0.9933052062988281
15343 1041560 0.9933090209960938
15344 1041563 0.993311882019043
15345 1041565 0.9933137893676758
15346 1041566 0.9933147430419922
15348 1041568 0.993316650390625
15349 1041570 0.9933185577392578
15350 1041576 0.9933242797851562
15351 1041578 0.9933261871337891
15352 1041580 0.9933280944824219
15353 1041581 0.9933290481567383
15355 1041583 0.9933309555053711
15356 1041586 0.9933338165283203
15357 1041588 0.9933357238769531
15358 1041591 0.9933385848999023
15359 1041592 0.9933395385742188
15360 1041593 0.9933404922485352
15361 1041596 0.9933433532714844
15362 1041598 0.9933452606201172
15363 1041599 0.9933462142944336
15364 1041600 0.99334716796875
15366 1041601 0.9933481216430664
15367 1041604 0.9933509826660156
15368 1041605 0.993351936340332
15369 1041607 0.9933538436889648
15370 1041611 0.9933576583862305
15371 1041613 0.9933595657348633
15372 1041615 0.9933614730834961
15374 1041617 0.9933633804321289
15375 1041618 0.9933643341064453
15378 1041620 0.9933662414550781
15379 1041621 0.9933671951293945
15380 1041624 0.9933700561523438
15381 1041625 0.9933710098266602
15382 1041626 0.9933719635009766
15383 1041631 0.9933767318725586
15384 1041633 0.9933786392211914
15386 1041635 0.9933805465698242
15387 1041637 0.993382453918457
15388 1041639 0.9933843612670898
15389 1041642 0.9933872222900391
15390 1041645 0.9933900833129883
15392 1041648 0.9933929443359375
15394 1041651 0.9933958053588867
15395 1041652 0.9933967590332031
15396 1041655 0.9933996200561523
15397 1041656 0.9934005737304688
15399 1041657 0.9934015274047852
15400 1041659 0.993403434753418
15402 1041660 0.9934043884277344
15405 1041662 0.9934062957763672
15406 1041665 0.9934091567993164
15409 1041667 0.9934110641479492
15410 1041674 0.9934177398681641
15411 1041677 0.9934206008911133
15413 1041681 0.9934244155883789
15414 1041684 0.9934272766113281
15415 1041687 0.9934301376342773
15416 1041688 0.9934310913085938
15417 1041691 0.993433952331543
15419 1041692 0.9934349060058594
15420 1041693 0.9934358596801758
15421 1041695 0.9934377670288086
15422 1041697 0.9934396743774414
15423 1041700 0.9934425354003906
15424 1041701 0.993443489074707
15425 1041708 0.9934501647949219
15426 1041711 0.9934530258178711
15427 1041712 0.9934539794921875
15428 1041715 0.9934568405151367
15429 1041718 0.9934597015380859
15430 1041721 0.9934625625610352
15431 1041722 0.9934635162353516
15432 1041725 0.9934663772583008
15433 1041727 0.9934682846069336
15434 1041731 0.9934720993041992
15435 1041732 0.9934730529785156
15436 1041734 0.9934749603271484
15437 1041736 0.9934768676757812
15438 1041737 0.9934778213500977
15439 1041741 0.9934816360473633
15440 1041744 0.9934844970703125
15441 1041745 0.9934854507446289
15442 1041748 0.9934883117675781
15443 1041750 0.9934902191162109
15444 1041752 0.9934921264648438
15446 1041754 0.9934940338134766
15447 1041757 0.9934968948364258
15448 1041759 0.9934988021850586
15449 1041762 0.9935016632080078
15450 1041765 0.993504524230957
15451 1041768 0.9935073852539062
15452 1041771 0.9935102462768555
15453 1041773 0.9935121536254883
15454 1041775 0.9935140609741211
15455 1041777 0.9935159683227539
15457 1041779 0.9935178756713867
15459 1041781 0.9935197830200195
15461 1041783 0.9935216903686523
15463 1041785 0.9935235977172852
15464 1041787 0.993525505065918
15465 1041788 0.9935264587402344
15466 1041791 0.9935293197631836
15467 1041793 0.9935312271118164
15468 1041796 0.9935340881347656
15469 1041800 0.9935379028320312
15470 1041801 0.9935388565063477
15471 1041804 0.9935417175292969
15473 1041808 0.9935455322265625
15476 1041809 0.9935464859008789
15477 1041811 0.9935483932495117
15478 1041814 0.9935512542724609
15479 1041815 0.9935522079467773
15480 1041817 0.9935541152954102
15481 1041819 0.993556022644043
15482 1041820 0.9935569763183594
15483 1041823 0.9935598373413086
15484 1041824 0.993560791015625
15485 1041826 0.9935626983642578
15486 1041829 0.993565559387207
15487 1041831 0.9935674667358398
15488 1041833 0.9935693740844727
15490 1041835 0.9935712814331055
15491 1041836 0.9935722351074219
15492 1041839 0.9935750961303711
15493 1041842 0.9935779571533203
15494 1041843 0.9935789108276367
15495 1041847 0.9935827255249023
15496 1041849 0.9935846328735352
15497 1041851 0.993586540222168
15498 1041854 0.9935894012451172
15499 1041855 0.9935903549194336
15500 1041857 0.9935922622680664
15501 1041859 0.9935941696166992
15502 1041863 0.9935979843139648
15503 1041865 0.9935998916625977
15504 1041869 0.9936037063598633
15506 1041873 0.9936075210571289
15509 1041874 0.9936084747314453
15510 1041877 0.9936113357543945
15511 1041879 0.9936132431030273
15512 1041882 0.9936161041259766
15513 1041883 0.993617057800293
15514 1041884 0.9936180114746094
15515 1041886 0.9936199188232422
15516 1041888 0.993621826171875
15517 1041890 0.9936237335205078
15519 1041892 0.9936256408691406
15520 1041894 0.9936275482177734
15522 1041895 0.9936285018920898
15523 1041897 0.9936304092407227
15524 1041899 0.9936323165893555
15525 1041900 0.9936332702636719
15526 1041903 0.9936361312866211
15527 1041904 0.9936370849609375
15528 1041905 0.9936380386352539
15529 1041906 0.9936389923095703
15530 1041907 0.9936399459838867
15532 1041909 0.9936418533325195
15533 1041912 0.9936447143554688
15535 1041916 0.9936485290527344
15536 1041919 0.9936513900756836
15540 1041920 0.99365234375
15542 1041921 0.9936532974243164
15543 1041922 0.9936542510986328
15544 1041924 0.9936561584472656
15546 1041925 0.993657112121582
15547 1041928 0.9936599731445312
15548 1041929 0.9936609268188477
15549 1041930 0.9936618804931641
15550 1041933 0.9936647415161133
15551 1041934 0.9936656951904297
15554 1041936 0.9936676025390625
15555 1041937 0.9936685562133789
15557 1041938 0.9936695098876953
15558 1041942 0.9936733245849609
15560 1041944 0.9936752319335938
15561 1041951 0.9936819076538086
15562 1041954 0.9936847686767578
15563 1041955 0.9936857223510742
15564 1041957 0.993687629699707
15567 1041959 0.9936895370483398
15568 1041961 0.9936914443969727
15569 1041962 0.9936923980712891
15570 1041964 0.9936943054199219
15572 1041968 0.9936981201171875
15574 1041969 0.9936990737915039
15575 1041972 0.9937019348144531
15577 1041974 0.9937038421630859
15578 1041976 0.9937057495117188
15579 1041978 0.9937076568603516
15582 1041979 0.993708610534668
15583 1041981 0.9937105178833008
15584 1041983 0.9937124252319336
15586 1041984 0.99371337890625
15587 1041986 0.9937152862548828
15588 1041987 0.9937162399291992
15589 1041988 0.9937171936035156
15590 1041990 0.9937191009521484
15591 1041991 0.9937200546264648
15592 1041993 0.9937219619750977
15593 1041997 0.9937257766723633
15594 1041999 0.9937276840209961
15596 1042001 0.9937295913696289
15598 1042002 0.9937305450439453
15599 1042004 0.9937324523925781
15601 1042008 0.9937362670898438
15602 1042009 0.9937372207641602
15604 1042010 0.9937381744384766
15606 1042012 0.9937400817871094
15607 1042014 0.9937419891357422
15608 1042015 0.9937429428100586
15609 1042016 0.993743896484375
15610 1042017 0.9937448501586914
15611 1042022 0.9937496185302734
15613 1042024 0.9937515258789062
15614 1042027 0.9937543869018555
15615 1042029 0.9937562942504883
15616 1042030 0.9937572479248047
15617 1042031 0.9937582015991211
15618 1042032 0.9937591552734375
15620 1042033 0.9937601089477539
15621 1042036 0.9937629699707031
15622 1042037 0.9937639236450195
15623 1042038 0.9937648773193359
15624 1042040 0.9937667846679688
15626 1042042 0.9937686920166016
15627 1042044 0.9937705993652344
15628 1042045 0.9937715530395508
15629 1042047 0.9937734603881836
15630 1042048 0.9937744140625
15631 1042049 0.9937753677368164
15632 1042052 0.9937782287597656
15633 1042054 0.9937801361083984
15635 1042056 0.9937820434570312
15636 1042058 0.9937839508056641
15637 1042059 0.9937849044799805
15638 1042061 0.9937868118286133
15640 1042062 0.9937877655029297
15642 1042066 0.9937915802001953
15643 1042067 0.9937925338745117
15644 1042069 0.9937944412231445
15645 1042071 0.9937963485717773
15646 1042073 0.9937982559204102
15647 1042076 0.9938011169433594
15648 1042077 0.9938020706176758
15651 1042079 0.9938039779663086
15652 1042081 0.9938058853149414
15653 1042082 0.9938068389892578
15655 1042083 0.9938077926635742
15656 1042085 0.993809700012207
15657 1042086 0.9938106536865234
15658 1042087 0.9938116073608398
15661 1042089 0.9938135147094727
15662 1042094 0.9938182830810547
15663 1042097 0.9938211441040039
15665 1042098 0.9938220977783203
15666 1042102 0.9938259124755859
15667 1042106 0.9938297271728516
15668 1042107 0.993830680847168
15669 1042108 0.9938316345214844
15670 1042109 0.9938325881958008
15671 1042111 0.9938344955444336
15674 1042114 0.9938373565673828
15676 1042116 0.9938392639160156
15677 1042118 0.9938411712646484
15678 1042121 0.9938440322875977
15679 1042122 0.9938449859619141
15681 1042124 0.9938468933105469
15682 1042127 0.9938497543334961
15683 1042129 0.9938516616821289
15684 1042131 0.9938535690307617
15685 1042133 0.9938554763793945
15687 1042136 0.9938583374023438
15689 1042140 0.9938621520996094
15690 1042141 0.9938631057739258
15691 1042144 0.993865966796875
15692 1042145 0.9938669204711914
15693 1042148 0.9938697814941406
15695 1042149 0.993870735168457
15696 1042150 0.9938716888427734
15697 1042152 0.9938735961914062
15698 1042154 0.9938755035400391
15701 1042155 0.9938764572143555
15702 1042156 0.9938774108886719
15703 1042158 0.9938793182373047
15704 1042159 0.9938802719116211
15705 1042161 0.9938821792602539
15707 1042163 0.9938840866088867
15708 1042165 0.9938859939575195
15710 1042166 0.9938869476318359
15711 1042167 0.9938879013061523
15712 1042169 0.9938898086547852
15714 1042172 0.9938926696777344
15715 1042173 0.9938936233520508
15717 1042174 0.9938945770263672
15718 1042175 0.9938955307006836
15720 1042178 0.9938983917236328
15721 1042183 0.9939031600952148
15723 1042184 0.9939041137695312
15724 1042186 0.9939060211181641
15726 1042188 0.9939079284667969
15727 1042189 0.9939088821411133
15728 1042190 0.9939098358154297
15729 1042191 0.9939107894897461
15731 1042193 0.9939126968383789
15732 1042194 0.9939136505126953
15734 1042197 0.9939165115356445
15735 1042199 0.9939184188842773
15737 1042200 0.9939193725585938
15738 1042203 0.993922233581543
15739 1042204 0.9939231872558594
15740 1042206 0.9939250946044922
15744 1042207 0.9939260482788086
15745 1042209 0.9939279556274414
15746 1042211 0.9939298629760742
15748 1042212 0.9939308166503906
15749 1042213 0.993931770324707
15750 1042216 0.9939346313476562
15752 1042217 0.9939355850219727
15754 1042219 0.9939374923706055
15755 1042220 0.9939384460449219
15756 1042222 0.9939403533935547
15757 1042223 0.9939413070678711
15758 1042226 0.9939441680908203
15759 1042228 0.9939460754394531
15761 1042231 0.9939489364624023
15762 1042232 0.9939498901367188
15763 1042233 0.9939508438110352
15764 1042236 0.9939537048339844
15765 1042243 0.9939603805541992
15766 1042245 0.993962287902832
15767 1042247 0.9939641952514648
15769 1042249 0.9939661026000977
15770 1042251 0.9939680099487305
15771 1042252 0.9939689636230469
15772 1042253 0.9939699172973633
15773 1042254 0.9939708709716797
15774 1042255 0.9939718246459961
15775 1042257 0.9939737319946289
15776 1042259 0.9939756393432617
15777 1042260 0.9939765930175781
15778 1042261 0.9939775466918945
15779 1042262 0.9939785003662109
15780 1042265 0.9939813613891602
15781 1042266 0.9939823150634766
15782 1042267 0.993983268737793
15783 1042269 0.9939851760864258
15784 1042270 0.9939861297607422
15785 1042271 0.9939870834350586
15788 1042272 0.993988037109375
15790 1042274 0.9939899444580078
15791 1042275 0.9939908981323242
15792 1042277 0.993992805480957
15793 1042278 0.9939937591552734
15794 1042279 0.9939947128295898
15795 1042280 0.9939956665039062
15797 1042282 0.9939975738525391
15798 1042284 0.9939994812011719
15799 1042286 0.9940013885498047
15801 1042287 0.9940023422241211
15804 1042288 0.9940032958984375
15805 1042290 0.9940052032470703
15806 1042291 0.9940061569213867
15807 1042292 0.9940071105957031
15808 1042294 0.9940090179443359
15810 1042298 0.9940128326416016
15811 1042300 0.9940147399902344
15812 1042301 0.9940156936645508
15813 1042302 0.9940166473388672
15814 1042306 0.9940204620361328
15815 1042307 0.9940214157104492
15816 1042308 0.9940223693847656
15817 1042309 0.994023323059082
15818 1042310 0.9940242767333984
15819 1042311 0.9940252304077148
15821 1042313 0.9940271377563477
15823 1042315 0.9940290451049805
15824 1042316 0.9940299987792969
15826 1042317 0.9940309524536133
15828 1042321 0.9940347671508789
15829 1042322 0.9940357208251953
15830 1042323 0.9940366744995117
15831 1042324 0.9940376281738281
15832 1042325 0.9940385818481445
15833 1042328 0.9940414428710938
15834 1042329 0.9940423965454102
15835 1042332 0.9940452575683594
15836 1042333 0.9940462112426758
15837 1042334 0.9940471649169922
15838 1042336 0.994049072265625
15839 1042337 0.9940500259399414
15840 1042338 0.9940509796142578
15841 1042340 0.9940528869628906
15847 1042343 0.9940557479858398
15848 1042346 0.9940586090087891
15849 1042350 0.9940624237060547
15850 1042354 0.9940662384033203
15851 1042355 0.9940671920776367
15852 1042356 0.9940681457519531
15853 1042357 0.9940690994262695
15854 1042358 0.9940700531005859
15855 1042360 0.9940719604492188
15856 1042365 0.9940767288208008
15857 1042366 0.9940776824951172
15865 1042368 0.99407958984375
15866 1042370 0.9940814971923828
15867 1042371 0.9940824508666992
15868 1042374 0.9940853118896484
15871 1042376 0.9940872192382812
15872 1042378 0.9940891265869141
15873 1042379 0.9940900802612305
15874 1042381 0.9940919876098633
15875 1042382 0.9940929412841797
15876 1042384 0.9940948486328125
15877 1042386 0.9940967559814453
15879 1042387 0.9940977096557617
15880 1042389 0.9940996170043945
15881 1042390 0.9941005706787109
15882 1042392 0.9941024780273438
15883 1042393 0.9941034317016602
15884 1042394 0.9941043853759766
15885 1042395 0.994105339050293
15886 1042396 0.9941062927246094
15887 1042399 0.9941091537475586
15890 1042402 0.9941120147705078
15891 1042404 0.9941139221191406
15892 1042405 0.994114875793457
15896 1042407 0.9941167831420898
15897 1042410 0.9941196441650391
15899 1042415 0.9941244125366211
15900 1042417 0.9941263198852539
15901 1042418 0.9941272735595703
15902 1042419 0.9941282272338867
15903 1042421 0.9941301345825195
15904 1042422 0.9941310882568359
15907 1042424 0.9941329956054688
15910 1042427 0.994135856628418
15911 1042429 0.9941377639770508
15912 1042432 0.994140625
15913 1042435 0.9941434860229492
15914 1042437 0.994145393371582
15916 1042438 0.9941463470458984
15919 1042439 0.9941473007202148
15920 1042442 0.9941501617431641
15921 1042443 0.9941511154174805
15923 1042444 0.9941520690917969
15924 1042445 0.9941530227661133
15925 1042448 0.9941558837890625
15926 1042449 0.9941568374633789
15927 1042451 0.9941587448120117
15928 1042452 0.9941596984863281
15929 1042453 0.9941606521606445
15930 1042455 0.9941625595092773
15931 1042457 0.9941644668579102
15932 1042461 0.9941682815551758
15933 1042463 0.9941701889038086
15935 1042465 0.9941720962524414
15936 1042466 0.9941730499267578
15937 1042467 0.9941740036010742
15939 1042469 0.994175910949707
15941 1042471 0.9941778182983398
15942 1042472 0.9941787719726562
15943 1042474 0.9941806793212891
15944 1042476 0.9941825866699219
15945 1042477 0.9941835403442383
15946 1042479 0.9941854476928711
15948 1042480 0.9941864013671875
15949 1042481 0.9941873550415039
15950 1042482 0.9941883087158203
15952 1042483 0.9941892623901367
15954 1042484 0.9941902160644531
15956 1042486 0.9941921234130859
15957 1042487 0.9941930770874023
15958 1042490 0.9941959381103516
15959 1042491 0.994196891784668
15960 1042492 0.9941978454589844
15961 1042495 0.9942007064819336
15963 1042497 0.9942026138305664
15964 1042499 0.9942045211791992
15965 1042503 0.9942083358764648
15966 1042504 0.9942092895507812
15967 1042506 0.9942111968994141
15968 1042507 0.9942121505737305
15969 1042510 0.9942150115966797
15970 1042513 0.9942178726196289
15972 1042515 0.9942197799682617
15973 1042521 0.9942255020141602
15978 1042522 0.9942264556884766
15979 1042523 0.994227409362793
15981 1042524 0.9942283630371094
15985 1042525 0.9942293167114258
15986 1042526 0.9942302703857422
15987 1042528 0.994232177734375
15989 1042529 0.9942331314086914
15991 1042530 0.9942340850830078
15992 1042531 0.9942350387573242
15993 1042533 0.994236946105957
15995 1042534 0.9942378997802734
15996 1042537 0.9942407608032227
15998 1042538 0.9942417144775391
15999 1042541 0.9942445755004883
16000 1042542 0.9942455291748047
16001 1042543 0.9942464828491211
16002 1042546 0.9942493438720703
16004 1042548 0.9942512512207031
16005 1042549 0.9942522048950195
16006 1042550 0.9942531585693359
16007 1042552 0.9942550659179688
16008 1042553 0.9942560195922852
16009 1042554 0.9942569732666016
16010 1042555 0.994257926940918
16011 1042557 0.9942598342895508
16012 1042559 0.9942617416381836
16013 1042560 0.9942626953125
16014 1042561 0.9942636489868164
16015 1042564 0.9942665100097656
16016 1042565 0.994267463684082
16017 1042566 0.9942684173583984
16018 1042568 0.9942703247070312
16019 1042571 0.9942731857299805
16020 1042572 0.9942741394042969
16023 1042574 0.9942760467529297
16024 1042575 0.9942770004272461
16026 1042576 0.9942779541015625
16028 1042577 0.9942789077758789
16030 1042579 0.9942808151245117
16032 1042580 0.9942817687988281
16033 1042581 0.9942827224731445
16034 1042582 0.9942836761474609
16035 1042583 0.9942846298217773
16036 1042585 0.9942865371704102
16037 1042586 0.9942874908447266
16038 1042587 0.994288444519043
16039 1042590 0.9942913055419922
16041 1042591 0.9942922592163086
16043 1042593 0.9942941665649414
16046 1042597 0.994297981262207
16047 1042600 0.9943008422851562
16048 1042601 0.9943017959594727
16049 1042605 0.9943056106567383
16050 1042608 0.9943084716796875
16051 1042611 0.9943113327026367
16053 1042612 0.9943122863769531
16054 1042614 0.9943141937255859
16056 1042615 0.9943151473999023
16062 1042616 0.9943161010742188
16063 1042618 0.9943180084228516
16065 1042619 0.994318962097168
16066 1042621 0.9943208694458008
16068 1042622 0.9943218231201172
16069 1042624 0.99432373046875
16070 1042626 0.9943256378173828
16071 1042627 0.9943265914916992
16072 1042629 0.994328498840332
16074 1042631 0.9943304061889648
16075 1042632 0.9943313598632812
16077 1042635 0.9943342208862305
16078 1042636 0.9943351745605469
16079 1042637 0.9943361282348633
16080 1042638 0.9943370819091797
16081 1042640 0.9943389892578125
16082 1042641 0.9943399429321289
16084 1042643 0.9943418502807617
16085 1042644 0.9943428039550781
16086 1042645 0.9943437576293945
16088 1042646 0.9943447113037109
16089 1042649 0.9943475723266602
16090 1042653 0.9943513870239258
16091 1042656 0.994354248046875
16092 1042659 0.9943571090698242
16094 1042661 0.994359016418457
16095 1042662 0.9943599700927734
16097 1042663 0.9943609237670898
16098 1042664 0.9943618774414062
16100 1042665 0.9943628311157227
16101 1042667 0.9943647384643555
16102 1042668 0.9943656921386719
16103 1042672 0.9943695068359375
16104 1042674 0.9943714141845703
16105 1042677 0.9943742752075195
16107 1042679 0.9943761825561523
16108 1042681 0.9943780899047852
16109 1042683 0.994379997253418
16111 1042684 0.9943809509277344
16112 1042685 0.9943819046020508
16114 1042686 0.9943828582763672
16115 1042687 0.9943838119506836
16117 1042689 0.9943857192993164
16119 1042690 0.9943866729736328
16120 1042691 0.9943876266479492
16121 1042692 0.9943885803222656
16122 1042693 0.994389533996582
16124 1042695 0.9943914413452148
16125 1042696 0.9943923950195312
16127 1042697 0.9943933486938477
16128 1042698 0.9943943023681641
16129 1042699 0.9943952560424805
16130 1042701 0.9943971633911133
16132 1042702 0.9943981170654297
16135 1042703 0.9943990707397461
16137 1042706 0.9944019317626953
16143 1042707 0.9944028854370117
16144 1042708 0.9944038391113281
16145 1042710 0.9944057464599609
16146 1042711 0.9944067001342773
16147 1042713 0.9944086074829102
16149 1042714 0.9944095611572266
16150 1042716 0.9944114685058594
16151 1042717 0.9944124221801758
16154 1042719 0.9944143295288086
16155 1042720 0.994415283203125
16158 1042723 0.9944181442260742
16160 1042724 0.9944190979003906
16162 1042727 0.9944219589233398
16164 1042731 0.9944257736206055
16167 1042732 0.9944267272949219
16168 1042733 0.9944276809692383
16169 1042735 0.9944295883178711
16170 1042736 0.9944305419921875
16171 1042737 0.9944314956665039
16172 1042738 0.9944324493408203
16173 1042739 0.9944334030151367
16174 1042742 0.9944362640380859
16175 1042746 0.9944400787353516
16176 1042747 0.994441032409668
16177 1042748 0.9944419860839844
16178 1042749 0.9944429397583008
16179 1042750 0.9944438934326172
16180 1042751 0.9944448471069336
16182 1042753 0.9944467544555664
16183 1042754 0.9944477081298828
16184 1042755 0.9944486618041992
16185 1042758 0.9944515228271484
16186 1042759 0.9944524765014648
16187 1042761 0.9944543838500977
16188 1042763 0.9944562911987305
16189 1042764 0.9944572448730469
16193 1042765 0.9944581985473633
16194 1042766 0.9944591522216797
16196 1042769 0.9944620132446289
16197 1042771 0.9944639205932617
16199 1042772 0.9944648742675781
16200 1042773 0.9944658279418945
16203 1042774 0.9944667816162109
16204 1042775 0.9944677352905273
16205 1042778 0.9944705963134766
16207 1042781 0.9944734573364258
16210 1042783 0.9944753646850586
16211 1042785 0.9944772720336914
16215 1042788 0.9944801330566406
16216 1042790 0.9944820404052734
16220 1042793 0.9944849014282227
16222 1042795 0.9944868087768555
16227 1042796 0.9944877624511719
16229 1042799 0.9944906234741211
16230 1042803 0.9944944381713867
16231 1042805 0.9944963455200195
16232 1042807 0.9944982528686523
16236 1042809 0.9945001602172852
16237 1042810 0.9945011138916016
16240 1042811 0.994502067565918
16241 1042813 0.9945039749145508
16244 1042817 0.9945077896118164
16246 1042818 0.9945087432861328
16248 1042820 0.9945106506347656
16249 1042821 0.994511604309082
16250 1042822 0.9945125579833984
16251 1042823 0.9945135116577148
16255 1042826 0.9945163726806641
16257 1042827 0.9945173263549805
16258 1042828 0.9945182800292969
16259 1042829 0.9945192337036133
16260 1042830 0.9945201873779297
16263 1042833 0.9945230484008789
16265 1042835 0.9945249557495117
16266 1042837 0.9945268630981445
16267 1042838 0.9945278167724609
16268 1042839 0.9945287704467773
16269 1042842 0.9945316314697266
16271 1042844 0.9945335388183594
16272 1042846 0.9945354461669922
16273 1042848 0.994537353515625
16276 1042851 0.9945402145385742
16278 1042852 0.9945411682128906
16280 1042853 0.994542121887207
16283 1042854 0.9945430755615234
16284 1042856 0.9945449829101562
16285 1042857 0.9945459365844727
16287 1042858 0.9945468902587891
16288 1042859 0.9945478439331055
16289 1042860 0.9945487976074219
16291 1042861 0.9945497512817383
16295 1042864 0.9945526123046875
16297 1042869 0.9945573806762695
16298 1042870 0.9945583343505859
16300 1042873 0.9945611953735352
16301 1042876 0.9945640563964844
16303 1042877 0.9945650100708008
16304 1042878 0.9945659637451172
16305 1042879 0.9945669174194336
16309 1042880 0.99456787109375
16310 1042881 0.9945688247680664
16311 1042882 0.9945697784423828
16314 1042883 0.9945707321166992
16315 1042884 0.9945716857910156
16316 1042885 0.994572639465332
16317 1042886 0.9945735931396484
16318 1042887 0.9945745468139648
16319 1042889 0.9945764541625977
16320 1042890 0.9945774078369141
16321 1042891 0.9945783615112305
16323 1042892 0.9945793151855469
16324 1042895 0.9945821762084961
16325 1042897 0.9945840835571289
16326 1042898 0.9945850372314453
16328 1042900 0.9945869445800781
16329 1042901 0.9945878982543945
16332 1042904 0.9945907592773438
16333 1042906 0.9945926666259766
16334 1042909 0.9945955276489258
16336 1042910 0.9945964813232422
16337 1042911 0.9945974349975586
16338 1042913 0.9945993423461914
16340 1042914 0.9946002960205078
16341 1042915 0.9946012496948242
16343 1042917 0.994603157043457
16344 1042920 0.9946060180664062
16347 1042921 0.9946069717407227
16348 1042922 0.9946079254150391
16353 1042923 0.9946088790893555
16355 1042925 0.9946107864379883
16356 1042927 0.9946126937866211
16358 1042929 0.9946146011352539
16360 1042932 0.9946174621582031
16363 1042934 0.9946193695068359
16364 1042935 0.9946203231811523
16365 1042936 0.9946212768554688
16366 1042938 0.9946231842041016
16368 1042940 0.9946250915527344
16369 1042941 0.9946260452270508
16370 1042944 0.99462890625
16372 1042945 0.9946298599243164
16373 1042947 0.9946317672729492
16375 1042950 0.9946346282958984
16376 1042952 0.9946365356445312
16377 1042953 0.9946374893188477
16381 1042956 0.9946403503417969
16382 1042957 0.9946413040161133
16383 1042959 0.9946432113647461
16385 1042960 0.9946441650390625
16386 1042963 0.9946470260620117
16387 1042966 0.9946498870849609
16388 1042968 0.9946517944335938
16389 1042971 0.994654655456543
16390 1042972 0.9946556091308594
16391 1042973 0.9946565628051758
16395 1042974 0.9946575164794922
16397 1042975 0.9946584701538086
16398 1042976 0.994659423828125
16400 1042977 0.9946603775024414
16401 1042978 0.9946613311767578
16402 1042979 0.9946622848510742
16404 1042980 0.9946632385253906
16405 1042984 0.9946670532226562
16406 1042985 0.9946680068969727
16407 1042986 0.9946689605712891
16409 1042989 0.9946718215942383
16410 1042990 0.9946727752685547
16411 1042991 0.9946737289428711
16414 1042993 0.9946756362915039
16415 1042995 0.9946775436401367
16416 1042997 0.9946794509887695
16417 1042999 0.9946813583374023
16418 1043000 0.9946823120117188
16419 1043001 0.9946832656860352
16420 1043002 0.9946842193603516
16421 1043003 0.994685173034668
16423 1043004 0.9946861267089844
16424 1043007 0.9946889877319336
16427 1043008 0.99468994140625
16431 1043010 0.9946918487548828
16432 1043013 0.994694709777832
16433 1043016 0.9946975708007812
16435 1043019 0.9947004318237305
16439 1043020 0.9947013854980469
16440 1043021 0.9947023391723633
16441 1043023 0.9947042465209961
16442 1043024 0.9947052001953125
16443 1043025 0.9947061538696289
16444 1043028 0.9947090148925781
16447 1043029 0.9947099685668945
16448 1043030 0.9947109222412109
16449 1043031 0.9947118759155273
16450 1043032 0.9947128295898438
16451 1043033 0.9947137832641602
16452 1043035 0.994715690612793
16453 1043036 0.9947166442871094
16454 1043037 0.9947175979614258
16456 1043038 0.9947185516357422
16457 1043041 0.9947214126586914
16466 1043045 0.994725227355957
16467 1043046 0.9947261810302734
16469 1043049 0.9947290420532227
16470 1043050 0.9947299957275391
16471 1043052 0.9947319030761719
16472 1043054 0.9947338104248047
16473 1043056 0.9947357177734375
16475 1043057 0.9947366714477539
16477 1043058 0.9947376251220703
16480 1043059 0.9947385787963867
16481 1043060 0.9947395324707031
16482 1043063 0.9947423934936523
16483 1043066 0.9947452545166016
16484 1043068 0.9947471618652344
16485 1043069 0.9947481155395508
16486 1043070 0.9947490692138672
16487 1043071 0.9947500228881836
16488 1043072 0.9947509765625
16489 1043073 0.9947519302368164
16492 1043074 0.9947528839111328
16495 1043075 0.9947538375854492
16496 1043077 0.994755744934082
16497 1043078 0.9947566986083984
16499 1043080 0.9947586059570312
16502 1043081 0.9947595596313477
16504 1043083 0.9947614669799805
16505 1043084 0.9947624206542969
16506 1043086 0.9947643280029297
16507 1043087 0.9947652816772461
16508 1043089 0.9947671890258789
16510 1043090 0.9947681427001953
16511 1043091 0.9947690963745117
16512 1043092 0.9947700500488281
16513 1043093 0.9947710037231445
16515 1043097 0.9947748184204102
16517 1043098 0.9947757720947266
16518 1043100 0.9947776794433594
16521 1043101 0.9947786331176758
16522 1043102 0.9947795867919922
16524 1043104 0.994781494140625
16527 1043106 0.9947834014892578
16529 1043109 0.994786262512207
16530 1043110 0.9947872161865234
16531 1043112 0.9947891235351562
16532 1043115 0.9947919845581055
16533 1043116 0.9947929382324219
16534 1043119 0.9947957992553711
16535 1043121 0.9947977066040039
16537 1043126 0.9948024749755859
16539 1043127 0.9948034286499023
16541 1043128 0.9948043823242188
16542 1043131 0.994807243347168
16543 1043133 0.9948091506958008
16546 1043135 0.9948110580444336
16547 1043136 0.99481201171875
16549 1043138 0.9948139190673828
16552 1043139 0.9948148727416992
16553 1043142 0.9948177337646484
16554 1043144 0.9948196411132812
16555 1043146 0.9948215484619141
16557 1043148 0.9948234558105469
16560 1043149 0.9948244094848633
16561 1043150 0.9948253631591797
16562 1043151 0.9948263168334961
16563 1043152 0.9948272705078125
16564 1043153 0.9948282241821289
16567 1043154 0.9948291778564453
16570 1043155 0.9948301315307617
16571 1043157 0.9948320388793945
16572 1043158 0.9948329925537109
16574 1043159 0.9948339462280273
16575 1043160 0.9948348999023438
16576 1043161 0.9948358535766602
16579 1043162 0.9948368072509766
16582 1043164 0.9948387145996094
16583 1043166 0.9948406219482422
16584 1043168 0.994842529296875
16588 1043169 0.9948434829711914
16589 1043170 0.9948444366455078
16591 1043172 0.9948463439941406
16592 1043173 0.994847297668457
16595 1043175 0.9948492050170898
16597 1043177 0.9948511123657227
16600 1043178 0.9948520660400391
16601 1043179 0.9948530197143555
16603 1043182 0.9948558807373047
16604 1043185 0.9948587417602539
16606 1043188 0.9948616027832031
16607 1043189 0.9948625564575195
16608 1043192 0.9948654174804688
16609 1043195 0.994868278503418
16611 1043197 0.9948701858520508
16612 1043202 0.9948749542236328
16615 1043204 0.9948768615722656
16616 1043206 0.9948787689208984
16617 1043207 0.9948797225952148
16618 1043208 0.9948806762695312
16620 1043210 0.9948825836181641
16621 1043213 0.9948854446411133
16623 1043214 0.9948863983154297
16624 1043215 0.9948873519897461
16626 1043216 0.9948883056640625
16627 1043218 0.9948902130126953
16628 1043219 0.9948911666870117
16629 1043220 0.9948921203613281
16630 1043222 0.9948940277099609
16631 1043224 0.9948959350585938
16632 1043225 0.9948968887329102
16634 1043226 0.9948978424072266
16635 1043228 0.9948997497558594
16636 1043229 0.9949007034301758
16637 1043230 0.9949016571044922
16638 1043232 0.994903564453125
16639 1043233 0.9949045181274414
16641 1043234 0.9949054718017578
16642 1043235 0.9949064254760742
16643 1043236 0.9949073791503906
16644 1043237 0.994908332824707
16645 1043238 0.9949092864990234
16646 1043240 0.9949111938476562
16647 1043242 0.9949131011962891
16648 1043244 0.9949150085449219
16649 1043246 0.9949169158935547
16650 1043250 0.9949207305908203
16651 1043251 0.9949216842651367
16653 1043253 0.9949235916137695
16656 1043254 0.9949245452880859
16657 1043255 0.9949254989624023
16658 1043256 0.9949264526367188
16659 1043258 0.9949283599853516
16661 1043259 0.994929313659668
16663 1043260 0.9949302673339844
16664 1043262 0.9949321746826172
16665 1043263 0.9949331283569336
16666 1043264 0.99493408203125
16668 1043266 0.9949359893798828
16669 1043267 0.9949369430541992
16671 1043268 0.9949378967285156
16673 1043270 0.9949398040771484
16674 1043274 0.9949436187744141
16676 1043275 0.9949445724487305
16677 1043277 0.9949464797973633
16678 1043279 0.9949483871459961
16679 1043280 0.9949493408203125
16681 1043281 0.9949502944946289
16682 1043282 0.9949512481689453
16683 1043283 0.9949522018432617
16685 1043284 0.9949531555175781
16686 1043287 0.9949560165405273
16687 1043288 0.9949569702148438
16688 1043290 0.9949588775634766
16689 1043291 0.994959831237793
16690 1043295 0.9949636459350586
16693 1043296 0.994964599609375
16696 1043298 0.9949665069580078
16698 1043300 0.9949684143066406
16699 1043301 0.994969367980957
16700 1043302 0.9949703216552734
16701 1043304 0.9949722290039062
16702 1043306 0.9949741363525391
16703 1043308 0.9949760437011719
16704 1043310 0.9949779510498047
16706 1043311 0.9949789047241211
16707 1043312 0.9949798583984375
16709 1043313 0.9949808120727539
16711 1043314 0.9949817657470703
16715 1043315 0.9949827194213867
16718 1043316 0.9949836730957031
16719 1043317 0.9949846267700195
16722 1043318 0.9949855804443359
16725 1043319 0.9949865341186523
16726 1043323 0.994990348815918
16727 1043326 0.9949932098388672
16728 1043327 0.9949941635131836
16729 1043328 0.9949951171875
16731 1043329 0.9949960708618164
16732 1043331 0.9949979782104492
16733 1043332 0.9949989318847656
16734 1043334 0.9950008392333984
16735 1043336 0.9950027465820312
16736 1043338 0.9950046539306641
16739 1043339 0.9950056076049805
16740 1043340 0.9950065612792969
16741 1043341 0.9950075149536133
16742 1043343 0.9950094223022461
16743 1043345 0.9950113296508789
16744 1043346 0.9950122833251953
16745 1043347 0.9950132369995117
16746 1043350 0.9950160980224609
16748 1043351 0.9950170516967773
16749 1043352 0.9950180053710938
16750 1043353 0.9950189590454102
16752 1043357 0.9950227737426758
16754 1043358 0.9950237274169922
16755 1043359 0.9950246810913086
16757 1043360 0.995025634765625
16758 1043361 0.9950265884399414
16759 1043362 0.9950275421142578
16760 1043364 0.9950294494628906
16763 1043366 0.9950313568115234
16765 1043369 0.9950342178344727
16766 1043370 0.9950351715087891
16768 1043371 0.9950361251831055
16770 1043372 0.9950370788574219
16772 1043374 0.9950389862060547
16774 1043375 0.9950399398803711
16776 1043377 0.9950418472290039
16777 1043381 0.9950456619262695
16778 1043382 0.9950466156005859
16780 1043385 0.9950494766235352
16781 1043388 0.9950523376464844
16782 1043392 0.99505615234375
16783 1043394 0.9950580596923828
16784 1043396 0.9950599670410156
16785 1043398 0.9950618743896484
16787 1043401 0.9950647354125977
16788 1043402 0.9950656890869141
16793 1043406 0.9950695037841797
16794 1043407 0.9950704574584961
16795 1043408 0.9950714111328125
16797 1043410 0.9950733184814453
16798 1043415 0.9950780868530273
16799 1043416 0.9950790405273438
16800 1043419 0.995081901550293
16801 1043420 0.9950828552246094
16802 1043421 0.9950838088989258
16806 1043422 0.9950847625732422
16807 1043423 0.9950857162475586
16808 1043424 0.995086669921875
16809 1043425 0.9950876235961914
16812 1043426 0.9950885772705078
16813 1043427 0.9950895309448242
16814 1043428 0.9950904846191406
16817 1043431 0.9950933456420898
16819 1043432 0.9950942993164062
16820 1043433 0.9950952529907227
16821 1043434 0.9950962066650391
16822 1043435 0.9950971603393555
16823 1043438 0.9951000213623047
16825 1043440 0.9951019287109375
16826 1043442 0.9951038360595703
16827 1043443 0.9951047897338867
16828 1043444 0.9951057434082031
16829 1043445 0.9951066970825195
16830 1043446 0.9951076507568359
16831 1043449 0.9951105117797852
16834 1043450 0.9951114654541016
16835 1043451 0.995112419128418
16836 1043452 0.9951133728027344
16837 1043453 0.9951143264770508
16839 1043454 0.9951152801513672
16840 1043456 0.9951171875
16843 1043457 0.9951181411743164
16845 1043458 0.9951190948486328
16846 1043460 0.9951210021972656
16847 1043462 0.9951229095458984
16848 1043463 0.9951238632202148
16849 1043466 0.9951267242431641
16851 1043468 0.9951286315917969
16854 1043470 0.9951305389404297
16855 1043471 0.9951314926147461
16856 1043473 0.9951333999633789
16857 1043474 0.9951343536376953
16858 1043476 0.9951362609863281
16859 1043478 0.9951381683349609
16860 1043479 0.9951391220092773
16861 1043480 0.9951400756835938
16862 1043481 0.9951410293579102
16863 1043483 0.995142936706543
16864 1043484 0.9951438903808594
16865 1043485 0.9951448440551758
16866 1043486 0.9951457977294922
16869 1043488 0.995147705078125
16872 1043489 0.9951486587524414
16873 1043490 0.9951496124267578
16878 1043493 0.995152473449707
16881 1043494 0.9951534271240234
16882 1043495 0.9951543807983398
16883 1043497 0.9951562881469727
16885 1043499 0.9951581954956055
16886 1043501 0.9951601028442383
16887 1043502 0.9951610565185547
16888 1043503 0.9951620101928711
16898 1043505 0.9951639175415039
16900 1043506 0.9951648712158203
16902 1043507 0.9951658248901367
16904 1043508 0.9951667785644531
16905 1043509 0.9951677322387695
16907 1043510 0.9951686859130859
16908 1043511 0.9951696395874023
16909 1043512 0.9951705932617188
16910 1043514 0.9951725006103516
16913 1043515 0.995173454284668
16914 1043516 0.9951744079589844
16915 1043517 0.9951753616333008
16916 1043518 0.9951763153076172
16917 1043519 0.9951772689819336
16918 1043520 0.99517822265625
16920 1043521 0.9951791763305664
16922 1043522 0.9951801300048828
16923 1043525 0.995182991027832
16926 1043526 0.9951839447021484
16927 1043527 0.9951848983764648
16928 1043528 0.9951858520507812
16931 1043531 0.9951887130737305
16934 1043532 0.9951896667480469
16935 1043534 0.9951915740966797
16936 1043537 0.9951944351196289
16940 1043539 0.9951963424682617
16941 1043540 0.9951972961425781
16942 1043541 0.9951982498168945
16943 1043542 0.9951992034912109
16946 1043544 0.9952011108398438
16948 1043546 0.9952030181884766
16949 1043547 0.995203971862793
16950 1043549 0.9952058792114258
16951 1043550 0.9952068328857422
16954 1043552 0.995208740234375
16955 1043553 0.9952096939086914
16956 1043554 0.9952106475830078
16959 1043555 0.9952116012573242
16960 1043556 0.9952125549316406
16961 1043557 0.995213508605957
16962 1043559 0.9952154159545898
16963 1043560 0.9952163696289062
16965 1043561 0.9952173233032227
16969 1043563 0.9952192306518555
16972 1043565 0.9952211380004883
16974 1043568 0.9952239990234375
16975 1043570 0.9952259063720703
16978 1043572 0.9952278137207031
16979 1043573 0.9952287673950195
16980 1043575 0.9952306747436523
16981 1043576 0.9952316284179688
16983 1043578 0.9952335357666016
16984 1043581 0.9952363967895508
16985 1043582 0.9952373504638672
16986 1043584 0.9952392578125
16988 1043585 0.9952402114868164
16989 1043586 0.9952411651611328
16990 1043588 0.9952430725097656
16991 1043589 0.995244026184082
16992 1043590 0.9952449798583984
16993 1043592 0.9952468872070312
16994 1043593 0.9952478408813477
16995 1043594 0.9952487945556641
16996 1043595 0.9952497482299805
16997 1043598 0.9952526092529297
16998 1043599 0.9952535629272461
16999 1043600 0.9952545166015625
17000 1043601 0.9952554702758789
17001 1043602 0.9952564239501953
17003 1043603 0.9952573776245117
17004 1043604 0.9952583312988281
17007 1043606 0.9952602386474609
17009 1043607 0.9952611923217773
17011 1043608 0.9952621459960938
17012 1043610 0.9952640533447266
17013 1043612 0.9952659606933594
17016 1043614 0.9952678680419922
17017 1043615 0.9952688217163086
17019 1043618 0.9952716827392578
17020 1043619 0.9952726364135742
17021 1043620 0.9952735900878906
17023 1043621 0.995274543762207
17024 1043623 0.9952764511108398
17026 1043625 0.9952783584594727
17027 1043626 0.9952793121337891
17029 1043627 0.9952802658081055
17031 1043629 0.9952821731567383
17032 1043630 0.9952831268310547
17035 1043632 0.9952850341796875
17036 1043633 0.9952859878540039
17037 1043634 0.9952869415283203
17039 1043636 0.9952888488769531
17042 1043638 0.9952907562255859
17043 1043639 0.9952917098999023
17044 1043640 0.9952926635742188
17047 1043641 0.9952936172485352
17048 1043642 0.9952945709228516
17050 1043644 0.9952964782714844
17052 1043646 0.9952983856201172
17054 1043648 0.99530029296875
17058 1043649 0.9953012466430664
17059 1043651 0.9953031539916992
17060 1043653 0.995305061340332
17061 1043654 0.9953060150146484
17069 1043655 0.9953069686889648
17073 1043656 0.9953079223632812
17077 1043657 0.9953088760375977
17078 1043659 0.9953107833862305
17082 1043660 0.9953117370605469
17084 1043661 0.9953126907348633
17087 1043662 0.9953136444091797
17088 1043663 0.9953145980834961
17089 1043664 0.9953155517578125
17090 1043665 0.9953165054321289
17091 1043667 0.9953184127807617
17096 1043668 0.9953193664550781
17099 1043669 0.9953203201293945
17102 1043672 0.9953231811523438
17105 1043673 0.9953241348266602
17107 1043674 0.9953250885009766
17109 1043675 0.995326042175293
17110 1043676 0.9953269958496094
17111 1043677 0.9953279495239258
17114 1043679 0.9953298568725586
17115 1043680 0.995330810546875
17118 1043683 0.9953336715698242
17119 1043685 0.995335578918457
17120 1043686 0.9953365325927734
17121 1043687 0.9953374862670898
17122 1043689 0.9953393936157227
17123 1043690 0.9953403472900391
17124 1043693 0.9953432083129883
17125 1043694 0.9953441619873047
17126 1043696 0.9953460693359375
17127 1043699 0.9953489303588867
17130 1043701 0.9953508377075195
17131 1043702 0.9953517913818359
17132 1043703 0.9953527450561523
17133 1043705 0.9953546524047852
17137 1043706 0.9953556060791016
17141 1043708 0.9953575134277344
17142 1043709 0.9953584671020508
17143 1043710 0.9953594207763672
17145 1043711 0.9953603744506836
17146 1043713 0.9953622817993164
17147 1043715 0.9953641891479492
17149 1043719 0.9953680038452148
17150 1043720 0.9953689575195312
17152 1043722 0.9953708648681641
17155 1043723 0.9953718185424805
17157 1043724 0.9953727722167969
17158 1043725 0.9953737258911133
17159 1043726 0.9953746795654297
17162 1043727 0.9953756332397461
17164 1043728 0.9953765869140625
17165 1043730 0.9953784942626953
17166 1043731 0.9953794479370117
17170 1043735 0.9953832626342773
17171 1043736 0.9953842163085938
17172 1043738 0.9953861236572266
17174 1043739 0.995387077331543
17175 1043741 0.9953889846801758
17177 1043742 0.9953899383544922
17178 1043743 0.9953908920288086
17179 1043744 0.995391845703125
17180 1043745 0.9953927993774414
17181 1043746 0.9953937530517578
17182 1043747 0.9953947067260742
17183 1043748 0.9953956604003906
17184 1043749 0.995396614074707
17186 1043750 0.9953975677490234
17187 1043751 0.9953985214233398
17188 1043754 0.9954013824462891
17190 1043755 0.9954023361206055
17191 1043756 0.9954032897949219
17194 1043757 0.9954042434692383
17195 1043760 0.9954071044921875
17196 1043761 0.9954080581665039
17200 1043763 0.9954099655151367
17201 1043765 0.9954118728637695
17202 1043766 0.9954128265380859
17204 1043767 0.9954137802124023
17205 1043770 0.9954166412353516
17207 1043771 0.995417594909668
17208 1043772 0.9954185485839844
17209 1043773 0.9954195022583008
17210 1043774 0.9954204559326172
17211 1043776 0.99542236328125
17214 1043778 0.9954242706298828
17215 1043779 0.9954252243041992
17217 1043780 0.9954261779785156
17218 1043781 0.995427131652832
17219 1043782 0.9954280853271484
17220 1043783 0.9954290390014648
17222 1043785 0.9954309463500977
17223 1043787 0.9954328536987305
17225 1043788 0.9954338073730469
17226 1043790 0.9954357147216797
17227 1043792 0.9954376220703125
17232 1043794 0.9954395294189453
17233 1043795 0.9954404830932617
17236 1043796 0.9954414367675781
17238 1043798 0.9954433441162109
17240 1043799 0.9954442977905273
17241 1043800 0.9954452514648438
17242 1043801 0.9954462051391602
17243 1043803 0.995448112487793
17245 1043805 0.9954500198364258
17249 1043806 0.9954509735107422
17250 1043807 0.9954519271850586
17251 1043809 0.9954538345336914
17253 1043810 0.9954547882080078
17256 1043812 0.9954566955566406
17258 1043814 0.9954586029052734
17260 1043816 0.9954605102539062
17264 1043817 0.9954614639282227
17265 1043818 0.9954624176025391
17266 1043819 0.9954633712768555
17267 1043820 0.9954643249511719
17269 1043822 0.9954662322998047
17274 1043824 0.9954681396484375
17275 1043825 0.9954690933227539
17278 1043826 0.9954700469970703
17280 1043827 0.9954710006713867
17282 1043828 0.9954719543457031
17283 1043829 0.9954729080200195
17284 1043831 0.9954748153686523
17286 1043832 0.9954757690429688
17288 1043834 0.9954776763916016
17289 1043837 0.9954805374145508
17293 1043838 0.9954814910888672
17294 1043839 0.9954824447631836
17295 1043840 0.9954833984375
17296 1043843 0.9954862594604492
17297 1043845 0.995488166809082
17298 1043848 0.9954910278320312
17299 1043849 0.9954919815063477
17300 1043850 0.9954929351806641
17302 1043852 0.9954948425292969
17303 1043855 0.9954977035522461
17304 1043857 0.9954996109008789
17307 1043861 0.9955034255981445
17309 1043862 0.9955043792724609
17311 1043863 0.9955053329467773
17313 1043865 0.9955072402954102
17314 1043867 0.995509147644043
17315 1043870 0.9955120086669922
17318 1043871 0.9955129623413086
17319 1043873 0.9955148696899414
17320 1043875 0.9955167770385742
17321 1043876 0.9955177307128906
17323 1043877 0.995518684387207
17325 1043879 0.9955205917358398
17327 1043881 0.9955224990844727
17332 1043883 0.9955244064331055
17334 1043884 0.9955253601074219
17335 1043885 0.9955263137817383
17336 1043886 0.9955272674560547
17337 1043887 0.9955282211303711
17341 1043888 0.9955291748046875
17342 1043889 0.9955301284790039
17346 1043890 0.9955310821533203
17351 1043891 0.9955320358276367
17352 1043892 0.9955329895019531
17356 1043893 0.9955339431762695
17357 1043894 0.9955348968505859
17361 1043896 0.9955368041992188
17362 1043897 0.9955377578735352
17363 1043898 0.9955387115478516
17365 1043900 0.9955406188964844
17367 1043904 0.99554443359375
17370 1043905 0.9955453872680664
17371 1043906 0.9955463409423828
17374 1043907 0.9955472946166992
17378 1043908 0.9955482482910156
17379 1043911 0.9955511093139648
17381 1043912 0.9955520629882812
17383 1043913 0.9955530166625977
17387 1043914 0.9955539703369141
17388 1043915 0.9955549240112305
17395 1043917 0.9955568313598633
17397 1043919 0.9955587387084961
17398 1043920 0.9955596923828125
17399 1043922 0.9955615997314453
17402 1043923 0.9955625534057617
17405 1043924 0.9955635070800781
17407 1043925 0.9955644607543945
17408 1043927 0.9955663681030273
17409 1043928 0.9955673217773438
17414 1043929 0.9955682754516602
17417 1043931 0.995570182800293
17418 1043933 0.9955720901489258
17419 1043934 0.9955730438232422
17420 1043935 0.9955739974975586
17421 1043937 0.9955759048461914
17423 1043938 0.9955768585205078
17424 1043939 0.9955778121948242
17427 1043940 0.9955787658691406
17430 1043943 0.9955816268920898
17432 1043944 0.9955825805664062
17433 1043945 0.9955835342407227
17436 1043946 0.9955844879150391
17437 1043947 0.9955854415893555
17439 1043950 0.9955883026123047
17440 1043951 0.9955892562866211
17443 1043953 0.9955911636352539
17448 1043954 0.9955921173095703
17450 1043956 0.9955940246582031
17451 1043957 0.9955949783325195
17452 1043958 0.9955959320068359
17453 1043959 0.9955968856811523
17461 1043960 0.9955978393554688
17463 1043961 0.9955987930297852
17466 1043963 0.995600700378418
17467 1043964 0.9956016540527344
17471 1043965 0.9956026077270508
17473 1043966 0.9956035614013672
17478 1043970 0.9956073760986328
17479 1043971 0.9956083297729492
17480 1043973 0.995610237121582
17481 1043974 0.9956111907958984
17483 1043976 0.9956130981445312
17485 1043978 0.9956150054931641
17486 1043979 0.9956159591674805
17488 1043981 0.9956178665161133
17490 1043982 0.9956188201904297
17495 1043983 0.9956197738647461
17500 1043984 0.9956207275390625
17502 1043986 0.9956226348876953
17505 1043987 0.9956235885620117
17506 1043988 0.9956245422363281
17509 1043989 0.9956254959106445
17511 1043990 0.9956264495849609
17513 1043994 0.9956302642822266
17514 1043996 0.9956321716308594
17515 1043997 0.9956331253051758
17517 1043999 0.9956350326538086
17522 1044001 0.9956369400024414
17525 1044002 0.9956378936767578
17529 1044004 0.9956398010253906
17530 1044005 0.995640754699707
17532 1044006 0.9956417083740234
17533 1044007 0.9956426620483398
17535 1044008 0.9956436157226562
17536 1044009 0.9956445693969727
17537 1044010 0.9956455230712891
17541 1044012 0.9956474304199219
17543 1044013 0.9956483840942383
17544 1044014 0.9956493377685547
17545 1044016 0.9956512451171875
17549 1044017 0.9956521987915039
17550 1044018 0.9956531524658203
17551 1044019 0.9956541061401367
17553 1044020 0.9956550598144531
17559 1044021 0.9956560134887695
17560 1044022 0.9956569671630859
17561 1044023 0.9956579208374023
17563 1044024 0.9956588745117188
17564 1044025 0.9956598281860352
17567 1044027 0.995661735534668
17569 1044028 0.9956626892089844
17571 1044029 0.9956636428833008
17572 1044030 0.9956645965576172
17576 1044031 0.9956655502319336
17579 1044034 0.9956684112548828
17580 1044035 0.9956693649291992
17581 1044037 0.995671272277832
17584 1044038 0.9956722259521484
17585 1044039 0.9956731796264648
17587 1044040 0.9956741333007812
17588 1044041 0.9956750869750977
17589 1044044 0.9956779479980469
17594 1044047 0.9956808090209961
17598 1044049 0.9956827163696289
17603 1044053 0.9956865310668945
17606 1044054 0.9956874847412109
17607 1044055 0.9956884384155273
17608 1044056 0.9956893920898438
17610 1044057 0.9956903457641602
17611 1044058 0.9956912994384766
17613 1044059 0.995692253112793
17616 1044062 0.9956951141357422
17617 1044065 0.9956979751586914
17618 1044068 0.9957008361816406
17624 1044070 0.9957027435302734
17625 1044071 0.9957036972045898
17626 1044072 0.9957046508789062
17628 1044073 0.9957056045532227
17629 1044074 0.9957065582275391
17631 1044077 0.9957094192504883
17634 1044078 0.9957103729248047
17637 1044079 0.9957113265991211
17640 1044081 0.9957132339477539
17646 1044082 0.9957141876220703
17649 1044083 0.9957151412963867
17650 1044084 0.9957160949707031
17651 1044085 0.9957170486450195
17653 1044086 0.9957180023193359
17654 1044087 0.9957189559936523
17655 1044088 0.9957199096679688
17656 1044089 0.9957208633422852
17657 1044092 0.9957237243652344
17659 1044093 0.9957246780395508
17660 1044094 0.9957256317138672
17663 1044096 0.9957275390625
17664 1044097 0.9957284927368164
17668 1044098 0.9957294464111328
17669 1044099 0.9957304000854492
17670 1044100 0.9957313537597656
17671 1044101 0.995732307434082
17672 1044102 0.9957332611083984
17674 1044103 0.9957342147827148
17675 1044106 0.9957370758056641
17677 1044108 0.9957389831542969
17679 1044109 0.9957399368286133
17680 1044110 0.9957408905029297
17682 1044111 0.9957418441772461
17685 1044112 0.9957427978515625
17689 1044113 0.9957437515258789
17690 1044114 0.9957447052001953
17691 1044115 0.9957456588745117
17693 1044116 0.9957466125488281
17695 1044117 0.9957475662231445
17696 1044118 0.9957485198974609
17697 1044120 0.9957504272460938
17700 1044121 0.9957513809204102
17702 1044124 0.9957542419433594
17703 1044125 0.9957551956176758
17705 1044127 0.9957571029663086
17708 1044130 0.9957599639892578
17710 1044132 0.9957618713378906
17711 1044133 0.995762825012207
17712 1044134 0.9957637786865234
17713 1044135 0.9957647323608398
17714 1044136 0.9957656860351562
17715 1044138 0.9957675933837891
17716 1044139 0.9957685470581055
17720 1044140 0.9957695007324219
17721 1044141 0.9957704544067383
17723 1044143 0.9957723617553711
17724 1044144 0.9957733154296875
17727 1044145 0.9957742691040039
17728 1044146 0.9957752227783203
17729 1044148 0.9957771301269531
17730 1044149 0.9957780838012695
17732 1044153 0.9957818984985352
17738 1044154 0.9957828521728516
17739 1044155 0.995783805847168
17741 1044156 0.9957847595214844
17743 1044159 0.9957876205444336
17744 1044160 0.99578857421875
17745 1044161 0.9957895278930664
17746 1044162 0.9957904815673828
17748 1044163 0.9957914352416992
17751 1044167 0.9957952499389648
17755 1044169 0.9957971572875977
17758 1044171 0.9957990646362305
17759 1044172 0.9958000183105469
17760 1044173 0.9958009719848633
17761 1044174 0.9958019256591797
17765 1044175 0.9958028793334961
17767 1044176 0.9958038330078125
17768 1044177 0.9958047866821289
17770 1044178 0.9958057403564453
17773 1044179 0.9958066940307617
17774 1044180 0.9958076477050781
17775 1044182 0.9958095550537109
17776 1044183 0.9958105087280273
17777 1044184 0.9958114624023438
17779 1044187 0.995814323425293
17780 1044189 0.9958162307739258
17782 1044191 0.9958181381225586
17784 1044193 0.9958200454711914
17785 1044194 0.9958209991455078
17787 1044196 0.9958229064941406
17789 1044198 0.9958248138427734
17790 1044199 0.9958257675170898
17795 1044201 0.9958276748657227
17797 1044202 0.9958286285400391
17798 1044205 0.9958314895629883
17799 1044207 0.9958333969116211
17801 1044208 0.9958343505859375
17802 1044209 0.9958353042602539
17804 1044211 0.9958372116088867
17808 1044213 0.9958391189575195
17810 1044214 0.9958400726318359
17813 1044215 0.9958410263061523
17816 1044218 0.9958438873291016
17818 1044220 0.9958457946777344
17819 1044221 0.9958467483520508
17820 1044222 0.9958477020263672
17821 1044223 0.9958486557006836
17823 1044224 0.995849609375
17826 1044225 0.9958505630493164
17830 1044226 0.9958515167236328
17832 1044227 0.9958524703979492
17833 1044228 0.9958534240722656
17839 1044229 0.995854377746582
17843 1044230 0.9958553314208984
17845 1044232 0.9958572387695312
17846 1044233 0.9958581924438477
17848 1044235 0.9958600997924805
17849 1044236 0.9958610534667969
17851 1044237 0.9958620071411133
17853 1044238 0.9958629608154297
17854 1044240 0.9958648681640625
17856 1044241 0.9958658218383789
17858 1044242 0.9958667755126953
17864 1044243 0.9958677291870117
17865 1044246 0.9958705902099609
17866 1044247 0.9958715438842773
17868 1044248 0.9958724975585938
17872 1044250 0.9958744049072266
17873 1044253 0.9958772659301758
17874 1044254 0.9958782196044922
17876 1044257 0.9958810806274414
17878 1044258 0.9958820343017578
17879 1044259 0.9958829879760742
17880 1044260 0.9958839416503906
17883 1044261 0.995884895324707
17885 1044262 0.9958858489990234
17886 1044264 0.9958877563476562
17890 1044265 0.9958887100219727
17891 1044268 0.9958915710449219
17893 1044270 0.9958934783935547
17896 1044274 0.9958972930908203
17900 1044275 0.9958982467651367
17903 1044276 0.9958992004394531
17904 1044278 0.9959011077880859
17905 1044280 0.9959030151367188
17906 1044281 0.9959039688110352
17908 1044284 0.9959068298339844
17909 1044285 0.9959077835083008
17910 1044286 0.9959087371826172
17912 1044287 0.9959096908569336
17913 1044288 0.99591064453125
17917 1044289 0.9959115982055664
17919 1044290 0.9959125518798828
17921 1044291 0.9959135055541992
17923 1044292 0.9959144592285156
17924 1044294 0.9959163665771484
17925 1044295 0.9959173202514648
17927 1044297 0.9959192276000977
17928 1044299 0.9959211349487305
17930 1044301 0.9959230422973633
17932 1044303 0.9959249496459961
17938 1044304 0.9959259033203125
17943 1044305 0.9959268569946289
17944 1044306 0.9959278106689453
17945 1044307 0.9959287643432617
17947 1044309 0.9959306716918945
17948 1044311 0.9959325790405273
17949 1044312 0.9959335327148438
17950 1044313 0.9959344863891602
17951 1044314 0.9959354400634766
17952 1044315 0.995936393737793
17955 1044316 0.9959373474121094
17956 1044318 0.9959392547607422
17957 1044319 0.9959402084350586
17958 1044320 0.995941162109375
17960 1044321 0.9959421157836914
17961 1044322 0.9959430694580078
17964 1044324 0.9959449768066406
17965 1044325 0.995945930480957
17966 1044327 0.9959478378295898
17967 1044328 0.9959487915039062
17972 1044329 0.9959497451782227
17973 1044330 0.9959506988525391
17976 1044331 0.9959516525268555
17977 1044333 0.9959535598754883
17980 1044335 0.9959554672241211
17981 1044336 0.9959564208984375
17982 1044337 0.9959573745727539
17983 1044338 0.9959583282470703
17985 1044340 0.9959602355957031
17986 1044342 0.9959621429443359
17988 1044344 0.9959640502929688
17989 1044345 0.9959650039672852
17990 1044346 0.9959659576416016
17991 1044347 0.995966911315918
17992 1044348 0.9959678649902344
17993 1044350 0.9959697723388672
17994 1044351 0.9959707260131836
17997 1044352 0.9959716796875
17998 1044353 0.9959726333618164
17999 1044355 0.9959745407104492
18000 1044358 0.9959774017333984
18001 1044359 0.9959783554077148
18005 1044360 0.9959793090820312
18006 1044361 0.9959802627563477
18009 1044362 0.9959812164306641
18010 1044366 0.9959850311279297
18011 1044368 0.9959869384765625
18012 1044369 0.9959878921508789
18013 1044371 0.9959897994995117
18016 1044372 0.9959907531738281
18018 1044373 0.9959917068481445
18020 1044375 0.9959936141967773
18021 1044376 0.9959945678710938
18025 1044377 0.9959955215454102
18029 1044379 0.995997428894043
18030 1044380 0.9959983825683594
18032 1044383 0.9960012435913086
18034 1044385 0.9960031509399414
18038 1044386 0.9960041046142578
18039 1044387 0.9960050582885742
18041 1044389 0.996006965637207
18042 1044390 0.9960079193115234
18044 1044392 0.9960098266601562
18045 1044394 0.9960117340087891
18048 1044395 0.9960126876831055
18049 1044396 0.9960136413574219
18053 1044397 0.9960145950317383
18054 1044398 0.9960155487060547
18055 1044400 0.9960174560546875
18057 1044402 0.9960193634033203
18059 1044404 0.9960212707519531
18061 1044406 0.9960231781005859
18063 1044408 0.9960250854492188
18064 1044410 0.9960269927978516
18065 1044412 0.9960289001464844
18069 1044414 0.9960308074951172
18072 1044415 0.9960317611694336
18073 1044416 0.99603271484375
18076 1044417 0.9960336685180664
18080 1044418 0.9960346221923828
18081 1044420 0.9960365295410156
18082 1044422 0.9960384368896484
18084 1044424 0.9960403442382812
18090 1044425 0.9960412979125977
18095 1044428 0.9960441589355469
18099 1044429 0.9960451126098633
18101 1044430 0.9960460662841797
18103 1044431 0.9960470199584961
18104 1044432 0.9960479736328125
18105 1044433 0.9960489273071289
18106 1044434 0.9960498809814453
18109 1044437 0.9960527420043945
18113 1044438 0.9960536956787109
18114 1044440 0.9960556030273438
18115 1044441 0.9960565567016602
18116 1044442 0.9960575103759766
18120 1044444 0.9960594177246094
18121 1044445 0.9960603713989258
18123 1044446 0.9960613250732422
18130 1044447 0.9960622787475586
18131 1044449 0.9960641860961914
18133 1044451 0.9960660934448242
18134 1044452 0.9960670471191406
18139 1044453 0.996068000793457
18140 1044454 0.9960689544677734
18143 1044455 0.9960699081420898
18151 1044456 0.9960708618164062
18156 1044457 0.9960718154907227
18158 1044458 0.9960727691650391
18162 1044459 0.9960737228393555
18163 1044460 0.9960746765136719
18169 1044461 0.9960756301879883
18170 1044462 0.9960765838623047
18171 1044463 0.9960775375366211
18174 1044465 0.9960794448852539
18178 1044466 0.9960803985595703
18179 1044467 0.9960813522338867
18180 1044469 0.9960832595825195
18181 1044471 0.9960851669311523
18186 1044473 0.9960870742797852
18187 1044474 0.9960880279541016
18188 1044475 0.996088981628418
18189 1044476 0.9960899353027344
18192 1044478 0.9960918426513672
18202 1044479 0.9960927963256836
18204 1044480 0.99609375
18206 1044481 0.9960947036743164
18207 1044483 0.9960966110229492
18211 1044484 0.9960975646972656
18215 1044485 0.996098518371582
18216 1044486 0.9960994720458984
18217 1044487 0.9961004257202148
18218 1044489 0.9961023330688477
18219 1044490 0.9961032867431641
18221 1044491 0.9961042404174805
18222 1044492 0.9961051940917969
18224 1044493 0.9961061477661133
18227 1044494 0.9961071014404297
18228 1044495 0.9961080551147461
18229 1044496 0.9961090087890625
18230 1044499 0.9961118698120117
18233 1044500 0.9961128234863281
18235 1044502 0.9961147308349609
18237 1044503 0.9961156845092773
18241 1044504 0.9961166381835938
18244 1044505 0.9961175918579102
18245 1044508 0.9961204528808594
18247 1044509 0.9961214065551758
18250 1044510 0.9961223602294922
18251 1044511 0.9961233139038086
18252 1044513 0.9961252212524414
18254 1044514 0.9961261749267578
18256 1044515 0.9961271286010742
18257 1044516 0.9961280822753906
18261 1044517 0.996129035949707
18264 1044518 0.9961299896240234
18269 1044519 0.9961309432983398
18270 1044520 0.9961318969726562
18271 1044522 0.9961338043212891
18272 1044523 0.9961347579956055
18275 1044524 0.9961357116699219
18279 1044527 0.9961385726928711
18283 1044528 0.9961395263671875
18287 1044529 0.9961404800415039
18288 1044530 0.9961414337158203
18289 1044531 0.9961423873901367
18293 1044532 0.9961433410644531
18294 1044533 0.9961442947387695
18295 1044534 0.9961452484130859
18297 1044535 0.9961462020874023
18298 1044536 0.9961471557617188
18299 1044537 0.9961481094360352
18300 1044538 0.9961490631103516
18301 1044539 0.996150016784668
18303 1044540 0.9961509704589844
18308 1044541 0.9961519241333008
18309 1044542 0.9961528778076172
18310 1044544 0.99615478515625
18312 1044546 0.9961566925048828
18314 1044547 0.9961576461791992
18316 1044548 0.9961585998535156
18318 1044549 0.996159553527832
18320 1044550 0.9961605072021484
18321 1044553 0.9961633682250977
18322 1044554 0.9961643218994141
18323 1044555 0.9961652755737305
18324 1044556 0.9961662292480469
18325 1044557 0.9961671829223633
18327 1044558 0.9961681365966797
18329 1044559 0.9961690902709961
18330 1044560 0.9961700439453125
18335 1044561 0.9961709976196289
18336 1044562 0.9961719512939453
18337 1044563 0.9961729049682617
18338 1044564 0.9961738586425781
18339 1044565 0.9961748123168945
18340 1044566 0.9961757659912109
18342 1044567 0.9961767196655273
18345 1044568 0.9961776733398438
18346 1044570 0.9961795806884766
18350 1044572 0.9961814880371094
18351 1044574 0.9961833953857422
18353 1044575 0.9961843490600586
18354 1044577 0.9961862564086914
18355 1044578 0.9961872100830078
18357 1044579 0.9961881637573242
18358 1044580 0.9961891174316406
18360 1044581 0.996190071105957
18363 1044584 0.9961929321289062
18367 1044585 0.9961938858032227
18368 1044586 0.9961948394775391
18374 1044587 0.9961957931518555
18375 1044589 0.9961977005004883
18377 1044590 0.9961986541748047
18378 1044591 0.9961996078491211
18379 1044592 0.9962005615234375
18381 1044593 0.9962015151977539
18382 1044594 0.9962024688720703
18383 1044595 0.9962034225463867
18389 1044597 0.9962053298950195
18390 1044598 0.9962062835693359
18393 1044599 0.9962072372436523
18395 1044600 0.9962081909179688
18396 1044601 0.9962091445922852
18399 1044602 0.9962100982666016
18401 1044604 0.9962120056152344
18402 1044605 0.9962129592895508
18404 1044608 0.9962158203125
18405 1044610 0.9962177276611328
18406 1044613 0.996220588684082
18408 1044614 0.9962215423583984
18410 1044615 0.9962224960327148
18412 1044616 0.9962234497070312
18413 1044617 0.9962244033813477
18416 1044618 0.9962253570556641
18417 1044619 0.9962263107299805
18421 1044620 0.9962272644042969
18422 1044621 0.9962282180786133
18423 1044622 0.9962291717529297
18427 1044623 0.9962301254272461
18428 1044624 0.9962310791015625
18430 1044626 0.9962329864501953
18436 1044627 0.9962339401245117
18437 1044628 0.9962348937988281
18438 1044629 0.9962358474731445
18441 1044630 0.9962368011474609
18442 1044631 0.9962377548217773
18444 1044632 0.9962387084960938
18446 1044633 0.9962396621704102
18449 1044635 0.996241569519043
18456 1044636 0.9962425231933594
18461 1044637 0.9962434768676758
18466 1044638 0.9962444305419922
18468 1044639 0.9962453842163086
18471 1044640 0.996246337890625
18472 1044642 0.9962482452392578
18476 1044643 0.9962491989135742
18477 1044644 0.9962501525878906
18478 1044646 0.9962520599365234
18481 1044648 0.9962539672851562
18483 1044649 0.9962549209594727
18484 1044650 0.9962558746337891
18485 1044651 0.9962568283081055
18487 1044654 0.9962596893310547
18488 1044655 0.9962606430053711
18490 1044656 0.9962615966796875
18491 1044658 0.9962635040283203
18494 1044659 0.9962644577026367
18497 1044660 0.9962654113769531
18499 1044661 0.9962663650512695
18500 1044662 0.9962673187255859
18501 1044663 0.9962682723999023
18503 1044664 0.9962692260742188
18504 1044665 0.9962701797485352
18506 1044667 0.996272087097168
18508 1044668 0.9962730407714844
18516 1044669 0.9962739944458008
18521 1044671 0.9962759017944336
18524 1044672 0.99627685546875
18525 1044676 0.9962806701660156
18526 1044677 0.996281623840332
18527 1044678 0.9962825775146484
18528 1044679 0.9962835311889648
18530 1044681 0.9962854385375977
18532 1044684 0.9962882995605469
18534 1044685 0.9962892532348633
18535 1044686 0.9962902069091797
18536 1044688 0.9962921142578125
18546 1044689 0.9962930679321289
18547 1044690 0.9962940216064453
18551 1044691 0.9962949752807617
18552 1044692 0.9962959289550781
18553 1044693 0.9962968826293945
18554 1044695 0.9962987899780273
18556 1044696 0.9962997436523438
18557 1044697 0.9963006973266602
18560 1044698 0.9963016510009766
18561 1044699 0.996302604675293
18564 1044700 0.9963035583496094
18568 1044702 0.9963054656982422
18570 1044704 0.996307373046875
18575 1044705 0.9963083267211914
18577 1044706 0.9963092803955078
18578 1044707 0.9963102340698242
18580 1044708 0.9963111877441406
18583 1044709 0.996312141418457
18584 1044710 0.9963130950927734
18586 1044711 0.9963140487670898
18587 1044713 0.9963159561157227
18588 1044715 0.9963178634643555
18589 1044717 0.9963197708129883
18590 1044718 0.9963207244873047
18593 1044719 0.9963216781616211
18596 1044720 0.9963226318359375
18597 1044721 0.9963235855102539
18598 1044723 0.9963254928588867
18603 1044724 0.9963264465332031
18607 1044725 0.9963274002075195
18608 1044726 0.9963283538818359
18611 1044727 0.9963293075561523
18616 1044728 0.9963302612304688
18617 1044729 0.9963312149047852
18619 1044731 0.996333122253418
18620 1044732 0.9963340759277344
18623 1044733 0.9963350296020508
18626 1044734 0.9963359832763672
18627 1044735 0.9963369369506836
18629 1044736 0.996337890625
18631 1044737 0.9963388442993164
18634 1044739 0.9963407516479492
18639 1044741 0.996342658996582
18641 1044743 0.9963445663452148
18645 1044746 0.9963474273681641
18651 1044749 0.9963502883911133
18656 1044750 0.9963512420654297
18657 1044752 0.9963531494140625
18659 1044753 0.9963541030883789
18661 1044754 0.9963550567626953
18662 1044755 0.9963560104370117
18663 1044756 0.9963569641113281
18664 1044757 0.9963579177856445
18665 1044758 0.9963588714599609
18666 1044760 0.9963607788085938
18668 1044761 0.9963617324829102
18669 1044764 0.9963645935058594
18672 1044765 0.9963655471801758
18676 1044766 0.9963665008544922
18677 1044767 0.9963674545288086
18678 1044768 0.996368408203125
18682 1044769 0.9963693618774414
18683 1044770 0.9963703155517578
18684 1044771 0.9963712692260742
18685 1044772 0.9963722229003906
18686 1044773 0.996373176574707
18691 1044774 0.9963741302490234
18694 1044775 0.9963750839233398
18695 1044776 0.9963760375976562
18702 1044777 0.9963769912719727
18703 1044778 0.9963779449462891
18707 1044779 0.9963788986206055
18708 1044780 0.9963798522949219
18711 1044782 0.9963817596435547
18713 1044783 0.9963827133178711
18714 1044784 0.9963836669921875
18716 1044785 0.9963846206665039
18719 1044786 0.9963855743408203
18720 1044787 0.9963865280151367
18721 1044789 0.9963884353637695
18723 1044792 0.9963912963867188
18726 1044793 0.9963922500610352
18728 1044794 0.9963932037353516
18729 1044795 0.996394157409668
18730 1044797 0.9963960647583008
18732 1044798 0.9963970184326172
18734 1044799 0.9963979721069336
18735 1044800 0.99639892578125
18737 1044801 0.9963998794555664
18739 1044802 0.9964008331298828
18741 1044803 0.9964017868041992
18745 1044805 0.996403694152832
18747 1044806 0.9964046478271484
18748 1044808 0.9964065551757812
18749 1044810 0.9964084625244141
18751 1044811 0.9964094161987305
18754 1044812 0.9964103698730469
18755 1044813 0.9964113235473633
18760 1044816 0.9964141845703125
18767 1044818 0.9964160919189453
18769 1044819 0.9964170455932617
18778 1044820 0.9964179992675781
18780 1044821 0.9964189529418945
18781 1044822 0.9964199066162109
18785 1044823 0.9964208602905273
18787 1044824 0.9964218139648438
18789 1044826 0.9964237213134766
18790 1044827 0.996424674987793
18791 1044828 0.9964256286621094
18792 1044829 0.9964265823364258
18794 1044831 0.9964284896850586
18795 1044833 0.9964303970336914
18798 1044834 0.9964313507080078
18799 1044835 0.9964323043823242
18802 1044837 0.996434211730957
18803 1044838 0.9964351654052734
18805 1044839 0.9964361190795898
18808 1044840 0.9964370727539062
18811 1044842 0.9964389801025391
18814 1044844 0.9964408874511719
18815 1044845 0.9964418411254883
18816 1044847 0.9964437484741211
18817 1044848 0.9964447021484375
18820 1044850 0.9964466094970703
18822 1044851 0.9964475631713867
18826 1044852 0.9964485168457031
18829 1044853 0.9964494705200195
18832 1044854 0.9964504241943359
18843 1044855 0.9964513778686523
18846 1044856 0.9964523315429688
18848 1044859 0.996455192565918
18854 1044861 0.9964570999145508
18855 1044862 0.9964580535888672
18860 1044863 0.9964590072631836
18863 1044864 0.9964599609375
18865 1044865 0.9964609146118164
18867 1044867 0.9964628219604492
18868 1044869 0.996464729309082
18872 1044870 0.9964656829833984
18875 1044871 0.9964666366577148
18879 1044872 0.9964675903320312
18881 1044873 0.9964685440063477
18882 1044874 0.9964694976806641
18883 1044875 0.9964704513549805
18884 1044876 0.9964714050292969
18885 1044878 0.9964733123779297
18889 1044880 0.9964752197265625
18890 1044881 0.9964761734008789
18896 1044883 0.9964780807495117
18898 1044884 0.9964790344238281
18899 1044885 0.9964799880981445
18900 1044886 0.9964809417724609
18901 1044887 0.9964818954467773
18903 1044888 0.9964828491210938
18908 1044889 0.9964838027954102
18910 1044891 0.996485710144043
18912 1044892 0.9964866638183594
18913 1044894 0.9964885711669922
18915 1044895 0.9964895248413086
18918 1044896 0.996490478515625
18922 1044897 0.9964914321899414
18925 1044898 0.9964923858642578
18927 1044899 0.9964933395385742
18928 1044900 0.9964942932128906
18930 1044901 0.996495246887207
18931 1044902 0.9964962005615234
18935 1044904 0.9964981079101562
18939 1044906 0.9965000152587891
18940 1044907 0.9965009689331055
18941 1044908 0.9965019226074219
18943 1044909 0.9965028762817383
18944 1044911 0.9965047836303711
18948 1044913 0.9965066909790039
18949 1044915 0.9965085983276367
18951 1044916 0.9965095520019531
18952 1044917 0.9965105056762695
18957 1044918 0.9965114593505859
18964 1044919 0.9965124130249023
18965 1044920 0.9965133666992188
18966 1044921 0.9965143203735352
18968 1044923 0.996516227722168
18970 1044924 0.9965171813964844
18971 1044925 0.9965181350708008
18973 1044926 0.9965190887451172
18974 1044927 0.9965200424194336
18975 1044928 0.99652099609375
18978 1044930 0.9965229034423828
18981 1044931 0.9965238571166992
18982 1044933 0.996525764465332
18986 1044934 0.9965267181396484
18987 1044935 0.9965276718139648
18989 1044936 0.9965286254882812
18991 1044937 0.9965295791625977
18992 1044938 0.9965305328369141
18993 1044940 0.9965324401855469
18996 1044942 0.9965343475341797
18997 1044943 0.9965353012084961
19004 1044944 0.9965362548828125
19005 1044945 0.9965372085571289
19008 1044946 0.9965381622314453
19013 1044948 0.9965400695800781
19014 1044950 0.9965419769287109
19016 1044951 0.9965429306030273
19018 1044953 0.9965448379516602
19020 1044955 0.996546745300293
19023 1044956 0.9965476989746094
19026 1044957 0.9965486526489258
19027 1044958 0.9965496063232422
19030 1044959 0.9965505599975586
19032 1044960 0.996551513671875
19033 1044962 0.9965534210205078
19037 1044963 0.9965543746948242
19038 1044964 0.9965553283691406
19039 1044965 0.996556282043457
19042 1044966 0.9965572357177734
19043 1044967 0.9965581893920898
19045 1044968 0.9965591430664062
19049 1044969 0.9965600967407227
19050 1044970 0.9965610504150391
19054 1044971 0.9965620040893555
19059 1044974 0.9965648651123047
19060 1044976 0.9965667724609375
19062 1044978 0.9965686798095703
19063 1044979 0.9965696334838867
19064 1044980 0.9965705871582031
19065 1044981 0.9965715408325195
19067 1044982 0.9965724945068359
19069 1044983 0.9965734481811523
19071 1044984 0.9965744018554688
19080 1044985 0.9965753555297852
19081 1044988 0.9965782165527344
19082 1044989 0.9965791702270508
19083 1044990 0.9965801239013672
19095 1044991 0.9965810775756836
19096 1044992 0.99658203125
19099 1044993 0.9965829849243164
19100 1044995 0.9965848922729492
19102 1044997 0.996586799621582
19106 1044999 0.9965887069702148
19112 1045001 0.9965906143188477
19113 1045003 0.9965925216674805
19123 1045004 0.9965934753417969
19124 1045005 0.9965944290161133
19126 1045006 0.9965953826904297
19128 1045007 0.9965963363647461
19130 1045008 0.9965972900390625
19132 1045009 0.9965982437133789
19135 1045010 0.9965991973876953
19138 1045013 0.9966020584106445
19140 1045014 0.9966030120849609
19145 1045015 0.9966039657592773
19146 1045016 0.9966049194335938
19149 1045019 0.996607780456543
19152 1045021 0.9966096878051758
19154 1045022 0.9966106414794922
19155 1045023 0.9966115951538086
19157 1045025 0.9966135025024414
19158 1045027 0.9966154098510742
19159 1045028 0.9966163635253906
19160 1045030 0.9966182708740234
19163 1045031 0.9966192245483398
19165 1045034 0.9966220855712891
19167 1045035 0.9966230392456055
19172 1045036 0.9966239929199219
19173 1045038 0.9966259002685547
19174 1045039 0.9966268539428711
19175 1045040 0.9966278076171875
19176 1045041 0.9966287612915039
19181 1045042 0.9966297149658203
19184 1045044 0.9966316223144531
19185 1045045 0.9966325759887695
19197 1045046 0.9966335296630859
19199 1045047 0.9966344833374023
19203 1045050 0.9966373443603516
19207 1045051 0.996638298034668
19208 1045052 0.9966392517089844
19211 1045053 0.9966402053833008
19215 1045054 0.9966411590576172
19218 1045055 0.9966421127319336
19220 1045057 0.9966440200805664
19229 1045058 0.9966449737548828
19243 1045059 0.9966459274291992
19244 1045060 0.9966468811035156
19246 1045061 0.996647834777832
19248 1045062 0.9966487884521484
19249 1045063 0.9966497421264648
19252 1045064 0.9966506958007812
19260 1045065 0.9966516494750977
19269 1045066 0.9966526031494141
19270 1045068 0.9966545104980469
19273 1045069 0.9966554641723633
19275 1045070 0.9966564178466797
19276 1045071 0.9966573715209961
19278 1045072 0.9966583251953125
19280 1045073 0.9966592788696289
19281 1045074 0.9966602325439453
19284 1045076 0.9966621398925781
19287 1045077 0.9966630935668945
19290 1045078 0.9966640472412109
19291 1045079 0.9966650009155273
19292 1045080 0.9966659545898438
19294 1045082 0.9966678619384766
19295 1045083 0.996668815612793
19297 1045085 0.9966707229614258
19302 1045086 0.9966716766357422
19303 1045087 0.9966726303100586
19304 1045089 0.9966745376586914
19305 1045090 0.9966754913330078
19308 1045091 0.9966764450073242
19310 1045092 0.9966773986816406
19311 1045093 0.996678352355957
19314 1045094 0.9966793060302734
19315 1045096 0.9966812133789062
19316 1045097 0.9966821670532227
19322 1045098 0.9966831207275391
19324 1045100 0.9966850280761719
19327 1045101 0.9966859817504883
19334 1045103 0.9966878890991211
19342 1045104 0.9966888427734375
19343 1045105 0.9966897964477539
19351 1045106 0.9966907501220703
19354 1045107 0.9966917037963867
19357 1045108 0.9966926574707031
19358 1045110 0.9966945648193359
19359 1045111 0.9966955184936523
19360 1045112 0.9966964721679688
19361 1045113 0.9966974258422852
19362 1045114 0.9966983795166016
19366 1045115 0.996699333190918
19367 1045116 0.9967002868652344
19370 1045117 0.9967012405395508
19373 1045120 0.9967041015625
19375 1045122 0.9967060089111328
19378 1045123 0.9967069625854492
19381 1045124 0.9967079162597656
19382 1045126 0.9967098236083984
19383 1045127 0.9967107772827148
19385 1045128 0.9967117309570312
19387 1045130 0.9967136383056641
19392 1045131 0.9967145919799805
19401 1045132 0.9967155456542969
19402 1045133 0.9967164993286133
19406 1045134 0.9967174530029297
19408 1045135 0.9967184066772461
19410 1045137 0.9967203140258789
19413 1045138 0.9967212677001953
19414 1045139 0.9967222213745117
19415 1045141 0.9967241287231445
19416 1045142 0.9967250823974609
19418 1045143 0.9967260360717773
19419 1045145 0.9967279434204102
19421 1045146 0.9967288970947266
19425 1045148 0.9967308044433594
19428 1045149 0.9967317581176758
19429 1045150 0.9967327117919922
19430 1045151 0.9967336654663086
19436 1045152 0.996734619140625
19437 1045153 0.9967355728149414
19438 1045154 0.9967365264892578
19440 1045155 0.9967374801635742
19444 1045156 0.9967384338378906
19447 1045157 0.996739387512207
19449 1045158 0.9967403411865234
19450 1045159 0.9967412948608398
19452 1045161 0.9967432022094727
19454 1045162 0.9967441558837891
19456 1045163 0.9967451095581055
19465 1045164 0.9967460632324219
19477 1045165 0.9967470169067383
19478 1045166 0.9967479705810547
19480 1045167 0.9967489242553711
19481 1045168 0.9967498779296875
19484 1045169 0.9967508316040039
19490 1045170 0.9967517852783203
19493 1045171 0.9967527389526367
19500 1045172 0.9967536926269531
19502 1045173 0.9967546463012695
19505 1045174 0.9967555999755859
19507 1045175 0.9967565536499023
19511 1045176 0.9967575073242188
19515 1045177 0.9967584609985352
19517 1045178 0.9967594146728516
19518 1045179 0.996760368347168
19519 1045180 0.9967613220214844
19524 1045181 0.9967622756958008
19529 1045182 0.9967632293701172
19530 1045183 0.9967641830444336
19534 1045184 0.99676513671875
19537 1045185 0.9967660903930664
19540 1045186 0.9967670440673828
19543 1045187 0.9967679977416992
19544 1045188 0.9967689514160156
19546 1045189 0.996769905090332
19547 1045190 0.9967708587646484
19548 1045191 0.9967718124389648
19549 1045192 0.9967727661132812
19550 1045193 0.9967737197875977
19553 1045194 0.9967746734619141
19555 1045195 0.9967756271362305
19557 1045197 0.9967775344848633
19559 1045198 0.9967784881591797
19560 1045199 0.9967794418334961
19562 1045200 0.9967803955078125
19564 1045201 0.9967813491821289
19566 1045202 0.9967823028564453
19567 1045203 0.9967832565307617
19570 1045205 0.9967851638793945
19573 1045206 0.9967861175537109
19577 1045207 0.9967870712280273
19590 1045208 0.9967880249023438
19593 1045209 0.9967889785766602
19597 1045210 0.9967899322509766
19598 1045211 0.996790885925293
19599 1045212 0.9967918395996094
19600 1045213 0.9967927932739258
19603 1045214 0.9967937469482422
19605 1045216 0.996795654296875
19608 1045217 0.9967966079711914
19613 1045218 0.9967975616455078
19616 1045219 0.9967985153198242
19623 1045221 0.996800422668457
19628 1045222 0.9968013763427734
19631 1045223 0.9968023300170898
19632 1045224 0.9968032836914062
19634 1045225 0.9968042373657227
19635 1045226 0.9968051910400391
19636 1045227 0.9968061447143555
19638 1045228 0.9968070983886719
19639 1045229 0.9968080520629883
19641 1045230 0.9968090057373047
19645 1045231 0.9968099594116211
19649 1045232 0.9968109130859375
19657 1045233 0.9968118667602539
19663 1045234 0.9968128204345703
19664 1045235 0.9968137741088867
19669 1045237 0.9968156814575195
19670 1045239 0.9968175888061523
19671 1045240 0.9968185424804688
19672 1045241 0.9968194961547852
19673 1045242 0.9968204498291016
19678 1045243 0.996821403503418
19679 1045244 0.9968223571777344
19691 1045246 0.9968242645263672
19692 1045247 0.9968252182006836
19693 1045249 0.9968271255493164
19694 1045250 0.9968280792236328
19695 1045252 0.9968299865722656
19696 1045253 0.996830940246582
19697 1045254 0.9968318939208984
19699 1045255 0.9968328475952148
19706 1045256 0.9968338012695312
19710 1045257 0.9968347549438477
19711 1045258 0.9968357086181641
19713 1045259 0.9968366622924805
19726 1045260 0.9968376159667969
19729 1045261 0.9968385696411133
19734 1045262 0.9968395233154297
19737 1045263 0.9968404769897461
19740 1045264 0.9968414306640625
19748 1045265 0.9968423843383789
19752 1045267 0.9968442916870117
19756 1045268 0.9968452453613281
19757 1045270 0.9968471527099609
19759 1045271 0.9968481063842773
19761 1045272 0.9968490600585938
19762 1045273 0.9968500137329102
19763 1045275 0.996851921081543
19764 1045276 0.9968528747558594
19772 1045277 0.9968538284301758
19775 1045278 0.9968547821044922
19776 1045279 0.9968557357788086
19777 1045280 0.996856689453125
19778 1045281 0.9968576431274414
19779 1045283 0.9968595504760742
19780 1045284 0.9968605041503906
19784 1045285 0.996861457824707
19791 1045287 0.9968633651733398
19795 1045288 0.9968643188476562
19799 1045289 0.9968652725219727
19803 1045290 0.9968662261962891
19805 1045291 0.9968671798706055
19809 1045292 0.9968681335449219
19810 1045293 0.9968690872192383
19812 1045294 0.9968700408935547
19818 1045295 0.9968709945678711
19823 1045297 0.9968729019165039
19827 1045298 0.9968738555908203
19828 1045299 0.9968748092651367
19829 1045300 0.9968757629394531
19832 1045301 0.9968767166137695
19835 1045303 0.9968786239624023
19837 1045304 0.9968795776367188
19839 1045306 0.9968814849853516
19842 1045307 0.996882438659668
19845 1045308 0.9968833923339844
19847 1045310 0.9968852996826172
19849 1045312 0.99688720703125
19851 1045313 0.9968881607055664
19853 1045314 0.9968891143798828
19857 1045316 0.9968910217285156
19859 1045317 0.996891975402832
19862 1045318 0.9968929290771484
19868 1045320 0.9968948364257812
19869 1045321 0.9968957901000977
19871 1045322 0.9968967437744141
19875 1045324 0.9968986511230469
19876 1045325 0.9968996047973633
19877 1045326 0.9969005584716797
19880 1045327 0.9969015121459961
19882 1045329 0.9969034194946289
19883 1045330 0.9969043731689453
19884 1045331 0.9969053268432617
19888 1045334 0.9969081878662109
19890 1045335 0.9969091415405273
19891 1045337 0.9969110488891602
19899 1045338 0.9969120025634766
19903 1045339 0.996912956237793
19905 1045341 0.9969148635864258
19913 1045342 0.9969158172607422
19914 1045343 0.9969167709350586
19915 1045344 0.996917724609375
19916 1045345 0.9969186782836914
19918 1045347 0.9969205856323242
19919 1045348 0.9969215393066406
19921 1045349 0.996922492980957
19922 1045351 0.9969244003295898
19924 1045352 0.9969253540039062
19925 1045353 0.9969263076782227
19926 1045354 0.9969272613525391
19929 1045355 0.9969282150268555
19931 1045356 0.9969291687011719
19932 1045357 0.9969301223754883
19935 1045358 0.9969310760498047
19939 1045360 0.9969329833984375
19941 1045361 0.9969339370727539
19942 1045362 0.9969348907470703
19949 1045363 0.9969358444213867
19963 1045364 0.9969367980957031
19971 1045365 0.9969377517700195
19978 1045366 0.9969387054443359
19979 1045367 0.9969396591186523
19980 1045368 0.9969406127929688
19987 1045369 0.9969415664672852
19991 1045371 0.996943473815918
19992 1045372 0.9969444274902344
19996 1045373 0.9969453811645508
19997 1045374 0.9969463348388672
19999 1045375 0.9969472885131836
20006 1045376 0.9969482421875
20007 1045377 0.9969491958618164
20009 1045380 0.9969520568847656
20015 1045381 0.996953010559082
20016 1045383 0.9969549179077148
20017 1045384 0.9969558715820312
20018 1045385 0.9969568252563477
20023 1045386 0.9969577789306641
20025 1045387 0.9969587326049805
20032 1045388 0.9969596862792969
20033 1045389 0.9969606399536133
20034 1045390 0.9969615936279297
20035 1045391 0.9969625473022461
20036 1045392 0.9969635009765625
20045 1045393 0.9969644546508789
20047 1045394 0.9969654083251953
20049 1045395 0.9969663619995117
20053 1045396 0.9969673156738281
20056 1045397 0.9969682693481445
20058 1045398 0.9969692230224609
20073 1045399 0.9969701766967773
20074 1045400 0.9969711303710938
20080 1045404 0.9969749450683594
20082 1045405 0.9969758987426758
20087 1045406 0.9969768524169922
20088 1045408 0.996978759765625
20089 1045409 0.9969797134399414
20090 1045410 0.9969806671142578
20091 1045411 0.9969816207885742
20094 1045412 0.9969825744628906
20096 1045413 0.996983528137207
20099 1045414 0.9969844818115234
20100 1045416 0.9969863891601562
20103 1045417 0.9969873428344727
20106 1045418 0.9969882965087891
20108 1045419 0.9969892501831055
20109 1045420 0.9969902038574219
20111 1045421 0.9969911575317383
20112 1045422 0.9969921112060547
20117 1045423 0.9969930648803711
20119 1045424 0.9969940185546875
20120 1045425 0.9969949722290039
20121 1045426 0.9969959259033203
20133 1045427 0.9969968795776367
20136 1045428 0.9969978332519531
20141 1045429 0.9969987869262695
20146 1045430 0.9969997406005859
20147 1045431 0.9970006942749023
20150 1045432 0.9970016479492188
20151 1045433 0.9970026016235352
20152 1045435 0.997004508972168
20155 1045437 0.9970064163208008
20156 1045438 0.9970073699951172
20157 1045439 0.9970083236694336
20161 1045440 0.99700927734375
20164 1045441 0.9970102310180664
20168 1045442 0.9970111846923828
20169 1045443 0.9970121383666992
20170 1045444 0.9970130920410156
20173 1045445 0.997014045715332
20178 1045446 0.9970149993896484
20181 1045447 0.9970159530639648
20182 1045448 0.9970169067382812
20183 1045449 0.9970178604125977
20187 1045453 0.9970216751098633
20189 1045454 0.9970226287841797
20209 1045455 0.9970235824584961
20210 1045456 0.9970245361328125
20212 1045457 0.9970254898071289
20213 1045458 0.9970264434814453
20215 1045459 0.9970273971557617
20218 1045460 0.9970283508300781
20223 1045461 0.9970293045043945
20225 1045462 0.9970302581787109
20227 1045463 0.9970312118530273
20233 1045464 0.9970321655273438
20234 1045465 0.9970331192016602
20235 1045467 0.997035026550293
20239 1045469 0.9970369338989258
20246 1045470 0.9970378875732422
20250 1045471 0.9970388412475586
20254 1045472 0.997039794921875
20255 1045473 0.9970407485961914
20256 1045474 0.9970417022705078
20262 1045475 0.9970426559448242
20263 1045476 0.9970436096191406
20264 1045477 0.997044563293457
20267 1045478 0.9970455169677734
20268 1045479 0.9970464706420898
20270 1045481 0.9970483779907227
20272 1045482 0.9970493316650391
20275 1045483 0.9970502853393555
20279 1045484 0.9970512390136719
20282 1045486 0.9970531463623047
20283 1045487 0.9970541000366211
20284 1045488 0.9970550537109375
20287 1045489 0.9970560073852539
20289 1045490 0.9970569610595703
20294 1045491 0.9970579147338867
20300 1045493 0.9970598220825195
20301 1045494 0.9970607757568359
20309 1045495 0.9970617294311523
20310 1045496 0.9970626831054688
20312 1045497 0.9970636367797852
20314 1045498 0.9970645904541016
20316 1045499 0.997065544128418
20318 1045500 0.9970664978027344
20319 1045501 0.9970674514770508
20321 1045502 0.9970684051513672
20326 1045503 0.9970693588256836
20330 1045504 0.9970703125
20331 1045505 0.9970712661743164
20333 1045506 0.9970722198486328
20341 1045507 0.9970731735229492
20347 1045508 0.9970741271972656
20348 1045509 0.997075080871582
20349 1045510 0.9970760345458984
20351 1045511 0.9970769882202148
20357 1045512 0.9970779418945312
20363 1045513 0.9970788955688477
20365 1045514 0.9970798492431641
20370 1045515 0.9970808029174805
20378 1045516 0.9970817565917969
20379 1045517 0.9970827102661133
20387 1045518 0.9970836639404297
20392 1045519 0.9970846176147461
20394 1045520 0.9970855712890625
20400 1045521 0.9970865249633789
20402 1045523 0.9970884323120117
20406 1045524 0.9970893859863281
20416 1045525 0.9970903396606445
20419 1045526 0.9970912933349609
20422 1045527 0.9970922470092773
20424 1045529 0.9970941543579102
20431 1045530 0.9970951080322266
20435 1045531 0.997096061706543
20442 1045532 0.9970970153808594
20446 1045533 0.9970979690551758
20452 1045534 0.9970989227294922
20455 1045535 0.9970998764038086
20456 1045536 0.997100830078125
20459 1045537 0.9971017837524414
20461 1045538 0.9971027374267578
20465 1045539 0.9971036911010742
20471 1045541 0.997105598449707
20472 1045542 0.9971065521240234
20482 1045543 0.9971075057983398
20483 1045545 0.9971094131469727
20495 1045547 0.9971113204956055
20502 1045548 0.9971122741699219
20503 1045549 0.9971132278442383
20507 1045550 0.9971141815185547
20515 1045551 0.9971151351928711
20521 1045552 0.9971160888671875
20525 1045553 0.9971170425415039
20527 1045554 0.9971179962158203
20532 1045555 0.9971189498901367
20537 1045556 0.9971199035644531
20539 1045557 0.9971208572387695
20550 1045560 0.9971237182617188
20551 1045561 0.9971246719360352
20552 1045562 0.9971256256103516
20554 1045565 0.9971284866333008
20558 1045566 0.9971294403076172
20560 1045567 0.9971303939819336
20566 1045568 0.99713134765625
20567 1045570 0.9971332550048828
20572 1045571 0.9971342086791992
20573 1045572 0.9971351623535156
20577 1045574 0.9971370697021484
20579 1045575 0.9971380233764648
20583 1045577 0.9971399307250977
20587 1045578 0.9971408843994141
20589 1045579 0.9971418380737305
20591 1045580 0.9971427917480469
20592 1045581 0.9971437454223633
20593 1045582 0.9971446990966797
20595 1045583 0.9971456527709961
20600 1045584 0.9971466064453125
20606 1045586 0.9971485137939453
20607 1045587 0.9971494674682617
20612 1045588 0.9971504211425781
20618 1045590 0.9971523284912109
20622 1045591 0.9971532821655273
20625 1045592 0.9971542358398438
20628 1045593 0.9971551895141602
20632 1045594 0.9971561431884766
20634 1045595 0.997157096862793
20639 1045596 0.9971580505371094
20642 1045597 0.9971590042114258
20643 1045598 0.9971599578857422
20649 1045599 0.9971609115600586
20652 1045600 0.997161865234375
20654 1045602 0.9971637725830078
20655 1045603 0.9971647262573242
20656 1045604 0.9971656799316406
20658 1045605 0.997166633605957
20662 1045606 0.9971675872802734
20667 1045607 0.9971685409545898
20669 1045608 0.9971694946289062
20681 1045609 0.9971704483032227
20685 1045610 0.9971714019775391
20691 1045611 0.9971723556518555
20692 1045612 0.9971733093261719
20694 1045613 0.9971742630004883
20695 1045614 0.9971752166748047
20697 1045615 0.9971761703491211
20701 1045617 0.9971780776977539
20706 1045618 0.9971790313720703
20709 1045619 0.9971799850463867
20711 1045620 0.9971809387207031
20714 1045622 0.9971828460693359
20715 1045623 0.9971837997436523
20717 1045624 0.9971847534179688
20722 1045626 0.9971866607666016
20726 1045627 0.997187614440918
20730 1045629 0.9971895217895508
20733 1045630 0.9971904754638672
20734 1045631 0.9971914291381836
20735 1045632 0.9971923828125
20738 1045633 0.9971933364868164
20739 1045634 0.9971942901611328
20741 1045635 0.9971952438354492
20744 1045637 0.997197151184082
20750 1045638 0.9971981048583984
20753 1045639 0.9971990585327148
20757 1045640 0.9972000122070312
20758 1045641 0.9972009658813477
20763 1045642 0.9972019195556641
20766 1045643 0.9972028732299805
20767 1045644 0.9972038269042969
20772 1045645 0.9972047805786133
20778 1045646 0.9972057342529297
20782 1045647 0.9972066879272461
20793 1045648 0.9972076416015625
20796 1045649 0.9972085952758789
20799 1045650 0.9972095489501953
20803 1045651 0.9972105026245117
20814 1045652 0.9972114562988281
20817 1045653 0.9972124099731445
20824 1045654 0.9972133636474609
20825 1045655 0.9972143173217773
20830 1045656 0.9972152709960938
20832 1045657 0.9972162246704102
20838 1045658 0.9972171783447266
20845 1045659 0.997218132019043
20846 1045661 0.9972200393676758
20849 1045662 0.9972209930419922
20851 1045663 0.9972219467163086
20852 1045664 0.997222900390625
20853 1045665 0.9972238540649414
20857 1045666 0.9972248077392578
20858 1045667 0.9972257614135742
20867 1045668 0.9972267150878906
20868 1045669 0.997227668762207
20869 1045671 0.9972295761108398
20872 1045672 0.9972305297851562
20873 1045673 0.9972314834594727
20878 1045674 0.9972324371337891
20891 1045675 0.9972333908081055
20892 1045676 0.9972343444824219
20893 1045678 0.9972362518310547
20902 1045679 0.9972372055053711
20904 1045681 0.9972391128540039
20908 1045683 0.9972410202026367
20909 1045684 0.9972419738769531
20910 1045686 0.9972438812255859
20915 1045687 0.9972448348999023
20923 1045688 0.9972457885742188
20925 1045689 0.9972467422485352
20929 1045690 0.9972476959228516
20930 1045691 0.997248649597168
20934 1045693 0.9972505569458008
20936 1045694 0.9972515106201172
20939 1045695 0.9972524642944336
20944 1045696 0.99725341796875
20947 1045698 0.9972553253173828
20949 1045699 0.9972562789916992
20951 1045700 0.9972572326660156
20952 1045701 0.997258186340332
20966 1045702 0.9972591400146484
20968 1045703 0.9972600936889648
20974 1045704 0.9972610473632812
20980 1045705 0.9972620010375977
21006 1045706 0.9972629547119141
21014 1045707 0.9972639083862305
21017 1045708 0.9972648620605469
21020 1045710 0.9972667694091797
21021 1045711 0.9972677230834961
21022 1045712 0.9972686767578125
21034 1045713 0.9972696304321289
21035 1045714 0.9972705841064453
21043 1045716 0.9972724914550781
21045 1045717 0.9972734451293945
21046 1045718 0.9972743988037109
21048 1045719 0.9972753524780273
21052 1045720 0.9972763061523438
21056 1045721 0.9972772598266602
21059 1045722 0.9972782135009766
21062 1045723 0.997279167175293
21065 1045724 0.9972801208496094
21068 1045725 0.9972810745239258
21071 1045727 0.9972829818725586
21075 1045728 0.997283935546875
21079 1045729 0.9972848892211914
21082 1045730 0.9972858428955078
21092 1045731 0.9972867965698242
21112 1045732 0.9972877502441406
21121 1045733 0.997288703918457
21126 1045734 0.9972896575927734
21128 1045735 0.9972906112670898
21131 1045736 0.9972915649414062
21138 1045737 0.9972925186157227
21148 1045738 0.9972934722900391
21158 1045739 0.9972944259643555
21160 1045740 0.9972953796386719
21162 1045741 0.9972963333129883
21164 1045742 0.9972972869873047
21173 1045743 0.9972982406616211
21183 1045744 0.9972991943359375
21189 1045745 0.9973001480102539
21193 1045747 0.9973020553588867
21196 1045749 0.9973039627075195
21197 1045750 0.9973049163818359
21198 1045751 0.9973058700561523
21202 1045753 0.9973077774047852
21205 1045755 0.997309684753418
21206 1045756 0.9973106384277344
21218 1045757 0.9973115921020508
21223 1045758 0.9973125457763672
21225 1045760 0.997314453125
21228 1045761 0.9973154067993164
21236 1045762 0.9973163604736328
21237 1045763 0.9973173141479492
21239 1045764 0.9973182678222656
21241 1045765 0.997319221496582
21247 1045766 0.9973201751708984
21250 1045767 0.9973211288452148
21254 1045768 0.9973220825195312
21260 1045769 0.9973230361938477
21264 1045770 0.9973239898681641
21265 1045771 0.9973249435424805
21274 1045772 0.9973258972167969
21277 1045773 0.9973268508911133
21279 1045774 0.9973278045654297
21281 1045775 0.9973287582397461
21282 1045776 0.9973297119140625
21283 1045777 0.9973306655883789
21287 1045778 0.9973316192626953
21290 1045780 0.9973335266113281
21291 1045781 0.9973344802856445
21296 1045782 0.9973354339599609
21301 1045783 0.9973363876342773
21302 1045784 0.9973373413085938
21315 1045785 0.9973382949829102
21321 1045786 0.9973392486572266
21327 1045787 0.997340202331543
21328 1045788 0.9973411560058594
21333 1045789 0.9973421096801758
21342 1045790 0.9973430633544922
21351 1045791 0.9973440170288086
21355 1045792 0.997344970703125
21356 1045793 0.9973459243774414
21357 1045794 0.9973468780517578
21360 1045795 0.9973478317260742
21361 1045796 0.9973487854003906
21362 1045798 0.9973506927490234
21363 1045799 0.9973516464233398
21365 1045800 0.9973526000976562
21367 1045801 0.9973535537719727
21370 1045802 0.9973545074462891
21380 1045803 0.9973554611206055
21385 1045804 0.9973564147949219
21386 1045805 0.9973573684692383
21388 1045806 0.9973583221435547
21389 1045807 0.9973592758178711
21398 1045808 0.9973602294921875
21401 1045809 0.9973611831665039
21402 1045810 0.9973621368408203
21406 1045811 0.9973630905151367
21408 1045812 0.9973640441894531
21414 1045813 0.9973649978637695
21420 1045814 0.9973659515380859
21425 1045815 0.9973669052124023
21426 1045816 0.9973678588867188
21430 1045817 0.9973688125610352
21434 1045819 0.997370719909668
21438 1045820 0.9973716735839844
21441 1045821 0.9973726272583008
21442 1045822 0.9973735809326172
21443 1045823 0.9973745346069336
21450 1045824 0.99737548828125
21454 1045825 0.9973764419555664
21459 1045826 0.9973773956298828
21465 1045827 0.9973783493041992
21467 1045828 0.9973793029785156
21476 1045829 0.997380256652832
21478 1045830 0.9973812103271484
21479 1045831 0.9973821640014648
21480 1045834 0.9973850250244141
21485 1045835 0.9973859786987305
21494 1045836 0.9973869323730469
21495 1045839 0.9973897933959961
21501 1045840 0.9973907470703125
21505 1045841 0.9973917007446289
21508 1045842 0.9973926544189453
21511 1045843 0.9973936080932617
21512 1045844 0.9973945617675781
21513 1045846 0.9973964691162109
21517 1045847 0.9973974227905273
21527 1045848 0.9973983764648438
21534 1045849 0.9973993301391602
21535 1045850 0.9974002838134766
21542 1045851 0.997401237487793
21549 1045852 0.9974021911621094
21550 1045853 0.9974031448364258
21553 1045854 0.9974040985107422
21554 1045855 0.9974050521850586
21556 1045856 0.997406005859375
21560 1045857 0.9974069595336914
21570 1045858 0.9974079132080078
21571 1045859 0.9974088668823242
21572 1045860 0.9974098205566406
21574 1045861 0.997410774230957
21578 1045862 0.9974117279052734
21583 1045863 0.9974126815795898
21604 1045864 0.9974136352539062
21607 1045866 0.9974155426025391
21610 1045867 0.9974164962768555
21619 1045868 0.9974174499511719
21628 1045869 0.9974184036254883
21629 1045870 0.9974193572998047
21636 1045871 0.9974203109741211
21641 1045872 0.9974212646484375
21643 1045873 0.9974222183227539
21647 1045874 0.9974231719970703
21653 1045875 0.9974241256713867
21654 1045876 0.9974250793457031
21656 1045877 0.9974260330200195
21657 1045878 0.9974269866943359
21660 1045879 0.9974279403686523
21666 1045880 0.9974288940429688
21667 1045881 0.9974298477172852
21675 1045883 0.997431755065918
21684 1045884 0.9974327087402344
21689 1045885 0.9974336624145508
21693 1045886 0.9974346160888672
21694 1045887 0.9974355697631836
21695 1045888 0.9974365234375
21699 1045889 0.9974374771118164
21704 1045890 0.9974384307861328
21707 1045891 0.9974393844604492
21711 1045892 0.9974403381347656
21713 1045893 0.997441291809082
21715 1045894 0.9974422454833984
21717 1045895 0.9974431991577148
21720 1045896 0.9974441528320312
21727 1045897 0.9974451065063477
21728 1045899 0.9974470138549805
21732 1045900 0.9974479675292969
21737 1045901 0.9974489212036133
21748 1045902 0.9974498748779297
21761 1045903 0.9974508285522461
21764 1045904 0.9974517822265625
21766 1045905 0.9974527359008789
21769 1045906 0.9974536895751953
21770 1045908 0.9974555969238281
21771 1045910 0.9974575042724609
21778 1045911 0.9974584579467773
21785 1045912 0.9974594116210938
21798 1045914 0.9974613189697266
21804 1045915 0.997462272644043
21806 1045916 0.9974632263183594
21811 1045917 0.9974641799926758
21812 1045918 0.9974651336669922
21816 1045919 0.9974660873413086
21822 1045920 0.997467041015625
21828 1045921 0.9974679946899414
21832 1045922 0.9974689483642578
21835 1045923 0.9974699020385742
21838 1045924 0.9974708557128906
21842 1045926 0.9974727630615234
21855 1045927 0.9974737167358398
21862 1045928 0.9974746704101562
21864 1045929 0.9974756240844727
21875 1045931 0.9974775314331055
21876 1045932 0.9974784851074219
21877 1045933 0.9974794387817383
21880 1045934 0.9974803924560547
21883 1045936 0.9974822998046875
21888 1045938 0.9974842071533203
21891 1045939 0.9974851608276367
21897 1045940 0.9974861145019531
21903 1045941 0.9974870681762695
21913 1045942 0.9974880218505859
21915 1045943 0.9974889755249023
21916 1045944 0.9974899291992188
21917 1045945 0.9974908828735352
21920 1045946 0.9974918365478516
21923 1045947 0.997492790222168
21936 1045948 0.9974937438964844
21939 1045949 0.9974946975708008
21949 1045950 0.9974956512451172
21955 1045951 0.9974966049194336
21959 1045952 0.99749755859375
21960 1045953 0.9974985122680664
21969 1045954 0.9974994659423828
21975 1045955 0.9975004196166992
21977 1045956 0.9975013732910156
21983 1045957 0.997502326965332
21985 1045958 0.9975032806396484
21993 1045959 0.9975042343139648
21995 1045960 0.9975051879882812
22003 1045961 0.9975061416625977
22004 1045962 0.9975070953369141
22020 1045963 0.9975080490112305
22026 1045964 0.9975090026855469
22040 1045966 0.9975109100341797
22041 1045967 0.9975118637084961
22052 1045968 0.9975128173828125
22061 1045969 0.9975137710571289
22063 1045970 0.9975147247314453
22069 1045971 0.9975156784057617
22072 1045973 0.9975175857543945
22074 1045974 0.9975185394287109
22082 1045975 0.9975194931030273
22093 1045976 0.9975204467773438
22098 1045977 0.9975214004516602
22101 1045978 0.9975223541259766
22102 1045979 0.997523307800293
22107 1045980 0.9975242614746094
22108 1045981 0.9975252151489258
22109 1045982 0.9975261688232422
22114 1045983 0.9975271224975586
22117 1045984 0.997528076171875
22122 1045985 0.9975290298461914
22127 1045986 0.9975299835205078
22130 1045987 0.9975309371948242
22134 1045991 0.9975347518920898
22140 1045992 0.9975357055664062
22143 1045994 0.9975376129150391
22146 1045995 0.9975385665893555
22151 1045996 0.9975395202636719
22152 1045998 0.9975414276123047
22155 1045999 0.9975423812866211
22160 1046000 0.9975433349609375
22161 1046001 0.9975442886352539
22163 1046002 0.9975452423095703
22164 1046003 0.9975461959838867
22169 1046004 0.9975471496582031
22185 1046005 0.9975481033325195
22195 1046006 0.9975490570068359
22202 1046007 0.9975500106811523
22203 1046008 0.9975509643554688
22205 1046009 0.9975519180297852
22212 1046010 0.9975528717041016
22219 1046011 0.997553825378418
22220 1046012 0.9975547790527344
22223 1046013 0.9975557327270508
22241 1046015 0.9975576400756836
22249 1046016 0.99755859375
22252 1046017 0.9975595474243164
22253 1046018 0.9975605010986328
22261 1046019 0.9975614547729492
22264 1046020 0.9975624084472656
22276 1046021 0.997563362121582
22280 1046022 0.9975643157958984
22289 1046023 0.9975652694702148
22295 1046025 0.9975671768188477
22302 1046026 0.9975681304931641
22303 1046027 0.9975690841674805
22308 1046029 0.9975709915161133
22313 1046031 0.9975728988647461
22314 1046032 0.9975738525390625
22329 1046033 0.9975748062133789
22332 1046035 0.9975767135620117
22334 1046036 0.9975776672363281
22341 1046037 0.9975786209106445
22343 1046038 0.9975795745849609
22345 1046039 0.9975805282592773
22349 1046040 0.9975814819335938
22350 1046041 0.9975824356079102
22354 1046042 0.9975833892822266
22360 1046043 0.997584342956543
22362 1046044 0.9975852966308594
22368 1046046 0.9975872039794922
22369 1046047 0.9975881576538086
22374 1046048 0.997589111328125
22375 1046050 0.9975910186767578
22376 1046051 0.9975919723510742
22377 1046052 0.9975929260253906
22378 1046055 0.9975957870483398
22381 1046056 0.9975967407226562
22386 1046057 0.9975976943969727
22388 1046058 0.9975986480712891
22390 1046059 0.9975996017456055
22403 1046060 0.9976005554199219
22404 1046061 0.9976015090942383
22406 1046062 0.9976024627685547
22408 1046063 0.9976034164428711
22415 1046064 0.9976043701171875
22417 1046065 0.9976053237915039
22418 1046066 0.9976062774658203
22427 1046067 0.9976072311401367
22438 1046068 0.9976081848144531
22441 1046069 0.9976091384887695
22443 1046070 0.9976100921630859
22444 1046071 0.9976110458374023
22445 1046072 0.9976119995117188
22449 1046073 0.9976129531860352
22454 1046075 0.997614860534668
22460 1046076 0.9976158142089844
22469 1046077 0.9976167678833008
22470 1046078 0.9976177215576172
22471 1046079 0.9976186752319336
22479 1046080 0.99761962890625
22487 1046081 0.9976205825805664
22489 1046082 0.9976215362548828
22491 1046083 0.9976224899291992
22507 1046085 0.997624397277832
22513 1046087 0.9976263046264648
22515 1046088 0.9976272583007812
22517 1046089 0.9976282119750977
22520 1046091 0.9976301193237305
22527 1046092 0.9976310729980469
22531 1046093 0.9976320266723633
22532 1046094 0.9976329803466797
22533 1046096 0.9976348876953125
22540 1046097 0.9976358413696289
22543 1046098 0.9976367950439453
22545 1046099 0.9976377487182617
22550 1046102 0.9976406097412109
22551 1046103 0.9976415634155273
22554 1046104 0.9976425170898438
22561 1046105 0.9976434707641602
22577 1046106 0.9976444244384766
22581 1046107 0.997645378112793
22582 1046108 0.9976463317871094
22589 1046110 0.9976482391357422
22592 1046111 0.9976491928100586
22596 1046112 0.997650146484375
22597 1046113 0.9976511001586914
22600 1046114 0.9976520538330078
22602 1046115 0.9976530075073242
22613 1046116 0.9976539611816406
22615 1046117 0.997654914855957
22616 1046118 0.9976558685302734
22617 1046119 0.9976568222045898
22624 1046120 0.9976577758789062
22625 1046121 0.9976587295532227
22627 1046122 0.9976596832275391
22632 1046123 0.9976606369018555
22641 1046124 0.9976615905761719
22644 1046126 0.9976634979248047
22646 1046127 0.9976644515991211
22651 1046128 0.9976654052734375
22652 1046129 0.9976663589477539
22655 1046130 0.9976673126220703
22660 1046131 0.9976682662963867
22661 1046132 0.9976692199707031
22665 1046133 0.9976701736450195
22671 1046134 0.9976711273193359
22672 1046137 0.9976739883422852
22674 1046138 0.9976749420166016
22678 1046139 0.997675895690918
22683 1046140 0.9976768493652344
22685 1046141 0.9976778030395508
22686 1046142 0.9976787567138672
22694 1046143 0.9976797103881836
22696 1046144 0.9976806640625
22697 1046145 0.9976816177368164
22699 1046146 0.9976825714111328
22709 1046147 0.9976835250854492
22713 1046148 0.9976844787597656
22716 1046150 0.9976863861083984
22721 1046151 0.9976873397827148
22722 1046152 0.9976882934570312
22731 1046154 0.9976902008056641
22740 1046155 0.9976911544799805
22741 1046156 0.9976921081542969
22745 1046157 0.9976930618286133
22750 1046160 0.9976959228515625
22753 1046161 0.9976968765258789
22757 1046162 0.9976978302001953
22758 1046163 0.9976987838745117
22769 1046164 0.9976997375488281
22771 1046167 0.9977025985717773
22780 1046168 0.9977035522460938
22782 1046169 0.9977045059204102
22792 1046170 0.9977054595947266
22794 1046171 0.997706413269043
22800 1046172 0.9977073669433594
22802 1046173 0.9977083206176758
22811 1046174 0.9977092742919922
22814 1046175 0.9977102279663086
22815 1046176 0.997711181640625
22816 1046177 0.9977121353149414
22820 1046178 0.9977130889892578
22827 1046180 0.9977149963378906
22829 1046182 0.9977169036865234
22831 1046183 0.9977178573608398
22832 1046185 0.9977197647094727
22844 1046187 0.9977216720581055
22845 1046188 0.9977226257324219
22862 1046190 0.9977245330810547
22865 1046193 0.9977273941040039
22868 1046194 0.9977283477783203
22871 1046196 0.9977302551269531
22872 1046199 0.9977331161499023
22875 1046200 0.9977340698242188
22878 1046201 0.9977350234985352
22882 1046202 0.9977359771728516
22885 1046203 0.997736930847168
22886 1046204 0.9977378845214844
22887 1046205 0.9977388381958008
22889 1046206 0.9977397918701172
22893 1046207 0.9977407455444336
22895 1046208 0.99774169921875
22900 1046212 0.9977455139160156
22903 1046213 0.997746467590332
22926 1046214 0.9977474212646484
22927 1046215 0.9977483749389648
22934 1046216 0.9977493286132812
22935 1046217 0.9977502822875977
22943 1046219 0.9977521896362305
22945 1046220 0.9977531433105469
22946 1046221 0.9977540969848633
22948 1046222 0.9977550506591797
22950 1046223 0.9977560043334961
22951 1046225 0.9977579116821289
22953 1046226 0.9977588653564453
22954 1046228 0.9977607727050781
22960 1046229 0.9977617263793945
22961 1046230 0.9977626800537109
22963 1046231 0.9977636337280273
22970 1046232 0.9977645874023438
22971 1046233 0.9977655410766602
22973 1046235 0.997767448425293
22979 1046236 0.9977684020996094
22981 1046237 0.9977693557739258
22988 1046238 0.9977703094482422
22996 1046239 0.9977712631225586
22998 1046240 0.997772216796875
23001 1046242 0.9977741241455078
23006 1046243 0.9977750778198242
23009 1046246 0.9977779388427734
23014 1046248 0.9977798461914062
23016 1046249 0.9977807998657227
23018 1046250 0.9977817535400391
23019 1046251 0.9977827072143555
23021 1046252 0.9977836608886719
23023 1046253 0.9977846145629883
23028 1046254 0.9977855682373047
23032 1046255 0.9977865219116211
23036 1046256 0.9977874755859375
23038 1046257 0.9977884292602539
23044 1046258 0.9977893829345703
23046 1046259 0.9977903366088867
23047 1046260 0.9977912902832031
23049 1046261 0.9977922439575195
23050 1046263 0.9977941513061523
23059 1046264 0.9977951049804688
23060 1046265 0.9977960586547852
23061 1046267 0.997797966003418
23066 1046268 0.9977989196777344
23069 1046270 0.9978008270263672
23070 1046271 0.9978017807006836
23075 1046273 0.9978036880493164
23077 1046275 0.9978055953979492
23082 1046276 0.9978065490722656
23087 1046277 0.997807502746582
23095 1046279 0.9978094100952148
23099 1046281 0.9978113174438477
23104 1046282 0.9978122711181641
23106 1046283 0.9978132247924805
23111 1046284 0.9978141784667969
23115 1046285 0.9978151321411133
23120 1046286 0.9978160858154297
23122 1046287 0.9978170394897461
23123 1046288 0.9978179931640625
23126 1046289 0.9978189468383789
23131 1046290 0.9978199005126953
23140 1046291 0.9978208541870117
23141 1046292 0.9978218078613281
23146 1046293 0.9978227615356445
23147 1046294 0.9978237152099609
23153 1046295 0.9978246688842773
23154 1046296 0.9978256225585938
23158 1046298 0.9978275299072266
23159 1046299 0.997828483581543
23160 1046300 0.9978294372558594
23162 1046301 0.9978303909301758
23168 1046303 0.9978322982788086
23171 1046304 0.997833251953125
23172 1046306 0.9978351593017578
23174 1046307 0.9978361129760742
23180 1046308 0.9978370666503906
23185 1046309 0.997838020324707
23192 1046310 0.9978389739990234
23203 1046311 0.9978399276733398
23204 1046312 0.9978408813476562
23212 1046313 0.9978418350219727
23214 1046315 0.9978437423706055
23216 1046316 0.9978446960449219
23217 1046317 0.9978456497192383
23221 1046320 0.9978485107421875
23222 1046321 0.9978494644165039
23223 1046322 0.9978504180908203
23224 1046323 0.9978513717651367
23231 1046324 0.9978523254394531
23237 1046327 0.9978551864624023
23242 1046329 0.9978570938110352
23244 1046330 0.9978580474853516
23253 1046331 0.997859001159668
23256 1046333 0.9978609085083008
23257 1046334 0.9978618621826172
23261 1046335 0.9978628158569336
23272 1046336 0.99786376953125
23273 1046337 0.9978647232055664
23276 1046338 0.9978656768798828
23281 1046339 0.9978666305541992
23282 1046340 0.9978675842285156
23285 1046341 0.997868537902832
23292 1046343 0.9978704452514648
23293 1046345 0.9978723526000977
23297 1046346 0.9978733062744141
23299 1046347 0.9978742599487305
23302 1046348 0.9978752136230469
23303 1046349 0.9978761672973633
23304 1046350 0.9978771209716797
23308 1046351 0.9978780746459961
23312 1046352 0.9978790283203125
23313 1046353 0.9978799819946289
23320 1046355 0.9978818893432617
23323 1046356 0.9978828430175781
23326 1046357 0.9978837966918945
23329 1046358 0.9978847503662109
23330 1046360 0.9978866577148438
23332 1046363 0.997889518737793
23334 1046364 0.9978904724121094
23335 1046365 0.9978914260864258
23337 1046366 0.9978923797607422
23340 1046367 0.9978933334350586
23342 1046368 0.997894287109375
23344 1046369 0.9978952407836914
23345 1046370 0.9978961944580078
23347 1046371 0.9978971481323242
23350 1046372 0.9978981018066406
23352 1046373 0.997899055480957
23353 1046374 0.9979000091552734
23359 1046375 0.9979009628295898
23363 1046376 0.9979019165039062
23364 1046377 0.9979028701782227
23366 1046378 0.9979038238525391
23367 1046379 0.9979047775268555
23368 1046380 0.9979057312011719
23370 1046382 0.9979076385498047
23373 1046383 0.9979085922241211
23377 1046384 0.9979095458984375
23378 1046385 0.9979104995727539
23384 1046387 0.9979124069213867
23387 1046388 0.9979133605957031
23393 1046389 0.9979143142700195
23395 1046391 0.9979162216186523
23397 1046392 0.9979171752929688
23401 1046393 0.9979181289672852
23402 1046395 0.997920036315918
23403 1046396 0.9979209899902344
23406 1046397 0.9979219436645508
23409 1046398 0.9979228973388672
23429 1046399 0.9979238510131836
23440 1046400 0.9979248046875
23443 1046401 0.9979257583618164
23450 1046402 0.9979267120361328
23452 1046403 0.9979276657104492
23458 1046405 0.997929573059082
23464 1046406 0.9979305267333984
23471 1046407 0.9979314804077148
23475 1046408 0.9979324340820312
23483 1046409 0.9979333877563477
23487 1046410 0.9979343414306641
23495 1046411 0.9979352951049805
23498 1046412 0.9979362487792969
23502 1046413 0.9979372024536133
23503 1046414 0.9979381561279297
23514 1046415 0.9979391098022461
23515 1046416 0.9979400634765625
23517 1046417 0.9979410171508789
23524 1046421 0.9979448318481445
23532 1046424 0.9979476928710938
23535 1046425 0.9979486465454102
23536 1046427 0.997950553894043
23538 1046428 0.9979515075683594
23540 1046429 0.9979524612426758
23542 1046430 0.9979534149169922
23545 1046431 0.9979543685913086
23548 1046432 0.997955322265625
23550 1046433 0.9979562759399414
23551 1046434 0.9979572296142578
23555 1046436 0.9979591369628906
23557 1046437 0.997960090637207
23562 1046439 0.9979619979858398
23564 1046440 0.9979629516601562
23566 1046442 0.9979648590087891
23567 1046443 0.9979658126831055
23568 1046444 0.9979667663574219
23570 1046445 0.9979677200317383
23576 1046446 0.9979686737060547
23593 1046447 0.9979696273803711
23595 1046448 0.9979705810546875
23596 1046450 0.9979724884033203
23597 1046451 0.9979734420776367
23598 1046453 0.9979753494262695
23603 1046454 0.9979763031005859
23605 1046455 0.9979772567749023
23606 1046456 0.9979782104492188
23611 1046457 0.9979791641235352
23614 1046459 0.997981071472168
23615 1046460 0.9979820251464844
23621 1046462 0.9979839324951172
23625 1046464 0.99798583984375
23629 1046465 0.9979867935180664
23630 1046466 0.9979877471923828
23631 1046468 0.9979896545410156
23634 1046469 0.997990608215332
23635 1046470 0.9979915618896484
23641 1046471 0.9979925155639648
23643 1046474 0.9979953765869141
23644 1046476 0.9979972839355469
23645 1046477 0.9979982376098633
23646 1046478 0.9979991912841797
23647 1046479 0.9980001449584961
23648 1046480 0.9980010986328125
23649 1046481 0.9980020523071289
23658 1046482 0.9980030059814453
23660 1046484 0.9980049133300781
23662 1046485 0.9980058670043945
23672 1046486 0.9980068206787109
23675 1046487 0.9980077743530273
23677 1046488 0.9980087280273438
23679 1046489 0.9980096817016602
23682 1046490 0.9980106353759766
23685 1046492 0.9980125427246094
23686 1046493 0.9980134963989258
23687 1046494 0.9980144500732422
23694 1046496 0.998016357421875
23699 1046497 0.9980173110961914
23711 1046498 0.9980182647705078
23713 1046499 0.9980192184448242
23717 1046500 0.9980201721191406
23719 1046501 0.998021125793457
23720 1046502 0.9980220794677734
23721 1046503 0.9980230331420898
23722 1046504 0.9980239868164062
23723 1046505 0.9980249404907227
23738 1046506 0.9980258941650391
23740 1046507 0.9980268478393555
23747 1046510 0.9980297088623047
23750 1046511 0.9980306625366211
23754 1046512 0.9980316162109375
23757 1046513 0.9980325698852539
23761 1046514 0.9980335235595703
23778 1046516 0.9980354309082031
23782 1046517 0.9980363845825195
23790 1046518 0.9980373382568359
23791 1046519 0.9980382919311523
23793 1046520 0.9980392456054688
23794 1046521 0.9980401992797852
23798 1046522 0.9980411529541016
23801 1046524 0.9980430603027344
23803 1046525 0.9980440139770508
23806 1046526 0.9980449676513672
23810 1046527 0.9980459213256836
23820 1046528 0.998046875
23821 1046529 0.9980478286743164
23823 1046530 0.9980487823486328
23828 1046531 0.9980497360229492
23834 1046532 0.9980506896972656
23835 1046533 0.998051643371582
23836 1046534 0.9980525970458984
23840 1046535 0.9980535507202148
23842 1046536 0.9980545043945312
23844 1046537 0.9980554580688477
23847 1046538 0.9980564117431641
23849 1046539 0.9980573654174805
23851 1046541 0.9980592727661133
23858 1046542 0.9980602264404297
23863 1046543 0.9980611801147461
23877 1046545 0.9980630874633789
23881 1046546 0.9980640411376953
23883 1046547 0.9980649948120117
23886 1046548 0.9980659484863281
23888 1046549 0.9980669021606445
23891 1046550 0.9980678558349609
23894 1046552 0.9980697631835938
23903 1046553 0.9980707168579102
23906 1046554 0.9980716705322266
23909 1046555 0.998072624206543
23910 1046556 0.9980735778808594
23918 1046558 0.9980754852294922
23919 1046559 0.9980764389038086
23920 1046560 0.998077392578125
23921 1046561 0.9980783462524414
23923 1046562 0.9980792999267578
23927 1046563 0.9980802536010742
23931 1046564 0.9980812072753906
23933 1046565 0.998082160949707
23938 1046566 0.9980831146240234
23939 1046568 0.9980850219726562
23940 1046569 0.9980859756469727
23942 1046570 0.9980869293212891
23952 1046571 0.9980878829956055
23953 1046573 0.9980897903442383
23956 1046574 0.9980907440185547
23957 1046575 0.9980916976928711
23958 1046576 0.9980926513671875
23959 1046577 0.9980936050415039
23967 1046578 0.9980945587158203
23970 1046579 0.9980955123901367
23971 1046581 0.9980974197387695
23974 1046582 0.9980983734130859
23975 1046583 0.9980993270874023
23978 1046584 0.9981002807617188
23979 1046585 0.9981012344360352
23986 1046586 0.9981021881103516
23988 1046587 0.998103141784668
23992 1046589 0.9981050491333008
23993 1046590 0.9981060028076172
23994 1046592 0.99810791015625
23995 1046593 0.9981088638305664
24001 1046595 0.9981107711791992
24002 1046596 0.9981117248535156
24005 1046597 0.998112678527832
24007 1046599 0.9981145858764648
24008 1046601 0.9981164932250977
24011 1046602 0.9981174468994141
24012 1046604 0.9981193542480469
24013 1046605 0.9981203079223633
24016 1046606 0.9981212615966797
24019 1046607 0.9981222152709961
24033 1046609 0.9981241226196289
24037 1046610 0.9981250762939453
24042 1046612 0.9981269836425781
24050 1046613 0.9981279373168945
24057 1046615 0.9981298446655273
24058 1046617 0.9981317520141602
24059 1046619 0.998133659362793
24061 1046620 0.9981346130371094
24062 1046621 0.9981355667114258
24070 1046622 0.9981365203857422
24074 1046623 0.9981374740600586
24080 1046625 0.9981393814086914
24082 1046626 0.9981403350830078
24083 1046628 0.9981422424316406
24085 1046629 0.998143196105957
24086 1046630 0.9981441497802734
24097 1046631 0.9981451034545898
24105 1046634 0.9981479644775391
24109 1046636 0.9981498718261719
24111 1046637 0.9981508255004883
24113 1046639 0.9981527328491211
24118 1046640 0.9981536865234375
24120 1046641 0.9981546401977539
24121 1046642 0.9981555938720703
24124 1046643 0.9981565475463867
24127 1046644 0.9981575012207031
24128 1046645 0.9981584548950195
24133 1046646 0.9981594085693359
24136 1046647 0.9981603622436523
24141 1046648 0.9981613159179688
24144 1046649 0.9981622695922852
24149 1046650 0.9981632232666016
24154 1046651 0.998164176940918
24156 1046652 0.9981651306152344
24174 1046653 0.9981660842895508
24176 1046654 0.9981670379638672
24179 1046655 0.9981679916381836
24183 1046656 0.9981689453125
24187 1046657 0.9981698989868164
24192 1046658 0.9981708526611328
24196 1046659 0.9981718063354492
24199 1046660 0.9981727600097656
24200 1046661 0.998173713684082
24202 1046662 0.9981746673583984
24204 1046663 0.9981756210327148
24205 1046664 0.9981765747070312
24208 1046666 0.9981784820556641
24216 1046667 0.9981794357299805
24223 1046668 0.9981803894042969
24228 1046669 0.9981813430786133
24231 1046670 0.9981822967529297
24235 1046671 0.9981832504272461
24238 1046672 0.9981842041015625
24248 1046673 0.9981851577758789
24249 1046674 0.9981861114501953
24256 1046675 0.9981870651245117
24257 1046676 0.9981880187988281
24259 1046678 0.9981899261474609
24264 1046679 0.9981908798217773
24279 1046680 0.9981918334960938
24280 1046681 0.9981927871704102
24284 1046682 0.9981937408447266
24285 1046683 0.998194694519043
24286 1046684 0.9981956481933594
24288 1046685 0.9981966018676758
24291 1046686 0.9981975555419922
24293 1046687 0.9981985092163086
24297 1046688 0.998199462890625
24299 1046689 0.9982004165649414
24301 1046690 0.9982013702392578
24302 1046691 0.9982023239135742
24305 1046692 0.9982032775878906
24310 1046693 0.998204231262207
24314 1046694 0.9982051849365234
24325 1046695 0.9982061386108398
24331 1046696 0.9982070922851562
24333 1046697 0.9982080459594727
24339 1046698 0.9982089996337891
24340 1046700 0.9982109069824219
24348 1046701 0.9982118606567383
24349 1046702 0.9982128143310547
24354 1046703 0.9982137680053711
24356 1046704 0.9982147216796875
24359 1046707 0.9982175827026367
24361 1046709 0.9982194900512695
24362 1046710 0.9982204437255859
24363 1046711 0.9982213973999023
24364 1046712 0.9982223510742188
24365 1046713 0.9982233047485352
24371 1046714 0.9982242584228516
24381 1046715 0.998225212097168
24383 1046716 0.9982261657714844
24387 1046718 0.9982280731201172
24388 1046719 0.9982290267944336
24395 1046720 0.99822998046875
24401 1046722 0.9982318878173828
24405 1046723 0.9982328414916992
24406 1046724 0.9982337951660156
24408 1046725 0.998234748840332
24417 1046726 0.9982357025146484
24418 1046727 0.9982366561889648
24425 1046728 0.9982376098632812
24428 1046729 0.9982385635375977
24429 1046730 0.9982395172119141
24431 1046731 0.9982404708862305
24432 1046732 0.9982414245605469
24442 1046733 0.9982423782348633
24443 1046734 0.9982433319091797
24445 1046735 0.9982442855834961
24446 1046736 0.9982452392578125
24451 1046737 0.9982461929321289
24453 1046738 0.9982471466064453
24459 1046739 0.9982481002807617
24461 1046741 0.9982500076293945
24462 1046743 0.9982519149780273
24466 1046744 0.9982528686523438
24470 1046745 0.9982538223266602
24471 1046746 0.9982547760009766
24475 1046747 0.998255729675293
24476 1046749 0.9982576370239258
24481 1046750 0.9982585906982422
24483 1046751 0.9982595443725586
24502 1046752 0.998260498046875
24504 1046753 0.9982614517211914
24505 1046754 0.9982624053955078
24510 1046755 0.9982633590698242
24511 1046756 0.9982643127441406
24521 1046757 0.998265266418457
24522 1046758 0.9982662200927734
24536 1046759 0.9982671737670898
24539 1046760 0.9982681274414062
24540 1046761 0.9982690811157227
24542 1046763 0.9982709884643555
24543 1046764 0.9982719421386719
24547 1046767 0.9982748031616211
24554 1046768 0.9982757568359375
24563 1046769 0.9982767105102539
24567 1046770 0.9982776641845703
24568 1046771 0.9982786178588867
24569 1046772 0.9982795715332031
24574 1046773 0.9982805252075195
24577 1046774 0.9982814788818359
24578 1046775 0.9982824325561523
24582 1046776 0.9982833862304688
24587 1046777 0.9982843399047852
24591 1046778 0.9982852935791016
24592 1046779 0.998286247253418
24593 1046780 0.9982872009277344
24594 1046781 0.9982881546020508
24595 1046782 0.9982891082763672
24597 1046784 0.998291015625
24599 1046785 0.9982919692993164
24610 1046786 0.9982929229736328
24613 1046788 0.9982948303222656
24614 1046789 0.998295783996582
24619 1046790 0.9982967376708984
24621 1046791 0.9982976913452148
24622 1046792 0.9982986450195312
24630 1046793 0.9982995986938477
24638 1046794 0.9983005523681641
24639 1046795 0.9983015060424805
24657 1046796 0.9983024597167969
24661 1046797 0.9983034133911133
24671 1046798 0.9983043670654297
24675 1046799 0.9983053207397461
24679 1046801 0.9983072280883789
24681 1046802 0.9983081817626953
24682 1046803 0.9983091354370117
24683 1046804 0.9983100891113281
24698 1046805 0.9983110427856445
24700 1046806 0.9983119964599609
24701 1046807 0.9983129501342773
24703 1046808 0.9983139038085938
24708 1046809 0.9983148574829102
24712 1046810 0.9983158111572266
24717 1046811 0.998316764831543
24720 1046812 0.9983177185058594
24722 1046813 0.9983186721801758
24723 1046815 0.9983205795288086
24727 1046816 0.998321533203125
24738 1046817 0.9983224868774414
24749 1046818 0.9983234405517578
24752 1046819 0.9983243942260742
24753 1046820 0.9983253479003906
24755 1046821 0.998326301574707
24761 1046822 0.9983272552490234
24765 1046823 0.9983282089233398
24775 1046824 0.9983291625976562
24784 1046825 0.9983301162719727
24788 1046826 0.9983310699462891
24789 1046827 0.9983320236206055
24794 1046828 0.9983329772949219
24795 1046830 0.9983348846435547
24797 1046831 0.9983358383178711
24804 1046832 0.9983367919921875
24806 1046833 0.9983377456665039
24809 1046834 0.9983386993408203
24813 1046835 0.9983396530151367
24815 1046836 0.9983406066894531
24819 1046837 0.9983415603637695
24824 1046838 0.9983425140380859
24825 1046839 0.9983434677124023
24830 1046840 0.9983444213867188
24833 1046842 0.9983463287353516
24836 1046843 0.998347282409668
24843 1046844 0.9983482360839844
24845 1046845 0.9983491897583008
24850 1046846 0.9983501434326172
24859 1046847 0.9983510971069336
24860 1046848 0.99835205078125
24865 1046849 0.9983530044555664
24870 1046850 0.9983539581298828
24874 1046851 0.9983549118041992
24879 1046852 0.9983558654785156
24882 1046853 0.998356819152832
24885 1046854 0.9983577728271484
24892 1046856 0.9983596801757812
24897 1046858 0.9983615875244141
24899 1046859 0.9983625411987305
24900 1046860 0.9983634948730469
24902 1046861 0.9983644485473633
24908 1046862 0.9983654022216797
24910 1046863 0.9983663558959961
24912 1046864 0.9983673095703125
24915 1046865 0.9983682632446289
24916 1046867 0.9983701705932617
24918 1046869 0.9983720779418945
24922 1046870 0.9983730316162109
24927 1046872 0.9983749389648438
24934 1046873 0.9983758926391602
24938 1046874 0.9983768463134766
24944 1046875 0.998377799987793
24951 1046876 0.9983787536621094
24955 1046878 0.9983806610107422
24959 1046880 0.998382568359375
24967 1046881 0.9983835220336914
24968 1046883 0.9983854293823242
24969 1046884 0.9983863830566406
24971 1046885 0.998387336730957
24974 1046886 0.9983882904052734
24976 1046887 0.9983892440795898
24979 1046888 0.9983901977539062
24980 1046889 0.9983911514282227
24984 1046890 0.9983921051025391
24991 1046891 0.9983930587768555
24995 1046892 0.9983940124511719
24999 1046894 0.9983959197998047
25008 1046895 0.9983968734741211
25012 1046896 0.9983978271484375
25015 1046897 0.9983987808227539
25016 1046898 0.9983997344970703
25019 1046899 0.9984006881713867
25028 1046900 0.9984016418457031
25032 1046901 0.9984025955200195
25034 1046902 0.9984035491943359
25038 1046903 0.9984045028686523
25050 1046904 0.9984054565429688
25051 1046905 0.9984064102172852
25056 1046906 0.9984073638916016
25058 1046907 0.998408317565918
25060 1046908 0.9984092712402344
25061 1046909 0.9984102249145508
25062 1046910 0.9984111785888672
25071 1046911 0.9984121322631836
25076 1046912 0.9984130859375
25080 1046914 0.9984149932861328
25081 1046915 0.9984159469604492
25082 1046916 0.9984169006347656
25087 1046917 0.998417854309082
25095 1046918 0.9984188079833984
25103 1046919 0.9984197616577148
25104 1046920 0.9984207153320312
25105 1046921 0.9984216690063477
25115 1046922 0.9984226226806641
25116 1046923 0.9984235763549805
25119 1046924 0.9984245300292969
25123 1046925 0.9984254837036133
25135 1046927 0.9984273910522461
25136 1046929 0.9984292984008789
25139 1046930 0.9984302520751953
25140 1046932 0.9984321594238281
25142 1046933 0.9984331130981445
25160 1046934 0.9984340667724609
25170 1046935 0.9984350204467773
25174 1046936 0.9984359741210938
25184 1046937 0.9984369277954102
25194 1046938 0.9984378814697266
25195 1046939 0.998438835144043
25197 1046940 0.9984397888183594
25198 1046941 0.9984407424926758
25203 1046942 0.9984416961669922
25205 1046943 0.9984426498413086
25211 1046944 0.998443603515625
25212 1046945 0.9984445571899414
25215 1046946 0.9984455108642578
25216 1046947 0.9984464645385742
25219 1046948 0.9984474182128906
25227 1046949 0.998448371887207
25230 1046950 0.9984493255615234
25231 1046951 0.9984502792358398
25233 1046952 0.9984512329101562
25236 1046954 0.9984531402587891
25247 1046955 0.9984540939331055
25251 1046956 0.9984550476074219
25254 1046957 0.9984560012817383
25261 1046958 0.9984569549560547
25263 1046959 0.9984579086303711
25266 1046960 0.9984588623046875
25268 1046963 0.9984617233276367
25273 1046964 0.9984626770019531
25274 1046965 0.9984636306762695
25281 1046966 0.9984645843505859
25285 1046968 0.9984664916992188
25290 1046969 0.9984674453735352
25302 1046970 0.9984683990478516
25303 1046971 0.998469352722168
25315 1046972 0.9984703063964844
25316 1046973 0.9984712600708008
25321 1046974 0.9984722137451172
25327 1046975 0.9984731674194336
25329 1046976 0.99847412109375
25331 1046977 0.9984750747680664
25335 1046978 0.9984760284423828
25344 1046979 0.9984769821166992
25353 1046980 0.9984779357910156
25360 1046981 0.998478889465332
25363 1046982 0.9984798431396484
25377 1046983 0.9984807968139648
25379 1046984 0.9984817504882812
25391 1046985 0.9984827041625977
25392 1046986 0.9984836578369141
25394 1046988 0.9984855651855469
25407 1046989 0.9984865188598633
25410 1046990 0.9984874725341797
25411 1046992 0.9984893798828125
25414 1046993 0.9984903335571289
25417 1046994 0.9984912872314453
25419 1046995 0.9984922409057617
25432 1046996 0.9984931945800781
25433 1046997 0.9984941482543945
25436 1046998 0.9984951019287109
25439 1046999 0.9984960556030273
25444 1047000 0.9984970092773438
25459 1047001 0.9984979629516602
25463 1047002 0.9984989166259766
25479 1047003 0.998499870300293
25482 1047004 0.9985008239746094
25486 1047005 0.9985017776489258
25491 1047006 0.9985027313232422
25492 1047007 0.9985036849975586
25499 1047008 0.998504638671875
25505 1047009 0.9985055923461914
25510 1047010 0.9985065460205078
25511 1047011 0.9985074996948242
25517 1047012 0.9985084533691406
25524 1047013 0.998509407043457
25525 1047014 0.9985103607177734
25533 1047015 0.9985113143920898
25535 1047016 0.9985122680664062
25536 1047017 0.9985132217407227
25546 1047019 0.9985151290893555
25554 1047020 0.9985160827636719
25559 1047021 0.9985170364379883
25565 1047022 0.9985179901123047
25568 1047023 0.9985189437866211
25569 1047024 0.9985198974609375
25573 1047025 0.9985208511352539
25590 1047026 0.9985218048095703
25594 1047027 0.9985227584838867
25604 1047028 0.9985237121582031
25612 1047029 0.9985246658325195
25615 1047030 0.9985256195068359
25616 1047031 0.9985265731811523
25618 1047032 0.9985275268554688
25623 1047033 0.9985284805297852
25624 1047034 0.9985294342041016
25628 1047036 0.9985313415527344
25632 1047037 0.9985322952270508
25634 1047038 0.9985332489013672
25637 1047040 0.99853515625
25639 1047041 0.9985361099243164
25642 1047042 0.9985370635986328
25643 1047043 0.9985380172729492
25650 1047044 0.9985389709472656
25651 1047045 0.998539924621582
25659 1047046 0.9985408782958984
25661 1047047 0.9985418319702148
25665 1047049 0.9985437393188477
25666 1047050 0.9985446929931641
25668 1047051 0.9985456466674805
25670 1047052 0.9985466003417969
25671 1047053 0.9985475540161133
25678 1047054 0.9985485076904297
25684 1047055 0.9985494613647461
25686 1047056 0.9985504150390625
25688 1047057 0.9985513687133789
25694 1047058 0.9985523223876953
25696 1047059 0.9985532760620117
25714 1047060 0.9985542297363281
25720 1047061 0.9985551834106445
25722 1047062 0.9985561370849609
25723 1047063 0.9985570907592773
25725 1047064 0.9985580444335938
25745 1047065 0.9985589981079102
25747 1047067 0.998560905456543
25757 1047068 0.9985618591308594
25758 1047069 0.9985628128051758
25770 1047070 0.9985637664794922
25773 1047071 0.9985647201538086
25784 1047072 0.998565673828125
25785 1047073 0.9985666275024414
25786 1047074 0.9985675811767578
25797 1047075 0.9985685348510742
25811 1047077 0.998570442199707
25812 1047079 0.9985723495483398
25817 1047080 0.9985733032226562
25822 1047082 0.9985752105712891
25830 1047083 0.9985761642456055
25832 1047084 0.9985771179199219
25838 1047085 0.9985780715942383
25840 1047086 0.9985790252685547
25844 1047087 0.9985799789428711
25853 1047088 0.9985809326171875
25858 1047090 0.9985828399658203
25862 1047091 0.9985837936401367
25866 1047092 0.9985847473144531
25874 1047093 0.9985857009887695
25876 1047094 0.9985866546630859
25877 1047095 0.9985876083374023
25878 1047096 0.9985885620117188
25892 1047097 0.9985895156860352
25899 1047098 0.9985904693603516
25901 1047099 0.998591423034668
25903 1047100 0.9985923767089844
25922 1047102 0.9985942840576172
25926 1047103 0.9985952377319336
25927 1047104 0.99859619140625
25932 1047105 0.9985971450805664
25938 1047106 0.9985980987548828
25944 1047107 0.9985990524291992
25947 1047108 0.9986000061035156
25961 1047109 0.998600959777832
25963 1047110 0.9986019134521484
25978 1047112 0.9986038208007812
25983 1047113 0.9986047744750977
25984 1047114 0.9986057281494141
25986 1047115 0.9986066818237305
25993 1047116 0.9986076354980469
25996 1047117 0.9986085891723633
25997 1047118 0.9986095428466797
25998 1047119 0.9986104965209961
26000 1047120 0.9986114501953125
26001 1047121 0.9986124038696289
26008 1047122 0.9986133575439453
26009 1047123 0.9986143112182617
26015 1047124 0.9986152648925781
26021 1047125 0.9986162185668945
26024 1047126 0.9986171722412109
26027 1047127 0.9986181259155273
26028 1047129 0.9986200332641602
26032 1047130 0.9986209869384766
26033 1047131 0.998621940612793
26052 1047132 0.9986228942871094
26055 1047133 0.9986238479614258
26056 1047134 0.9986248016357422
26069 1047135 0.9986257553100586
26076 1047136 0.998626708984375
26084 1047137 0.9986276626586914
26087 1047139 0.9986295700073242
26089 1047140 0.9986305236816406
26091 1047141 0.998631477355957
26107 1047142 0.9986324310302734
26117 1047143 0.9986333847045898
26127 1047145 0.9986352920532227
26128 1047146 0.9986362457275391
26138 1047147 0.9986371994018555
26141 1047148 0.9986381530761719
26147 1047149 0.9986391067504883
26170 1047150 0.9986400604248047
26173 1047151 0.9986410140991211
26175 1047152 0.9986419677734375
26179 1047153 0.9986429214477539
26189 1047154 0.9986438751220703
26195 1047155 0.9986448287963867
26200 1047156 0.9986457824707031
26201 1047157 0.9986467361450195
26203 1047159 0.9986486434936523
26204 1047160 0.9986495971679688
26208 1047162 0.9986515045166016
26213 1047164 0.9986534118652344
26231 1047165 0.9986543655395508
26234 1047166 0.9986553192138672
26237 1047167 0.9986562728881836
26239 1047168 0.9986572265625
26243 1047169 0.9986581802368164
26251 1047170 0.9986591339111328
26252 1047171 0.9986600875854492
26255 1047172 0.9986610412597656
26259 1047175 0.9986639022827148
26264 1047176 0.9986648559570312
26268 1047177 0.9986658096313477
26269 1047178 0.9986667633056641
26271 1047179 0.9986677169799805
26274 1047180 0.9986686706542969
26280 1047181 0.9986696243286133
26281 1047182 0.9986705780029297
26282 1047184 0.9986724853515625
26284 1047185 0.9986734390258789
26294 1047186 0.9986743927001953
26303 1047187 0.9986753463745117
26304 1047188 0.9986763000488281
26305 1047189 0.9986772537231445
26312 1047190 0.9986782073974609
26315 1047191 0.9986791610717773
26320 1047192 0.9986801147460938
26321 1047193 0.9986810684204102
26322 1047194 0.9986820220947266
26329 1047195 0.998682975769043
26335 1047196 0.9986839294433594
26345 1047197 0.9986848831176758
26349 1047198 0.9986858367919922
26356 1047200 0.998687744140625
26358 1047201 0.9986886978149414
26363 1047202 0.9986896514892578
26366 1047203 0.9986906051635742
26369 1047204 0.9986915588378906
26371 1047205 0.998692512512207
26375 1047206 0.9986934661865234
26376 1047207 0.9986944198608398
26400 1047208 0.9986953735351562
26402 1047209 0.9986963272094727
26405 1047210 0.9986972808837891
26408 1047211 0.9986982345581055
26426 1047212 0.9986991882324219
26440 1047213 0.9987001419067383
26441 1047215 0.9987020492553711
26444 1047216 0.9987030029296875
26451 1047217 0.9987039566040039
26452 1047218 0.9987049102783203
26453 1047219 0.9987058639526367
26457 1047220 0.9987068176269531
26460 1047221 0.9987077713012695
26464 1047222 0.9987087249755859
26465 1047223 0.9987096786499023
26467 1047224 0.9987106323242188
26469 1047225 0.9987115859985352
26475 1047226 0.9987125396728516
26479 1047227 0.998713493347168
26485 1047228 0.9987144470214844
26491 1047229 0.9987154006958008
26501 1047230 0.9987163543701172
26517 1047231 0.9987173080444336
26519 1047232 0.99871826171875
26520 1047233 0.9987192153930664
26521 1047234 0.9987201690673828
26536 1047235 0.9987211227416992
26540 1047236 0.9987220764160156
26544 1047237 0.998723030090332
26551 1047238 0.9987239837646484
26557 1047239 0.9987249374389648
26566 1047240 0.9987258911132812
26575 1047241 0.9987268447875977
26590 1047242 0.9987277984619141
26597 1047243 0.9987287521362305
26599 1047244 0.9987297058105469
26600 1047245 0.9987306594848633
26610 1047246 0.9987316131591797
26646 1047247 0.9987325668334961
26647 1047248 0.9987335205078125
26648 1047249 0.9987344741821289
26658 1047250 0.9987354278564453
26659 1047251 0.9987363815307617
26663 1047252 0.9987373352050781
26667 1047254 0.9987392425537109
26669 1047256 0.9987411499023438
26671 1047257 0.9987421035766602
26674 1047258 0.9987430572509766
26685 1047259 0.998744010925293
26692 1047260 0.9987449645996094
26693 1047262 0.9987468719482422
26700 1047263 0.9987478256225586
26722 1047264 0.998748779296875
26724 1047265 0.9987497329711914
26725 1047266 0.9987506866455078
26727 1047267 0.9987516403198242
26728 1047268 0.9987525939941406
26733 1047269 0.998753547668457
26742 1047270 0.9987545013427734
26744 1047271 0.9987554550170898
26749 1047272 0.9987564086914062
26752 1047273 0.9987573623657227
26756 1047274 0.9987583160400391
26760 1047275 0.9987592697143555
26761 1047276 0.9987602233886719
26764 1047277 0.9987611770629883
26768 1047278 0.9987621307373047
26772 1047280 0.9987640380859375
26778 1047281 0.9987649917602539
26782 1047282 0.9987659454345703
26783 1047283 0.9987668991088867
26796 1047285 0.9987688064575195
26803 1047286 0.9987697601318359
26805 1047287 0.9987707138061523
26811 1047288 0.9987716674804688
26822 1047289 0.9987726211547852
26824 1047290 0.9987735748291016
26827 1047291 0.998774528503418
26829 1047292 0.9987754821777344
26837 1047293 0.9987764358520508
26840 1047294 0.9987773895263672
26847 1047295 0.9987783432006836
26851 1047296 0.998779296875
26872 1047297 0.9987802505493164
26885 1047298 0.9987812042236328
26888 1047299 0.9987821578979492
26893 1047300 0.9987831115722656
26902 1047301 0.998784065246582
26914 1047302 0.9987850189208984
26921 1047303 0.9987859725952148
26927 1047304 0.9987869262695312
26933 1047305 0.9987878799438477
26951 1047306 0.9987888336181641
26953 1047307 0.9987897872924805
26961 1047308 0.9987907409667969
26974 1047309 0.9987916946411133
26976 1047310 0.9987926483154297
26988 1047311 0.9987936019897461
26992 1047312 0.9987945556640625
27000 1047313 0.9987955093383789
27007 1047314 0.9987964630126953
27021 1047315 0.9987974166870117
27025 1047316 0.9987983703613281
27039 1047317 0.9987993240356445
27041 1047319 0.9988012313842773
27042 1047320 0.9988021850585938
27054 1047321 0.9988031387329102
27071 1047322 0.9988040924072266
27073 1047323 0.998805046081543
27078 1047324 0.9988059997558594
27079 1047325 0.9988069534301758
27097 1047326 0.9988079071044922
27101 1047327 0.9988088607788086
27108 1047328 0.998809814453125
27117 1047329 0.9988107681274414
27120 1047330 0.9988117218017578
27128 1047331 0.9988126754760742
27130 1047332 0.9988136291503906
27152 1047333 0.998814582824707
27166 1047334 0.9988155364990234
27175 1047335 0.9988164901733398
27183 1047337 0.9988183975219727
27185 1047338 0.9988193511962891
27190 1047339 0.9988203048706055
27197 1047341 0.9988222122192383
27202 1047342 0.9988231658935547
27207 1047343 0.9988241195678711
27215 1047344 0.9988250732421875
27222 1047345 0.9988260269165039
27237 1047346 0.9988269805908203
27243 1047348 0.9988288879394531
27247 1047349 0.9988298416137695
27249 1047351 0.9988317489624023
27253 1047352 0.9988327026367188
27268 1047353 0.9988336563110352
27277 1047354 0.9988346099853516
27280 1047355 0.998835563659668
27283 1047356 0.9988365173339844
27302 1047357 0.9988374710083008
27306 1047358 0.9988384246826172
27318 1047359 0.9988393783569336
27324 1047360 0.99884033203125
27335 1047361 0.9988412857055664
27339 1047362 0.9988422393798828
27347 1047363 0.9988431930541992
27352 1047364 0.9988441467285156
27374 1047365 0.998845100402832
27382 1047366 0.9988460540771484
27386 1047367 0.9988470077514648
27387 1047368 0.9988479614257812
27409 1047369 0.9988489151000977
27423 1047370 0.9988498687744141
27430 1047371 0.9988508224487305
27446 1047372 0.9988517761230469
27448 1047373 0.9988527297973633
27459 1047374 0.9988536834716797
27464 1047375 0.9988546371459961
27469 1047376 0.9988555908203125
27493 1047377 0.9988565444946289
27498 1047378 0.9988574981689453
27505 1047379 0.9988584518432617
27508 1047380 0.9988594055175781
27534 1047381 0.9988603591918945
27545 1047382 0.9988613128662109
27551 1047384 0.9988632202148438
27555 1047385 0.9988641738891602
27561 1047386 0.9988651275634766
27574 1047388 0.9988670349121094
27577 1047390 0.9988689422607422
27583 1047391 0.9988698959350586
27588 1047392 0.998870849609375
27589 1047393 0.9988718032836914
27593 1047394 0.9988727569580078
27597 1047395 0.9988737106323242
27604 1047396 0.9988746643066406
27610 1047397 0.998875617980957
27617 1047398 0.9988765716552734
27626 1047399 0.9988775253295898
27643 1047400 0.9988784790039062
27656 1047401 0.9988794326782227
27660 1047402 0.9988803863525391
27669 1047403 0.9988813400268555
27670 1047405 0.9988832473754883
27681 1047406 0.9988842010498047
27682 1047407 0.9988851547241211
27702 1047408 0.9988861083984375
27704 1047409 0.9988870620727539
27708 1047410 0.9988880157470703
27711 1047411 0.9988889694213867
27725 1047412 0.9988899230957031
27732 1047413 0.9988908767700195
27740 1047414 0.9988918304443359
27742 1047415 0.9988927841186523
27743 1047416 0.9988937377929688
27745 1047417 0.9988946914672852
27752 1047418 0.9988956451416016
27763 1047420 0.9988975524902344
27774 1047421 0.9988985061645508
27781 1047422 0.9988994598388672
27801 1047423 0.9989004135131836
27809 1047424 0.9989013671875
27821 1047425 0.9989023208618164
27831 1047426 0.9989032745361328
27836 1047428 0.9989051818847656
27855 1047429 0.998906135559082
27862 1047430 0.9989070892333984
27863 1047431 0.9989080429077148
27867 1047432 0.9989089965820312
27872 1047433 0.9989099502563477
27880 1047434 0.9989109039306641
27930 1047435 0.9989118576049805
27933 1047436 0.9989128112792969
27945 1047437 0.9989137649536133
27966 1047438 0.9989147186279297
27975 1047439 0.9989156723022461
27978 1047440 0.9989166259765625
27979 1047441 0.9989175796508789
27980 1047442 0.9989185333251953
27981 1047443 0.9989194869995117
27982 1047444 0.9989204406738281
27984 1047445 0.9989213943481445
27995 1047446 0.9989223480224609
27997 1047447 0.9989233016967773
28007 1047448 0.9989242553710938
28010 1047449 0.9989252090454102
28018 1047450 0.9989261627197266
28023 1047451 0.998927116394043
28024 1047452 0.9989280700683594
28064 1047453 0.9989290237426758
28065 1047454 0.9989299774169922
28081 1047455 0.9989309310913086
28084 1047457 0.9989328384399414
28087 1047458 0.9989337921142578
28126 1047460 0.9989356994628906
28146 1047461 0.998936653137207
28148 1047462 0.9989376068115234
28153 1047463 0.9989385604858398
28170 1047464 0.9989395141601562
28206 1047465 0.9989404678344727
28208 1047466 0.9989414215087891
28213 1047467 0.9989423751831055
28218 1047468 0.9989433288574219
28223 1047469 0.9989442825317383
28239 1047470 0.9989452362060547
28250 1047471 0.9989461898803711
28258 1047472 0.9989471435546875
28268 1047473 0.9989480972290039
28270 1047474 0.9989490509033203
28293 1047475 0.9989500045776367
28294 1047476 0.9989509582519531
28296 1047477 0.9989519119262695
28304 1047478 0.9989528656005859
28319 1047479 0.9989538192749023
28323 1047480 0.9989547729492188
28331 1047481 0.9989557266235352
28384 1047482 0.9989566802978516
28393 1047483 0.998957633972168
28417 1047484 0.9989585876464844
28433 1047485 0.9989595413208008
28453 1047486 0.9989604949951172
28455 1047487 0.9989614486694336
28463 1047488 0.99896240234375
28464 1047489 0.9989633560180664
28479 1047490 0.9989643096923828
28480 1047491 0.9989652633666992
28482 1047492 0.9989662170410156
28484 1047493 0.998967170715332
28486 1047495 0.9989690780639648
28497 1047496 0.9989700317382812
28499 1047497 0.9989709854125977
28508 1047498 0.9989719390869141
28521 1047499 0.9989728927612305
28534 1047501 0.9989748001098633
28539 1047502 0.9989757537841797
28541 1047503 0.9989767074584961
28545 1047504 0.9989776611328125
28549 1047505 0.9989786148071289
28568 1047506 0.9989795684814453
28621 1047507 0.9989805221557617
28623 1047509 0.9989824295043945
28630 1047510 0.9989833831787109
28651 1047511 0.9989843368530273
28656 1047512 0.9989852905273438
28659 1047513 0.9989862442016602
28660 1047514 0.9989871978759766
28666 1047515 0.998988151550293
28672 1047516 0.9989891052246094
28687 1047517 0.9989900588989258
28700 1047518 0.9989910125732422
28740 1047519 0.9989919662475586
28752 1047520 0.998992919921875
28753 1047521 0.9989938735961914
28756 1047522 0.9989948272705078
28762 1047523 0.9989957809448242
28768 1047524 0.9989967346191406
28803 1047525 0.998997688293457
28810 1047526 0.9989986419677734
28812 1047527 0.9989995956420898
28817 1047528 0.9990005493164062
28864 1047529 0.9990015029907227
28899 1047530 0.9990024566650391
28900 1047531 0.9990034103393555
28902 1047532 0.9990043640136719
28914 1047533 0.9990053176879883
28915 1047535 0.9990072250366211
28916 1047536 0.9990081787109375
28920 1047537 0.9990091323852539
28924 1047538 0.9990100860595703
28962 1047539 0.9990110397338867
28976 1047540 0.9990119934082031
29007 1047541 0.9990129470825195
29014 1047542 0.9990139007568359
29019 1047543 0.9990148544311523
29022 1047544 0.9990158081054688
29039 1047546 0.9990177154541016
29066 1047547 0.999018669128418
29105 1047548 0.9990196228027344
29110 1047549 0.9990205764770508
29113 1047550 0.9990215301513672
29123 1047551 0.9990224838256836
29127 1047552 0.9990234375
29149 1047553 0.9990243911743164
29151 1047554 0.9990253448486328
29181 1047555 0.9990262985229492
29183 1047556 0.9990272521972656
29205 1047557 0.999028205871582
29212 1047558 0.9990291595458984
29221 1047559 0.9990301132202148
29227 1047560 0.9990310668945312
29230 1047561 0.9990320205688477
29246 1047562 0.9990329742431641
29248 1047563 0.9990339279174805
29254 1047564 0.9990348815917969
29256 1047565 0.9990358352661133
29285 1047566 0.9990367889404297
29322 1047567 0.9990377426147461
29349 1047568 0.9990386962890625
29351 1047569 0.9990396499633789
29362 1047570 0.9990406036376953
29365 1047571 0.9990415573120117
29372 1047572 0.9990425109863281
29377 1047573 0.9990434646606445
29390 1047574 0.9990444183349609
29394 1047575 0.9990453720092773
29426 1047576 0.9990463256835938
29441 1047577 0.9990472793579102
29451 1047578 0.9990482330322266
29505 1047579 0.999049186706543
29516 1047580 0.9990501403808594
29527 1047581 0.9990510940551758
29537 1047582 0.9990520477294922
29564 1047583 0.9990530014038086
29575 1047585 0.9990549087524414
29593 1047586 0.9990558624267578
29597 1047587 0.9990568161010742
29606 1047588 0.9990577697753906
29620 1047589 0.999058723449707
29621 1047590 0.9990596771240234
29624 1047591 0.9990606307983398
29628 1047592 0.9990615844726562
29629 1047593 0.9990625381469727
29634 1047594 0.9990634918212891
29652 1047595 0.9990644454956055
29654 1047596 0.9990653991699219
29665 1047597 0.9990663528442383
29669 1047598 0.9990673065185547
29670 1047599 0.9990682601928711
29672 1047600 0.9990692138671875
29673 1047601 0.9990701675415039
29676 1047602 0.9990711212158203
29701 1047603 0.9990720748901367
29719 1047604 0.9990730285644531
29728 1047605 0.9990739822387695
29737 1047606 0.9990749359130859
29742 1047607 0.9990758895874023
29752 1047608 0.9990768432617188
29770 1047609 0.9990777969360352
29774 1047610 0.9990787506103516
29776 1047611 0.999079704284668
29778 1047613 0.9990816116333008
29785 1047614 0.9990825653076172
29791 1047615 0.9990835189819336
29793 1047616 0.99908447265625
29804 1047617 0.9990854263305664
29812 1047618 0.9990863800048828
29825 1047619 0.9990873336791992
29837 1047620 0.9990882873535156
29872 1047621 0.999089241027832
29874 1047622 0.9990901947021484
29887 1047623 0.9990911483764648
29923 1047624 0.9990921020507812
30009 1047625 0.9990930557250977
30030 1047626 0.9990940093994141
30031 1047627 0.9990949630737305
30053 1047628 0.9990959167480469
30055 1047629 0.9990968704223633
30087 1047630 0.9990978240966797
30091 1047631 0.9990987777709961
30114 1047632 0.9990997314453125
30144 1047633 0.9991006851196289
30161 1047634 0.9991016387939453
30165 1047635 0.9991025924682617
30166 1047636 0.9991035461425781
30169 1047637 0.9991044998168945
30177 1047638 0.9991054534912109
30187 1047640 0.9991073608398438
30208 1047641 0.9991083145141602
30217 1047642 0.9991092681884766
30221 1047643 0.999110221862793
30226 1047644 0.9991111755371094
30234 1047645 0.9991121292114258
30238 1047646 0.9991130828857422
30240 1047647 0.9991140365600586
30249 1047648 0.999114990234375
30252 1047649 0.9991159439086914
30260 1047650 0.9991168975830078
30261 1047651 0.9991178512573242
30265 1047652 0.9991188049316406
30275 1047653 0.999119758605957
30282 1047654 0.9991207122802734
30303 1047655 0.9991216659545898
30304 1047656 0.9991226196289062
30305 1047657 0.9991235733032227
30313 1047658 0.9991245269775391
30315 1047659 0.9991254806518555
30319 1047660 0.9991264343261719
30325 1047661 0.9991273880004883
30327 1047662 0.9991283416748047
30349 1047663 0.9991292953491211
30352 1047664 0.9991302490234375
30355 1047665 0.9991312026977539
30365 1047666 0.9991321563720703
30405 1047667 0.9991331100463867
30407 1047668 0.9991340637207031
30456 1047669 0.9991350173950195
30464 1047670 0.9991359710693359
30466 1047671 0.9991369247436523
30498 1047672 0.9991378784179688
30519 1047673 0.9991388320922852
30555 1047674 0.9991397857666016
30579 1047675 0.999140739440918
30581 1047676 0.9991416931152344
30594 1047677 0.9991426467895508
30598 1047678 0.9991436004638672
30607 1047679 0.9991445541381836
30629 1047680 0.9991455078125
30634 1047681 0.9991464614868164
30666 1047682 0.9991474151611328
30677 1047683 0.9991483688354492
30690 1047684 0.9991493225097656
30699 1047685 0.999150276184082
30713 1047686 0.9991512298583984
30719 1047687 0.9991521835327148
30727 1047688 0.9991531372070312
30762 1047689 0.9991540908813477
30764 1047690 0.9991550445556641
30765 1047691 0.9991559982299805
30771 1047692 0.9991569519042969
30789 1047693 0.9991579055786133
30795 1047694 0.9991588592529297
30802 1047695 0.9991598129272461
30812 1047696 0.9991607666015625
30816 1047697 0.9991617202758789
30819 1047698 0.9991626739501953
30828 1047699 0.9991636276245117
30831 1047700 0.9991645812988281
30849 1047701 0.9991655349731445
30851 1047702 0.9991664886474609
30854 1047703 0.9991674423217773
30872 1047704 0.9991683959960938
30873 1047705 0.9991693496704102
30876 1047706 0.9991703033447266
30877 1047707 0.999171257019043
30880 1047708 0.9991722106933594
30883 1047709 0.9991731643676758
30885 1047710 0.9991741180419922
30891 1047711 0.9991750717163086
30896 1047712 0.999176025390625
30901 1047713 0.9991769790649414
30915 1047714 0.9991779327392578
31009 1047715 0.9991788864135742
31024 1047716 0.9991798400878906
31049 1047717 0.999180793762207
31068 1047718 0.9991817474365234
31096 1047719 0.9991827011108398
31113 1047720 0.9991836547851562
31150 1047721 0.9991846084594727
31159 1047722 0.9991855621337891
31198 1047723 0.9991865158081055
31204 1047724 0.9991874694824219
31222 1047725 0.9991884231567383
31240 1047726 0.9991893768310547
31256 1047727 0.9991903305053711
31258 1047728 0.9991912841796875
31288 1047729 0.9991922378540039
31293 1047730 0.9991931915283203
31296 1047731 0.9991941452026367
31316 1047732 0.9991950988769531
31319 1047733 0.9991960525512695
31325 1047734 0.9991970062255859
31334 1047735 0.9991979598999023
31361 1047736 0.9991989135742188
31373 1047737 0.9991998672485352
31390 1047738 0.9992008209228516
31463 1047739 0.999201774597168
31464 1047740 0.9992027282714844
31475 1047741 0.9992036819458008
31476 1047742 0.9992046356201172
31479 1047743 0.9992055892944336
31491 1047744 0.99920654296875
31509 1047745 0.9992074966430664
31523 1047746 0.9992084503173828
31531 1047747 0.9992094039916992
31536 1047748 0.9992103576660156
31556 1047749 0.999211311340332
31601 1047750 0.9992122650146484
31605 1047751 0.9992132186889648
31608 1047752 0.9992141723632812
31655 1047753 0.9992151260375977
31673 1047754 0.9992160797119141
31674 1047755 0.9992170333862305
31682 1047756 0.9992179870605469
31729 1047757 0.9992189407348633
31749 1047758 0.9992198944091797
31769 1047759 0.9992208480834961
31783 1047760 0.9992218017578125
31806 1047761 0.9992227554321289
31808 1047762 0.9992237091064453
31819 1047763 0.9992246627807617
31824 1047764 0.9992256164550781
31834 1047765 0.9992265701293945
31835 1047766 0.9992275238037109
31851 1047767 0.9992284774780273
31875 1047768 0.9992294311523438
31894 1047769 0.9992303848266602
31906 1047770 0.9992313385009766
31921 1047771 0.999232292175293
31931 1047772 0.9992332458496094
31947 1047774 0.9992351531982422
31967 1047775 0.9992361068725586
31969 1047776 0.999237060546875
31973 1047777 0.9992380142211914
31997 1047778 0.9992389678955078
32030 1047779 0.9992399215698242
32031 1047780 0.9992408752441406
32040 1047781 0.999241828918457
32095 1047782 0.9992427825927734
32098 1047783 0.9992437362670898
32118 1047785 0.9992456436157227
32138 1047786 0.9992465972900391
32145 1047787 0.9992475509643555
32179 1047788 0.9992485046386719
32186 1047789 0.9992494583129883
32204 1047790 0.9992504119873047
32212 1047791 0.9992513656616211
32226 1047792 0.9992523193359375
32231 1047793 0.9992532730102539
32232 1047794 0.9992542266845703
32275 1047795 0.9992551803588867
32304 1047796 0.9992561340332031
32306 1047797 0.9992570877075195
32308 1047798 0.9992580413818359
32312 1047799 0.9992589950561523
32323 1047800 0.9992599487304688
32342 1047801 0.9992609024047852
32345 1047802 0.9992618560791016
32404 1047803 0.999262809753418
32413 1047804 0.9992637634277344
32420 1047805 0.9992647171020508
32422 1047806 0.9992656707763672
32434 1047807 0.9992666244506836
32446 1047808 0.999267578125
32449 1047809 0.9992685317993164
32456 1047811 0.9992704391479492
32483 1047812 0.9992713928222656
32485 1047813 0.999272346496582
32552 1047814 0.9992733001708984
32553 1047815 0.9992742538452148
32558 1047816 0.9992752075195312
32591 1047817 0.9992761611938477
32609 1047818 0.9992771148681641
32640 1047819 0.9992780685424805
32641 1047820 0.9992790222167969
32681 1047821 0.9992799758911133
32725 1047822 0.9992809295654297
32740 1047823 0.9992818832397461
32767 1047824 0.9992828369140625
32769 1047825 0.9992837905883789
32772 1047826 0.9992847442626953
32790 1047827 0.9992856979370117
32803 1047828 0.9992866516113281
32821 1047829 0.9992876052856445
32847 1047830 0.9992885589599609
32852 1047831 0.9992895126342773
32858 1047832 0.9992904663085938
32877 1047833 0.9992914199829102
32894 1047834 0.9992923736572266
32925 1047835 0.999293327331543
32941 1047836 0.9992942810058594
32968 1047837 0.9992952346801758
33002 1047838 0.9992961883544922
33013 1047839 0.9992971420288086
33029 1047840 0.999298095703125
33035 1047841 0.9992990493774414
33040 1047842 0.9993000030517578
33060 1047843 0.9993009567260742
33062 1047844 0.9993019104003906
33093 1047845 0.999302864074707
33168 1047846 0.9993038177490234
33226 1047847 0.9993047714233398
33228 1047848 0.9993057250976562
33262 1047849 0.9993066787719727
33276 1047850 0.9993076324462891
33309 1047851 0.9993085861206055
33316 1047852 0.9993095397949219
33387 1047853 0.9993104934692383
33407 1047855 0.9993124008178711
33419 1047856 0.9993133544921875
33426 1047857 0.9993143081665039
33434 1047858 0.9993152618408203
33435 1047859 0.9993162155151367
33437 1047860 0.9993171691894531
33464 1047861 0.9993181228637695
33482 1047862 0.9993190765380859
33487 1047863 0.9993200302124023
33504 1047864 0.9993209838867188
33521 1047865 0.9993219375610352
33530 1047866 0.9993228912353516
33595 1047867 0.999323844909668
33608 1047868 0.9993247985839844
33665 1047869 0.9993257522583008
33675 1047870 0.9993267059326172
33689 1047871 0.9993276596069336
33706 1047872 0.99932861328125
33797 1047873 0.9993295669555664
33839 1047874 0.9993305206298828
33843 1047875 0.9993314743041992
33879 1047876 0.9993324279785156
33957 1047877 0.999333381652832
33970 1047878 0.9993343353271484
34029 1047879 0.9993352890014648
34033 1047880 0.9993362426757812
34046 1047881 0.9993371963500977
34066 1047882 0.9993381500244141
34091 1047883 0.9993391036987305
34099 1047884 0.9993400573730469
34103 1047885 0.9993410110473633
34115 1047886 0.9993419647216797
34149 1047887 0.9993429183959961
34168 1047888 0.9993438720703125
34192 1047889 0.9993448257446289
34293 1047890 0.9993457794189453
34297 1047891 0.9993467330932617
34314 1047892 0.9993476867675781
34326 1047893 0.9993486404418945
34394 1047894 0.9993495941162109
34398 1047895 0.9993505477905273
34401 1047896 0.9993515014648438
34402 1047897 0.9993524551391602
34412 1047898 0.9993534088134766
34456 1047899 0.999354362487793
34460 1047900 0.9993553161621094
34463 1047901 0.9993562698364258
34484 1047902 0.9993572235107422
34606 1047903 0.9993581771850586
34608 1047904 0.999359130859375
34658 1047905 0.9993600845336914
34683 1047906 0.9993610382080078
34758 1047907 0.9993619918823242
34768 1047908 0.9993629455566406
34774 1047909 0.999363899230957
34805 1047910 0.9993648529052734
34814 1047911 0.9993658065795898
34825 1047912 0.9993667602539062
34845 1047913 0.9993677139282227
34862 1047914 0.9993686676025391
34868 1047915 0.9993696212768555
34876 1047916 0.9993705749511719
34898 1047917 0.9993715286254883
34905 1047918 0.9993724822998047
34906 1047919 0.9993734359741211
34909 1047920 0.9993743896484375
34930 1047921 0.9993753433227539
34932 1047922 0.9993762969970703
34939 1047923 0.9993772506713867
34948 1047924 0.9993782043457031
34976 1047925 0.9993791580200195
34998 1047926 0.9993801116943359
35003 1047927 0.9993810653686523
35076 1047928 0.9993820190429688
35090 1047929 0.9993829727172852
35102 1047930 0.9993839263916016
35103 1047932 0.9993858337402344
35139 1047933 0.9993867874145508
35163 1047934 0.9993877410888672
35217 1047935 0.9993886947631836
35268 1047936 0.9993896484375
35350 1047937 0.9993906021118164
35412 1047938 0.9993915557861328
35422 1047939 0.9993925094604492
35445 1047940 0.9993934631347656
35463 1047941 0.999394416809082
35472 1047942 0.9993953704833984
35480 1047943 0.9993963241577148
35494 1047944 0.9993972778320312
35511 1047945 0.9993982315063477
35585 1047946 0.9993991851806641
35624 1047947 0.9994001388549805
35629 1047948 0.9994010925292969
35716 1047949 0.9994020462036133
35765 1047950 0.9994029998779297
35784 1047951 0.9994039535522461
35796 1047952 0.9994049072265625
35832 1047953 0.9994058609008789
35890 1047954 0.9994068145751953
35922 1047955 0.9994077682495117
35958 1047956 0.9994087219238281
35966 1047957 0.9994096755981445
35969 1047958 0.9994106292724609
35971 1047959 0.9994115829467773
35978 1047961 0.9994134902954102
35997 1047962 0.9994144439697266
36035 1047963 0.999415397644043
36127 1047964 0.9994163513183594
36141 1047965 0.9994173049926758
36164 1047966 0.9994182586669922
36174 1047967 0.9994192123413086
36195 1047968 0.999420166015625
36229 1047969 0.9994211196899414
36267 1047970 0.9994220733642578
36316 1047971 0.9994230270385742
36326 1047972 0.9994239807128906
36406 1047973 0.999424934387207
36415 1047974 0.9994258880615234
36459 1047975 0.9994268417358398
36504 1047976 0.9994277954101562
36515 1047977 0.9994287490844727
36520 1047978 0.9994297027587891
36565 1047979 0.9994306564331055
36585 1047980 0.9994316101074219
36598 1047981 0.9994325637817383
36606 1047982 0.9994335174560547
36616 1047983 0.9994344711303711
36655 1047984 0.9994354248046875
36699 1047985 0.9994363784790039
36712 1047986 0.9994373321533203
36718 1047987 0.9994382858276367
36769 1047988 0.9994392395019531
36836 1047989 0.9994401931762695
36844 1047990 0.9994411468505859
36937 1047991 0.9994421005249023
36966 1047992 0.9994430541992188
36977 1047993 0.9994440078735352
37034 1047994 0.9994449615478516
37051 1047995 0.999445915222168
37078 1047996 0.9994468688964844
37143 1047997 0.9994478225708008
37167 1047998 0.9994487762451172
37181 1047999 0.9994497299194336
37184 1048000 0.99945068359375
37193 1048001 0.9994516372680664
37268 1048002 0.9994525909423828
37278 1048003 0.9994535446166992
37323 1048004 0.9994544982910156
37335 1048005 0.999455451965332
37398 1048006 0.9994564056396484
37494 1048007 0.9994573593139648
37556 1048008 0.9994583129882812
37570 1048009 0.9994592666625977
37608 1048010 0.9994602203369141
37667 1048011 0.9994611740112305
37708 1048012 0.9994621276855469
37720 1048013 0.9994630813598633
37853 1048014 0.9994640350341797
37878 1048015 0.9994649887084961
37934 1048016 0.9994659423828125
37952 1048017 0.9994668960571289
37970 1048018 0.9994678497314453
38089 1048019 0.9994688034057617
38128 1048020 0.9994697570800781
38136 1048021 0.9994707107543945
38187 1048022 0.9994716644287109
38311 1048023 0.9994726181030273
38325 1048024 0.9994735717773438
38393 1048025 0.9994745254516602
38415 1048026 0.9994754791259766
38423 1048027 0.999476432800293
38427 1048028 0.9994773864746094
38462 1048029 0.9994783401489258
38465 1048030 0.9994792938232422
38525 1048032 0.999481201171875
38543 1048033 0.9994821548461914
38584 1048034 0.9994831085205078
38780 1048035 0.9994840621948242
38864 1048036 0.9994850158691406
38871 1048037 0.999485969543457
39005 1048038 0.9994869232177734
39019 1048039 0.9994878768920898
39039 1048040 0.9994888305664062
39062 1048041 0.9994897842407227
39146 1048042 0.9994907379150391
39179 1048043 0.9994916915893555
39184 1048044 0.9994926452636719
39189 1048045 0.9994935989379883
39224 1048046 0.9994945526123047
39253 1048047 0.9994955062866211
39285 1048048 0.9994964599609375
39307 1048049 0.9994974136352539
39324 1048050 0.9994983673095703
39367 1048051 0.9994993209838867
39384 1048052 0.9995002746582031
39495 1048053 0.9995012283325195
39516 1048054 0.9995021820068359
39596 1048055 0.9995031356811523
39604 1048056 0.9995040893554688
39617 1048057 0.9995050430297852
39626 1048058 0.9995059967041016
39660 1048059 0.999506950378418
39675 1048060 0.9995079040527344
39688 1048061 0.9995088577270508
39816 1048062 0.9995098114013672
39825 1048063 0.9995107650756836
39837 1048064 0.99951171875
39934 1048065 0.9995126724243164
39979 1048066 0.9995136260986328
39995 1048067 0.9995145797729492
40002 1048068 0.9995155334472656
40059 1048069 0.999516487121582
40156 1048070 0.9995174407958984
40211 1048071 0.9995183944702148
40243 1048072 0.9995193481445312
40404 1048073 0.9995203018188477
40417 1048074 0.9995212554931641
40453 1048075 0.9995222091674805
40489 1048076 0.9995231628417969
40543 1048077 0.9995241165161133
40916 1048078 0.9995250701904297
40924 1048079 0.9995260238647461
40958 1048080 0.9995269775390625
40962 1048081 0.9995279312133789
40968 1048082 0.9995288848876953
40984 1048083 0.9995298385620117
41148 1048084 0.9995307922363281
41254 1048085 0.9995317459106445
41337 1048086 0.9995326995849609
41415 1048087 0.9995336532592773
41418 1048088 0.9995346069335938
41448 1048089 0.9995355606079102
41482 1048090 0.9995365142822266
41569 1048091 0.999537467956543
41591 1048092 0.9995384216308594
41667 1048093 0.9995393753051758
41785 1048094 0.9995403289794922
41819 1048095 0.9995412826538086
41836 1048096 0.999542236328125
41879 1048097 0.9995431900024414
41910 1048098 0.9995441436767578
41960 1048099 0.9995450973510742
41985 1048100 0.9995460510253906
42007 1048101 0.999547004699707
42017 1048102 0.9995479583740234
42022 1048103 0.9995489120483398
42032 1048104 0.9995498657226562
42205 1048105 0.9995508193969727
42276 1048106 0.9995517730712891
42318 1048107 0.9995527267456055
42330 1048108 0.9995536804199219
42341 1048109 0.9995546340942383
42360 1048111 0.9995565414428711
42377 1048112 0.9995574951171875
42475 1048113 0.9995584487915039
42503 1048115 0.9995603561401367
42506 1048116 0.9995613098144531
42515 1048117 0.9995622634887695
42572 1048118 0.9995632171630859
42598 1048119 0.9995641708374023
42603 1048120 0.9995651245117188
42698 1048121 0.9995660781860352
42784 1048122 0.9995670318603516
42854 1048123 0.999567985534668
43065 1048124 0.9995689392089844
43074 1048125 0.9995698928833008
43310 1048126 0.9995708465576172
43336 1048127 0.9995718002319336
43365 1048128 0.99957275390625
43473 1048129 0.9995737075805664
43528 1048130 0.9995746612548828
43552 1048131 0.9995756149291992
43634 1048132 0.9995765686035156
43670 1048133 0.999577522277832
43795 1048134 0.9995784759521484
43884 1048135 0.9995794296264648
43935 1048136 0.9995803833007812
43948 1048137 0.9995813369750977
43963 1048138 0.9995822906494141
43983 1048139 0.9995832443237305
44075 1048140 0.9995841979980469
44170 1048141 0.9995851516723633
44189 1048142 0.9995861053466797
44273 1048143 0.9995870590209961
44328 1048144 0.9995880126953125
44375 1048145 0.9995889663696289
44418 1048146 0.9995899200439453
44614 1048147 0.9995908737182617
44671 1048148 0.9995918273925781
44795 1048149 0.9995927810668945
44796 1048150 0.9995937347412109
45076 1048151 0.9995946884155273
45209 1048152 0.9995956420898438
45451 1048153 0.9995965957641602
45550 1048154 0.9995975494384766
45686 1048155 0.999598503112793
45712 1048156 0.9995994567871094
45734 1048157 0.9996004104614258
45833 1048158 0.9996013641357422
45890 1048159 0.9996023178100586
46033 1048160 0.999603271484375
46049 1048161 0.9996042251586914
46129 1048162 0.9996051788330078
46183 1048163 0.9996061325073242
46630 1048164 0.9996070861816406
46789 1048165 0.999608039855957
46809 1048166 0.9996089935302734
46831 1048167 0.9996099472045898
46889 1048168 0.9996109008789062
47018 1048169 0.9996118545532227
47058 1048170 0.9996128082275391
47492 1048171 0.9996137619018555
47608 1048172 0.9996147155761719
47609 1048173 0.9996156692504883
47647 1048174 0.9996166229248047
47720 1048175 0.9996175765991211
47817 1048176 0.9996185302734375
47873 1048177 0.9996194839477539
47875 1048178 0.9996204376220703
47895 1048179 0.9996213912963867
47939 1048180 0.9996223449707031
47953 1048181 0.9996232986450195
48096 1048182 0.9996242523193359
48439 1048183 0.9996252059936523
48491 1048184 0.9996261596679688
48526 1048185 0.9996271133422852
48699 1048186 0.9996280670166016
48778 1048187 0.999629020690918
48958 1048188 0.9996299743652344
49004 1048189 0.9996309280395508
49161 1048190 0.9996318817138672
49407 1048191 0.9996328353881836
49648 1048192 0.9996337890625
49696 1048193 0.9996347427368164
49744 1048194 0.9996356964111328
49859 1048195 0.9996366500854492
50171 1048196 0.9996376037597656
50192 1048197 0.999638557434082
50240 1048198 0.9996395111083984
50373 1048199 0.9996404647827148
50944 1048200 0.9996414184570312
51026 1048201 0.9996423721313477
51061 1048202 0.9996433258056641
51355 1048203 0.9996442794799805
51586 1048204 0.9996452331542969
51771 1048205 0.9996461868286133
51837 1048206 0.9996471405029297
51877 1048207 0.9996480941772461
52060 1048208 0.9996490478515625
52084 1048209 0.9996500015258789
52099 1048210 0.9996509552001953
52273 1048211 0.9996519088745117
52400 1048212 0.9996528625488281
52602 1048213 0.9996538162231445
52724 1048214 0.9996547698974609
52769 1048215 0.9996557235717773
52918 1048216 0.9996566772460938
53157 1048217 0.9996576309204102
53228 1048218 0.9996585845947266
53335 1048219 0.999659538269043
53633 1048220 0.9996604919433594
53670 1048221 0.9996614456176758
53689 1048222 0.9996623992919922
53814 1048223 0.9996633529663086
54041 1048224 0.999664306640625
54126 1048225 0.9996652603149414
54265 1048226 0.9996662139892578
54310 1048227 0.9996671676635742
54352 1048228 0.9996681213378906
54372 1048229 0.999669075012207
54473 1048230 0.9996700286865234
54481 1048231 0.9996709823608398
54709 1048232 0.9996719360351562
54829 1048233 0.9996728897094727
54845 1048234 0.9996738433837891
54854 1048235 0.9996747970581055
55008 1048236 0.9996757507324219
55019 1048237 0.9996767044067383
55062 1048238 0.9996776580810547
55203 1048239 0.9996786117553711
55256 1048240 0.9996795654296875
55486 1048241 0.9996805191040039
55828 1048242 0.9996814727783203
56377 1048243 0.9996824264526367
56390 1048244 0.9996833801269531
56397 1048245 0.9996843338012695
56413 1048246 0.9996852874755859
56442 1048247 0.9996862411499023
56645 1048248 0.9996871948242188
56807 1048249 0.9996881484985352
56977 1048250 0.9996891021728516
57265 1048251 0.999690055847168
57474 1048252 0.9996910095214844
57646 1048253 0.9996919631958008
57781 1048254 0.9996929168701172
58193 1048255 0.9996938705444336
58397 1048256 0.99969482421875
58531 1048257 0.9996957778930664
58798 1048258 0.9996967315673828
59194 1048259 0.9996976852416992
59385 1048260 0.9996986389160156
59678 1048261 0.999699592590332
59713 1048262 0.9997005462646484
59920 1048263 0.9997014999389648
59932 1048264 0.9997024536132812
60290 1048265 0.9997034072875977
60567 1048266 0.9997043609619141
61011 1048267 0.9997053146362305
61281 1048268 0.9997062683105469
61412 1048269 0.9997072219848633
61521 1048270 0.9997081756591797
61967 1048271 0.9997091293334961
62013 1048272 0.9997100830078125
62213 1048273 0.9997110366821289
62275 1048274 0.9997119903564453
62307 1048275 0.9997129440307617
62493 1048276 0.9997138977050781
62583 1048277 0.9997148513793945
62635 1048278 0.9997158050537109
62700 1048279 0.9997167587280273
63272 1048280 0.9997177124023438
64013 1048281 0.9997186660766602
64191 1048282 0.9997196197509766
64452 1048283 0.999720573425293
64468 1048284 0.9997215270996094
64514 1048285 0.9997224807739258
65537 1048286 0.9997234344482422
65794 1048287 0.9997243881225586
65822 1048288 0.999725341796875
65829 1048289 0.9997262954711914
66102 1048290 0.9997272491455078
66361 1048291 0.9997282028198242
66512 1048292 0.9997291564941406
66631 1048293 0.999730110168457
66653 1048294 0.9997310638427734
67516 1048295 0.9997320175170898
68156 1048296 0.9997329711914062
68390 1048297 0.9997339248657227
68519 1048298 0.9997348785400391
68674 1048299 0.9997358322143555
69486 1048300 0.9997367858886719
69998 1048301 0.9997377395629883
70398 1048302 0.9997386932373047
70824 1048303 0.9997396469116211
71009 1048304 0.9997406005859375
71217 1048305 0.9997415542602539
72033 1048306 0.9997425079345703
72475 1048307 0.9997434616088867
72614 1048308 0.9997444152832031
72615 1048309 0.9997453689575195
72639 1048310 0.9997463226318359
72714 1048311 0.9997472763061523
72737 1048312 0.9997482299804688
72865 1048313 0.9997491836547852
72893 1048314 0.9997501373291016
72985 1048315 0.999751091003418
73342 1048316 0.9997520446777344
73513 1048317 0.9997529983520508
73827 1048318 0.9997539520263672
73843 1048319 0.9997549057006836
73921 1048320 0.999755859375
74597 1048321 0.9997568130493164
74888 1048322 0.9997577667236328
75434 1048323 0.9997587203979492
75503 1048324 0.9997596740722656
75704 1048325 0.999760627746582
75873 1048326 0.9997615814208984
76195 1048327 0.9997625350952148
76236 1048328 0.9997634887695312
76303 1048329 0.9997644424438477
76414 1048330 0.9997653961181641
76727 1048331 0.9997663497924805
77102 1048332 0.9997673034667969
77571 1048333 0.9997682571411133
77681 1048334 0.9997692108154297
77789 1048335 0.9997701644897461
77890 1048336 0.9997711181640625
78168 1048337 0.9997720718383789
78314 1048338 0.9997730255126953
78513 1048339 0.9997739791870117
78652 1048340 0.9997749328613281
78771 1048341 0.9997758865356445
79921 1048342 0.9997768402099609
80255 1048343 0.9997777938842773
81257 1048344 0.9997787475585938
81386 1048345 0.9997797012329102
81620 1048346 0.9997806549072266
81815 1048347 0.999781608581543
82563 1048348 0.9997825622558594
83280 1048349 0.9997835159301758
84508 1048350 0.9997844696044922
84677 1048351 0.9997854232788086
85884 1048352 0.999786376953125
86052 1048353 0.9997873306274414
87186 1048354 0.9997882843017578
87755 1048355 0.9997892379760742
88106 1048356 0.9997901916503906
88255 1048357 0.999791145324707
88880 1048358 0.9997920989990234
89064 1048359 0.9997930526733398
89252 1048360 0.9997940063476562
89456 1048361 0.9997949600219727
89751 1048362 0.9997959136962891
90668 1048363 0.9997968673706055
90709 1048364 0.9997978210449219
91292 1048365 0.9997987747192383
91777 1048366 0.9997997283935547
92178 1048367 0.9998006820678711
92196 1048368 0.9998016357421875
92504 1048369 0.9998025894165039
93247 1048370 0.9998035430908203
93564 1048371 0.9998044967651367
93781 1048372 0.9998054504394531
93807 1048373 0.9998064041137695
95340 1048374 0.9998073577880859
98011 1048375 0.9998083114624023
98219 1048376 0.9998092651367188
99794 1048377 0.9998102188110352
100862 1048378 0.9998111724853516
102138 1048379 0.999812126159668
102724 1048380 0.9998130798339844
102978 1048381 0.9998140335083008
103335 1048382 0.9998149871826172
105645 1048383 0.9998159408569336
105695 1048384 0.99981689453125
106069 1048385 0.9998178482055664
106178 1048386 0.9998188018798828
106315 1048387 0.9998197555541992
107260 1048388 0.9998207092285156
108095 1048389 0.999821662902832
108430 1048390 0.9998226165771484
108660 1048391 0.9998235702514648
109151 1048392 0.9998245239257812
109574 1048393 0.9998254776000977
110095 1048394 0.9998264312744141
110765 1048395 0.9998273849487305
111097 1048396 0.9998283386230469
112864 1048397 0.9998292922973633
113251 1048398 0.9998302459716797
113546 1048399 0.9998311996459961
114107 1048400 0.9998321533203125
114401 1048401 0.9998331069946289
114500 1048402 0.9998340606689453
114765 1048403 0.9998350143432617
116130 1048404 0.9998359680175781
116140 1048405 0.9998369216918945
116209 1048406 0.9998378753662109
116935 1048407 0.9998388290405273
119864 1048408 0.9998397827148438
120402 1048409 0.9998407363891602
120503 1048410 0.9998416900634766
120787 1048411 0.999842643737793
122516 1048412 0.9998435974121094
123193 1048413 0.9998445510864258
123956 1048414 0.9998455047607422
124901 1048415 0.9998464584350586
126168 1048416 0.999847412109375
127934 1048417 0.9998483657836914
130654 1048418 0.9998493194580078
131385 1048419 0.9998502731323242
132251 1048420 0.9998512268066406
133387 1048421 0.999852180480957
134096 1048422 0.9998531341552734
134105 1048423 0.9998540878295898
135145 1048424 0.9998550415039062
136481 1048425 0.9998559951782227
137072 1048426 0.9998569488525391
138562 1048427 0.9998579025268555
139343 1048428 0.9998588562011719
139581 1048429 0.9998598098754883
139634 1048430 0.9998607635498047
139782 1048431 0.9998617172241211
140224 1048432 0.9998626708984375
140370 1048433 0.9998636245727539
141796 1048434 0.9998645782470703
144137 1048435 0.9998655319213867
144618 1048436 0.9998664855957031
145412 1048437 0.9998674392700195
149570 1048438 0.9998683929443359
152840 1048439 0.9998693466186523
152970 1048440 0.9998703002929688
155803 1048441 0.9998712539672852
158477 1048442 0.9998722076416016
161225 1048443 0.999873161315918
161292 1048444 0.9998741149902344
161632 1048445 0.9998750686645508
162473 1048446 0.9998760223388672
168297 1048447 0.9998769760131836
168527 1048448 0.9998779296875
169342 1048449 0.9998788833618164
170103 1048450 0.9998798370361328
170878 1048451 0.9998807907104492
171471 1048452 0.9998817443847656
173040 1048453 0.999882698059082
175268 1048454 0.9998836517333984
175957 1048455 0.9998846054077148
176145 1048456 0.9998855590820312
177814 1048457 0.9998865127563477
182865 1048458 0.9998874664306641
184923 1048459 0.9998884201049805
186490 1048460 0.9998893737792969
189106 1048461 0.9998903274536133
194071 1048462 0.9998912811279297
196745 1048463 0.9998922348022461
200511 1048464 0.9998931884765625
204957 1048465 0.9998941421508789
208620 1048466 0.9998950958251953
212991 1048467 0.9998960494995117
213409 1048468 0.9998970031738281
213567 1048469 0.9998979568481445
217157 1048470 0.9998989105224609
218039 1048471 0.9998998641967773
219675 1048472 0.9999008178710938
223345 1048473 0.9999017715454102
234150 1048474 0.9999027252197266
234977 1048475 0.999903678894043
236738 1048476 0.9999046325683594
238090 1048477 0.9999055862426758
244793 1048478 0.9999065399169922
246655 1048479 0.9999074935913086
248132 1048480 0.999908447265625
253528 1048481 0.9999094009399414
261606 1048482 0.9999103546142578
266460 1048483 0.9999113082885742
274730 1048484 0.9999122619628906
275119 1048485 0.999913215637207
282659 1048486 0.9999141693115234
283224 1048487 0.9999151229858398
289847 1048488 0.9999160766601562
292124 1048489 0.9999170303344727
295714 1048490 0.9999179840087891
297643 1048491 0.9999189376831055
297691 1048492 0.9999198913574219
301006 1048493 0.9999208450317383
302024 1048494 0.9999217987060547
304427 1048495 0.9999227523803711
316093 1048496 0.9999237060546875
343779 1048497 0.9999246597290039
352227 1048498 0.9999256134033203
352573 1048499 0.9999265670776367
371445 1048500 0.9999275207519531
373245 1048501 0.9999284744262695
376087 1048502 0.9999294281005859
394425 1048503 0.9999303817749023
402306 1048504 0.9999313354492188
406277 1048505 0.9999322891235352
410778 1048506 0.9999332427978516
414696 1048507 0.999934196472168
424679 1048508 0.9999351501464844
430182 1048509 0.9999361038208008
431202 1048510 0.9999370574951172
435210 1048511 0.9999380111694336
457592 1048512 0.99993896484375
462908 1048513 0.9999399185180664
467031 1048514 0.9999408721923828
479002 1048515 0.9999418258666992
486547 1048516 0.9999427795410156
523760 1048517 0.999943733215332
524022 1048518 0.9999446868896484
524687 1048519 0.9999456405639648
533026 1048520 0.9999465942382812
539761 1048521 0.9999475479125977
560629 1048522 0.9999485015869141
567977 1048523 0.9999494552612305
577651 1048524 0.9999504089355469
579436 1048525 0.9999513626098633
585464 1048526 0.9999523162841797
593133 1048527 0.9999532699584961
625025 1048528 0.9999542236328125
637225 1048529 0.9999551773071289
668875 1048530 0.9999561309814453
671017 1048531 0.9999570846557617
674274 1048532 0.9999580383300781
674732 1048533 0.9999589920043945
677258 1048534 0.9999599456787109
685807 1048535 0.9999608993530273
686504 1048536 0.9999618530273438
688127 1048537 0.9999628067016602
702581 1048538 0.9999637603759766
742427 1048539 0.999964714050293
753414 1048540 0.9999656677246094
760437 1048541 0.9999666213989258
763473 1048542 0.9999675750732422
802618 1048543 0.9999685287475586
838994 1048544 0.999969482421875
847523 1048545 0.9999704360961914
880898 1048546 0.9999713897705078
889817 1048547 0.9999723434448242
895812 1048548 0.9999732971191406
908570 1048549 0.999974250793457
1023393 1048550 0.9999752044677734
1032518 1048551 0.9999761581420898
1101083 1048552 0.9999771118164062
1107871 1048553 0.9999780654907227
1109324 1048554 0.9999790191650391
1126587 1048555 0.9999799728393555
1155629 1048556 0.9999809265136719
1219018 1048557 0.9999818801879883
1257842 1048558 0.9999828338623047
1295779 1048559 0.9999837875366211
1366632 1048560 0.9999847412109375
1401396 1048561 0.9999856948852539
1413369 1048562 0.9999866485595703
1887504 1048563 0.9999876022338867
1893610 1048564 0.9999885559082031
2039860 1048565 0.9999895095825195
2287522 1048566 0.9999904632568359
2479235 1048567 0.9999914169311523
2799743 1048568 0.9999923706054688
3034240 1048569 0.9999933242797852
3240832 1048570 0.9999942779541016
3330820 1048571 0.999995231628418
4026329 1048572 0.9999961853027344
4111177 1048573 0.9999971389770508
4365677 1048574 0.9999980926513672
4695047 1048575 0.9999990463256836
6812065 1048576 1.0
