6028 2 5.960464477539063e-08
6031 3 8.940696716308594e-08
6040 4 1.1920928955078125e-07
6047 5 1.4901161193847656e-07
6057 6 1.7881393432617188e-07
6060 7 2.086162567138672e-07
6065 9 2.682209014892578e-07
6068 10 2.980232238769531e-07
6071 12 3.5762786865234375e-07
6072 13 3.8743019104003906e-07
6074 14 4.172325134277344e-07
6075 15 4.470348358154297e-07
6076 17 5.066394805908203e-07
6077 21 6.258487701416016e-07
6078 22 6.556510925292969e-07
6080 23 6.854534149169922e-07
6081 24 7.152557373046875e-07
6082 26 7.748603820800781e-07
6083 29 8.642673492431641e-07
6084 31 9.238719940185547e-07
6085 32 9.5367431640625e-07
6086 33 9.834766387939453e-07
6088 36 1.0728836059570312e-06
6089 41 1.2218952178955078e-06
6090 47 1.4007091522216797e-06
6091 50 1.4901161193847656e-06
6092 52 1.5497207641601562e-06
6093 56 1.6689300537109375e-06
6094 59 1.7583370208740234e-06
6095 60 1.7881393432617188e-06
6096 62 1.8477439880371094e-06
6097 65 1.9371509552001953e-06
6098 68 2.0265579223632812e-06
6099 69 2.0563602447509766e-06
6100 70 2.086162567138672e-06
6101 72 2.1457672119140625e-06
6102 75 2.2351741790771484e-06
6103 81 2.4139881134033203e-06
6104 84 2.5033950805664062e-06
6105 89 2.652406692504883e-06
6106 91 2.7120113372802734e-06
6107 97 2.8908252716064453e-06
6108 104 3.0994415283203125e-06
6109 107 3.1888484954833984e-06
6110 108 3.2186508178710938e-06
6111 115 3.427267074584961e-06
6112 122 3.635883331298828e-06
6113 126 3.7550926208496094e-06
6114 132 3.933906555175781e-06
6115 137 4.082918167114258e-06
6116 141 4.202127456665039e-06
6117 145 4.32133674621582e-06
6118 157 4.678964614868164e-06
6119 162 4.827976226806641e-06
6120 174 5.185604095458984e-06
6121 176 5.245208740234375e-06
6122 187 5.5730342864990234e-06
6123 198 5.900859832763672e-06
6124 203 6.0498714447021484e-06
6125 208 6.198883056640625e-06
6126 222 6.616115570068359e-06
6127 235 7.0035457611083984e-06
6128 245 7.3015689849853516e-06
6129 256 7.62939453125e-06
6130 265 7.897615432739258e-06
6131 273 8.13603401184082e-06
6132 288 8.58306884765625e-06
6133 301 8.970499038696289e-06
6134 308 9.179115295410156e-06
6135 317 9.447336196899414e-06
6136 331 9.864568710327148e-06
6137 338 1.0073184967041016e-05
6138 350 1.043081283569336e-05
6139 364 1.0848045349121094e-05
6140 376 1.1205673217773438e-05
6141 385 1.1473894119262695e-05
6142 399 1.189112663269043e-05
6143 418 1.245737075805664e-05
6144 436 1.2993812561035156e-05
6145 451 1.3440847396850586e-05
6146 469 1.3977289199829102e-05
6147 480 1.430511474609375e-05
6148 492 1.4662742614746094e-05
6149 508 1.5139579772949219e-05
6150 530 1.5795230865478516e-05
6151 551 1.6421079635620117e-05
6152 566 1.6868114471435547e-05
6153 577 1.7195940017700195e-05
6154 595 1.773238182067871e-05
6155 620 1.8477439880371094e-05
6156 638 1.901388168334961e-05
6157 656 1.9550323486328125e-05
6158 674 2.008676528930664e-05
6159 699 2.0831823348999023e-05
6160 711 2.1189451217651367e-05
6161 732 2.181529998779297e-05
6162 756 2.2530555725097656e-05
6163 776 2.3126602172851562e-05
6164 799 2.3812055587768555e-05
6165 828 2.467632293701172e-05
6166 851 2.536177635192871e-05
6167 877 2.613663673400879e-05
6168 896 2.6702880859375e-05
6169 915 2.726912498474121e-05
6170 947 2.822279930114746e-05
6171 969 2.8878450393676758e-05
6172 1004 2.9921531677246094e-05
6173 1030 3.069639205932617e-05
6174 1067 3.17990779876709e-05
6175 1091 3.2514333724975586e-05
6176 1121 3.3408403396606445e-05
6177 1161 3.460049629211426e-05
6178 1197 3.567337989807129e-05
6179 1223 3.644824028015137e-05
6180 1248 3.719329833984375e-05
6181 1292 3.8504600524902344e-05
6182 1339 3.9905309677124023e-05
6183 1397 4.163384437561035e-05
6184 1435 4.2766332626342773e-05
6185 1475 4.3958425521850586e-05
6186 1515 4.51505184173584e-05
6187 1554 4.6312808990478516e-05
6188 1600 4.76837158203125e-05
6189 1644 4.8995018005371094e-05
6190 1698 5.060434341430664e-05
6191 1745 5.200505256652832e-05
6192 1797 5.3554773330688477e-05
6193 1848 5.507469177246094e-05
6194 1911 5.695223808288574e-05
6195 1961 5.844235420227051e-05
6196 2029 6.046891212463379e-05
6197 2098 6.252527236938477e-05
6198 2152 6.413459777832031e-05
6199 2209 6.583333015441895e-05
6200 2291 6.827712059020996e-05
6201 2358 7.027387619018555e-05
6202 2438 7.265806198120117e-05
6203 2514 7.492303848266602e-05
6204 2578 7.683038711547852e-05
6205 2649 7.894635200500488e-05
6206 2728 8.130073547363281e-05
6207 2813 8.383393287658691e-05
6208 2894 8.624792098999023e-05
6209 2979 8.878111839294434e-05
6210 3077 9.170174598693848e-05
6211 3168 9.441375732421875e-05
6212 3266 9.733438491821289e-05
6213 3374 0.00010055303573608398
6214 3459 0.00010308623313903809
6215 3550 0.00010579824447631836
6216 3650 0.00010877847671508789
6217 3772 0.00011241436004638672
6218 3862 0.0001150965690612793
6219 3962 0.00011807680130004883
6220 4093 0.00012198090553283691
6221 4209 0.00012543797492980957
6222 4330 0.0001290440559387207
6223 4500 0.0001341104507446289
6224 4648 0.0001385211944580078
6225 4777 0.0001423656940460205
6226 4917 0.00014653801918029785
6227 5084 0.00015151500701904297
6228 5227 0.0001557767391204834
6229 5387 0.00016054511070251465
6230 5559 0.00016567111015319824
6231 5716 0.0001703500747680664
6232 5865 0.000174790620803833
6233 6027 0.00017961859703063965
6234 6200 0.00018477439880371094
6235 6383 0.00019022822380065918
6236 6553 0.00019529461860656738
6237 6760 0.0002014636993408203
6238 6973 0.00020781159400939941
6239 7130 0.00021249055862426758
6240 7334 0.00021857023239135742
6241 7577 0.00022581219673156738
6242 7785 0.000232011079788208
6243 7995 0.00023826956748962402
6244 8250 0.00024586915969848633
6245 8462 0.00025218725204467773
6246 8688 0.0002589225769042969
6247 8961 0.0002670586109161377
6248 9209 0.00027444958686828613
6249 9489 0.0002827942371368408
6250 9772 0.0002912282943725586
6251 10030 0.000298917293548584
6252 10308 0.0003072023391723633
6253 10561 0.0003147423267364502
6254 10881 0.0003242790699005127
6255 11185 0.00033333897590637207
6256 11465 0.00034168362617492676
6257 11766 0.00035065412521362305
6258 12097 0.0003605186939239502
6259 12364 0.00036847591400146484
6260 12703 0.00037857890129089355
6261 13069 0.00038948655128479004
6262 13365 0.00039830803871154785
6263 13728 0.00040912628173828125
6264 14075 0.0004194676876068115
6265 14412 0.00042951107025146484
6266 14760 0.0004398822784423828
6267 15131 0.0004509389400482178
6268 15500 0.00046193599700927734
6269 15876 0.0004731416702270508
6270 16257 0.0004844963550567627
6271 16640 0.00049591064453125
6272 17029 0.0005075037479400635
6273 17403 0.0005186498165130615
6274 17834 0.0005314946174621582
6275 18246 0.0005437731742858887
6276 18659 0.0005560815334320068
6277 19135 0.0005702674388885498
6278 19600 0.0005841255187988281
6279 19963 0.0005949437618255615
6280 20443 0.0006092488765716553
6281 21009 0.0006261169910430908
6282 21439 0.0006389319896697998
6283 21899 0.0006526410579681396
6284 22408 0.0006678104400634766
6285 22850 0.0006809830665588379
6286 23362 0.0006962418556213379
6287 23848 0.0007107257843017578
6288 24401 0.0007272064685821533
6289 24889 0.0007417500019073486
6290 25369 0.0007560551166534424
6291 25972 0.0007740259170532227
6292 26534 0.0007907748222351074
6293 27034 0.0008056759834289551
6294 27603 0.0008226335048675537
6295 28188 0.0008400678634643555
6296 28680 0.0008547306060791016
6297 29219 0.0008707940578460693
6298 29845 0.0008894503116607666
6299 30318 0.0009035468101501465
6300 30933 0.0009218752384185791
6301 31663 0.0009436309337615967
6302 32206 0.0009598135948181152
6303 32778 0.000976860523223877
6304 33373 0.0009945929050445557
6305 33984 0.0010128021240234375
6306 34551 0.0010297000408172607
6307 35161 0.0010478794574737549
6308 35791 0.001066654920578003
6309 36408 0.001085042953491211
6310 37006 0.0011028647422790527
6311 37668 0.001122593879699707
6312 38355 0.0011430680751800537
6313 38902 0.001159369945526123
6314 39538 0.0011783242225646973
6315 40253 0.0011996328830718994
6316 40833 0.0012169182300567627
6317 41415 0.0012342631816864014
6318 42190 0.0012573599815368652
6319 42838 0.0012766718864440918
6320 43442 0.0012946724891662598
6321 44156 0.0013159513473510742
6322 44804 0.0013352632522583008
6323 45417 0.001353532075881958
6324 46064 0.0013728141784667969
6325 46782 0.0013942122459411621
6326 47401 0.0014126598834991455
6327 48093 0.0014332830905914307
6328 48826 0.0014551281929016113
6329 49542 0.0014764666557312012
6330 50198 0.0014960169792175293
6331 50884 0.0015164613723754883
6332 51644 0.0015391111373901367
6333 52316 0.001559138298034668
6334 52957 0.0015782415866851807
6335 53730 0.0016012787818908691
6336 54396 0.0016211271286010742
6337 55023 0.0016398131847381592
6338 55819 0.0016635358333587646
6339 56483 0.0016833245754241943
6340 57160 0.001703500747680664
6341 57924 0.0017262697219848633
6342 58643 0.0017476975917816162
6343 59360 0.0017690658569335938
6344 60037 0.0017892420291900635
6345 60805 0.0018121302127838135
6346 61450 0.001831352710723877
6347 62100 0.001850724220275879
6348 62854 0.0018731951713562012
6349 63560 0.001894235610961914
6350 64207 0.001913517713546753
6351 64949 0.0019356310367584229
6352 65705 0.0019581615924835205
6353 66383 0.001978367567062378
6354 67038 0.0019978880882263184
6355 67836 0.0020216703414916992
6356 68481 0.0020408928394317627
6357 69129 0.0020602047443389893
6358 69852 0.002081751823425293
6359 70550 0.0021025538444519043
6360 71173 0.0021211206912994385
6361 71892 0.0021425485610961914
6362 72669 0.0021657049655914307
6363 73311 0.002184838056564331
6364 74010 0.00220566987991333
6365 74771 0.002228349447250366
6366 75455 0.00224873423576355
6367 76075 0.002267211675643921
6368 76759 0.0022875964641571045
6369 77547 0.0023110806941986084
6370 78171 0.0023296773433685303
6371 78798 0.0023483633995056152
6372 79519 0.0023698508739471436
6373 80140 0.0023883581161499023
6374 80794 0.002407848834991455
6375 81560 0.0024306774139404297
6376 82164 0.0024486780166625977
6377 82749 0.0024661123752593994
6378 83431 0.0024864375591278076
6379 84069 0.0025054514408111572
6380 84664 0.002523183822631836
6381 85314 0.002542555332183838
6382 86053 0.0025645792484283447
6383 86643 0.002582162618637085
6384 87231 0.00259968638420105
6385 87860 0.00261843204498291
6386 88491 0.002637237310409546
6387 89059 0.002654165029525757
6388 89637 0.0026713907718658447
6389 90313 0.0026915371417999268
6390 90893 0.00270882248878479
6391 91410 0.0027242302894592285
6392 92134 0.00274580717086792
6393 92672 0.0027618408203125
6394 93231 0.0027785003185272217
6395 93874 0.0027976632118225098
6396 94424 0.002814054489135742
6397 95006 0.002831399440765381
6398 95589 0.0028487741947174072
6399 96248 0.0028684139251708984
6400 96830 0.002885758876800537
6401 97388 0.002902388572692871
6402 98024 0.0029213428497314453
6403 98557 0.002937227487564087
6404 99128 0.002954244613647461
6405 99718 0.002971827983856201
6406 100339 0.00299033522605896
6407 100863 0.0030059516429901123
6408 101395 0.003021806478500366
6409 102021 0.0030404627323150635
6410 102533 0.0030557215213775635
6411 102999 0.0030696094036102295
6412 103621 0.003088146448135376
6413 104142 0.0031036734580993652
6414 104646 0.0031186938285827637
6415 105230 0.0031360983848571777
6416 105782 0.0031525492668151855
6417 106222 0.0031656622886657715
6418 106758 0.003181636333465576
6419 107336 0.003198862075805664
6420 107806 0.003212869167327881
6421 108339 0.0032287538051605225
6422 108891 0.0032452046871185303
6423 109415 0.0032608211040496826
6424 109918 0.0032758116722106934
6425 110411 0.003290504217147827
6426 110962 0.0033069252967834473
6427 111513 0.0033233463764190674
6428 111985 0.0033374130725860596
6429 112589 0.0033554136753082275
6430 113085 0.0033701956272125244
6431 113531 0.0033834874629974365
6432 114050 0.0033989548683166504
6433 114596 0.003415226936340332
6434 115050 0.0034287571907043457
6435 115554 0.003443777561187744
6436 116107 0.0034602582454681396
6437 116599 0.0034749209880828857
6438 117087 0.003489464521408081
6439 117644 0.0035060644149780273
6440 118125 0.003520399332046509
6441 118636 0.003535628318786621
6442 119125 0.003550201654434204
6443 119645 0.0035656988620758057
6444 120092 0.0035790205001831055
6445 120580 0.0035935640335083008
6446 121103 0.0036091506481170654
6447 121614 0.0036243796348571777
6448 122124 0.0036395788192749023
6449 122683 0.003656238317489624
6450 123204 0.0036717653274536133
6451 123653 0.0036851465702056885
6452 124187 0.0037010610103607178
6453 124722 0.0037170052528381348
6454 125238 0.0037323832511901855
6455 125748 0.00374758243560791
6456 126288 0.0037636756896972656
6457 126751 0.0037774741649627686
6458 127203 0.003790944814682007
6459 127773 0.003807932138442993
6460 128254 0.0038222670555114746
6461 128753 0.0038371384143829346
6462 129284 0.0038529634475708008
6463 129831 0.00386926531791687
6464 130299 0.0038832128047943115
6465 130741 0.003896385431289673
6466 131303 0.003913134336471558
6467 131797 0.003927856683731079
6468 132257 0.003941565752029419
6469 132786 0.00395733118057251
6470 133328 0.003973484039306641
6471 133788 0.0039871931076049805
6472 134312 0.004002809524536133
6473 134824 0.004018068313598633
6474 135307 0.00403246283531189
6475 135769 0.004046231508255005
6476 136295 0.004061907529830933
6477 136800 0.004076957702636719
6478 137345 0.004093199968338013
6479 137871 0.00410887598991394
6480 138462 0.004126489162445068
6481 138976 0.004141807556152344
6482 139491 0.004157155752182007
6483 140067 0.004174321889877319
6484 140584 0.004189729690551758
6485 141087 0.0042047202587127686
6486 141651 0.004221528768539429
6487 142244 0.004239201545715332
6488 142759 0.004254549741744995
6489 143295 0.0042705237865448
6490 143913 0.0042889416217803955
6491 144421 0.004304081201553345
6492 144887 0.004317969083786011
6493 145506 0.004336416721343994
6494 145994 0.0043509602546691895
6495 146599 0.004368990659713745
6496 147175 0.004386156797409058
6497 147759 0.004403561353683472
6498 148317 0.004420191049575806
6499 148861 0.004436403512954712
6500 149471 0.004454582929611206
6501 150028 0.004471182823181152
6502 150580 0.00448763370513916
6503 151242 0.0045073628425598145
6504 151827 0.004524797201156616
6505 152338 0.0045400261878967285
6506 152914 0.004557192325592041
6507 153530 0.004575550556182861
6508 154075 0.004591792821884155
6509 154673 0.004609614610671997
6510 155325 0.004629045724868774
6511 155889 0.004645854234695435
6512 156450 0.004662573337554932
6513 157086 0.004681527614593506
6514 157642 0.0046980977058410645
6515 158183 0.004714220762252808
6516 158731 0.004730552434921265
6517 159378 0.0047498345375061035
6518 159969 0.0047674477100372314
6519 160540 0.0047844648361206055
6520 161174 0.004803359508514404
6521 161810 0.0048223137855529785
6522 162378 0.0048392415046691895
6523 163049 0.004859238862991333
6524 163694 0.0048784613609313965
6525 164258 0.004895269870758057
6526 164905 0.0049145519733428955
6527 165598 0.004935204982757568
6528 166171 0.004952281713485718
6529 166801 0.004971057176589966
6530 167522 0.004992544651031494
6531 168180 0.005012154579162598
6532 168873 0.0050328075885772705
6533 169555 0.005053132772445679
6534 170229 0.005073219537734985
6535 170909 0.005093485116958618
6536 171575 0.005113333463668823
6537 172323 0.005135625600814819
6538 173024 0.005156517028808594
6539 173683 0.005176156759262085
6540 174390 0.0051972270011901855
6541 175109 0.0052186548709869385
6542 175788 0.005238890647888184
6543 176497 0.00526002049446106
6544 177291 0.00528368353843689
6545 177983 0.005304306745529175
6546 178731 0.005326598882675171
6547 179608 0.00535273551940918
6548 180328 0.00537419319152832
6549 181061 0.005396038293838501
6550 181934 0.005422055721282959
6551 182671 0.00544402003288269
6552 183435 0.00546678900718689
6553 184300 0.005492568016052246
6554 185116 0.0055168867111206055
6555 185952 0.005541801452636719
6556 186788 0.005566716194152832
6557 187728 0.005594730377197266
6558 188543 0.005619019269943237
6559 189391 0.005644291639328003
6560 190303 0.005671471357345581
6561 191228 0.005699038505554199
6562 192083 0.005724519491195679
6563 192930 0.005749762058258057
6564 193980 0.005781054496765137
6565 194878 0.005807816982269287
6566 195738 0.005833446979522705
6567 196910 0.005868375301361084
6568 197830 0.005895793437957764
6569 198797 0.005924612283706665
6570 199946 0.005958855152130127
6571 201013 0.005990654230117798
6572 201904 0.006017208099365234
6573 202966 0.006048858165740967
6574 204126 0.006083428859710693
6575 205230 0.006116330623626709
6576 206390 0.0061509013175964355
6577 207623 0.006187647581100464
6578 208803 0.006222814321517944
6579 209915 0.0062559545040130615
6580 211064 0.0062901973724365234
6581 212418 0.006330549716949463
6582 213610 0.006366074085235596
6583 214818 0.006402075290679932
6584 216287 0.006445854902267456
6585 217437 0.006480127573013306
6586 218599 0.006514757871627808
6587 220023 0.006557196378707886
6588 221381 0.006597667932510376
6589 222657 0.006635695695877075
6590 224019 0.006676286458969116
6591 225472 0.0067195892333984375
6592 226765 0.0067581236362457275
6593 228208 0.006801128387451172
6594 229703 0.006845682859420776
6595 231182 0.006889760494232178
6596 232613 0.00693240761756897
6597 234155 0.006978362798690796
6598 235762 0.007026255130767822
6599 237303 0.007072180509567261
6600 238758 0.007115542888641357
6601 240592 0.007170200347900391
6602 242162 0.007216989994049072
6603 243690 0.007262527942657471
6604 245580 0.007318854331970215
6605 247222 0.0073677897453308105
6606 248774 0.007414042949676514
6607 250704 0.007471561431884766
6608 252554 0.007526695728302002
6609 254226 0.0075765252113342285
6610 256006 0.007629573345184326
6611 258040 0.0076901912689208984
6612 259793 0.007742434740066528
6613 261614 0.0077967047691345215
6614 263634 0.007856905460357666
6615 265661 0.007917314767837524
6616 267632 0.007976055145263672
6617 269577 0.00803402066230774
6618 271814 0.008100688457489014
6619 273884 0.008162379264831543
6620 275844 0.008220791816711426
6621 278257 0.008292704820632935
6622 280393 0.008356362581253052
6623 282344 0.008414506912231445
6624 284813 0.008488088846206665
6625 286997 0.008553177118301392
6626 289061 0.008614689111709595
6627 291371 0.008683532476425171
6628 293790 0.008755624294281006
6629 296022 0.008822143077850342
6630 298315 0.008890479803085327
6631 300826 0.00896531343460083
6632 303143 0.00903436541557312
6633 305516 0.009105086326599121
6634 307933 0.00917711853981018
6635 310496 0.009253501892089844
6636 312999 0.009328097105026245
6637 315403 0.009399741888046265
6638 318217 0.00948360562324524
6639 320772 0.0095597505569458
6640 323134 0.009630143642425537
6641 326037 0.009716659784317017
6642 328595 0.009792894124984741
6643 331077 0.009866863489151001
6644 333880 0.009950399398803711
6645 336788 0.010037064552307129
6646 339367 0.010113924741744995
6647 342118 0.010195910930633545
6648 345204 0.010287880897521973
6649 347804 0.01036536693572998
6650 350559 0.010447472333908081
6651 353686 0.010540664196014404
6652 356680 0.010629892349243164
6653 359452 0.010712504386901855
6654 362253 0.01079598069190979
6655 365383 0.010889261960983276
6656 368436 0.01098024845123291
6657 371253 0.011064201593399048
6658 374567 0.01116296648979187
6659 377562 0.011252224445343018
6660 380276 0.011333107948303223
6661 383499 0.011429160833358765
6662 386643 0.011522859334945679
6663 389521 0.011608630418777466
6664 392797 0.011706262826919556
6665 396239 0.011808842420578003
6666 399147 0.011895507574081421
6667 402380 0.01199185848236084
6668 405805 0.012093931436538696
6669 409035 0.012190192937850952
6670 412184 0.012284040451049805
6671 415439 0.012381047010421753
6672 418804 0.012481331825256348
6673 421991 0.012576311826705933
6674 425134 0.012669980525970459
6675 428830 0.01278012990951538
6676 432162 0.012879431247711182
6677 435225 0.012970715761184692
6678 438823 0.01307794451713562
6679 442199 0.01317855715751648
6680 445321 0.013271600008010864
6681 448637 0.013370424509048462
6682 452241 0.013477832078933716
6683 455295 0.013568848371505737
6684 458665 0.01366928219795227
6685 462472 0.013782739639282227
6686 465674 0.013878166675567627
6687 469015 0.013977736234664917
6688 472727 0.014088362455368042
6689 476169 0.01419094204902649
6690 479501 0.01429024338722229
6691 482925 0.014392286539077759
6692 486584 0.014501333236694336
6693 490011 0.014603465795516968
6694 493299 0.01470145583152771
6695 497005 0.014811903238296509
6696 500642 0.014920294284820557
6697 503800 0.015014410018920898
6698 507458 0.015123426914215088
6699 511324 0.015238642692565918
6700 514515 0.015333741903305054
6701 517915 0.015435069799423218
6702 521849 0.015552312135696411
6703 525015 0.015646666288375854
6704 528531 0.01575145125389099
6705 532304 0.015863895416259766
6706 535680 0.015964508056640625
6707 539207 0.016069620847702026
6708 542782 0.016176164150238037
6709 546386 0.01628357172012329
6710 549926 0.016389071941375732
6711 553283 0.016489118337631226
6712 557284 0.016608357429504395
6713 560788 0.01671278476715088
6714 563988 0.016808152198791504
6715 567624 0.016916513442993164
6716 571364 0.017027974128723145
6717 574699 0.01712736487388611
6718 578190 0.017231404781341553
6719 582143 0.017349213361740112
6720 585375 0.017445534467697144
6721 588739 0.01754578948020935
6722 592673 0.017663031816482544
6723 596002 0.01776224374771118
6724 599514 0.017866909503936768
6725 603305 0.01797989010810852
6726 606946 0.01808840036392212
6727 610420 0.018191933631896973
6728 613987 0.018298238515853882
6729 617817 0.018412381410598755
6730 621308 0.0185164213180542
6731 624741 0.018618732690811157
6732 628570 0.018732845783233643
6733 632359 0.01884576678276062
6734 635710 0.018945634365081787
6735 639330 0.019053518772125244
6736 643428 0.01917564868927002
6737 646766 0.019275128841400146
6738 650323 0.01938113570213318
6739 654598 0.019508540630340576
6740 658012 0.019610285758972168
6741 661675 0.019719451665878296
6742 665907 0.019845575094223022
6743 669655 0.019957274198532104
6744 673423 0.02006956934928894
6745 677234 0.020183145999908447
6746 681289 0.020303994417190552
6747 685128 0.020418405532836914
6748 688944 0.02053213119506836
6749 693211 0.020659297704696655
6750 697189 0.020777851343154907
6751 700971 0.02089056372642517
6752 705047 0.021012037992477417
6753 709496 0.021144628524780273
6754 713371 0.021260112524032593
6755 717333 0.02137818932533264
6756 722163 0.02152213454246521
6757 726018 0.021637022495269775
6758 730078 0.02175801992416382
6759 735078 0.021907031536102295
6760 739185 0.02202942967414856
6761 743482 0.022157490253448486
6762 748318 0.02230161428451538
6763 752812 0.022435545921325684
6764 757296 0.02256917953491211
6765 761974 0.022708594799041748
6766 767086 0.022860944271087646
6767 771907 0.023004621267318726
6768 776591 0.02314421534538269
6769 781730 0.023297369480133057
6770 786882 0.023450911045074463
6771 791689 0.023594170808792114
6772 796796 0.023746371269226074
6773 802622 0.023919999599456787
6774 807649 0.02406981587409973
6775 812627 0.02421817183494568
6776 819297 0.024416953325271606
6777 824402 0.02456909418106079
6778 829768 0.024729013442993164
6779 836154 0.024919331073760986
6780 841896 0.025090456008911133
6781 847634 0.02526146173477173
6782 853831 0.025446146726608276
6783 860211 0.025636285543441772
6784 866130 0.02581268548965454
6785 872379 0.02599892020225525
6786 879310 0.026205480098724365
6787 885843 0.02640017867088318
6788 892312 0.02659296989440918
6789 899046 0.02679365873336792
6790 906360 0.027011632919311523
6791 913038 0.027210652828216553
6792 919719 0.027409762144088745
6793 927878 0.02765291929244995
6794 934648 0.02785468101501465
6795 941423 0.028056591749191284
6796 950061 0.028314024209976196
6797 957286 0.028529345989227295
6798 964529 0.028745204210281372
6799 972848 0.02899312973022461
6800 980994 0.029235899448394775
6801 988676 0.02946484088897705
6802 996684 0.029703497886657715
6803 1005577 0.02996852993965149
6804 1013458 0.030203402042388916
6805 1021573 0.030445247888565063
6806 1030427 0.030709117650985718
6807 1039303 0.0309736430644989
6808 1047684 0.031223416328430176
6809 1056348 0.03148162364959717
6810 1066266 0.03177720308303833
6811 1074981 0.032036930322647095
6812 1083458 0.03228956460952759
6813 1094286 0.03261226415634155
6814 1103268 0.03287994861602783
6815 1111964 0.03313910961151123
6816 1122854 0.03346365690231323
6817 1132612 0.03375446796417236
6818 1141749 0.034026771783828735
6819 1152177 0.03433755040168762
6820 1163235 0.03466710448265076
6821 1173161 0.03496292233467102
6822 1183565 0.0352729856967926
6823 1194975 0.035613030195236206
6824 1205526 0.03592747449874878
6825 1216348 0.03624999523162842
6826 1227708 0.03658854961395264
6827 1239669 0.03694501519203186
6828 1250994 0.03728252649307251
6829 1262087 0.037613123655319214
6830 1275544 0.03801417350769043
6831 1287157 0.038360267877578735
6832 1298361 0.038694173097610474
6833 1312571 0.039117664098739624
6834 1325246 0.03949540853500366
6835 1337162 0.03985053300857544
6836 1351237 0.04027000069618225
6837 1365359 0.040690869092941284
6838 1378376 0.041078805923461914
6839 1392493 0.04149952530860901
6840 1408239 0.04196879267692566
6841 1422203 0.042384952306747437
6842 1436919 0.04282352328300476
6843 1453027 0.04330357909202576
6844 1469072 0.04378175735473633
6845 1485057 0.04425814747810364
6846 1501160 0.044738054275512695
6847 1519604 0.04528772830963135
6848 1536404 0.04578840732574463
6849 1552810 0.04627734422683716
6850 1573609 0.04689720273017883
6851 1592240 0.047452449798583984
6852 1609994 0.04798156023025513
6853 1631957 0.04863610863685608
6854 1653261 0.04927101731300354
6855 1672574 0.0498465895652771
6856 1695282 0.050523340702056885
6857 1719290 0.051238834857940674
6858 1740968 0.05188488960266113
6859 1764516 0.05258667469024658
6860 1790845 0.05337134003639221
6861 1815286 0.05409973859786987
6862 1840945 0.05486443638801575
6863 1867827 0.05566558241844177
6864 1896578 0.0565224289894104
6865 1924744 0.05736184120178223
6866 1952045 0.058175474405288696
6867 1985899 0.05918440222740173
6868 2017065 0.060113221406936646
6869 2046549 0.060991913080215454
6870 2082968 0.06207728385925293
6871 2118360 0.06313204765319824
6872 2150951 0.06410333514213562
6873 2189105 0.06524041295051575
6874 2229355 0.06643995642662048
6875 2265212 0.06750857830047607
6876 2305009 0.06869462132453918
6877 2351273 0.07007339596748352
6878 2391041 0.07125857472419739
6879 2434697 0.07255962491035461
6880 2481938 0.07396751642227173
6881 2529272 0.0753781795501709
6882 2576906 0.07679778337478638
6883 2625699 0.0782519280910492
6884 2680675 0.07989034056663513
6885 2733054 0.08145135641098022
6886 2783798 0.08296364545822144
6887 2846415 0.08482977747917175
6888 2904580 0.08656322956085205
6889 2959740 0.08820712566375732
6890 3024287 0.0901307761669159
6891 3092235 0.09215578436851501
6892 3151599 0.09392496943473816
6893 3219128 0.09593749046325684
6894 3295715 0.09821996092796326
6895 3360789 0.10015931725502014
6896 3433767 0.10233423113822937
6897 3515340 0.10476529598236084
6898 3590357 0.10700097680091858
6899 3668673 0.10933497548103333
6900 3751010 0.111788809299469
6901 3838572 0.11439836025238037
6902 3923538 0.11693054437637329
6903 4006463 0.11940190196037292
6904 4107159 0.12240287661552429
6905 4199538 0.1251559853553772
6906 4287309 0.1277717649936676
6907 4391432 0.1308748722076416
6908 4496552 0.13400769233703613
6909 4590062 0.13679450750350952
6910 4696237 0.13995876908302307
6911 4814098 0.14347130060195923
6912 4914205 0.14645472168922424
6913 5023695 0.149717777967453
6914 5153334 0.15358132123947144
6915 5262424 0.15683245658874512
6916 5380815 0.16036078333854675
6917 5508671 0.16417118906974792
6918 5632620 0.16786515712738037
6919 5757840 0.17159700393676758
6920 5884335 0.1753668487071991
6921 6025143 0.1795632541179657
6922 6158114 0.18352609872817993
6923 6286204 0.18734347820281982
6924 6435900 0.19180476665496826
6925 6580853 0.19612470269203186
6926 6714305 0.20010188221931458
6927 6864230 0.2045699954032898
6928 7026422 0.20940369367599487
6929 7164982 0.21353310346603394
6930 7314120 0.21797776222229004
6931 7492023 0.2232796847820282
6932 7635563 0.22755751013755798
6933 7791642 0.23220902681350708
6934 7969606 0.2375127673149109
6935 8127057 0.2422051727771759
6936 8291346 0.24710136651992798
6937 8463744 0.2522392272949219
6938 8640212 0.2574983835220337
6939 8810217 0.26256492733955383
6940 8975836 0.26750075817108154
6941 9169473 0.2732715904712677
6942 9346637 0.27855148911476135
6943 9515839 0.2835941016674042
6944 9704987 0.28923115134239197
6945 9899475 0.29502734541893005
6946 10070404 0.3001214265823364
6947 10254185 0.30559852719306946
6948 10466157 0.311915785074234
6949 10640318 0.3171061873435974
6950 10822433 0.32253363728523254
6951 11042200 0.3290832042694092
6952 11222416 0.3344540596008301
6953 11411103 0.34007737040519714
6954 11618372 0.34625446796417236
6955 11815198 0.3521203398704529
6956 12008058 0.3578680157661438
6957 12205460 0.36375105381011963
6958 12419210 0.3701213002204895
6959 12615740 0.37597835063934326
6960 12808253 0.38171568512916565
6961 13020050 0.38802772760391235
6962 13227511 0.394210547208786
6963 13418627 0.3999062478542328
6964 13621141 0.4059416353702545
6965 13843690 0.4125741124153137
6966 14032688 0.41820669174194336
6967 14224223 0.4239148795604706
6968 14460927 0.4309692084789276
6969 14648916 0.43657171726226807
6970 14842635 0.44234499335289
6971 15068884 0.4490877389907837
6972 15266579 0.4549795091152191
6973 15462782 0.4608268141746521
6974 15672356 0.46707260608673096
6975 15882007 0.47332069277763367
6976 16079626 0.4792101979255676
6977 16275320 0.4850423336029053
6978 16492774 0.49152296781539917
6979 16689885 0.4973973333835602
6980 16880983 0.503092497587204
6981 17083362 0.5091238617897034
6982 17293517 0.5153869688510895
6983 17478351 0.5208954513072968
6984 17666670 0.5265077948570251
6985 17887550 0.5330905318260193
6986 18067052 0.5384401082992554
6987 18245872 0.543769359588623
6988 18464939 0.5502980649471283
6989 18644632 0.5556533336639404
6990 18822149 0.5609437525272369
6991 19021671 0.5668899714946747
6992 19208010 0.5724433064460754
6993 19383885 0.5776847898960114
6994 19564019 0.5830532014369965
6995 19757018 0.5888050198554993
6996 19929295 0.5939392745494843
6997 20100450 0.5990400910377502
6998 20282845 0.6044758856296539
6999 20457888 0.6096925735473633
7000 20622064 0.6145853996276855
7001 20786442 0.6194842457771301
7002 20968484 0.624909520149231
7003 21123283 0.6295228898525238
7004 21272291 0.6339636743068695
7005 21460394 0.6395695805549622
7006 21607435 0.6439517438411713
7007 21751568 0.648247241973877
7008 21921132 0.6533006429672241
7009 22070105 0.6577403843402863
7010 22210103 0.6619126498699188
7011 22361734 0.6664316058158875
7012 22513013 0.6709400713443756
7013 22648234 0.6749699711799622
7014 22784828 0.679040789604187
7015 22931728 0.6834187507629395
7016 23063605 0.6873489916324615
7017 23192479 0.6911897361278534
7018 23323008 0.6950798034667969
7019 23456743 0.6990654170513153
7020 23577512 0.7026646137237549
7021 23692761 0.7060993015766144
7022 23828855 0.7101552188396454
7023 23940002 0.7134676575660706
7024 24045890 0.7166233658790588
7025 24174516 0.7204567193984985
7026 24281983 0.723659485578537
7027 24382444 0.7266534566879272
7028 24495933 0.7300356924533844
7029 24602521 0.7332122623920441
7030 24698312 0.7360670566558838
7031 24797355 0.7390187680721283
7032 24902647 0.7421567142009735
7033 24993126 0.7448531985282898
7034 25084300 0.7475703954696655
7035 25178323 0.7503724992275238
7036 25268333 0.7530550062656403
7037 25353569 0.7555952370166779
7038 25435944 0.7580502033233643
7039 25525904 0.7607312202453613
7040 25604407 0.7630707919597626
7041 25676714 0.7652257084846497
7042 25765961 0.7678854763507843
7043 25838626 0.7700510621070862
7044 25906103 0.7720620334148407
7045 25984704 0.7744045257568359
7046 26056049 0.7765307724475861
7047 26119725 0.778428465127945
7048 26188745 0.7804854214191437
7049 26258997 0.782579094171524
7050 26319063 0.7843692004680634
7051 26380349 0.7861956655979156
7052 26446075 0.7881544530391693
7053 26504395 0.7898925244808197
7054 26561987 0.7916088998317719
7055 26619436 0.7933210134506226
7056 26677640 0.795055627822876
7057 26731884 0.7966722249984741
7058 26781256 0.7981436252593994
7059 26840010 0.7998946309089661
7060 26890046 0.8013858199119568
7061 26935722 0.8027470707893372
7062 26989923 0.8043623864650726
7063 27037706 0.8057864308357239
7064 27080894 0.8070735335350037
7065 27130023 0.8085376918315887
7066 27178128 0.8099713325500488
7067 27219444 0.8112026453018188
7068 27263272 0.8125088214874268
7069 27311203 0.8139372766017914
7070 27350826 0.815118134021759
7071 27391817 0.816339761018753
7072 27434816 0.8176212310791016
7073 27475602 0.8188367486000061
7074 27514765 0.8200038969516754
7075 27553073 0.8211455643177032
7076 27594622 0.8223838210105896
7077 27632407 0.8235099017620087
7078 27666991 0.8245405852794647
7079 27708820 0.8257871866226196
7080 27745499 0.8268803060054779
7081 27778926 0.8278765082359314
7082 27817533 0.8290270864963531
7083 27854651 0.8301332890987396
7084 27886871 0.8310935199260712
7085 27922328 0.8321502208709717
7086 27960240 0.833280086517334
7087 27991669 0.8342167437076569
7088 28025166 0.8352150321006775
7089 28061407 0.83629509806633
7090 28093804 0.8372606039047241
7091 28126370 0.8382311463356018
7092 28159300 0.8392125368118286
7093 28192883 0.8402133882045746
7094 28225124 0.8411742448806763
7095 28255647 0.8420839011669159
7096 28291242 0.8431447148323059
7097 28323185 0.8440966904163361
7098 28352147 0.8449598252773285
7099 28386338 0.8459787964820862
7100 28418872 0.8469483852386475
7101 28447511 0.8478018939495087
7102 28479561 0.8487570583820343
7103 28512916 0.8497511148452759
7104 28541478 0.8506023287773132
7105 28571670 0.8515021204948425
7106 28605809 0.8525195419788361
7107 28634230 0.8533665537834167
7108 28664214 0.8542601466178894
7109 28696063 0.8552093207836151
7110 28726165 0.8561064302921295
7111 28755906 0.856992781162262
7112 28785153 0.8578644096851349
7113 28816761 0.8588064014911652
7114 28846122 0.8596814274787903
7115 28873743 0.8605045974254608
7116 28905663 0.861455887556076
7117 28935454 0.8623437285423279
7118 28962158 0.8631395697593689
7119 28992376 0.8640401363372803
7120 29023690 0.8649733662605286
7121 29050021 0.865758091211319
7122 29078563 0.8666087090969086
7123 29110962 0.8675742745399475
7124 29137017 0.8683507740497589
7125 29164808 0.8691790103912354
7126 29195376 0.8700900077819824
7127 29222520 0.870898962020874
7128 29250038 0.8717190623283386
7129 29278393 0.8725641071796417
7130 29306988 0.8734163045883179
7131 29333938 0.8742194771766663
7132 29360081 0.8749985992908478
7133 29389919 0.8758878409862518
7134 29416868 0.8766909837722778
7135 29441637 0.8774291574954987
7136 29469902 0.8782715201377869
7137 29498263 0.8791167438030243
7138 29522322 0.8798337578773499
7139 29548740 0.880621075630188
7140 29577792 0.8814868927001953
7141 29601174 0.8821837306022644
7142 29625986 0.8829231858253479
7143 29655043 0.8837891519069672
7144 29678946 0.8845015168190002
7145 29703543 0.8852345645427704
7146 29730236 0.8860300779342651
7147 29755303 0.8867771327495575
7148 29779440 0.8874964714050293
7149 29803754 0.8882210850715637
7150 29830001 0.8890033066272736
7151 29854127 0.8897223174571991
7152 29876629 0.890392929315567
7153 29902538 0.8911650776863098
7154 29926704 0.8918852806091309
7155 29948589 0.8925375044345856
7156 29972313 0.8932445347309113
7157 29998261 0.8940178453922272
7158 30019488 0.8946504592895508
7159 30041201 0.8952975571155548
7160 30067539 0.8960824906826019
7161 30088373 0.8967033922672272
7162 30110011 0.8973482549190521
7163 30134703 0.8980841338634491
7164 30156119 0.898722380399704
7165 30177264 0.8993525505065918
7166 30199471 0.9000143706798553
7167 30221994 0.9006856083869934
7168 30242991 0.9013113677501678
7169 30263460 0.9019213914871216
7170 30286743 0.9026152789592743
7171 30307435 0.9032319486141205
7172 30327036 0.9038161039352417
7173 30348263 0.9044487178325653
7174 30370125 0.9051002562046051
7175 30389099 0.9056657254695892
7176 30408399 0.9062409102916718
7177 30431553 0.9069309532642365
7178 30449785 0.9074743092060089
7179 30468161 0.9080219566822052
7180 30490800 0.9086966514587402
7181 30508814 0.9092335104942322
7182 30527050 0.9097769856452942
7183 30547182 0.9103769659996033
7184 30566237 0.9109448492527008
7185 30584369 0.9114852249622345
7186 30602850 0.9120360016822815
7187 30622540 0.9126228094100952
7188 30640594 0.9131608605384827
7189 30658140 0.9136837720870972
7190 30677135 0.9142498672008514
7191 30695377 0.9147935211658478
7192 30712254 0.9152964949607849
7193 30729635 0.9158144891262054
7194 30748869 0.9163877069950104
7195 30764946 0.9168668389320374
7196 30780957 0.9173440039157867
7197 30801006 0.9179415106773376
7198 30816666 0.918408215045929
7199 30832528 0.9188809394836426
7200 30851331 0.9194413125514984
7201 30867723 0.9199298322200775
7202 30883712 0.9204063415527344
7203 30900928 0.9209194183349609
7204 30917982 0.9214276671409607
7205 30933665 0.9218950569629669
7206 30949407 0.922364205121994
7207 30966760 0.9228813648223877
7208 30982466 0.9233494400978088
7209 30997923 0.9238100945949554
7210 31013953 0.9242878258228302
7211 31030197 0.9247719347476959
7212 31044857 0.9252088367938995
7213 31059430 0.9256431460380554
7214 31076956 0.9261654615402222
7215 31091272 0.9265921115875244
7216 31105405 0.9270133078098297
7217 31123303 0.9275467097759247
7218 31137540 0.9279710054397583
7219 31151452 0.9283856153488159
7220 31167600 0.9288668632507324
7221 31182521 0.9293115437030792
7222 31196426 0.9297259449958801
7223 31210954 0.9301589131355286
7224 31226580 0.9306246042251587
7225 31240438 0.9310376048088074
7226 31254527 0.9314574897289276
7227 31269335 0.9318988025188446
7228 31283652 0.9323254823684692
7229 31297048 0.9327247142791748
7230 31310808 0.9331347942352295
7231 31326027 0.9335883557796478
7232 31339236 0.9339820146560669
7233 31351599 0.934350460767746
7234 31367659 0.9348290860652924
7235 31380504 0.9352118968963623
7236 31393006 0.9355844855308533
7237 31407947 0.9360297620296478
7238 31421402 0.9364307522773743
7239 31433792 0.9368000030517578
7240 31447479 0.9372079074382782
7241 31461295 0.9376196563243866
7242 31473633 0.937987357378006
7243 31486729 0.9383776485919952
7244 31500546 0.938789427280426
7245 31513110 0.939163863658905
7246 31525678 0.9395384192466736
7247 31538552 0.9399220943450928
7248 31551772 0.9403160810470581
7249 31564265 0.9406884014606476
7250 31576079 0.9410404860973358
7251 31589821 0.9414500296115875
7252 31601789 0.9418067038059235
7253 31613131 0.9421447217464447
7254 31626908 0.94255530834198
7255 31638854 0.9429113268852234
7256 31649912 0.9432408809661865
7257 31663103 0.9436340034008026
7258 31675497 0.9440033733844757
7259 31686693 0.9443370401859283
7260 31698805 0.9446980059146881
7261 31711709 0.9450825750827789
7262 31722782 0.9454125761985779
7263 31734281 0.945755273103714
7264 31746661 0.9461242258548737
7265 31758339 0.9464722573757172
7266 31769654 0.9468094706535339
7267 31780776 0.9471409320831299
7268 31793219 0.9475117623806
7269 31804304 0.9478421211242676
7270 31814509 0.948146253824234
7271 31827308 0.9485276937484741
7272 31837982 0.9488458037376404
7273 31848193 0.9491501152515411
7274 31860358 0.9495126605033875
7275 31871728 0.9498515129089355
7276 31881785 0.9501512348651886
7277 31892933 0.9504834711551666
7278 31904487 0.9508278071880341
7279 31914345 0.951121598482132
7280 31924830 0.9514340758323669
7281 31936255 0.9517745673656464
7282 31946463 0.95207878947258
7283 31956725 0.9523846209049225
7284 31967152 0.952695369720459
7285 31977812 0.9530130624771118
7286 31987998 0.9533166289329529
7287 31997642 0.9536040425300598
7288 32008941 0.9539407789707184
7289 32018686 0.9542312026023865
7290 32027991 0.954508513212204
7291 32038933 0.9548346102237701
7292 32049042 0.9551358819007874
7293 32057992 0.9554026126861572
7294 32068319 0.955710381269455
7295 32078802 0.9560227990150452
7296 32087662 0.9562868475914001
7297 32097369 0.9565761387348175
7298 32107896 0.9568898677825928
7299 32116635 0.9571503102779388
7300 32125694 0.957420289516449
7301 32135471 0.9577116668224335
7302 32144809 0.9579899609088898
7303 32153896 0.9582607746124268
7304 32163042 0.9585333466529846
7305 32172707 0.9588213860988617
7306 32181604 0.959086537361145
7307 32189909 0.9593340456485748
7308 32200015 0.9596352279186249
7309 32208800 0.9598970413208008
7310 32216831 0.9601363837718964
7311 32225922 0.9604073166847229
7312 32235012 0.960678219795227
7313 32243027 0.9609170854091644
7314 32251848 0.9611799716949463
7315 32261416 0.9614651203155518
7316 32269266 0.9616990685462952
7317 32277550 0.9619459509849548
7318 32286558 0.9622144103050232
7319 32294653 0.9624556601047516
7320 32302791 0.9626981914043427
7321 32311128 0.9629466533660889
7322 32319512 0.9631965160369873
7323 32327537 0.9634356796741486
7324 32335037 0.9636591970920563
7325 32343733 0.9639183580875397
7326 32351560 0.9641516208648682
7327 32358831 0.9643683135509491
7328 32367050 0.9646132588386536
7329 32375143 0.9648544490337372
7330 32382081 0.965061217546463
7331 32389914 0.9652946591377258
7332 32398099 0.9655385911464691
7333 32404916 0.965741753578186
7334 32412252 0.9659603834152222
7335 32420527 0.9662069976329803
7336 32427259 0.9664076268672943
7337 32434545 0.9666247665882111
7338 32442158 0.9668516516685486
7339 32449136 0.9670596122741699
7340 32456044 0.9672654867172241
7341 32462998 0.9674727320671082
7342 32470375 0.9676925837993622
7343 32477352 0.9679005146026611
7344 32483897 0.9680955708026886
7345 32491161 0.9683120548725128
7346 32497979 0.9685152471065521
7347 32504136 0.9686987400054932
7348 32510945 0.968901664018631
7349 32517891 0.9691086709499359
7350 32523892 0.9692875146865845
7351 32530225 0.9694762527942657
7352 32537514 0.9696934819221497
7353 32543265 0.9698648750782013
7354 32549312 0.9700450897216797
7355 32556130 0.970248281955719
7356 32562043 0.9704245030879974
7357 32567965 0.9706009924411774
7358 32574106 0.9707840085029602
7359 32580157 0.9709643423557281
7360 32585920 0.9711360931396484
7361 32591546 0.9713037610054016
7362 32597689 0.9714868366718292
7363 32603319 0.971654623746872
7364 32608701 0.9718150198459625
7365 32614701 0.9719938337802887
7366 32620612 0.9721699953079224
7367 32625612 0.9723190069198608
7368 32630926 0.972477376461029
7369 32637110 0.9726616740226746
7370 32641977 0.9728067219257355
7371 32647167 0.9729613959789276
7372 32653275 0.9731434285640717
7373 32657993 0.9732840359210968
7374 32663049 0.973434716463089
7375 32668347 0.973592609167099
7376 32673354 0.9737418293952942
7377 32678283 0.9738887250423431
7378 32683187 0.9740348756313324
7379 32688536 0.9741942882537842
7380 32693325 0.9743370115756989
7381 32697935 0.9744744002819061
7382 32703030 0.9746262431144714
7383 32707904 0.9747714996337891
7384 32712297 0.9749024212360382
7385 32716980 0.9750419855117798
7386 32722109 0.9751948416233063
7387 32726306 0.9753199219703674
7388 32730599 0.9754478633403778
7389 32735864 0.975604772567749
7390 32739889 0.9757247269153595
7391 32744047 0.9758486449718475
7392 32749057 0.9759979546070099
7393 32753206 0.9761216044425964
7394 32757161 0.9762394726276398
7395 32761478 0.9763681292533875
7396 32765806 0.9764971137046814
7397 32769766 0.9766151309013367
7398 32773626 0.9767301678657532
7399 32777964 0.976859450340271
7400 32782028 0.9769805669784546
7401 32785841 0.9770942032337189
7402 32789954 0.9772167801856995
7403 32794167 0.9773423373699188
7404 32797852 0.9774521589279175
7405 32801534 0.977561891078949
7406 32805800 0.9776890277862549
7407 32809368 0.9777953624725342
7408 32812863 0.9778995215892792
7409 32817124 0.9780265092849731
7410 32820616 0.978130578994751
7411 32823981 0.9782308638095856
7412 32827972 0.9783498048782349
7413 32831573 0.978457123041153
7414 32834887 0.9785558879375458
7415 32838457 0.9786622822284698
7416 32842038 0.9787690043449402
7417 32845452 0.9788707494735718
7418 32848737 0.9789686501026154
7419 32852236 0.9790729284286499
7420 32855722 0.9791768193244934
7421 32858863 0.9792704284191132
7422 32862112 0.9793672561645508
7423 32865592 0.97947096824646
7424 32868637 0.9795617163181305
7425 32871588 0.9796496629714966
7426 32875340 0.9797614812850952
7427 32878195 0.9798465669155121
7428 32881227 0.9799369275569916
7429 32884789 0.9800430834293365
7430 32887837 0.9801339209079742
7431 32890855 0.9802238643169403
7432 32894068 0.980319619178772
7433 32897195 0.9804128110408783
7434 32900079 0.9804987609386444
7435 32902986 0.9805853962898254
7436 32906136 0.9806792736053467
7437 32908931 0.9807625710964203
7438 32911745 0.9808464348316193
7439 32914673 0.9809336960315704
7440 32917748 0.9810253381729126
7441 32920442 0.981105625629425
7442 32923166 0.9811868071556091
7443 32926389 0.9812828600406647
7444 32929057 0.981362372636795
7445 32931618 0.9814386963844299
7446 32934803 0.9815336167812347
7447 32937419 0.981611579656601
7448 32939893 0.9816853106021881
7449 32942710 0.9817692637443542
7450 32945409 0.9818497002124786
7451 32947896 0.9819238185882568
7452 32950539 0.9820025861263275
7453 32953434 0.9820888638496399
7454 32956010 0.9821656346321106
7455 32958624 0.982243537902832
7456 32961387 0.9823258817195892
7457 32963982 0.9824032187461853
7458 32966494 0.9824780821800232
7459 32968962 0.982551634311676
7460 32971671 0.9826323688030243
7461 32974068 0.9827038049697876
7462 32976400 0.9827733039855957
7463 32979320 0.9828603267669678
7464 32981553 0.9829268753528595
7465 32983771 0.9829929769039154
7466 32986443 0.9830726087093353
7467 32988899 0.9831458032131195
7468 32991130 0.9832122921943665
7469 32993592 0.983285665512085
7470 32996133 0.9833613932132721
7471 32998401 0.9834289848804474
7472 33000714 0.9834979176521301
7473 33003266 0.9835739731788635
7474 33005474 0.9836397767066956
7475 33007820 0.9837096929550171
7476 33010185 0.983780175447464
7477 33012526 0.9838499426841736
7478 33014775 0.9839169681072235
7479 33016879 0.9839796721935272
7480 33019353 0.9840534031391144
7481 33021442 0.9841156601905823
7482 33023518 0.9841775298118591
7483 33026011 0.9842518270015717
7484 33028241 0.9843182861804962
7485 33030194 0.9843764901161194
7486 33032603 0.9844482839107513
7487 33034879 0.9845161139965057
7488 33036899 0.9845763146877289
7489 33038986 0.984638512134552
7490 33041324 0.9847081899642944
7491 33043270 0.9847661852836609
7492 33045368 0.9848287105560303
7493 33047549 0.9848937094211578
7494 33049700 0.9849578142166138
7495 33051698 0.9850173592567444
7496 33053644 0.9850753545761108
7497 33055864 0.9851415157318115
7498 33057850 0.9852007031440735
7499 33059617 0.9852533638477325
7500 33061892 0.9853211641311646
7501 33063847 0.9853794276714325
7502 33065570 0.9854307770729065
7503 33067584 0.9854907989501953
7504 33069578 0.9855502247810364
7505 33071266 0.9856005311012268
7506 33073245 0.9856595098972321
7507 33075233 0.9857187569141388
7508 33076921 0.9857690632343292
7509 33078853 0.9858266413211823
7510 33080896 0.9858875274658203
7511 33082702 0.9859413504600525
7512 33084516 0.9859954118728638
7513 33086333 0.9860495626926422
7514 33088129 0.9861030876636505
7515 33089848 0.986154317855835
7516 33091542 0.9862048029899597
7517 33093481 0.9862625896930695
7518 33095179 0.9863131940364838
7519 33096827 0.9863623082637787
7520 33098724 0.9864188432693481
7521 33100588 0.9864743947982788
7522 33102158 0.9865211844444275
7523 33103933 0.9865740835666656
7524 33105714 0.9866271615028381
7525 33107182 0.9866709113121033
7526 33108835 0.9867201745510101
7527 33110606 0.9867729544639587
7528 33112146 0.9868188500404358
7529 33113727 0.9868659675121307
7530 33115444 0.9869171380996704
7531 33117032 0.9869644641876221
7532 33118574 0.9870104193687439
7533 33120191 0.9870586097240448
7534 33121818 0.9871070981025696
7535 33123332 0.9871522188186646
7536 33124725 0.9871937334537506
7537 33126369 0.987242728471756
7538 33127927 0.987289160490036
7539 33129274 0.9873293042182922
7540 33130791 0.9873745143413544
7541 33132476 0.9874247312545776
7542 33133733 0.987462192773819
7543 33135194 0.9875057339668274
7544 33136830 0.9875544905662537
7545 33138131 0.98759326338768
7546 33139578 0.987636387348175
7547 33141110 0.987682044506073
7548 33142419 0.9877210557460785
7549 33143744 0.9877605438232422
7550 33145153 0.9878025352954865
7551 33146563 0.9878445565700531
7552 33147931 0.9878853261470795
7553 33149246 0.9879245162010193
7554 33150684 0.9879673719406128
7555 33151940 0.9880048036575317
7556 33153133 0.9880403578281403
7557 33154498 0.9880810379981995
7558 33155861 0.9881216585636139
7559 33156976 0.9881548881530762
7560 33158172 0.9881905317306519
7561 33159538 0.9882312417030334
7562 33160684 0.9882653951644897
7563 33161834 0.9882996678352356
7564 33163167 0.9883393943309784
7565 33164283 0.9883726537227631
7566 33165471 0.9884080588817596
7567 33166716 0.9884451627731323
7568 33167862 0.9884793162345886
7569 33168996 0.9885131120681763
7570 33170156 0.988547682762146
7571 33171304 0.9885818958282471
7572 33172406 0.9886147379875183
7573 33173523 0.9886480271816254
7574 33174731 0.9886840283870697
7575 33175846 0.988717257976532
7576 33176803 0.988745778799057
7577 33177910 0.9887787699699402
7578 33179067 0.9888132512569427
7579 33180048 0.9888424873352051
7580 33181008 0.9888710975646973
7581 33182203 0.9889067113399506
7582 33183166 0.9889354109764099
7583 33184133 0.9889642298221588
7584 33185210 0.9889963269233704
7585 33186175 0.9890250861644745
7586 33187126 0.9890534281730652
7587 33188072 0.989081621170044
7588 33189050 0.9891107678413391
7589 33189999 0.989139050245285
7590 33190911 0.9891662299633026
7591 33191951 0.9891972243785858
7592 33192891 0.9892252385616302
7593 33193802 0.9892523884773254
7594 33194704 0.9892792701721191
7595 33195627 0.989306777715683
7596 33196448 0.9893312454223633
7597 33197301 0.98935666680336
7598 33198294 0.989386260509491
7599 33199118 0.9894108176231384
7600 33199976 0.9894363880157471
7601 33200901 0.9894639551639557
7602 33201693 0.9894875586032867
7603 33202511 0.9895119369029999
7604 33203438 0.9895395636558533
7605 33204225 0.9895630180835724
7606 33205015 0.9895865619182587
7607 33205793 0.9896097481250763
7608 33206670 0.9896358847618103
7609 33207489 0.9896602928638458
7610 33208245 0.9896828234195709
7611 33209071 0.9897074401378632
7612 33209859 0.9897309243679047
7613 33210561 0.9897518455982208
7614 33211338 0.9897750020027161
7615 33212149 0.9897991716861725
7616 33212802 0.9898186326026917
7617 33213459 0.9898382127285004
7618 33214349 0.9898647367954254
7619 33215006 0.9898843169212341
7620 33215661 0.9899038374423981
7621 33216468 0.9899278879165649
7622 33217144 0.989948034286499
7623 33217803 0.9899676740169525
7624 33218548 0.9899898767471313
7625 33219246 0.990010678768158
7626 33219838 0.9900283217430115
7627 33220478 0.9900473952293396
7628 33221164 0.9900678396224976
7629 33221876 0.9900890588760376
7630 33222504 0.9901077747344971
7631 33223140 0.9901267290115356
7632 33223813 0.9901467859745026
7633 33224440 0.9901654720306396
7634 33225031 0.9901830852031708
7635 33225791 0.9902057349681854
7636 33226370 0.9902229905128479
7637 33226938 0.9902399182319641
7638 33227657 0.9902613461017609
7639 33228237 0.9902786314487457
7640 33228844 0.9902967214584351
7641 33229524 0.9903169870376587
7642 33230071 0.9903332889080048
7643 33230653 0.9903506338596344
7644 33231209 0.990367203950882
7645 33231805 0.990384966135025
7646 33232368 0.9904017448425293
7647 33232925 0.9904183447360992
7648 33233501 0.9904355108737946
7649 33234047 0.9904517829418182
7650 33234622 0.9904689192771912
7651 33235170 0.9904852509498596
7652 33235788 0.9905036687850952
7653 33236274 0.9905181527137756
7654 33236786 0.9905334115028381
7655 33237408 0.9905519485473633
7656 33237895 0.9905664622783661
7657 33238357 0.9905802309513092
7658 33238975 0.9905986487865448
7659 33239484 0.9906138181686401
7660 33240006 0.9906293749809265
7661 33240541 0.9906453192234039
7662 33241055 0.9906606376171112
7663 33241509 0.9906741678714752
7664 33242027 0.990689605474472
7665 33242619 0.9907072484493256
7666 33243128 0.9907224178314209
7667 33243587 0.9907360970973969
7668 33244133 0.9907523691654205
7669 33244679 0.9907686412334442
7670 33245203 0.9907842576503754
7671 33245684 0.9907985925674438
7672 33246295 0.9908168017864227
7673 33246775 0.9908311069011688
7674 33247231 0.9908446967601776
7675 33247816 0.9908621311187744
7676 33248307 0.9908767640590668
7677 33248751 0.9908899962902069
7678 33249290 0.9909060597419739
7679 33249735 0.9909193217754364
7680 33250210 0.9909334778785706
7681 33250685 0.9909476339817047
7682 33251167 0.9909619987010956
7683 33251598 0.9909748435020447
7684 33252061 0.9909886419773102
7685 33252561 0.991003543138504
7686 33253028 0.9910174608230591
7687 33253507 0.9910317361354828
7688 33253952 0.9910449981689453
7689 33254432 0.9910593032836914
7690 33254885 0.991072803735733
7691 33255282 0.991084635257721
7692 33255799 0.9911000430583954
7693 33256234 0.991113007068634
7694 33256653 0.9911254942417145
7695 33257170 0.9911409020423889
7696 33257640 0.9911549091339111
7697 33258023 0.9911663234233856
7698 33258475 0.9911797940731049
7699 33259018 0.9911959767341614
7700 33259414 0.9912077784538269
7701 33259844 0.9912205934524536
7702 33260338 0.9912353157997131
7703 33260747 0.9912475049495697
7704 33261198 0.9912609457969666
7705 33261657 0.9912746250629425
7706 33262158 0.9912895560264587
7707 33262546 0.9913011193275452
7708 33262970 0.9913137555122375
7709 33263485 0.9913291037082672
7710 33263922 0.9913421273231506
7711 33264309 0.9913536608219147
7712 33264777 0.9913676083087921
7713 33265229 0.9913810789585114
7714 33265609 0.9913924038410187
7715 33266072 0.9914062023162842
7716 33266497 0.991418868303299
7717 33266889 0.9914305508136749
7718 33267325 0.991443544626236
7719 33267783 0.9914571940898895
7720 33268137 0.9914677441120148
7721 33268578 0.9914808869361877
7722 33269072 0.9914956092834473
7723 33269509 0.9915086328983307
7724 33269926 0.9915210604667664
7725 33270350 0.9915336966514587
7726 33270779 0.9915464818477631
7727 33271162 0.9915578961372375
7728 33271552 0.9915695190429688
7729 33272005 0.9915830194950104
7730 33272426 0.9915955662727356
7731 33272814 0.991607129573822
7732 33273235 0.9916196763515472
7733 33273649 0.9916320145130157
7734 33274024 0.9916431903839111
7735 33274469 0.9916564524173737
7736 33274922 0.9916699528694153
7737 33275277 0.9916805326938629
7738 33275659 0.991691917181015
7739 33276110 0.9917053580284119
7740 33276472 0.9917161464691162
7741 33276875 0.9917281568050385
7742 33277299 0.9917407929897308
7743 33277722 0.9917533993721008
7744 33278111 0.9917649924755096
7745 33278456 0.9917752742767334
7746 33278868 0.9917875528335571
7747 33279213 0.9917978346347809
7748 33279549 0.9918078482151031
7749 33280001 0.9918213188648224
7750 33280427 0.9918340146541595
7751 33280785 0.9918446838855743
7752 33281190 0.9918567538261414
7753 33281622 0.9918696284294128
7754 33281961 0.9918797314167023
7755 33282340 0.9918910264968872
7756 33282813 0.9919051229953766
7757 33283160 0.9919154644012451
7758 33283527 0.9919264018535614
7759 33283929 0.9919383823871613
7760 33284298 0.9919493794441223
7761 33284655 0.9919600188732147
7762 33285005 0.9919704496860504
7763 33285397 0.9919821321964264
7764 33285791 0.9919938743114471
7765 33286136 0.9920041561126709
7766 33286535 0.9920160472393036
7767 33286901 0.9920269548892975
7768 33287249 0.9920373260974884
7769 33287621 0.9920484125614166
7770 33288024 0.9920604228973389
7771 33288365 0.9920705854892731
7772 33288724 0.9920812845230103
7773 33289140 0.9920936822891235
7774 33289488 0.9921040534973145
7775 33289837 0.9921144545078278
7776 33290199 0.9921252429485321
7777 33290551 0.9921357333660126
7778 33290917 0.9921466410160065
7779 33291282 0.992157518863678
7780 33291648 0.9921684265136719
7781 33291965 0.9921778738498688
7782 33292314 0.9921882748603821
7783 33292687 0.9921993911266327
7784 33293025 0.9922094643115997
7785 33293351 0.9922191798686981
7786 33293740 0.9922307729721069
7787 33294134 0.9922425150871277
7788 33294464 0.9922523498535156
7789 33294803 0.992262452840805
7790 33295174 0.9922735095024109
7791 33295520 0.992283821105957
7792 33295862 0.9922940135002136
7793 33296266 0.9923060536384583
7794 33296567 0.992315024137497
7795 33296883 0.9923244416713715
7796 33297248 0.992335319519043
7797 33297591 0.992345541715622
7798 33297946 0.9923561215400696
7799 33298314 0.9923670887947083
7800 33298643 0.9923768937587738
7801 33298974 0.9923867583274841
7802 33299339 0.9923976361751556
7803 33299672 0.9924075603485107
7804 33300008 0.992417573928833
7805 33300291 0.9924260079860687
7806 33300630 0.9924361109733582
7807 33300957 0.9924458563327789
7808 33301232 0.9924540519714355
7809 33301542 0.9924632906913757
7810 33301933 0.9924749433994293
7811 33302268 0.9924849271774292
7812 33302565 0.9924937784671783
7813 33302916 0.9925042390823364
7814 33303232 0.9925136566162109
7815 33303522 0.9925222992897034
7816 33303859 0.992532342672348
7817 33304161 0.9925413429737091
7818 33304486 0.9925510287284851
7819 33304802 0.9925604462623596
7820 33305162 0.9925711750984192
7821 33305474 0.9925804734230042
7822 33305782 0.9925896525382996
7823 33306092 0.9925988912582397
7824 33306415 0.992608517408371
7825 33306715 0.9926174581050873
7826 33307027 0.9926267564296722
7827 33307387 0.9926374852657318
7828 33307690 0.9926465153694153
7829 33307995 0.9926556050777435
7830 33308371 0.9926668107509613
7831 33308666 0.9926756024360657
7832 33308926 0.9926833510398865
7833 33309267 0.9926935136318207
7834 33309594 0.9927032589912415
7835 33309905 0.992712527513504
7836 33310214 0.9927217364311218
7837 33310503 0.9927303493022919
7838 33310795 0.9927390515804291
7839 33311103 0.9927482306957245
7840 33311406 0.992757260799408
7841 33311712 0.9927663803100586
7842 33312009 0.9927752315998077
7843 33312319 0.9927844703197479
7844 33312631 0.9927937686443329
7845 33312922 0.9928024411201477
7846 33313200 0.9928107261657715
7847 33313531 0.9928205907344818
7848 33313800 0.9928286075592041
7849 33314090 0.9928372502326965
7850 33314423 0.9928471744060516
7851 33314714 0.9928558468818665
7852 33314969 0.9928634464740753
7853 33315253 0.9928719103336334
7854 33315540 0.9928804636001587
7855 33315798 0.9928881525993347
7856 33316066 0.9928961396217346
7857 33316373 0.9929052889347076
7858 33316634 0.9929130673408508
7859 33316929 0.9929218590259552
7860 33317231 0.9929308593273163
7861 33317566 0.9929408431053162
7862 33317827 0.9929486215114594
7863 33318087 0.9929563701152802
7864 33318403 0.9929657876491547
7865 33318679 0.9929740130901337
7866 33318947 0.9929820001125336
7867 33319277 0.9929918348789215
7868 33319533 0.9929994642734528
7869 33319788 0.9930070638656616
7870 33320072 0.9930155277252197
7871 33320349 0.9930237829685211
7872 33320616 0.9930317401885986
7873 33320872 0.9930393695831299
7874 33321163 0.9930480420589447
7875 33321432 0.993056058883667
7876 33321686 0.9930636286735535
7877 33321943 0.9930712878704071
7878 33322189 0.9930786192417145
7879 33322458 0.9930866360664368
7880 33322724 0.9930945634841919
7881 33322992 0.9931025505065918
7882 33323258 0.9931104779243469
7883 33323491 0.9931174218654633
7884 33323777 0.9931259453296661
7885 33324027 0.9931333959102631
7886 33324279 0.9931409060955048
7887 33324527 0.9931482970714569
7888 33324750 0.9931549429893494
7889 33324969 0.9931614696979523
7890 33325201 0.9931683838367462
7891 33325461 0.993176132440567
7892 33325708 0.9931834936141968
7893 33325951 0.993190735578537
7894 33326211 0.9931984841823578
7895 33326443 0.9932053983211517
7896 33326661 0.9932118952274323
7897 33326890 0.993218719959259
7898 33327137 0.9932260811328888
7899 33327386 0.9932335019111633
7900 33327583 0.9932393729686737
7901 33327837 0.9932469427585602
7902 33328085 0.9932543337345123
7903 33328311 0.993261069059372
7904 33328594 0.9932695031166077
7905 33328842 0.9932768940925598
7906 33329041 0.993282824754715
7907 33329272 0.9932897090911865
7908 33329514 0.9932969212532043
7909 33329728 0.9933032989501953
7910 33329985 0.993310958147049
7911 33330265 0.9933193027973175
7912 33330468 0.9933253526687622
7913 33330710 0.99333256483078
7914 33330922 0.9933388829231262
7915 33331160 0.9933459758758545
7916 33331347 0.993351548910141
7917 33331549 0.9933575689792633
7918 33331758 0.9933637976646423
7919 33331929 0.9933688938617706
7920 33332119 0.9933745563030243
7921 33332349 0.9933814108371735
7922 33332533 0.9933868944644928
7923 33332756 0.9933935403823853
7924 33332993 0.9934006035327911
7925 33333203 0.9934068620204926
7926 33333383 0.9934122264385223
7927 33333599 0.9934186637401581
7928 33333823 0.9934253394603729
7929 33334028 0.9934314489364624
7930 33334212 0.9934369325637817
7931 33334437 0.993443638086319
7932 33334607 0.9934487044811249
7933 33334791 0.9934541881084442
7934 33334996 0.9934602975845337
7935 33335225 0.9934671223163605
7936 33335438 0.993473470211029
7937 33335616 0.9934787750244141
7938 33335845 0.9934855997562408
7939 33336035 0.9934912621974945
7940 33336211 0.9934965074062347
7941 33336416 0.9935026168823242
7942 33336616 0.9935085773468018
7943 33336781 0.9935134947299957
7944 33336981 0.9935194551944733
7945 33337196 0.9935258626937866
7946 33337355 0.9935306012630463
7947 33337529 0.9935357868671417
7948 33337753 0.9935424625873566
7949 33337940 0.9935480356216431
7950 33338150 0.9935542941093445
7951 33338344 0.9935600757598877
7952 33338537 0.9935658276081085
7953 33338701 0.9935707151889801
7954 33338886 0.9935762286186218
7955 33339101 0.9935826361179352
7956 33339266 0.9935875535011292
7957 33339440 0.9935927391052246
7958 33339610 0.9935978055000305
7959 33339788 0.9936031103134155
7960 33339954 0.9936080574989319
7961 33340158 0.993614137172699
7962 33340362 0.9936202168464661
7963 33340545 0.993625670671463
7964 33340709 0.9936305582523346
7965 33340933 0.9936372339725494
7966 33341105 0.9936423599720001
7967 33341282 0.9936476349830627
7968 33341489 0.993653804063797
7969 33341668 0.9936591386795044
7970 33341826 0.9936638474464417
7971 33342018 0.9936695694923401
7972 33342191 0.9936747252941132
7973 33342381 0.9936803877353668
7974 33342549 0.993685394525528
7975 33342740 0.993691086769104
7976 33342931 0.99369677901268
7977 33343079 0.9937011897563934
7978 33343263 0.9937066733837128
7979 33343468 0.9937127828598022
7980 33343645 0.9937180578708649
7981 33343818 0.9937232136726379
7982 33343997 0.9937285482883453
7983 33344171 0.9937337338924408
7984 33344338 0.9937387108802795
7985 33344548 0.993744969367981
7986 33344707 0.9937497079372406
7987 33344894 0.9937552809715271
7988 33345102 0.9937614798545837
7989 33345292 0.9937671422958374
7990 33345461 0.9937721788883209
7991 33345644 0.9937776327133179
7992 33345829 0.9937831461429596
7993 33345990 0.993787944316864
7994 33346155 0.993792861700058
7995 33346350 0.9937986731529236
7996 33346520 0.9938037395477295
7997 33346694 0.993808925151825
7998 33346873 0.9938142597675323
7999 33347059 0.9938198029994965
8000 33347224 0.9938247203826904
8001 33347379 0.9938293397426605
8002 33347609 0.9938361942768097
8003 33347766 0.9938408732414246
8004 33347919 0.9938454329967499
8005 33348118 0.993851363658905
8006 33348306 0.9938569664955139
8007 33348493 0.9938625395298004
8008 33348692 0.9938684701919556
8009 33348878 0.9938740134239197
8010 33349060 0.9938794374465942
8011 33349213 0.9938839972019196
8012 33349437 0.9938906729221344
8013 33349617 0.9938960373401642
8014 33349791 0.9939012229442596
8015 33349978 0.9939067959785461
8016 33350156 0.9939121007919312
8017 33350335 0.9939174354076385
8018 33350531 0.9939232766628265
8019 33350725 0.9939290583133698
8020 33350891 0.9939340054988861
8021 33351062 0.9939391016960144
8022 33351276 0.9939454793930054
8023 33351430 0.9939500689506531
8024 33351606 0.9939553141593933
8025 33351777 0.9939604103565216
8026 33351961 0.9939658939838409
8027 33352114 0.9939704537391663
8028 33352287 0.9939756095409393
8029 33352474 0.9939811825752258
8030 33352621 0.9939855635166168
8031 33352788 0.9939905405044556
8032 33352977 0.9939961731433868
8033 33353135 0.9940008819103241
8034 33353318 0.994006335735321
8035 33353518 0.9940122961997986
8036 33353688 0.9940173625946045
8037 33353873 0.9940228760242462
8038 33354024 0.9940273761749268
8039 33354233 0.9940336048603058
8040 33354368 0.9940376281738281
8041 33354531 0.9940424859523773
8042 33354719 0.9940480887889862
8043 33354898 0.9940534234046936
8044 33355093 0.9940592348575592
8045 33355286 0.99406498670578
8046 33355465 0.9940703213214874
8047 33355638 0.9940754771232605
8048 33355807 0.994080513715744
8049 33356022 0.9940869212150574
8050 33356196 0.9940921068191528
8051 33356375 0.9940974414348602
8052 33356566 0.9941031336784363
8053 33356763 0.9941090047359467
8054 33356931 0.9941140115261078
8055 33357100 0.9941190481185913
8056 33357308 0.994125247001648
8057 33357453 0.9941295683383942
8058 33357622 0.9941346049308777
8059 33357859 0.9941416680812836
8060 33358000 0.9941458702087402
8061 33358181 0.9941512644290924
8062 33358351 0.9941563308238983
8063 33358526 0.9941615462303162
8064 33358691 0.9941664636135101
8065 33358898 0.9941726326942444
8066 33359107 0.9941788613796234
8067 33359281 0.9941840469837189
8068 33359452 0.9941891431808472
8069 33359663 0.994195431470871
8070 33359854 0.994201123714447
8071 33360055 0.994207113981247
8072 33360223 0.9942121207714081
8073 33360426 0.9942181706428528
8074 33360605 0.9942235052585602
8075 33360768 0.9942283630371094
8076 33360987 0.9942348897457123
8077 33361182 0.9942407011985779
8078 33361346 0.9942455887794495
8079 33361569 0.9942522346973419
8080 33361731 0.9942570626735687
8081 33361899 0.9942620694637299
8082 33362118 0.9942685961723328
8083 33362320 0.9942746162414551
8084 33362501 0.9942800104618073
8085 33362678 0.9942852854728699
8086 33362877 0.994291216135025
8087 33363075 0.9942971169948578
8088 33363267 0.9943028390407562
8089 33363460 0.994308590888977
8090 33363641 0.9943139851093292
8091 33363828 0.9943195581436157
8092 33364019 0.9943252503871918
8093 33364205 0.9943307936191559
8094 33364384 0.9943361282348633
8095 33364567 0.9943415820598602
8096 33364784 0.9943480491638184
8097 33364947 0.9943529069423676
8098 33365125 0.9943582117557526
8099 33365323 0.9943641126155853
8100 33365509 0.9943696558475494
8101 33365668 0.9943743944168091
8102 33365843 0.9943796098232269
8103 33366028 0.9943851232528687
8104 33366200 0.9943902492523193
8105 33366386 0.9943957924842834
8106 33366572 0.9944013357162476
8107 33366742 0.9944064021110535
8108 33366927 0.9944119155406952
8109 33367120 0.994417667388916
8110 33367290 0.9944227337837219
8111 33367488 0.9944286346435547
8112 33367667 0.9944339692592621
8113 33367881 0.994440346956253
8114 33368043 0.9944451749324799
8115 33368218 0.9944503903388977
8116 33368437 0.9944569170475006
8117 33368617 0.9944622814655304
8118 33368782 0.9944671988487244
8119 33368982 0.9944731593132019
8120 33369173 0.994478851556778
8121 33369341 0.9944838583469391
8122 33369506 0.9944887757301331
8123 33369692 0.9944943189620972
8124 33369867 0.994499534368515
8125 33370033 0.9945044815540314
8126 33370208 0.9945096969604492
8127 33370397 0.9945153295993805
8128 33370580 0.9945207834243774
8129 33370740 0.9945255517959595
8130 33370975 0.9945325553417206
8131 33371134 0.9945372939109802
8132 33371319 0.994542807340622
8133 33371492 0.994547963142395
8134 33371669 0.9945532381534576
8135 33371825 0.9945578873157501
8136 33372000 0.994563102722168
8137 33372187 0.9945686757564545
8138 33372347 0.9945734441280365
8139 33372526 0.9945787787437439
8140 33372710 0.9945842623710632
8141 33372867 0.9945889413356781
8142 33373031 0.9945938289165497
8143 33373210 0.9945991635322571
8144 33373394 0.9946046471595764
8145 33373573 0.9946099817752838
8146 33373737 0.9946148693561554
8147 33373942 0.9946209788322449
8148 33374112 0.9946260452270508
8149 33374272 0.9946308135986328
8150 33374468 0.9946366548538208
8151 33374621 0.9946412146091461
8152 33374746 0.9946449398994446
8153 33374910 0.9946498274803162
8154 33375075 0.9946547448635101
8155 33375217 0.9946589767932892
8156 33375422 0.9946650862693787
8157 33375589 0.9946700632572174
8158 33375754 0.9946749806404114
8159 33375921 0.9946799576282501
8160 33376104 0.9946854114532471
8161 33376231 0.9946891963481903
8162 33376400 0.9946942329406738
8163 33376580 0.9946995973587036
8164 33376773 0.9947053492069244
8165 33376931 0.9947100579738617
8166 33377100 0.9947150945663452
8167 33377251 0.9947195947170258
8168 33377402 0.9947240948677063
8169 33377554 0.9947286248207092
8170 33377731 0.9947338998317719
8171 33377879 0.9947383105754852
8172 33378025 0.9947426617145538
8173 33378168 0.9947469234466553
8174 33378355 0.9947524964809418
8175 33378481 0.9947562515735626
8176 33378619 0.9947603642940521
8177 33378789 0.994765430688858
8178 33378944 0.9947700500488281
8179 33379100 0.9947746992111206
8180 33379269 0.9947797358036041
8181 33379424 0.9947843551635742
8182 33379558 0.9947883486747742
8183 33379706 0.9947927594184875
8184 33379862 0.99479740858078
8185 33380012 0.9948018789291382
8186 33380160 0.9948062896728516
8187 33380327 0.9948112666606903
8188 33380484 0.9948159456253052
8189 33380626 0.9948201775550842
8190 33380783 0.9948248565196991
8191 33380957 0.9948300421237946
8192 33381097 0.9948342144489288
8193 33381251 0.9948388040065765
8194 33381412 0.994843602180481
8195 33381561 0.9948480427265167
8196 33381726 0.9948529601097107
8197 33381921 0.9948587715625763
8198 33382070 0.9948632121086121
8199 33382220 0.9948676824569702
8200 33382369 0.994872123003006
8201 33382520 0.9948766231536865
8202 33382667 0.9948810040950775
8203 33382800 0.9948849678039551
8204 33382962 0.9948897957801819
8205 33383112 0.99489426612854
8206 33383248 0.9948983192443848
8207 33383413 0.9949032366275787
8208 33383561 0.9949076473712921
8209 33383731 0.994912713766098
8210 33383910 0.9949180483818054
8211 33384083 0.9949232041835785
8212 33384206 0.9949268698692322
8213 33384353 0.9949312508106232
8214 33384506 0.9949358105659485
8215 33384660 0.9949404001235962
8216 33384803 0.9949446618556976
8217 33384956 0.994949221611023
8218 33385115 0.9949539601802826
8219 33385249 0.9949579536914825
8220 33385407 0.9949626624584198
8221 33385563 0.9949673116207123
8222 33385713 0.9949717819690704
8223 33385882 0.994976818561554
8224 33386035 0.9949813783168793
8225 33386189 0.994985967874527
8226 33386343 0.9949905574321747
8227 33386477 0.9949945509433746
8228 33386625 0.994998961687088
8229 33386760 0.9950029850006104
8230 33386911 0.9950074851512909
8231 33387069 0.9950121939182281
8232 33387200 0.9950160980224609
8233 33387344 0.9950203895568848
8234 33387525 0.9950257837772369
8235 33387668 0.9950300455093384
8236 33387816 0.9950344562530518
8237 33387968 0.9950389862060547
8238 33388119 0.9950434863567352
8239 33388239 0.9950470626354218
8240 33388397 0.995051771402359
8241 33388539 0.9950560033321381
8242 33388678 0.99506014585495
8243 33388834 0.9950647950172424
8244 33388981 0.9950691759586334
8245 33389135 0.9950737655162811
8246 33389276 0.9950779676437378
8247 33389409 0.9950819313526154
8248 33389575 0.9950868785381317
8249 33389704 0.9950907230377197
8250 33389844 0.995094895362854
8251 33390010 0.9950998425483704
8252 33390148 0.9951039552688599
8253 33390309 0.9951087534427643
8254 33390455 0.9951131045818329
8255 33390590 0.9951171278953552
8256 33390726 0.9951211810112
8257 33390870 0.9951254725456238
8258 33391001 0.9951293766498566
8259 33391134 0.9951333403587341
8260 33391284 0.9951378107070923
8261 33391437 0.9951423704624176
8262 33391571 0.9951463639736176
8263 33391698 0.9951501488685608
8264 33391840 0.9951543807983398
8265 33391994 0.9951589703559875
8266 33392132 0.995163083076477
8267 33392253 0.995166689157486
8268 33392431 0.995171993970871
8269 33392571 0.9951761662960052
8270 33392714 0.9951804280281067
8271 33392860 0.9951847791671753
8272 33393026 0.9951897263526917
8273 33393166 0.9951938986778259
8274 33393317 0.9951983988285065
8275 33393457 0.9952025711536407
8276 33393590 0.9952065348625183
8277 33393770 0.9952118992805481
8278 33393946 0.9952171444892883
8279 33394070 0.9952208399772644
8280 33394220 0.9952253103256226
8281 33394368 0.9952297210693359
8282 33394510 0.995233952999115
8283 33394650 0.9952381253242493
8284 33394770 0.9952417016029358
8285 33394946 0.995246946811676
8286 33395075 0.995250791311264
8287 33395236 0.9952555894851685
8288 33395380 0.9952598810195923
8289 33395501 0.9952634871006012
8290 33395637 0.9952675402164459
8291 33395802 0.9952724575996399
8292 33395968 0.9952774047851562
8293 33396109 0.9952816069126129
8294 33396250 0.9952858090400696
8295 33396422 0.9952909350395203
8296 33396568 0.9952952861785889
8297 33396709 0.9952994883060455
8298 33396871 0.9953043162822723
8299 33397039 0.9953093230724335
8300 33397181 0.9953135550022125
8301 33397310 0.9953173995018005
8302 33397459 0.9953218400478363
8303 33397598 0.9953259825706482
8304 33397740 0.9953302145004272
8305 33397924 0.9953356981277466
8306 33398085 0.995340496301651
8307 33398219 0.995344489812851
8308 33398373 0.9953490793704987
8309 33398526 0.995353639125824
8310 33398664 0.9953577518463135
8311 33398814 0.9953622221946716
8312 33398959 0.9953665435314178
8313 33399101 0.9953707754611969
8314 33399266 0.9953756928443909
8315 33399433 0.9953806698322296
8316 33399563 0.99538454413414
8317 33399701 0.9953886568546295
8318 33399843 0.9953928887844086
8319 33399988 0.9953972101211548
8320 33400107 0.9954007565975189
8321 33400233 0.9954045116901398
8322 33400389 0.9954091608524323
8323 33400535 0.9954135119915009
8324 33400673 0.9954176247119904
8325 33400842 0.9954226613044739
8326 33400963 0.9954262673854828
8327 33401099 0.9954303205013275
8328 33401257 0.9954350292682648
8329 33401402 0.995439350605011
8330 33401551 0.9954437911510468
8331 33401701 0.9954482614994049
8332 33401868 0.9954532384872437
8333 33402006 0.9954573512077332
8334 33402148 0.9954615831375122
8335 33402308 0.9954663515090942
8336 33402439 0.995470255613327
8337 33402584 0.9954745769500732
8338 33402710 0.9954783320426941
8339 33402859 0.9954827725887299
8340 33402981 0.9954864084720612
8341 33403116 0.9954904317855835
8342 33403247 0.9954943358898163
8343 33403378 0.9954982399940491
8344 33403508 0.9955021142959595
8345 33403647 0.9955062568187714
8346 33403790 0.9955105185508728
8347 33403908 0.9955140352249146
8348 33404029 0.9955176413059235
8349 33404197 0.9955226480960846
8350 33404328 0.9955265522003174
8351 33404454 0.9955303072929382
8352 33404611 0.9955349862575531
8353 33404749 0.9955390989780426
8354 33404894 0.9955434203147888
8355 33405027 0.9955473840236664
8356 33405170 0.9955516457557678
8357 33405313 0.9955559074878693
8358 33405434 0.9955595135688782
8359 33405557 0.9955631792545319
8360 33405701 0.9955674707889557
8361 33405831 0.9955713450908661
8362 33405968 0.9955754280090332
8363 33406102 0.9955794215202332
8364 33406226 0.9955831170082092
8365 33406379 0.9955876767635345
8366 33406510 0.9955915808677673
8367 33406632 0.9955952167510986
8368 33406752 0.9955987930297852
8369 33406897 0.9956031143665314
8370 33407027 0.9956069886684418
8371 33407173 0.9956113398075104
8372 33407321 0.9956157505512238
8373 33407446 0.9956194758415222
8374 33407584 0.9956235885620117
8375 33407712 0.9956274032592773
8376 33407844 0.9956313371658325
8377 33407964 0.995634913444519
8378 33408067 0.995637983083725
8379 33408205 0.9956420958042145
8380 33408359 0.9956466853618622
8381 33408472 0.995650053024292
8382 33408611 0.9956541955471039
8383 33408726 0.9956576228141785
8384 33408837 0.9956609308719635
8385 33408965 0.9956647455692291
8386 33409120 0.9956693649291992
8387 33409228 0.9956725835800171
8388 33409347 0.9956761300563812
8389 33409510 0.9956809878349304
8390 33409624 0.9956843852996826
8391 33409748 0.9956880807876587
8392 33409892 0.9956923723220825
8393 33410011 0.9956959187984467
8394 33410135 0.9956996142864227
8395 33410251 0.9957030713558197
8396 33410383 0.9957070052623749
8397 33410505 0.9957106411457062
8398 33410615 0.9957139194011688
8399 33410749 0.9957179129123688
8400 33410885 0.9957219660282135
8401 33410997 0.9957253038883209
8402 33411130 0.9957292675971985
8403 33411249 0.9957328140735626
8404 33411360 0.9957361221313477
8405 33411474 0.9957395195960999
8406 33411610 0.9957435727119446
8407 33411741 0.9957474768161774
8408 33411869 0.995751291513443
8409 33411978 0.9957545399665833
8410 33412101 0.9957582056522369
8411 33412228 0.9957619905471802
8412 33412337 0.9957652390003204
8413 33412451 0.9957686364650726
8414 33412570 0.9957721829414368
8415 33412675 0.9957753121852875
8416 33412809 0.9957793056964874
8417 33412917 0.9957825243473053
8418 33413017 0.9957855045795441
8419 33413144 0.9957892894744873
8420 33413267 0.995792955160141
8421 33413362 0.9957957863807678
8422 33413495 0.9957997500896454
8423 33413633 0.9958038628101349
8424 33413748 0.9958072900772095
8425 33413871 0.9958109557628632
8426 33414007 0.9958150088787079
8427 33414117 0.9958182871341705
8428 33414230 0.9958216547966003
8429 33414353 0.995825320482254
8430 33414468 0.9958287477493286
8431 33414580 0.995832085609436
8432 33414704 0.9958357810974121
8433 33414842 0.9958398938179016
8434 33414967 0.9958436191082001
8435 33415101 0.9958476126194
8436 33415231 0.9958514869213104
8437 33415355 0.9958551824092865
8438 33415456 0.9958581924438477
8439 33415576 0.9958617687225342
8440 33415722 0.9958661198616028
8441 33415834 0.9958694577217102
8442 33415948 0.9958728551864624
8443 33416098 0.9958773255348206
8444 33416202 0.9958804249763489
8445 33416313 0.9958837330341339
8446 33416436 0.9958873987197876
8447 33416553 0.995890885591507
8448 33416661 0.9958941042423248
8449 33416792 0.9958980083465576
8450 33416928 0.9959020614624023
8451 33417037 0.9959053099155426
8452 33417166 0.9959091544151306
8453 33417307 0.9959133565425873
8454 33417415 0.9959165751934052
8455 33417538 0.9959202408790588
8456 33417668 0.9959241151809692
8457 33417819 0.9959286153316498
8458 33417922 0.9959316849708557
8459 33418039 0.9959351718425751
8460 33418163 0.9959388673305511
8461 33418276 0.995942234992981
8462 33418383 0.9959454238414764
8463 33418509 0.9959491789340973
8464 33418643 0.9959531724452972
8465 33418739 0.9959560334682465
8466 33418873 0.9959600269794464
8467 33418965 0.9959627687931061
8468 33419077 0.9959661066532135
8469 33419189 0.9959694445133209
8470 33419347 0.9959741532802582
8471 33419466 0.9959776997566223
8472 33419576 0.995980978012085
8473 33419692 0.9959844350814819
8474 33419834 0.995988667011261
8475 33419942 0.9959918856620789
8476 33420055 0.9959952533245087
8477 33420205 0.9959997236728668
8478 33420300 0.9960025548934937
8479 33420424 0.9960062503814697
8480 33420556 0.9960101842880249
8481 33420674 0.9960137009620667
8482 33420765 0.9960164129734039
8483 33420912 0.9960207939147949
8484 33421035 0.9960244596004486
8485 33421136 0.9960274696350098
8486 33421235 0.9960304200649261
8487 33421353 0.9960339367389679
8488 33421467 0.9960373342037201
8489 33421591 0.9960410296916962
8490 33421718 0.9960448145866394
8491 33421825 0.9960480034351349
8492 33421960 0.9960520267486572
8493 33422075 0.9960554540157318
8494 33422198 0.9960591197013855
8495 33422306 0.9960623383522034
8496 33422410 0.9960654377937317
8497 33422549 0.9960695803165436
8498 33422639 0.9960722625255585
8499 33422727 0.9960748851299286
8500 33422859 0.9960788190364838
8501 33422965 0.9960819780826569
8502 33423055 0.9960846602916718
8503 33423158 0.9960877299308777
8504 33423289 0.9960916340351105
8505 33423397 0.9960948526859283
8506 33423505 0.9960980713367462
8507 33423635 0.9961019456386566
8508 33423741 0.9961051046848297
8509 33423844 0.9961081743240356
8510 33423964 0.9961117506027222
8511 33424085 0.9961153566837311
8512 33424179 0.9961181581020355
8513 33424292 0.9961215257644653
8514 33424442 0.9961259961128235
8515 33424550 0.9961292147636414
8516 33424659 0.9961324632167816
8517 33424806 0.9961368441581726
8518 33424908 0.9961398839950562
8519 33425015 0.9961430728435516
8520 33425137 0.9961467087268829
8521 33425252 0.9961501359939575
8522 33425366 0.9961535334587097
8523 33425468 0.9961565732955933
8524 33425557 0.9961592257022858
8525 33425657 0.9961622059345245
8526 33425753 0.9961650669574738
8527 33425870 0.9961685538291931
8528 33425968 0.9961714744567871
8529 33426101 0.9961754381656647
8530 33426206 0.9961785674095154
8531 33426321 0.99618199467659
8532 33426435 0.9961853921413422
8533 33426544 0.9961886405944824
8534 33426669 0.9961923658847809
8535 33426774 0.9961954951286316
8536 33426864 0.9961981773376465
8537 33426974 0.9962014555931091
8538 33427077 0.9962045252323151
8539 33427174 0.9962074160575867
8540 33427297 0.9962110817432404
8541 33427405 0.9962143003940582
8542 33427516 0.9962176084518433
8543 33427621 0.996220737695694
8544 33427734 0.9962241053581238
8545 33427821 0.9962266981601715
8546 33427919 0.9962296187877655
8547 33428039 0.996233195066452
8548 33428162 0.9962368607521057
8549 33428270 0.9962400794029236
8550 33428371 0.9962430894374847
8551 33428501 0.9962469637393951
8552 33428621 0.9962505400180817
8553 33428710 0.9962531924247742
8554 33428836 0.996256947517395
8555 33428948 0.9962602853775024
8556 33429060 0.9962636232376099
8557 33429167 0.9962668120861053
8558 33429285 0.9962703287601471
8559 33429385 0.9962733089923859
8560 33429490 0.9962764382362366
8561 33429617 0.9962802231311798
8562 33429707 0.9962829053401947
8563 33429802 0.9962857365608215
8564 33429921 0.9962892830371857
8565 33430017 0.9962921440601349
8566 33430116 0.9962950944900513
8567 33430211 0.9962979257106781
8568 33430321 0.9963012039661407
8569 33430428 0.9963043928146362
8570 33430533 0.9963075220584869
8571 33430656 0.9963111877441406
8572 33430784 0.9963150024414062
8573 33430894 0.9963182806968689
8574 33431010 0.9963217377662659
8575 33431125 0.9963251650333405
8576 33431225 0.9963281452655792
8577 33431330 0.9963312745094299
8578 33431442 0.9963346123695374
8579 33431540 0.9963375329971313
8580 33431633 0.9963403046131134
8581 33431765 0.9963442385196686
8582 33431867 0.9963472783565521
8583 33431978 0.9963505864143372
8584 33432087 0.9963538348674774
8585 33432200 0.9963572025299072
8586 33432291 0.9963599145412445
8587 33432376 0.9963624477386475
8588 33432505 0.9963662922382355
8589 33432610 0.9963694214820862
8590 33432701 0.9963721334934235
8591 33432806 0.9963752627372742
8592 33432902 0.9963781237602234
8593 33432986 0.996380627155304
8594 33433085 0.9963835775852203
8595 33433202 0.9963870644569397
8596 33433290 0.9963896870613098
8597 33433401 0.9963929951190948
8598 33433495 0.9963957965373993
8599 33433593 0.9963987171649933
8600 33433690 0.9964016079902649
8601 33433809 0.996405154466629
8602 33433909 0.9964081346988678
8603 33434007 0.9964110553264618
8604 33434105 0.9964139759540558
8605 33434212 0.9964171648025513
8606 33434308 0.9964200258255005
8607 33434406 0.9964229464530945
8608 33434505 0.9964258968830109
8609 33434604 0.9964288473129272
8610 33434717 0.9964322149753571
8611 33434812 0.9964350461959839
8612 33434928 0.9964385032653809
8613 33435017 0.9964411556720734
8614 33435131 0.9964445531368256
8615 33435244 0.9964479207992554
8616 33435350 0.9964510798454285
8617 33435458 0.9964542984962463
8618 33435570 0.9964576363563538
8619 33435660 0.9964603185653687
8620 33435765 0.9964634478092194
8621 33435871 0.9964666068553925
8622 33435955 0.996469110250473
8623 33436052 0.9964720010757446
8624 33436156 0.996475100517273
8625 33436260 0.9964781999588013
8626 33436362 0.9964812397956848
8627 33436453 0.9964839518070221
8628 33436559 0.9964871108531952
8629 33436681 0.9964907467365265
8630 33436783 0.99649378657341
8631 33436877 0.9964965879917145
8632 33436992 0.9965000152587891
8633 33437111 0.9965035617351532
8634 33437211 0.996506541967392
8635 33437321 0.9965098202228546
8636 33437412 0.9965125322341919
8637 33437517 0.9965156614780426
8638 33437638 0.9965192675590515
8639 33437725 0.9965218603610992
8640 33437829 0.9965249598026276
8641 33437928 0.996527910232544
8642 33438025 0.9965308010578156
8643 33438111 0.9965333640575409
8644 33438199 0.996535986661911
8645 33438306 0.9965391755104065
8646 33438404 0.9965420961380005
8647 33438504 0.9965450763702393
8648 33438597 0.9965478479862213
8649 33438709 0.9965511858463287
8650 33438791 0.9965536296367645
8651 33438879 0.9965562522411346
8652 33438975 0.9965591132640839
8653 33439078 0.9965621829032898
8654 33439180 0.9965652227401733
8655 33439290 0.996568500995636
8656 33439394 0.9965716004371643
8657 33439496 0.9965746402740479
8658 33439597 0.996577650308609
8659 33439699 0.9965806901454926
8660 33439795 0.9965835511684418
8661 33439886 0.996586263179779
8662 33439998 0.9965896010398865
8663 33440082 0.996592104434967
8664 33440160 0.9965944290161133
8665 33440252 0.996597170829773
8666 33440353 0.9966001808643341
8667 33440435 0.9966026246547699
8668 33440542 0.9966058135032654
8669 33440648 0.9966089725494385
8670 33440732 0.996611475944519
8671 33440819 0.9966140687465668
8672 33440944 0.9966177940368652
8673 33441012 0.9966198205947876
8674 33441082 0.9966219067573547
8675 33441190 0.9966251254081726
8676 33441288 0.9966280460357666
8677 33441382 0.996630847454071
8678 33441483 0.9966338574886322
8679 33441569 0.9966364204883575
8680 33441644 0.9966386556625366
8681 33441737 0.9966414272785187
8682 33441832 0.9966442584991455
8683 33441933 0.9966472685337067
8684 33442023 0.9966499507427216
8685 33442106 0.9966524243354797
8686 33442199 0.9966551959514618
8687 33442268 0.9966572523117065
8688 33442375 0.996660441160202
8689 33442475 0.9966634213924408
8690 33442557 0.9966658651828766
8691 33442646 0.9966685175895691
8692 33442767 0.996672123670578
8693 33442855 0.9966747462749481
8694 33442942 0.9966773390769958
8695 33443040 0.9966802597045898
8696 33443146 0.9966834187507629
8697 33443232 0.9966859817504883
8698 33443290 0.9966877102851868
8699 33443382 0.9966904520988464
8700 33443457 0.9966926872730255
8701 33443541 0.9966951906681061
8702 33443628 0.9966977834701538
8703 33443712 0.9967002868652344
8704 33443798 0.9967028498649597
8705 33443876 0.996705174446106
8706 33443968 0.9967079162597656
8707 33444046 0.9967102408409119
8708 33444114 0.9967122673988342
8709 33444243 0.9967161118984222
8710 33444325 0.996718555688858
8711 33444404 0.9967209100723267
8712 33444495 0.9967236220836639
8713 33444589 0.9967264235019684
8714 33444683 0.9967292249202728
8715 33444780 0.9967321157455444
8716 33444865 0.9967346489429474
8717 33444964 0.9967375993728638
8718 33445050 0.9967401623725891
8719 33445125 0.9967423975467682
8720 33445218 0.9967451691627502
8721 33445300 0.996747612953186
8722 33445367 0.996749609708786
8723 33445450 0.9967520833015442
8724 33445527 0.996754378080368
8725 33445603 0.9967566430568695
8726 33445702 0.9967595934867859
8727 33445773 0.9967617094516754
8728 33445857 0.996764212846756
8729 33445948 0.9967669248580933
8730 33446041 0.9967696964740753
8731 33446119 0.9967720210552216
8732 33446218 0.9967749714851379
8733 33446312 0.9967777729034424
8734 33446406 0.9967805743217468
8735 33446495 0.9967832267284393
8736 33446591 0.9967860877513885
8737 33446680 0.996788740158081
8738 33446773 0.9967915117740631
8739 33446862 0.9967941641807556
8740 33446947 0.9967966973781586
8741 33447024 0.9967989921569824
8742 33447116 0.9968017339706421
8743 33447208 0.9968044757843018
8744 33447294 0.9968070387840271
8745 33447387 0.9968098104000092
8746 33447486 0.9968127608299255
8747 33447566 0.9968151450157166
8748 33447643 0.9968174397945404
8749 33447742 0.9968203902244568
8750 33447824 0.9968228340148926
8751 33447900 0.996825098991394
8752 33447978 0.9968274235725403
8753 33448071 0.9968301951885223
8754 33448152 0.9968326091766357
8755 33448241 0.9968352615833282
8756 33448328 0.996837854385376
8757 33448402 0.9968400597572327
8758 33448489 0.9968426525592804
8759 33448576 0.9968452453613281
8760 33448656 0.9968476295471191
8761 33448754 0.9968505501747131
8762 33448834 0.9968529343605042
8763 33448932 0.9968558549880981
8764 33449034 0.9968588948249817
8765 33449110 0.9968611598014832
8766 33449214 0.9968642592430115
8767 33449297 0.9968667328357697
8768 33449371 0.9968689382076263
8769 33449455 0.9968714416027069
8770 33449542 0.9968740344047546
8771 33449628 0.99687659740448
8772 33449697 0.9968786537647247
8773 33449798 0.9968816637992859
8774 33449897 0.9968846142292023
8775 33449988 0.9968873262405396
8776 33450074 0.9968898892402649
8777 33450166 0.9968926310539246
8778 33450228 0.9968944787979126
8779 33450308 0.9968968629837036
8780 33450393 0.9968993961811066
8781 33450476 0.9969018697738647
8782 33450545 0.9969039261341095
8783 33450625 0.9969063103199005
8784 33450716 0.9969090223312378
8785 33450778 0.9969108700752258
8786 33450869 0.9969135820865631
8787 33450938 0.9969156384468079
8788 33451006 0.9969176650047302
8789 33451107 0.9969206750392914
8790 33451220 0.9969240427017212
8791 33451298 0.9969263672828674
8792 33451375 0.9969286620616913
8793 33451469 0.9969314634799957
8794 33451537 0.9969334900379181
8795 33451616 0.9969358444213867
8796 33451713 0.9969387352466583
8797 33451794 0.9969411492347717
8798 33451874 0.9969435334205627
8799 33451952 0.996945858001709
8800 33452054 0.9969488978385925
8801 33452142 0.9969515204429626
8802 33452216 0.9969537258148193
8803 33452295 0.996956080198288
8804 33452378 0.9969585537910461
8805 33452461 0.9969610273838043
8806 33452547 0.9969635903835297
8807 33452629 0.9969660341739655
8808 33452693 0.9969679415225983
8809 33452778 0.9969704747200012
8810 33452869 0.9969731867313385
8811 33452943 0.9969753921031952
8812 33453007 0.996977299451828
8813 33453096 0.9969799518585205
8814 33453181 0.9969824850559235
8815 33453238 0.9969841837882996
8816 33453320 0.9969866275787354
8817 33453404 0.9969891309738159
8818 33453479 0.996991366147995
8819 33453549 0.9969934523105621
8820 33453642 0.9969962239265442
8821 33453737 0.996999055147171
8822 33453809 0.9970012009143829
8823 33453879 0.9970032870769501
8824 33453964 0.997005820274353
8825 33454042 0.9970081448554993
8826 33454120 0.9970104694366455
8827 33454219 0.9970134198665619
8828 33454287 0.9970154464244843
8829 33454363 0.9970177114009857
8830 33454453 0.9970203936100006
8831 33454536 0.9970228672027588
8832 33454607 0.9970249831676483
8833 33454697 0.9970276653766632
8834 33454763 0.9970296323299408
8835 33454841 0.997031956911087
8836 33454908 0.997033953666687
8837 33454996 0.9970365762710571
8838 33455079 0.9970390498638153
8839 33455158 0.9970414042472839
8840 33455223 0.9970433413982391
8841 33455314 0.9970460534095764
8842 33455396 0.9970484972000122
8843 33455472 0.9970507621765137
8844 33455572 0.9970537424087524
8845 33455646 0.9970559477806091
8846 33455734 0.9970585703849792
8847 33455816 0.997061014175415
8848 33455889 0.9970631897449493
8849 33455972 0.9970656633377075
8850 33456062 0.9970683455467224
8851 33456135 0.9970705211162567
8852 33456204 0.9970725774765015
8853 33456282 0.9970749020576477
8854 33456375 0.9970776736736298
8855 33456441 0.9970796406269073
8856 33456519 0.9970819652080536
8857 33456585 0.9970839321613312
8858 33456678 0.9970867037773132
8859 33456764 0.9970892667770386
8860 33456847 0.9970917403697968
8861 33456922 0.9970939755439758
8862 33456990 0.9970960021018982
8863 33457072 0.997098445892334
8864 33457183 0.997101753950119
8865 33457253 0.9971038401126862
8866 33457307 0.9971054494380951
8867 33457402 0.9971082806587219
8868 33457472 0.9971103668212891
8869 33457538 0.9971123337745667
8870 33457619 0.99711474776268
8871 33457689 0.9971168339252472
8872 33457765 0.9971190989017487
8873 33457849 0.9971216022968292
8874 33457932 0.9971240758895874
8875 33458006 0.9971262812614441
8876 33458096 0.997128963470459
8877 33458171 0.9971311986446381
8878 33458262 0.9971339106559753
8879 33458340 0.9971362352371216
8880 33458412 0.9971383810043335
8881 33458518 0.9971415400505066
8882 33458596 0.9971438646316528
8883 33458668 0.9971460103988647
8884 33458749 0.9971484243869781
8885 33458830 0.9971508383750916
8886 33458894 0.9971527457237244
8887 33458989 0.9971555769443512
8888 33459084 0.997158408164978
8889 33459168 0.9971609115600586
8890 33459248 0.9971632957458496
8891 33459341 0.9971660673618317
8892 33459421 0.9971684515476227
8893 33459511 0.9971711337566376
8894 33459607 0.9971739947795868
8895 33459684 0.9971762895584106
8896 33459754 0.9971783757209778
8897 33459831 0.9971806704998016
8898 33459917 0.997183233499527
8899 33460002 0.9971857666969299
8900 33460072 0.9971878528594971
8901 33460171 0.9971908032894135
8902 33460237 0.997192770242691
8903 33460299 0.9971946179866791
8904 33460385 0.9971971809864044
8905 33460467 0.9971996247768402
8906 33460553 0.9972021877765656
8907 33460629 0.997204452753067
8908 33460724 0.9972072839736938
8909 33460805 0.9972096979618073
8910 33460884 0.9972120523452759
8911 33460970 0.9972146153450012
8912 33461063 0.9972173869609833
8913 33461148 0.9972199201583862
8914 33461232 0.9972224235534668
8915 33461330 0.9972253441810608
8916 33461408 0.997227668762207
8917 33461486 0.9972299933433533
8918 33461587 0.9972330033779144
8919 33461664 0.9972352981567383
8920 33461737 0.9972374737262726
8921 33461835 0.9972403943538666
8922 33461894 0.9972421526908875
8923 33461960 0.997244119644165
8924 33462053 0.9972468912601471
8925 33462146 0.9972496628761292
8926 33462220 0.9972518682479858
8927 33462317 0.9972547590732574
8928 33462408 0.9972574710845947
8929 33462475 0.9972594678401947
8930 33462564 0.9972621202468872
8931 33462644 0.9972645044326782
8932 33462725 0.9972669184207916
8933 33462805 0.9972693026065826
8934 33462881 0.9972715675830841
8935 33462974 0.9972743391990662
8936 33463050 0.9972766041755676
8937 33463122 0.9972787499427795
8938 33463213 0.9972814619541168
8939 33463279 0.9972834289073944
8940 33463342 0.9972853064537048
8941 33463414 0.9972874522209167
8942 33463513 0.9972904026508331
8943 33463608 0.99729323387146
8944 33463700 0.9972959756851196
8945 33463782 0.9972984194755554
8946 33463858 0.9973006844520569
8947 33463934 0.9973029494285583
8948 33464024 0.9973056316375732
8949 33464085 0.9973074495792389
8950 33464175 0.9973101317882538
8951 33464263 0.9973127543926239
8952 33464338 0.997314989566803
8953 33464418 0.997317373752594
8954 33464494 0.9973196387290955
8955 33464562 0.9973216652870178
8956 33464636 0.9973238706588745
8957 33464709 0.9973260462284088
8958 33464813 0.9973291456699371
8959 33464892 0.9973315000534058
8960 33464960 0.9973335266113281
8961 33465048 0.9973361492156982
8962 33465134 0.9973387122154236
8963 33465205 0.9973408281803131
8964 33465272 0.9973428249359131
8965 33465353 0.9973452389240265
8966 33465437 0.9973477423191071
8967 33465524 0.9973503351211548
8968 33465609 0.9973528683185577
8969 33465692 0.9973553419113159
8970 33465774 0.9973577857017517
8971 33465868 0.9973605871200562
8972 33465964 0.9973634481430054
8973 33466036 0.9973655939102173
8974 33466110 0.997367799282074
8975 33466200 0.9973704814910889
8976 33466286 0.9973730444908142
8977 33466376 0.9973757266998291
8978 33466465 0.9973783791065216
8979 33466534 0.9973804354667664
8980 33466599 0.9973823726177216
8981 33466672 0.9973845481872559
8982 33466756 0.9973870515823364
8983 33466821 0.9973889887332916
8984 33466908 0.9973915815353394
8985 33467008 0.9973945617675781
8986 33467088 0.9973969459533691
8987 33467186 0.9973998665809631
8988 33467256 0.9974019527435303
8989 33467337 0.9974043667316437
8990 33467430 0.9974071383476257
8991 33467518 0.9974097609519958
8992 33467616 0.9974126815795898
8993 33467711 0.9974155128002167
8994 33467786 0.9974177479743958
8995 33467872 0.9974203109741211
8996 33467955 0.9974227845668793
8997 33468021 0.9974247515201569
8998 33468120 0.9974277019500732
8999 33468211 0.9974304139614105
9000 33468296 0.9974329471588135
9001 33468364 0.9974349737167358
9002 33468456 0.9974377155303955
9003 33468554 0.9974406361579895
9004 33468637 0.9974431097507477
9005 33468722 0.9974456429481506
9006 33468793 0.9974477589130402
9007 33468874 0.9974501729011536
9008 33468959 0.9974527060985565
9009 33469051 0.9974554479122162
9010 33469133 0.997457891702652
9011 33469205 0.9974600374698639
9012 33469306 0.997463047504425
9013 33469386 0.9974654316902161
9014 33469453 0.997467428445816
9015 33469530 0.9974697232246399
9016 33469626 0.9974725842475891
9017 33469702 0.9974748492240906
9018 33469780 0.9974771738052368
9019 33469874 0.9974799752235413
9020 33469945 0.9974820911884308
9021 33470016 0.9974842071533203
9022 33470121 0.997487336397171
9023 33470211 0.9974900186061859
9024 33470285 0.9974922239780426
9025 33470385 0.9974952042102814
9026 33470461 0.9974974691867828
9027 33470531 0.99749955534935
9028 33470609 0.9975018799304962
9029 33470698 0.9975045323371887
9030 33470791 0.9975073039531708
9031 33470868 0.9975095987319946
9032 33470967 0.997512549161911
9033 33471065 0.997515469789505
9034 33471139 0.9975176751613617
9035 33471216 0.9975199699401855
9036 33471314 0.9975228905677795
9037 33471398 0.9975253939628601
9038 33471484 0.9975279569625854
9039 33471586 0.997530996799469
9040 33471671 0.997533529996872
9041 33471761 0.9975362122058868
9042 33471850 0.9975388646125793
9043 33471940 0.9975415468215942
9044 33472017 0.9975438416004181
9045 33472090 0.9975460171699524
9046 33472161 0.9975481331348419
9047 33472232 0.9975502490997314
9048 33472323 0.9975529611110687
9049 33472409 0.9975555241107941
9050 33472502 0.9975582957267761
9051 33472565 0.9975601732730865
9052 33472643 0.9975624978542328
9053 33472753 0.9975657761096954
9054 33472830 0.9975680708885193
9055 33472931 0.9975710809230804
9056 33473034 0.9975741505622864
9057 33473097 0.9975760281085968
9058 33473190 0.9975787997245789
9059 33473282 0.9975815415382385
9060 33473377 0.9975843727588654
9061 33473461 0.9975868761539459
9062 33473551 0.9975895583629608
9063 33473642 0.9975922703742981
9064 33473738 0.9975951313972473
9065 33473795 0.9975968301296234
9066 33473873 0.9975991547107697
9067 33473962 0.9976018071174622
9068 33474030 0.9976038336753845
9069 33474117 0.9976064264774323
9070 33474200 0.9976089000701904
9071 33474277 0.9976111948490143
9072 33474359 0.9976136386394501
9073 33474440 0.9976160526275635
9074 33474499 0.9976178109645844
9075 33474580 0.9976202249526978
9076 33474665 0.9976227581501007
9077 33474756 0.997625470161438
9078 33474825 0.9976275265216827
9079 33474909 0.9976300299167633
9080 33474987 0.9976323544979095
9081 33475076 0.997635006904602
9082 33475153 0.9976373016834259
9083 33475243 0.9976399838924408
9084 33475338 0.9976428151130676
9085 33475420 0.9976452589035034
9086 33475518 0.9976481795310974
9087 33475617 0.9976511299610138
9088 33475696 0.9976534843444824
9089 33475788 0.9976562261581421
9090 33475868 0.9976586103439331
9091 33475932 0.9976605176925659
9092 33475999 0.9976625144481659
9093 33476098 0.9976654648780823
9094 33476183 0.9976679980754852
9095 33476263 0.9976703822612762
9096 33476348 0.9976729154586792
9097 33476422 0.9976751208305359
9098 33476504 0.9976775646209717
9099 33476555 0.9976790845394135
9100 33476638 0.9976815581321716
9101 33476721 0.9976840317249298
9102 33476805 0.9976865351200104
9103 33476890 0.9976890683174133
9104 33476962 0.9976912140846252
9105 33477034 0.9976933598518372
9106 33477123 0.9976960122585297
9107 33477217 0.9976988136768341
9108 33477297 0.9977011978626251
9109 33477381 0.9977037012577057
9110 33477468 0.9977062940597534
9111 33477539 0.9977084100246429
9112 33477626 0.9977110028266907
9113 33477720 0.9977138042449951
9114 33477794 0.9977160096168518
9115 33477855 0.9977178275585175
9116 33477941 0.9977203905582428
9117 33478026 0.9977229237556458
9118 33478090 0.9977248311042786
9119 33478164 0.9977270364761353
9120 33478246 0.997729480266571
9121 33478327 0.9977318942546844
9122 33478388 0.9977337121963501
9123 33478466 0.9977360367774963
9124 33478560 0.9977388381958008
9125 33478635 0.9977410733699799
9126 33478694 0.9977428317070007
9127 33478779 0.9977453649044037
9128 33478846 0.9977473616600037
9129 33478921 0.9977495968341827
9130 33479006 0.9977521300315857
9131 33479068 0.9977539777755737
9132 33479133 0.9977559149265289
9133 33479225 0.9977586567401886
9134 33479296 0.9977607727050781
9135 33479369 0.9977629482746124
9136 33479430 0.9977647662162781
9137 33479497 0.997766762971878
9138 33479565 0.9977687895298004
9139 33479644 0.997771143913269
9140 33479724 0.9977735280990601
9141 33479808 0.9977760314941406
9142 33479874 0.9977779984474182
9143 33479930 0.9977796673774719
9144 33480017 0.9977822601795197
9145 33480079 0.9977841079235077
9146 33480147 0.99778613448143
9147 33480231 0.9977886378765106
9148 33480299 0.997790664434433
9149 33480383 0.9977931678295135
9150 33480481 0.9977960884571075
9151 33480564 0.9977985620498657
9152 33480649 0.9978010952472687
9153 33480726 0.9978033900260925
9154 33480776 0.9978048801422119
9155 33480835 0.9978066384792328
9156 33480904 0.9978086948394775
9157 33480964 0.9978104829788208
9158 33481039 0.9978127181529999
9159 33481096 0.997814416885376
9160 33481158 0.997816264629364
9161 33481232 0.9978184700012207
9162 33481291 0.9978202283382416
9163 33481349 0.9978219568729401
9164 33481417 0.9978239834308624
9165 33481476 0.9978257417678833
9166 33481536 0.9978275299072266
9167 33481585 0.9978289902210236
9168 33481648 0.997830867767334
9169 33481700 0.9978324174880981
9170 33481773 0.9978345930576324
9171 33481834 0.9978364109992981
9172 33481893 0.997838169336319
9173 33481957 0.9978400766849518
9174 33482037 0.9978424608707428
9175 33482112 0.9978446960449219
9176 33482181 0.9978467524051666
9177 33482245 0.9978486597537994
9178 33482297 0.9978502094745636
9179 33482360 0.997852087020874
9180 33482423 0.9978539645671844
9181 33482507 0.997856467962265
9182 33482564 0.9978581666946411
9183 33482616 0.9978597164154053
9184 33482685 0.99786177277565
9185 33482746 0.9978635907173157
9186 33482796 0.9978650808334351
9187 33482861 0.9978670179843903
9188 33482916 0.9978686571121216
9189 33482965 0.9978701174259186
9190 33483016 0.9978716373443604
9191 33483080 0.9978735446929932
9192 33483140 0.9978753328323364
9193 33483191 0.9978768527507782
9194 33483252 0.9978786706924438
9195 33483299 0.9978800714015961
9196 33483354 0.9978817105293274
9197 33483402 0.997883141040802
9198 33483455 0.9978847205638885
9199 33483506 0.9978862404823303
9200 33483558 0.9978877902030945
9201 33483615 0.9978894889354706
9202 33483670 0.9978911280632019
9203 33483736 0.9978930950164795
9204 33483799 0.9978949725627899
9205 33483855 0.9978966414928436
9206 33483909 0.9978982508182526
9207 33483955 0.9978996217250824
9208 33484015 0.9979014098644257
9209 33484066 0.9979029297828674
9210 33484125 0.9979046881198883
9211 33484191 0.9979066550731659
9212 33484251 0.9979084432125092
9213 33484311 0.9979102313518524
9214 33484373 0.9979120790958405
9215 33484436 0.9979139566421509
9216 33484485 0.9979154169559479
9217 33484551 0.9979173839092255
9218 33484606 0.9979190230369568
9219 33484662 0.9979206919670105
9220 33484724 0.9979225397109985
9221 33484778 0.9979241490364075
9222 33484823 0.9979254901409149
9223 33484882 0.9979272484779358
9224 33484959 0.9979295432567596
9225 33485012 0.9979311227798462
9226 33485068 0.9979327917098999
9227 33485128 0.9979345798492432
9228 33485193 0.9979365170001984
9229 33485248 0.9979381561279297
9230 33485298 0.9979396462440491
9231 33485343 0.9979409873485565
9232 33485398 0.9979426264762878
9233 33485455 0.9979443252086639
9234 33485499 0.997945636510849
9235 33485545 0.9979470074176788
9236 33485592 0.997948408126831
9237 33485652 0.9979501962661743
9238 33485700 0.9979516267776489
9239 33485743 0.9979529082775116
9240 33485795 0.9979544579982758
9241 33485848 0.9979560375213623
9242 33485905 0.9979577362537384
9243 33485960 0.9979593753814697
9244 33486022 0.9979612231254578
9245 33486072 0.9979627132415771
9246 33486115 0.9979639947414398
9247 33486171 0.9979656636714935
9248 33486236 0.9979676008224487
9249 33486283 0.997969001531601
9250 33486349 0.9979709684848785
9251 33486414 0.9979729056358337
9252 33486478 0.9979748129844666
9253 33486538 0.9979766011238098
9254 33486596 0.9979783296585083
9255 33486656 0.9979801177978516
9256 33486720 0.9979820251464844
9257 33486773 0.9979836046695709
9258 33486820 0.9979850053787231
9259 33486880 0.9979867935180664
9260 33486924 0.9979881048202515
9261 33486976 0.9979896545410156
9262 33487032 0.9979913234710693
9263 33487071 0.9979924857616425
9264 33487142 0.997994601726532
9265 33487206 0.9979965090751648
9266 33487257 0.9979980289936066
9267 33487310 0.9979996085166931
9268 33487362 0.9980011582374573
9269 33487420 0.9980028867721558
9270 33487473 0.9980044662952423
9271 33487529 0.998006135225296
9272 33487579 0.9980076253414154
9273 33487635 0.9980092942714691
9274 33487679 0.9980106055736542
9275 33487730 0.998012125492096
9276 33487783 0.9980137050151825
9277 33487835 0.9980152547359467
9278 33487900 0.9980171918869019
9279 33487957 0.998018890619278
9280 33488006 0.998020350933075
9281 33488062 0.9980220198631287
9282 33488127 0.9980239570140839
9283 33488171 0.9980252683162689
9284 33488227 0.9980269372463226
9285 33488278 0.9980284571647644
9286 33488317 0.9980296194553375
9287 33488361 0.9980309307575226
9288 33488412 0.9980324506759644
9289 33488469 0.9980341494083405
9290 33488520 0.9980356693267822
9291 33488563 0.9980369508266449
9292 33488621 0.9980386793613434
9293 33488679 0.9980404078960419
9294 33488722 0.9980416893959045
9295 33488768 0.9980430603027344
9296 33488822 0.9980446696281433
9297 33488869 0.9980460703372955
9298 33488923 0.9980476796627045
9299 33489001 0.9980500042438507
9300 33489058 0.9980517029762268
9301 33489115 0.9980534017086029
9302 33489178 0.9980552792549133
9303 33489217 0.9980564415454865
9304 33489271 0.9980580508708954
9305 33489324 0.9980596303939819
9306 33489385 0.9980614483356476
9307 33489434 0.9980629086494446
9308 33489486 0.9980644583702087
9309 33489553 0.9980664551258087
9310 33489612 0.9980682134628296
9311 33489658 0.9980695843696594
9312 33489726 0.9980716109275818
9313 33489773 0.998073011636734
9314 33489828 0.9980746507644653
9315 33489882 0.9980762600898743
9316 33489941 0.9980780184268951
9317 33489991 0.9980795085430145
9318 33490049 0.998081237077713
9319 33490105 0.9980829060077667
9320 33490153 0.9980843365192413
9321 33490202 0.9980857968330383
9322 33490258 0.998087465763092
9323 33490308 0.9980889558792114
9324 33490355 0.9980903565883636
9325 33490417 0.9980922043323517
9326 33490473 0.9980938732624054
9327 33490516 0.9980951547622681
9328 33490561 0.9980964958667755
9329 33490613 0.9980980455875397
9330 33490675 0.9980998933315277
9331 33490729 0.9981015026569366
9332 33490778 0.9981029629707336
9333 33490825 0.9981043636798859
9334 33490864 0.998105525970459
9335 33490919 0.9981071650981903
9336 33490976 0.9981088638305664
9337 33491026 0.9981103539466858
9338 33491079 0.9981119334697723
9339 33491139 0.9981137216091156
9340 33491190 0.9981152415275574
9341 33491231 0.9981164634227753
9342 33491285 0.9981180727481842
9343 33491330 0.9981194138526917
9344 33491369 0.9981205761432648
9345 33491439 0.9981226623058319
9346 33491480 0.9981238842010498
9347 33491518 0.9981250166893005
9348 33491562 0.9981263279914856
9349 33491611 0.9981277883052826
9350 33491660 0.9981292486190796
9351 33491727 0.9981312453746796
9352 33491782 0.9981328845024109
9353 33491836 0.9981344938278198
9354 33491885 0.9981359541416168
9355 33491918 0.9981369376182556
9356 33491970 0.9981384873390198
9357 33492016 0.9981398582458496
9358 33492071 0.9981414973735809
9359 33492130 0.9981432557106018
9360 33492172 0.9981445074081421
9361 33492229 0.9981462061405182
9362 33492283 0.9981478154659271
9363 33492335 0.9981493651866913
9364 33492381 0.9981507360935211
9365 33492426 0.9981520771980286
9366 33492486 0.9981538653373718
9367 33492542 0.9981555342674255
9368 33492591 0.9981569945812225
9369 33492646 0.9981586337089539
9370 33492693 0.9981600344181061
9371 33492744 0.9981615543365479
9372 33492785 0.9981627762317657
9373 33492843 0.9981645047664642
9374 33492885 0.9981657564640045
9375 33492929 0.9981670677661896
9376 33492975 0.9981684386730194
9377 33493011 0.9981695115566254
9378 33493057 0.9981708824634552
9379 33493094 0.9981719851493835
9380 33493146 0.9981735348701477
9381 33493184 0.9981746673583984
9382 33493236 0.9981762170791626
9383 33493293 0.9981779158115387
9384 33493339 0.9981792867183685
9385 33493376 0.9981803894042969
9386 33493431 0.9981820285320282
9387 33493476 0.9981833696365356
9388 33493515 0.9981845319271088
9389 33493566 0.9981860518455505
9390 33493613 0.9981874525547028
9391 33493682 0.9981895089149475
9392 33493724 0.9981907606124878
9393 33493776 0.998192310333252
9394 33493829 0.9981938898563385
9395 33493866 0.9981949925422668
9396 33493913 0.9981963932514191
9397 33493963 0.9981978833675385
9398 33494014 0.9981994032859802
9399 33494061 0.9982008039951324
9400 33494109 0.9982022345066071
9401 33494145 0.998203307390213
9402 33494191 0.9982046782970428
9403 33494241 0.9982061684131622
9404 33494292 0.998207688331604
9405 33494343 0.9982092082500458
9406 33494396 0.9982107877731323
9407 33494450 0.9982123970985413
9408 33494492 0.9982136487960815
9409 33494519 0.998214453458786
9410 33494567 0.9982158839702606
9411 33494612 0.9982172250747681
9412 33494659 0.9982186257839203
9413 33494710 0.9982201457023621
9414 33494770 0.9982219338417053
9415 33494815 0.9982232749462128
9416 33494865 0.9982247650623322
9417 33494909 0.9982260763645172
9418 33494953 0.9982273876667023
9419 33494994 0.9982286095619202
9420 33495052 0.9982303380966187
9421 33495095 0.9982316195964813
9422 33495137 0.9982328712940216
9423 33495197 0.9982346594333649
9424 33495237 0.9982358515262604
9425 33495290 0.9982374310493469
9426 33495345 0.9982390701770782
9427 33495391 0.9982404410839081
9428 33495428 0.9982415437698364
9429 33495467 0.9982427060604095
9430 33495524 0.9982444047927856
9431 33495558 0.9982454180717468
9432 33495600 0.9982466697692871
9433 33495648 0.9982481002807617
9434 33495685 0.9982492029666901
9435 33495733 0.9982506334781647
9436 33495783 0.9982521235942841
9437 33495837 0.998253732919693
9438 33495881 0.998255044221878
9439 33495918 0.9982561469078064
9440 33495968 0.9982576370239258
9441 33496020 0.9982591867446899
9442 33496070 0.9982606768608093
9443 33496118 0.9982621073722839
9444 33496157 0.9982632696628571
9445 33496196 0.9982644319534302
9446 33496244 0.9982658624649048
9447 33496291 0.998267263174057
9448 33496326 0.9982683062553406
9449 33496374 0.9982697367668152
9450 33496434 0.9982715249061584
9451 33496480 0.9982728958129883
9452 33496524 0.9982742071151733
9453 33496573 0.9982756674289703
9454 33496615 0.9982769191265106
9455 33496663 0.9982783496379852
9456 33496709 0.9982797205448151
9457 33496757 0.9982811510562897
9458 33496795 0.9982822835445404
9459 33496854 0.9982840418815613
9460 33496922 0.9982860684394836
9461 33496975 0.9982876479625702
9462 33497022 0.9982890486717224
9463 33497071 0.9982905089855194
9464 33497108 0.9982916116714478
9465 33497149 0.9982928335666656
9466 33497187 0.9982939660549164
9467 33497239 0.9982955157756805
9468 33497282 0.9982967972755432
9469 33497325 0.9982980787754059
9470 33497374 0.9982995390892029
9471 33497415 0.9983007609844208
9472 33497462 0.998302161693573
9473 33497519 0.9983038604259491
9474 33497574 0.9983054995536804
9475 33497615 0.9983067214488983
9476 33497665 0.9983082115650177
9477 33497710 0.9983095526695251
9478 33497744 0.9983105659484863
9479 33497794 0.9983120560646057
9480 33497840 0.9983134269714355
9481 33497889 0.9983148872852325
9482 33497941 0.9983164370059967
9483 33497984 0.9983177185058594
9484 33498036 0.9983192682266235
9485 33498075 0.9983204305171967
9486 33498107 0.9983213841915131
9487 33498155 0.9983228147029877
9488 33498194 0.9983239769935608
9489 33498240 0.9983253479003906
9490 33498298 0.9983270764350891
9491 33498345 0.9983284771442413
9492 33498393 0.9983299076557159
9493 33498433 0.9983310997486115
9494 33498484 0.9983326196670532
9495 33498530 0.9983339905738831
9496 33498577 0.9983353912830353
9497 33498631 0.9983370006084442
9498 33498674 0.9983382821083069
9499 33498714 0.9983394742012024
9500 33498765 0.9983409941196442
9501 33498822 0.9983426928520203
9502 33498860 0.998343825340271
9503 33498905 0.9983451664447784
9504 33498953 0.998346596956253
9505 33499000 0.9983479976654053
9506 33499051 0.998349517583847
9507 33499097 0.9983508884906769
9508 33499143 0.9983522593975067
9509 33499187 0.9983535706996918
9510 33499232 0.9983549118041992
9511 33499284 0.9983564615249634
9512 33499336 0.9983580112457275
9513 33499380 0.9983593225479126
9514 33499437 0.9983610212802887
9515 33499479 0.998362272977829
9516 33499533 0.9983638823032379
9517 33499574 0.9983651041984558
9518 33499611 0.9983662068843842
9519 33499666 0.9983678460121155
9520 33499705 0.9983690083026886
9521 33499758 0.9983705878257751
9522 33499808 0.9983720779418945
9523 33499853 0.998373419046402
9524 33499899 0.9983747899532318
9525 33499951 0.998376339673996
9526 33500004 0.9983779191970825
9527 33500057 0.9983794987201691
9528 33500108 0.9983810186386108
9529 33500152 0.9983823299407959
9530 33500190 0.9983834624290466
9531 33500231 0.9983846843242645
9532 33500271 0.99838587641716
9533 33500317 0.9983872473239899
9534 33500358 0.9983884692192078
9535 33500401 0.9983897507190704
9536 33500454 0.998391330242157
9537 33500495 0.9983925521373749
9538 33500540 0.9983938932418823
9539 33500575 0.9983949363231659
9540 33500623 0.9983963668346405
9541 33500677 0.9983979761600494
9542 33500732 0.9983996152877808
9543 33500773 0.9984008371829987
9544 33500829 0.9984025061130524
9545 33500882 0.9984040856361389
9546 33500928 0.9984054565429688
9547 33500972 0.9984067678451538
9548 33501020 0.9984081983566284
9549 33501057 0.9984093010425568
9550 33501101 0.9984106123447418
9551 33501157 0.9984122812747955
9552 33501200 0.9984135627746582
9553 33501230 0.9984144568443298
9554 33501282 0.998416006565094
9555 33501329 0.9984174072742462
9556 33501365 0.9984184801578522
9557 33501414 0.9984199404716492
9558 33501454 0.9984211325645447
9559 33501500 0.9984225034713745
9560 33501550 0.9984239935874939
9561 33501589 0.998425155878067
9562 33501625 0.998426228761673
9563 33501668 0.9984275102615356
9564 33501720 0.9984290599822998
9565 33501765 0.9984304010868073
9566 33501818 0.9984319806098938
9567 33501858 0.9984331727027893
9568 33501909 0.9984346926212311
9569 33501945 0.998435765504837
9570 33501984 0.9984369277954102
9571 33502030 0.99843829870224
9572 33502072 0.9984395503997803
9573 33502124 0.9984411001205444
9574 33502175 0.9984426200389862
9575 33502223 0.9984440505504608
9576 33502258 0.9984450936317444
9577 33502302 0.9984464049339294
9578 33502347 0.9984477460384369
9579 33502386 0.99844890832901
9580 33502424 0.9984500408172607
9581 33502465 0.9984512627124786
9582 33502516 0.9984527826309204
9583 33502561 0.9984541237354279
9584 33502603 0.9984553754329681
9585 33502657 0.9984569847583771
9586 33502693 0.998458057641983
9587 33502741 0.9984594881534576
9588 33502802 0.9984613060951233
9589 33502845 0.998462587594986
9590 33502890 0.9984639286994934
9591 33502943 0.99846550822258
9592 33502988 0.9984668493270874
9593 33503025 0.9984679520130157
9594 33503069 0.9984692633152008
9595 33503113 0.9984705746173859
9596 33503159 0.9984719455242157
9597 33503203 0.9984732568264008
9598 33503246 0.9984745383262634
9599 33503293 0.9984759390354156
9600 33503334 0.9984771609306335
9601 33503375 0.9984783828258514
9602 33503409 0.9984793961048126
9603 33503447 0.9984805285930634
9604 33503484 0.9984816312789917
9605 33503539 0.998483270406723
9606 33503582 0.9984845519065857
9607 33503609 0.9984853565692902
9608 33503659 0.9984868466854095
9609 33503704 0.998488187789917
9610 33503751 0.9984895884990692
9611 33503800 0.9984910488128662
9612 33503850 0.9984925389289856
9613 33503879 0.9984934031963348
9614 33503919 0.9984945952892303
9615 33503970 0.9984961152076721
9616 33504008 0.9984972476959229
9617 33504051 0.9984985291957855
9618 33504087 0.9984996020793915
9619 33504133 0.9985009729862213
9620 33504169 0.9985020458698273
9621 33504205 0.9985031187534332
9622 33504254 0.9985045790672302
9623 33504286 0.9985055327415466
9624 33504328 0.9985067844390869
9625 33504375 0.9985081851482391
9626 33504424 0.9985096454620361
9627 33504465 0.998510867357254
9628 33504514 0.998512327671051
9629 33504552 0.9985134601593018
9630 33504596 0.9985147714614868
9631 33504642 0.9985161423683167
9632 33504676 0.9985171556472778
9633 33504722 0.9985185265541077
9634 33504769 0.9985199272632599
9635 33504813 0.998521238565445
9636 33504863 0.9985227286815643
9637 33504912 0.9985241889953613
9638 33504957 0.9985255300998688
9639 33505000 0.9985268115997314
9640 33505053 0.998528391122818
9641 33505091 0.9985295236110687
9642 33505131 0.9985307157039642
9643 33505190 0.9985324740409851
9644 33505228 0.9985336065292358
9645 33505282 0.9985352158546448
9646 33505326 0.9985365271568298
9647 33505357 0.9985374510288239
9648 33505408 0.9985389709472656
9649 33505470 0.9985408186912537
9650 33505509 0.9985419809818268
9651 33505552 0.9985432624816895
9652 33505599 0.9985446631908417
9653 33505630 0.9985455870628357
9654 33505677 0.9985469877719879
9655 33505714 0.9985480904579163
9656 33505762 0.9985495209693909
9657 33505806 0.9985508322715759
9658 33505860 0.9985524415969849
9659 33505908 0.9985538721084595
9660 33505955 0.9985552728176117
9661 33505994 0.9985564351081848
9662 33506040 0.9985578060150146
9663 33506093 0.9985593855381012
9664 33506126 0.99856036901474
9665 33506174 0.9985617995262146
9666 33506225 0.9985633194446564
9667 33506267 0.9985645711421967
9668 33506308 0.9985657930374146
9669 33506346 0.9985669255256653
9670 33506389 0.998568207025528
9671 33506435 0.9985695779323578
9672 33506486 0.9985710978507996
9673 33506530 0.9985724091529846
9674 33506565 0.9985734522342682
9675 33506603 0.9985745847225189
9676 33506641 0.9985757172107697
9677 33506682 0.9985769391059875
9678 33506721 0.9985781013965607
9679 33506780 0.9985798597335815
9680 33506814 0.9985808730125427
9681 33506851 0.9985819756984711
9682 33506887 0.998583048582077
9683 33506933 0.9985844194889069
9684 33506971 0.9985855519771576
9685 33507010 0.9985867142677307
9686 33507061 0.9985882341861725
9687 33507100 0.9985893964767456
9688 33507144 0.9985907077789307
9689 33507191 0.9985921084880829
9690 33507223 0.9985930621623993
9691 33507270 0.9985944628715515
9692 33507312 0.9985957145690918
9693 33507366 0.9985973238945007
9694 33507410 0.9985986351966858
9695 33507453 0.9985999166965485
9696 33507502 0.9986013770103455
9697 33507545 0.9986026585102081
9698 33507584 0.9986038208007812
9699 33507621 0.9986049234867096
9700 33507655 0.9986059367656708
9701 33507694 0.9986070990562439
9702 33507728 0.9986081123352051
9703 33507762 0.9986091256141663
9704 33507808 0.9986104965209961
9705 33507849 0.998611718416214
9706 33507897 0.9986131489276886
9707 33507934 0.9986142516136169
9708 33507985 0.9986157715320587
9709 33508023 0.9986169040203094
9710 33508057 0.9986179172992706
9711 33508099 0.9986191689968109
9712 33508139 0.9986203610897064
9713 33508187 0.998621791601181
9714 33508230 0.9986230731010437
9715 33508270 0.9986242651939392
9716 33508319 0.9986257255077362
9717 33508354 0.9986267685890198
9718 33508390 0.9986278414726257
9719 33508439 0.9986293017864227
9720 33508489 0.9986307919025421
9721 33508524 0.9986318349838257
9722 33508568 0.9986331462860107
9723 33508612 0.9986344575881958
9724 33508656 0.9986357688903809
9725 33508683 0.9986365735530853
9726 33508725 0.9986378252506256
9727 33508756 0.9986387491226196
9728 33508813 0.9986404478549957
9729 33508846 0.9986414313316345
9730 33508893 0.9986428320407867
9731 33508942 0.9986442923545837
9732 33508979 0.9986453950405121
9733 33509022 0.9986466765403748
9734 33509058 0.9986477494239807
9735 33509103 0.9986490905284882
9736 33509145 0.9986503422260284
9737 33509191 0.9986517131328583
9738 33509233 0.9986529648303986
9739 33509272 0.9986541271209717
9740 33509315 0.9986554086208344
9741 33509351 0.9986564815044403
9742 33509382 0.9986574053764343
9743 33509430 0.9986588358879089
9744 33509463 0.9986598193645477
9745 33509504 0.9986610412597656
9746 33509548 0.9986623525619507
9747 33509587 0.9986635148525238
9748 33509630 0.9986647963523865
9749 33509680 0.9986662864685059
9750 33509729 0.9986677467823029
9751 33509781 0.998669296503067
9752 33509821 0.9986704885959625
9753 33509863 0.9986717402935028
9754 33509900 0.9986728429794312
9755 33509948 0.9986742734909058
9756 33509990 0.998675525188446
9757 33510030 0.9986767172813416
9758 33510073 0.9986779987812042
9759 33510111 0.998679131269455
9760 33510150 0.9986802935600281
9761 33510181 0.9986812174320221
9762 33510226 0.9986825585365295
9763 33510280 0.9986841678619385
9764 33510312 0.9986851215362549
9765 33510350 0.9986862540245056
9766 33510392 0.9986875057220459
9767 33510432 0.9986886978149414
9768 33510466 0.9986897110939026
9769 33510502 0.9986907839775085
9770 33510540 0.9986919164657593
9771 33510584 0.9986932277679443
9772 33510624 0.9986944198608398
9773 33510670 0.9986957907676697
9774 33510707 0.998696893453598
9775 33510753 0.9986982643604279
9776 33510785 0.9986992180347443
9777 33510831 0.9987005889415741
9778 33510868 0.9987016916275024
9779 33510913 0.9987030327320099
9780 33510971 0.9987047612667084
9781 33511011 0.9987059533596039
9782 33511045 0.9987069666385651
9783 33511103 0.9987086951732635
9784 33511146 0.9987099766731262
9785 33511182 0.9987110495567322
9786 33511222 0.9987122416496277
9787 33511265 0.9987135231494904
9788 33511306 0.9987147450447083
9789 33511344 0.998715877532959
9790 33511392 0.9987173080444336
9791 33511438 0.9987186789512634
9792 33511489 0.9987201988697052
9793 33511526 0.9987213015556335
9794 33511569 0.9987225830554962
9795 33511617 0.9987240135669708
9796 33511652 0.9987250566482544
9797 33511696 0.9987263679504395
9798 33511736 0.998727560043335
9799 33511773 0.9987286627292633
9800 33511826 0.9987302422523499
9801 33511870 0.9987315535545349
9802 33511903 0.9987325370311737
9803 33511946 0.9987338185310364
9804 33511989 0.998735100030899
9805 33512030 0.9987363219261169
9806 33512063 0.9987373054027557
9807 33512110 0.998738706111908
9808 33512151 0.9987399280071259
9809 33512181 0.9987408220767975
9810 33512225 0.9987421333789825
9811 33512266 0.9987433552742004
9812 33512303 0.9987444579601288
9813 33512339 0.9987455308437347
9814 33512390 0.9987470507621765
9815 33512418 0.9987478852272034
9816 33512455 0.9987489879131317
9817 33512515 0.998750776052475
9818 33512560 0.9987521171569824
9819 33512603 0.9987533986568451
9820 33512653 0.9987548887729645
9821 33512694 0.9987561106681824
9822 33512730 0.9987571835517883
9823 33512791 0.998759001493454
9824 33512840 0.998760461807251
9825 33512875 0.9987615048885345
9826 33512921 0.9987628757953644
9827 33512971 0.9987643659114838
9828 33513014 0.9987656474113464
9829 33513068 0.9987672567367554
9830 33513104 0.9987683296203613
9831 33513143 0.9987694919109344
9832 33513184 0.9987707138061523
9833 33513223 0.9987718760967255
9834 33513265 0.9987731277942657
9835 33513298 0.9987741112709045
9836 33513340 0.9987753629684448
9837 33513397 0.9987770617008209
9838 33513435 0.9987781941890717
9839 33513465 0.9987790882587433
9840 33513521 0.998780757188797
9841 33513558 0.9987818598747253
9842 33513600 0.9987831115722656
9843 33513644 0.9987844228744507
9844 33513686 0.998785674571991
9845 33513722 0.9987867474555969
9846 33513763 0.9987879693508148
9847 33513799 0.9987890422344208
9848 33513829 0.9987899363040924
9849 33513873 0.9987912476062775
9850 33513911 0.9987923800945282
9851 33513962 0.99879390001297
9852 33513996 0.9987949132919312
9853 33514041 0.9987962543964386
9854 33514085 0.9987975656986237
9855 33514128 0.9987988471984863
9856 33514182 0.9988004565238953
9857 33514210 0.9988012909889221
9858 33514270 0.9988030791282654
9859 33514298 0.9988039135932922
9860 33514350 0.9988054633140564
9861 33514391 0.9988066852092743
9862 33514424 0.9988076686859131
9863 33514461 0.9988087713718414
9864 33514498 0.9988098740577698
9865 33514538 0.9988110661506653
9866 33514583 0.9988124072551727
9867 33514618 0.9988134503364563
9868 33514659 0.9988146722316742
9869 33514704 0.9988160133361816
9870 33514750 0.9988173842430115
9871 33514783 0.9988183677196503
9872 33514822 0.9988195300102234
9873 33514862 0.9988207221031189
9874 33514903 0.9988219439983368
9875 33514948 0.9988232851028442
9876 33514976 0.9988241195678711
9877 33515009 0.9988251030445099
9878 33515052 0.9988263845443726
9879 33515086 0.9988273978233337
9880 33515134 0.9988288283348083
9881 33515184 0.9988303184509277
9882 33515220 0.9988313913345337
9883 33515259 0.9988325536251068
9884 33515299 0.9988337457180023
9885 33515333 0.9988347589969635
9886 33515367 0.9988357722759247
9887 33515409 0.998837023973465
9888 33515465 0.9988386929035187
9889 33515499 0.9988397061824799
9890 33515528 0.9988405704498291
9891 33515568 0.9988417625427246
9892 33515606 0.9988428950309753
9893 33515646 0.9988440871238708
9894 33515677 0.9988450109958649
9895 33515725 0.9988464415073395
9896 33515770 0.9988477826118469
9897 33515800 0.9988486766815186
9898 33515850 0.9988501667976379
9899 33515900 0.9988516569137573
9900 33515944 0.9988529682159424
9901 33515980 0.9988540410995483
9902 33516016 0.9988551139831543
9903 33516057 0.9988563358783722
9904 33516098 0.9988575577735901
9905 33516137 0.9988587200641632
9906 33516181 0.9988600313663483
9907 33516238 0.9988617300987244
9908 33516277 0.9988628923892975
9909 33516319 0.9988641440868378
9910 33516356 0.9988652467727661
9911 33516406 0.9988667368888855
9912 33516447 0.9988679587841034
9913 33516485 0.9988690912723541
9914 33516524 0.9988702535629272
9915 33516570 0.9988716244697571
9916 33516610 0.9988728165626526
9917 33516647 0.9988739192485809
9918 33516698 0.9988754391670227
9919 33516733 0.9988764822483063
9920 33516787 0.9988780915737152
9921 33516840 0.9988796710968018
9922 33516885 0.9988810122013092
9923 33516925 0.9988822042942047
9924 33516971 0.9988835752010345
9925 33517007 0.9988846480846405
9926 33517055 0.9988860785961151
9927 33517086 0.9988870024681091
9928 33517125 0.9988881647586823
9929 33517176 0.998889684677124
9930 33517211 0.9988907277584076
9931 33517252 0.9988919496536255
9932 33517302 0.9988934397697449
9933 33517342 0.9988946318626404
9934 33517389 0.9988960325717926
9935 33517439 0.998897522687912
9936 33517485 0.9988988935947418
9937 33517523 0.9989000260829926
9938 33517575 0.9989015758037567
9939 33517612 0.9989026784896851
9940 33517649 0.9989037811756134
9941 33517685 0.9989048540592194
9942 33517735 0.9989063441753387
9943 33517772 0.9989074468612671
9944 33517810 0.9989085793495178
9945 33517854 0.9989098906517029
9946 33517904 0.9989113807678223
9947 33517942 0.998912513256073
9948 33517977 0.9989135563373566
9949 33518025 0.9989149868488312
9950 33518056 0.9989159107208252
9951 33518097 0.9989171326160431
9952 33518149 0.9989186823368073
9953 33518179 0.9989195764064789
9954 33518218 0.998920738697052
9955 33518267 0.998922199010849
9956 33518298 0.998923122882843
9957 33518329 0.998924046754837
9958 33518362 0.9989250302314758
9959 33518405 0.9989263117313385
9960 33518444 0.9989274740219116
9961 33518479 0.9989285171031952
9962 33518535 0.9989301860332489
9963 33518575 0.9989313781261444
9964 33518609 0.9989323914051056
9965 33518654 0.998933732509613
9966 33518689 0.9989347755908966
9967 33518727 0.9989359080791473
9968 33518757 0.998936802148819
9969 33518802 0.9989381432533264
9970 33518841 0.9989393055438995
9971 33518880 0.9989404678344727
9972 33518919 0.9989416301250458
9973 33518954 0.9989426732063293
9974 33518991 0.9989437758922577
9975 33519039 0.9989452064037323
9976 33519086 0.9989466071128845
9977 33519119 0.9989475905895233
9978 33519154 0.9989486336708069
9979 33519190 0.9989497065544128
9980 33519233 0.9989509880542755
9981 33519269 0.9989520609378815
9982 33519312 0.9989533424377441
9983 33519351 0.9989545047283173
9984 33519389 0.998955637216568
9985 33519426 0.9989567399024963
9986 33519459 0.9989577233791351
9987 33519500 0.998958945274353
9988 33519529 0.9989598095417023
9989 33519569 0.9989610016345978
9990 33519617 0.9989624321460724
9991 33519650 0.9989634156227112
9992 33519695 0.9989647567272186
9993 33519737 0.9989660084247589
9994 33519770 0.9989669919013977
9995 33519810 0.9989681839942932
9996 33519851 0.9989694058895111
9997 33519880 0.9989702701568604
9998 33519920 0.9989714622497559
9999 33519958 0.9989725947380066
10000 33519996 0.9989737272262573
10001 33520019 0.9989744126796722
10002 33520057 0.998975545167923
10003 33520096 0.9989767074584961
10004 33520139 0.9989779889583588
10005 33520171 0.9989789426326752
10006 33520213 0.9989801943302155
10007 33520255 0.9989814460277557
10008 33520283 0.9989822804927826
10009 33520327 0.9989835917949677
10010 33520362 0.9989846348762512
10011 33520384 0.9989852905273438
10012 33520428 0.9989866018295288
10013 33520480 0.998988151550293
10014 33520516 0.9989892244338989
10015 33520556 0.9989904165267944
10016 33520596 0.9989916086196899
10017 33520630 0.9989926218986511
10018 33520669 0.9989937841892242
10019 33520711 0.9989950358867645
10020 33520748 0.9989961385726929
10021 33520778 0.9989970326423645
10022 33520817 0.9989981949329376
10023 33520868 0.9989997148513794
10024 33520904 0.9990007877349854
10025 33520930 0.9990015625953674
10026 33520982 0.9990031123161316
10027 33521029 0.9990045130252838
10028 33521065 0.9990055859088898
10029 33521124 0.9990073442459106
10030 33521159 0.9990083873271942
10031 33521192 0.999009370803833
10032 33521225 0.9990103542804718
10033 33521261 0.9990114271640778
10034 33521292 0.9990123510360718
10035 33521327 0.9990133941173553
10036 33521378 0.9990149140357971
10037 33521406 0.999015748500824
10038 33521445 0.9990169107913971
10039 33521479 0.9990179240703583
10040 33521519 0.9990191161632538
10041 33521553 0.999020129442215
10042 33521590 0.9990212321281433
10043 33521628 0.999022364616394
10044 33521670 0.9990236163139343
10045 33521698 0.9990244507789612
10046 33521738 0.9990256428718567
10047 33521774 0.9990267157554626
10048 33521810 0.9990277886390686
10049 33521832 0.9990284442901611
10050 33521869 0.9990295469760895
10051 33521903 0.9990305602550507
10052 33521942 0.9990317225456238
10053 33521977 0.9990327656269073
10054 33522016 0.9990339279174805
10055 33522051 0.999034970998764
10056 33522083 0.9990359246730804
10057 33522118 0.999036967754364
10058 33522167 0.999038428068161
10059 33522204 0.9990395307540894
10060 33522244 0.9990407228469849
10061 33522280 0.9990417957305908
10062 33522318 0.9990429282188416
10063 33522363 0.999044269323349
10064 33522395 0.9990452229976654
10065 33522428 0.9990462064743042
10066 33522470 0.9990474581718445
10067 33522519 0.9990489184856415
10068 33522545 0.9990496933460236
10069 33522589 0.9990510046482086
10070 33522634 0.9990523457527161
10071 33522662 0.9990531802177429
10072 33522693 0.9990541040897369
10073 33522729 0.9990551769733429
10074 33522771 0.9990564286708832
10075 33522811 0.9990576207637787
10076 33522844 0.9990586042404175
10077 33522880 0.9990596771240234
10078 33522917 0.9990607798099518
10079 33522959 0.9990620315074921
10080 33523004 0.9990633726119995
10081 33523042 0.9990645051002502
10082 33523081 0.9990656673908234
10083 33523135 0.9990672767162323
10084 33523174 0.9990684390068054
10085 33523210 0.9990695118904114
10086 33523250 0.9990707039833069
10087 33523291 0.9990719258785248
10088 33523334 0.9990732073783875
10089 33523378 0.9990745186805725
10090 33523425 0.9990759193897247
10091 33523459 0.9990769326686859
10092 33523500 0.9990781545639038
10093 33523540 0.9990793466567993
10094 33523571 0.9990802705287933
10095 33523610 0.9990814328193665
10096 33523660 0.9990829229354858
10097 33523698 0.9990840554237366
10098 33523719 0.9990846812725067
10099 33523758 0.9990858435630798
10100 33523807 0.9990873038768768
10101 33523847 0.9990884959697723
10102 33523882 0.9990895390510559
10103 33523917 0.9990905821323395
10104 33523951 0.9990915954113007
10105 33523987 0.9990926682949066
10106 33524030 0.9990939497947693
10107 33524082 0.9990954995155334
10108 33524122 0.999096691608429
10109 33524168 0.9990980625152588
10110 33524205 0.9990991652011871
10111 33524241 0.9991002380847931
10112 33524284 0.9991015195846558
10113 33524331 0.999102920293808
10114 33524366 0.9991039633750916
10115 33524412 0.9991053342819214
10116 33524449 0.9991064369678497
10117 33524497 0.9991078674793243
10118 33524528 0.9991087913513184
10119 33524571 0.999110072851181
10120 33524603 0.9991110265254974
10121 33524645 0.9991122782230377
10122 33524673 0.9991131126880646
10123 33524714 0.9991143345832825
10124 33524753 0.9991154968738556
10125 33524793 0.9991166889667511
10126 33524829 0.9991177618503571
10127 33524873 0.9991190731525421
10128 33524906 0.9991200566291809
10129 33524938 0.9991210103034973
10130 33524982 0.9991223216056824
10131 33525016 0.9991233348846436
10132 33525060 0.9991246461868286
10133 33525103 0.9991259276866913
10134 33525152 0.9991273880004883
10135 33525193 0.9991286098957062
10136 33525229 0.9991296827793121
10137 33525266 0.9991307854652405
10138 33525299 0.9991317689418793
10139 33525336 0.9991328716278076
10140 33525366 0.9991337656974792
10141 33525405 0.9991349279880524
10142 33525439 0.9991359412670135
10143 33525481 0.9991371929645538
10144 33525528 0.999138593673706
10145 33525557 0.9991394579410553
10146 33525596 0.9991406202316284
10147 33525644 0.999142050743103
10148 33525681 0.9991431534290314
10149 33525711 0.999144047498703
10150 33525761 0.9991455376148224
10151 33525793 0.9991464912891388
10152 33525835 0.9991477429866791
10153 33525872 0.9991488456726074
10154 33525902 0.999149739742279
10155 33525941 0.9991509020328522
10156 33525969 0.999151736497879
10157 33526005 0.999152809381485
10158 33526047 0.9991540610790253
10159 33526086 0.9991552233695984
10160 33526135 0.9991566836833954
10161 33526185 0.9991581737995148
10162 33526221 0.9991592466831207
10163 33526269 0.9991606771945953
10164 33526316 0.9991620779037476
10165 33526343 0.999162882566452
10166 33526375 0.9991638362407684
10167 33526404 0.9991647005081177
10168 33526433 0.9991655647754669
10169 33526464 0.9991664886474609
10170 33526500 0.9991675615310669
10171 33526532 0.9991685152053833
10172 33526564 0.9991694688796997
10173 33526605 0.9991706907749176
10174 33526649 0.9991720020771027
10175 33526683 0.9991730153560638
10176 33526710 0.9991738200187683
10177 33526743 0.9991748034954071
10178 33526771 0.999175637960434
10179 33526806 0.9991766810417175
10180 33526845 0.9991778433322906
10181 33526890 0.9991791844367981
10182 33526915 0.9991799294948578
10183 33526947 0.9991808831691742
10184 33526987 0.9991820752620697
10185 33527027 0.9991832673549652
10186 33527059 0.9991842210292816
10187 33527093 0.9991852343082428
10188 33527127 0.999186247587204
10189 33527160 0.9991872310638428
10190 33527204 0.9991885423660278
10191 33527246 0.9991897940635681
10192 33527283 0.9991908967494965
10193 33527315 0.9991918504238129
10194 33527354 0.999193012714386
10195 33527382 0.9991938471794128
10196 33527404 0.9991945028305054
10197 33527435 0.9991954267024994
10198 33527459 0.9991961419582367
10199 33527496 0.999197244644165
10200 33527531 0.9991982877254486
10201 33527583 0.9991998374462128
10202 33527621 0.9992009699344635
10203 33527652 0.9992018938064575
10204 33527696 0.9992032051086426
10205 33527737 0.9992044270038605
10206 33527776 0.9992055892944336
10207 33527796 0.9992061853408813
10208 33527829 0.9992071688175201
10209 33527862 0.9992081522941589
10210 33527896 0.9992091655731201
10211 33527926 0.9992100596427917
10212 33527970 0.9992113709449768
10213 33528011 0.9992125928401947
10214 33528043 0.9992135465145111
10215 33528087 0.9992148578166962
10216 33528128 0.9992160797119141
10217 33528166 0.9992172122001648
10218 33528204 0.9992183446884155
10219 33528234 0.9992192387580872
10220 33528268 0.9992202520370483
10221 33528323 0.9992218911647797
10222 33528364 0.9992231130599976
10223 33528393 0.9992239773273468
10224 33528436 0.9992252588272095
10225 33528465 0.9992261230945587
10226 33528491 0.9992268979549408
10227 33528529 0.9992280304431915
10228 33528568 0.9992291927337646
10229 33528612 0.9992305040359497
10230 33528648 0.9992315769195557
10231 33528681 0.9992325603961945
10232 33528713 0.9992335140705109
10233 33528735 0.9992341697216034
10234 33528760 0.9992349147796631
10235 33528809 0.9992363750934601
10236 33528833 0.9992370903491974
10237 33528859 0.9992378652095795
10238 33528891 0.9992388188838959
10239 33528923 0.9992397725582123
10240 33528965 0.9992410242557526
10241 33528995 0.9992419183254242
10242 33529028 0.999242901802063
10243 33529054 0.9992436766624451
10244 33529082 0.9992445111274719
10245 33529121 0.999245673418045
10246 33529156 0.9992467164993286
10247 33529190 0.9992477297782898
10248 33529226 0.9992488026618958
10249 33529267 0.9992500245571136
10250 33529294 0.9992508292198181
10251 33529339 0.9992521703243256
10252 33529374 0.9992532134056091
10253 33529405 0.9992541372776031
10254 33529429 0.9992548525333405
10255 33529472 0.9992561340332031
10256 33529519 0.9992575347423553
10257 33529554 0.9992585778236389
10258 33529588 0.9992595911026001
10259 33529615 0.9992603957653046
10260 33529648 0.9992613792419434
10261 33529681 0.9992623627185822
10262 33529724 0.9992636442184448
10263 33529747 0.9992643296718597
10264 33529778 0.9992652535438538
10265 33529808 0.9992661476135254
10266 33529841 0.9992671310901642
10267 33529866 0.9992678761482239
10268 33529907 0.9992690980434418
10269 33529946 0.9992702603340149
10270 33529986 0.9992714524269104
10271 33530020 0.9992724657058716
10272 33530055 0.9992735087871552
10273 33530096 0.999274730682373
10274 33530125 0.9992755949497223
10275 33530159 0.9992766082286835
10276 33530198 0.9992777705192566
10277 33530233 0.9992788136005402
10278 33530262 0.9992796778678894
10279 33530297 0.999280720949173
10280 33530339 0.9992819726467133
10281 33530379 0.9992831647396088
10282 33530417 0.9992842972278595
10283 33530443 0.9992850720882416
10284 33530482 0.9992862343788147
10285 33530519 0.999287337064743
10286 33530555 0.999288409948349
10287 33530590 0.9992894530296326
10288 33530632 0.9992907047271729
10289 33530668 0.9992917776107788
10290 33530702 0.99929279088974
10291 33530730 0.9992936253547668
10292 33530769 0.99929478764534
10293 33530786 0.9992952942848206
10294 33530812 0.9992960691452026
10295 33530848 0.9992971420288086
10296 33530887 0.9992983043193817
10297 33530933 0.9992996752262115
10298 33530963 0.9993005692958832
10299 33530995 0.9993015229701996
10300 33531028 0.9993025064468384
10301 33531062 0.9993035197257996
10302 33531095 0.9993045032024384
10303 33531126 0.9993054270744324
10304 33531167 0.9993066489696503
10305 33531208 0.9993078708648682
10306 33531244 0.9993089437484741
10307 33531272 0.999309778213501
10308 33531305 0.9993107616901398
10309 33531350 0.9993121027946472
10310 33531384 0.9993131160736084
10311 33531420 0.9993141889572144
10312 33531448 0.9993150234222412
10313 33531486 0.9993161559104919
10314 33531504 0.9993166923522949
10315 33531524 0.9993172883987427
10316 33531560 0.9993183612823486
10317 33531594 0.9993193745613098
10318 33531623 0.9993202388286591
10319 33531661 0.9993213713169098
10320 33531691 0.9993222653865814
10321 33531725 0.9993232786655426
10322 33531773 0.9993247091770172
10323 33531802 0.9993255734443665
10324 33531845 0.9993268549442291
10325 33531878 0.9993278384208679
10326 33531909 0.9993287622928619
10327 33531941 0.9993297159671783
10328 33531979 0.9993308484554291
10329 33532006 0.9993316531181335
10330 33532040 0.9993326663970947
10331 33532074 0.9993336796760559
10332 33532102 0.9993345141410828
10333 33532139 0.9993356168270111
10334 33532167 0.999336451292038
10335 33532194 0.9993372559547424
10336 33532229 0.999338299036026
10337 33532255 0.9993390738964081
10338 33532287 0.9993400275707245
10339 33532322 0.9993410706520081
10340 33532349 0.9993418753147125
10341 33532386 0.9993429780006409
10342 33532421 0.9993440210819244
10343 33532456 0.999345064163208
10344 33532488 0.9993460178375244
10345 33532518 0.999346911907196
10346 33532546 0.9993477463722229
10347 33532572 0.999348521232605
10348 33532591 0.9993490874767303
10349 33532620 0.9993499517440796
10350 33532650 0.9993508458137512
10351 33532690 0.9993520379066467
10352 33532725 0.9993530809879303
10353 33532755 0.9993539750576019
10354 33532782 0.9993547797203064
10355 33532806 0.9993554949760437
10356 33532846 0.9993566870689392
10357 33532876 0.9993575811386108
10358 33532913 0.9993586838245392
10359 33532947 0.9993596971035004
10360 33532979 0.9993606507778168
10361 33532995 0.999361127614975
10362 33533034 0.9993622899055481
10363 33533077 0.9993635714054108
10364 33533107 0.9993644654750824
10365 33533131 0.9993651807308197
10366 33533181 0.9993666708469391
10367 33533207 0.9993674457073212
10368 33533242 0.9993684887886047
10369 33533280 0.9993696212768555
10370 33533300 0.9993702173233032
10371 33533332 0.9993711709976196
10372 33533365 0.9993721544742584
10373 33533403 0.9993732869625092
10374 33533432 0.9993741512298584
10375 33533463 0.9993750751018524
10376 33533498 0.999376118183136
10377 33533524 0.9993768930435181
10378 33533561 0.9993779957294464
10379 33533600 0.9993791580200195
10380 33533626 0.9993799328804016
10381 33533655 0.9993807971477509
10382 33533684 0.9993816614151001
10383 33533722 0.9993827939033508
10384 33533756 0.999383807182312
10385 33533788 0.9993847608566284
10386 33533821 0.9993857443332672
10387 33533861 0.9993869364261627
10388 33533894 0.9993879199028015
10389 33533921 0.999388724565506
10390 33533963 0.9993899762630463
10391 33533994 0.9993909001350403
10392 33534027 0.9993918836116791
10393 33534063 0.999392956495285
10394 33534088 0.9993937015533447
10395 33534118 0.9993945956230164
10396 33534161 0.999395877122879
10397 33534185 0.9993965923786163
10398 33534207 0.9993972480297089
10399 33534243 0.9993983209133148
10400 33534277 0.999399334192276
10401 33534314 0.9994004368782043
10402 33534352 0.9994015693664551
10403 33534385 0.9994025528430939
10404 33534423 0.9994036853313446
10405 33534445 0.9994043409824371
10406 33534472 0.9994051456451416
10407 33534507 0.9994061887264252
10408 33534532 0.9994069337844849
10409 33534557 0.9994076788425446
10410 33534596 0.9994088411331177
10411 33534628 0.9994097948074341
10412 33534659 0.9994107186794281
10413 33534706 0.9994121193885803
10414 33534738 0.9994130730628967
10415 33534770 0.9994140267372131
10416 33534806 0.9994150996208191
10417 33534833 0.9994159042835236
10418 33534868 0.9994169473648071
10419 33534900 0.9994179010391235
10420 33534935 0.9994189441204071
10421 33534960 0.9994196891784668
10422 33534988 0.9994205236434937
10423 33535023 0.9994215667247772
10424 33535051 0.9994224011898041
10425 33535087 0.99942347407341
10426 33535115 0.9994243085384369
10427 33535152 0.9994254112243652
10428 33535189 0.9994265139102936
10429 33535220 0.9994274377822876
10430 33535264 0.9994287490844727
10431 33535291 0.9994295537471771
10432 33535317 0.9994303286075592
10433 33535357 0.9994315207004547
10434 33535399 0.999432772397995
10435 33535420 0.9994333982467651
10436 33535448 0.999434232711792
10437 33535479 0.999435156583786
10438 33535501 0.9994358122348785
10439 33535530 0.9994366765022278
10440 33535564 0.999437689781189
10441 33535590 0.999438464641571
10442 33535622 0.9994394183158875
10443 33535652 0.9994403123855591
10444 33535680 0.9994411468505859
10445 33535704 0.9994418621063232
10446 33535731 0.9994426667690277
10447 33535768 0.999443769454956
10448 33535800 0.9994447231292725
10449 33535819 0.9994452893733978
10450 33535841 0.9994459450244904
10451 33535866 0.99944669008255
10452 33535887 0.9994473159313202
10453 33535927 0.9994485080242157
10454 33535957 0.9994494020938873
10455 33535982 0.999450147151947
10456 33536021 0.9994513094425201
10457 33536053 0.9994522631168365
10458 33536081 0.9994530975818634
10459 33536113 0.9994540512561798
10460 33536142 0.999454915523529
10461 33536164 0.9994555711746216
10462 33536189 0.9994563162326813
10463 33536224 0.9994573593139648
10464 33536261 0.9994584619998932
10465 33536288 0.9994592666625977
10466 33536313 0.9994600117206573
10467 33536352 0.9994611740112305
10468 33536391 0.9994623363018036
10469 33536418 0.9994631409645081
10470 33536451 0.9994641244411469
10471 33536476 0.9994648694992065
10472 33536501 0.9994656145572662
10473 33536538 0.9994667172431946
10474 33536569 0.9994676411151886
10475 33536599 0.9994685351848602
10476 33536628 0.9994693994522095
10477 33536652 0.9994701147079468
10478 33536680 0.9994709491729736
10479 33536709 0.9994718134403229
10480 33536747 0.9994729459285736
10481 33536785 0.9994740784168243
10482 33536809 0.9994747936725616
10483 33536834 0.9994755387306213
10484 33536859 0.999476283788681
10485 33536886 0.9994770884513855
10486 33536906 0.9994776844978333
10487 33536937 0.9994786083698273
10488 33536958 0.9994792342185974
10489 33536976 0.9994797706604004
10490 33536997 0.9994803965091705
10491 33537041 0.9994817078113556
10492 33537076 0.9994827508926392
10493 33537104 0.999483585357666
10494 33537126 0.9994842410087585
10495 33537156 0.9994851350784302
10496 33537189 0.999486118555069
10497 33537217 0.9994869530200958
10498 33537248 0.9994878768920898
10499 33537274 0.9994886517524719
10500 33537300 0.999489426612854
10501 33537334 0.9994904398918152
10502 33537356 0.9994910955429077
10503 33537386 0.9994919896125793
10504 33537414 0.9994928240776062
10505 33537448 0.9994938373565674
10506 33537471 0.9994945228099823
10507 33537505 0.9994955360889435
10508 33537526 0.9994961619377136
10509 33537541 0.9994966089725494
10510 33537564 0.9994972944259644
10511 33537598 0.9994983077049255
10512 33537631 0.9994992911815643
10513 33537657 0.9995000660419464
10514 33537688 0.9995009899139404
10515 33537721 0.9995019733905792
10516 33537748 0.9995027780532837
10517 33537773 0.9995035231113434
10518 33537805 0.9995044767856598
10519 33537832 0.9995052814483643
10520 33537865 0.999506264925003
10521 33537885 0.9995068609714508
10522 33537917 0.9995078146457672
10523 33537944 0.9995086193084717
10524 33537982 0.9995097517967224
10525 33538001 0.9995103180408478
10526 33538026 0.9995110630989075
10527 33538055 0.9995119273662567
10528 33538092 0.9995130300521851
10529 33538122 0.9995139241218567
10530 33538146 0.999514639377594
10531 33538174 0.9995154738426208
10532 33538200 0.9995162487030029
10533 33538228 0.9995170831680298
10534 33538264 0.9995181560516357
10535 33538295 0.9995190799236298
10536 33538314 0.9995196461677551
10537 33538341 0.9995204508304596
10538 33538376 0.9995214939117432
10539 33538404 0.99952232837677
10540 33538424 0.9995229244232178
10541 33538452 0.9995237588882446
10542 33538477 0.9995245039463043
10543 33538498 0.9995251297950745
10544 33538529 0.9995260536670685
10545 33538567 0.9995271861553192
10546 33538592 0.9995279312133789
10547 33538611 0.9995284974575043
10548 33538650 0.9995296597480774
10549 33538673 0.9995303452014923
10550 33538700 0.9995311498641968
10551 33538732 0.9995321035385132
10552 33538768 0.9995331764221191
10553 33538801 0.9995341598987579
10554 33538832 0.999535083770752
10555 33538864 0.9995360374450684
10556 33538882 0.9995365738868713
10557 33538907 0.999537318944931
10558 33538937 0.9995382130146027
10559 33538969 0.9995391666889191
10560 33538995 0.9995399415493011
10561 33539020 0.9995406866073608
10562 33539045 0.9995414316654205
10563 33539070 0.9995421767234802
10564 33539091 0.9995428025722504
10565 33539122 0.9995437264442444
10566 33539142 0.9995443224906921
10567 33539164 0.9995449781417847
10568 33539191 0.9995457828044891
10569 33539217 0.9995465576648712
10570 33539243 0.9995473325252533
10571 33539275 0.9995482861995697
10572 33539305 0.9995491802692413
10573 33539328 0.9995498657226562
10574 33539351 0.9995505511760712
10575 33539384 0.99955153465271
10576 33539420 0.9995526075363159
10577 33539452 0.9995535612106323
10578 33539477 0.999554306268692
10579 33539504 0.9995551109313965
10580 33539535 0.9995560348033905
10581 33539560 0.9995567798614502
10582 33539584 0.9995574951171875
10583 33539605 0.9995581209659576
10584 33539633 0.9995589554309845
10585 33539680 0.9995603561401367
10586 33539699 0.9995609223842621
10587 33539725 0.9995616972446442
10588 33539753 0.999562531709671
10589 33539782 0.9995633959770203
10590 33539810 0.9995642304420471
10591 33539835 0.9995649755001068
10592 33539865 0.9995658695697784
10593 33539898 0.9995668530464172
10594 33539935 0.9995679557323456
10595 33539967 0.999568909406662
10596 33539996 0.9995697736740112
10597 33540020 0.9995704889297485
10598 33540042 0.9995711445808411
10599 33540079 0.9995722472667694
10600 33540108 0.9995731115341187
10601 33540127 0.999573677778244
10602 33540151 0.9995743930339813
10603 33540177 0.9995751678943634
10604 33540200 0.9995758533477783
10605 33540237 0.9995769560337067
10606 33540275 0.9995780885219574
10607 33540296 0.9995787143707275
10608 33540335 0.9995798766613007
10609 33540364 0.9995807409286499
10610 33540394 0.9995816349983215
10611 33540417 0.9995823204517365
10612 33540441 0.9995830357074738
10613 33540468 0.9995838403701782
10614 33540490 0.9995844960212708
10615 33540525 0.9995855391025543
10616 33540548 0.9995862245559692
10617 33540586 0.99958735704422
10618 33540619 0.9995883405208588
10619 33540647 0.9995891749858856
10620 33540673 0.9995899498462677
10621 33540695 0.9995906054973602
10622 33540732 0.9995917081832886
10623 33540748 0.9995921850204468
10624 33540775 0.9995929896831512
10625 33540803 0.9995938241481781
10626 33540825 0.9995944797992706
10627 33540848 0.9995951652526855
10628 33540879 0.9995960891246796
10629 33540901 0.9995967447757721
10630 33540921 0.9995973408222198
10631 33540945 0.9995980560779572
10632 33540971 0.9995988309383392
10633 33540990 0.9995993971824646
10634 33541025 0.9996004402637482
10635 33541055 0.9996013343334198
10636 33541078 0.9996020197868347
10637 33541104 0.9996027946472168
10638 33541130 0.9996035695075989
10639 33541161 0.9996044933795929
10640 33541181 0.9996050894260406
10641 33541207 0.9996058642864227
10642 33541232 0.9996066093444824
10643 33541258 0.9996073842048645
10644 33541273 0.9996078312397003
10645 33541292 0.9996083974838257
10646 33541319 0.9996092021465302
10647 33541340 0.9996098279953003
10648 33541368 0.9996106624603271
10649 33541403 0.9996117055416107
10650 33541434 0.9996126294136047
10651 33541458 0.999613344669342
10652 33541485 0.9996141493320465
10653 33541508 0.9996148347854614
10654 33541522 0.9996152520179749
10655 33541559 0.9996163547039032
10656 33541582 0.9996170401573181
10657 33541610 0.999617874622345
10658 33541634 0.9996185898780823
10659 33541675 0.9996198117733002
10660 33541700 0.9996205568313599
10661 33541720 0.9996211528778076
10662 33541747 0.9996219575405121
10663 33541765 0.9996224939823151
10664 33541786 0.9996231198310852
10665 33541806 0.999623715877533
10666 33541835 0.9996245801448822
10667 33541863 0.9996254146099091
10668 33541888 0.9996261596679688
10669 33541911 0.9996268451213837
10670 33541927 0.9996273219585419
10671 33541960 0.9996283054351807
10672 33541986 0.9996290802955627
10673 33542015 0.999629944562912
10674 33542044 0.9996308088302612
10675 33542066 0.9996314644813538
10676 33542087 0.9996320903301239
10677 33542111 0.9996328055858612
10678 33542128 0.9996333122253418
10679 33542151 0.9996339976787567
10680 33542175 0.999634712934494
10681 33542198 0.9996353983879089
10682 33542220 0.9996360540390015
10683 33542246 0.9996368288993835
10684 33542274 0.9996376633644104
10685 33542304 0.999638557434082
10686 33542336 0.9996395111083984
10687 33542357 0.9996401369571686
10688 33542377 0.9996407330036163
10689 33542399 0.9996413886547089
10690 33542416 0.9996418952941895
10691 33542439 0.9996425807476044
10692 33542463 0.9996432960033417
10693 33542489 0.9996440708637238
10694 33542508 0.9996446371078491
10695 33542528 0.9996452331542969
10696 33542546 0.9996457695960999
10697 33542566 0.9996463656425476
10698 33542582 0.9996468424797058
10699 33542597 0.9996472895145416
10700 33542620 0.9996479749679565
10701 33542643 0.9996486604213715
10702 33542667 0.9996493756771088
10703 33542693 0.9996501505374908
10704 33542709 0.999650627374649
10705 33542737 0.9996514618396759
10706 33542759 0.9996521174907684
10707 33542776 0.999652624130249
10708 33542800 0.9996533393859863
10709 33542813 0.9996537268161774
10710 33542835 0.9996543824672699
10711 33542850 0.9996548295021057
10712 33542871 0.9996554553508759
10713 33542897 0.9996562302112579
10714 33542910 0.999656617641449
10715 33542937 0.9996574223041534
10716 33542965 0.9996582567691803
10717 33542989 0.9996589720249176
10718 33543009 0.9996595680713654
10719 33543031 0.9996602237224579
10720 33543059 0.9996610581874847
10721 33543082 0.9996617436408997
10722 33543111 0.9996626079082489
10723 33543136 0.9996633529663086
10724 33543159 0.9996640384197235
10725 33543176 0.9996645450592041
10726 33543203 0.9996653497219086
10727 33543223 0.9996659457683563
10728 33543240 0.9996664524078369
10729 33543262 0.9996671080589294
10730 33543289 0.9996679127216339
10731 33543314 0.9996686577796936
10732 33543335 0.9996692836284637
10733 33543359 0.999669998884201
10734 33543381 0.9996706545352936
10735 33543401 0.9996712505817413
10736 33543425 0.9996719658374786
10737 33543449 0.9996726810932159
10738 33543468 0.9996732473373413
10739 33543482 0.9996736645698547
10740 33543510 0.9996744990348816
10741 33543531 0.9996751248836517
10742 33543549 0.9996756613254547
10743 33543583 0.9996766746044159
10744 33543604 0.999677300453186
10745 33543627 0.999677985906601
10746 33543645 0.9996785223484039
10747 33543666 0.9996791481971741
10748 33543685 0.9996797144412994
10749 33543707 0.999680370092392
10750 33543726 0.9996809363365173
10751 33543750 0.9996816515922546
10752 33543778 0.9996824860572815
10753 33543797 0.9996830523014069
10754 33543824 0.9996838569641113
10755 33543847 0.9996845424175262
10756 33543867 0.999685138463974
10757 33543888 0.9996857643127441
10758 33543908 0.9996863603591919
10759 33543923 0.9996868073940277
10760 33543940 0.9996873140335083
10761 33543966 0.9996880888938904
10762 33543979 0.9996884763240814
10763 33544007 0.9996893107891083
10764 33544026 0.9996898770332336
10765 33544044 0.9996904134750366
10766 33544065 0.9996910393238068
10767 33544079 0.9996914565563202
10768 33544105 0.9996922314167023
10769 33544124 0.9996927976608276
10770 33544148 0.9996935129165649
10771 33544160 0.9996938705444336
10772 33544182 0.9996945261955261
10773 33544203 0.9996951520442963
10774 33544229 0.9996959269046783
10775 33544252 0.9996966123580933
10776 33544270 0.9996971487998962
10777 33544293 0.9996978342533112
10778 33544309 0.9996983110904694
10779 33544336 0.9996991157531738
10780 33544355 0.9996996819972992
10781 33544378 0.9997003674507141
10782 33544398 0.9997009634971619
10783 33544422 0.9997016787528992
10784 33544443 0.9997023046016693
10785 33544459 0.9997027814388275
10786 33544477 0.9997033178806305
10787 33544496 0.9997038841247559
10788 33544511 0.9997043311595917
10789 33544526 0.9997047781944275
10790 33544544 0.9997053146362305
10791 33544559 0.9997057616710663
10792 33544577 0.9997062981128693
10793 33544610 0.9997072815895081
10794 33544629 0.9997078478336334
10795 33544644 0.9997082948684692
10796 33544667 0.9997089803218842
10797 33544691 0.9997096955776215
10798 33544703 0.9997100532054901
10799 33544725 0.9997107088565826
10800 33544741 0.9997111856937408
10801 33544762 0.999711811542511
10802 33544780 0.999712347984314
10803 33544800 0.9997129440307617
10804 33544823 0.9997136294841766
10805 33544842 0.999714195728302
10806 33544867 0.9997149407863617
10807 33544890 0.9997156262397766
10808 33544913 0.9997163116931915
10809 33544932 0.9997168779373169
10810 33544950 0.9997174143791199
10811 33544976 0.999718189239502
10812 33544993 0.9997186958789825
10813 33545012 0.9997192621231079
10814 33545045 0.9997202455997467
10815 33545068 0.9997209310531616
10816 33545085 0.9997214376926422
10817 33545104 0.9997220039367676
10818 33545116 0.9997223615646362
10819 33545136 0.999722957611084
10820 33545165 0.9997238218784332
10821 33545186 0.9997244477272034
10822 33545202 0.9997249245643616
10823 33545222 0.9997255206108093
10824 33545238 0.9997259974479675
10825 33545253 0.9997264444828033
10826 33545277 0.9997271597385406
10827 33545292 0.9997276067733765
10828 33545318 0.9997283816337585
10829 33545346 0.9997292160987854
10830 33545365 0.9997297823429108
10831 33545379 0.9997301995754242
10832 33545401 0.9997308552265167
10833 33545413 0.9997312128543854
10834 33545429 0.9997316896915436
10835 33545446 0.9997321963310242
10836 33545463 0.9997327029705048
10837 33545482 0.9997332692146301
10838 33545505 0.999733954668045
10839 33545530 0.9997346997261047
10840 33545547 0.9997352063655853
10841 33545571 0.9997359216213226
10842 33545586 0.9997363686561584
10843 33545611 0.9997371137142181
10844 33545630 0.9997376799583435
10845 33545653 0.9997383654117584
10846 33545679 0.9997391402721405
10847 33545704 0.9997398853302002
10848 33545716 0.9997402429580688
10849 33545733 0.9997407495975494
10850 33545753 0.9997413456439972
10851 33545772 0.9997419118881226
10852 33545795 0.9997425973415375
10853 33545809 0.9997430145740509
10854 33545841 0.9997439682483673
10855 33545865 0.9997446835041046
10856 33545872 0.9997448921203613
10857 33545893 0.9997455179691315
10858 33545914 0.9997461438179016
10859 33545931 0.9997466504573822
10860 33545956 0.9997473955154419
10861 33545970 0.9997478127479553
10862 33545983 0.9997482001781464
10863 33546001 0.9997487366199493
10864 33546017 0.9997492134571075
10865 33546033 0.9997496902942657
10866 33546043 0.9997499883174896
10867 33546063 0.9997505843639374
10868 33546084 0.9997512102127075
10869 33546101 0.9997517168521881
10870 33546116 0.9997521638870239
10871 33546130 0.9997525811195374
10872 33546150 0.9997531771659851
10873 33546166 0.9997536540031433
10874 33546187 0.9997542798519135
10875 33546202 0.9997547268867493
10876 33546214 0.9997550845146179
10877 33546229 0.9997555315494537
10878 33546242 0.9997559189796448
10879 33546259 0.9997564256191254
10880 33546271 0.999756783246994
10881 33546286 0.9997572302818298
10882 33546298 0.9997575879096985
10883 33546312 0.9997580051422119
10884 33546330 0.9997585415840149
10885 33546350 0.9997591376304626
10886 33546370 0.9997597336769104
10887 33546382 0.999760091304779
10888 33546402 0.9997606873512268
10889 33546421 0.9997612535953522
10890 33546433 0.9997616112232208
10891 33546452 0.9997621774673462
10892 33546471 0.9997627437114716
10893 33546490 0.9997633099555969
10894 33546509 0.9997638761997223
10895 33546532 0.9997645616531372
10896 33546547 0.999765008687973
10897 33546561 0.9997654259204865
10898 33546578 0.999765932559967
10899 33546602 0.9997666478157043
10900 33546615 0.9997670352458954
10901 33546628 0.9997674226760864
10902 33546643 0.9997678697109222
10903 33546657 0.9997682869434357
10904 33546672 0.9997687339782715
10905 33546702 0.9997696280479431
10906 33546720 0.9997701644897461
10907 33546737 0.9997706711292267
10908 33546750 0.9997710585594177
10909 33546766 0.9997715353965759
10910 33546775 0.9997718036174774
10911 33546796 0.9997724294662476
10912 33546807 0.9997727572917938
10913 33546827 0.9997733533382416
10914 33546849 0.9997740089893341
10915 33546868 0.9997745752334595
10916 33546882 0.9997749924659729
10917 33546897 0.9997754395008087
10918 33546905 0.9997756779193878
10919 33546919 0.9997760951519012
10920 33546935 0.9997765719890594
10921 33546949 0.9997769892215729
10922 33546969 0.9997775852680206
10923 33546986 0.9997780919075012
10924 33547009 0.9997787773609161
10925 33547019 0.99977907538414
10926 33547035 0.9997795522212982
10927 33547051 0.9997800290584564
10928 33547063 0.9997803866863251
10929 33547074 0.9997807145118713
10930 33547092 0.9997812509536743
10931 33547110 0.9997817873954773
10932 33547128 0.9997823238372803
10933 33547143 0.9997827708721161
10934 33547158 0.9997832179069519
10935 33547181 0.9997839033603668
10936 33547193 0.9997842609882355
10937 33547203 0.9997845590114594
10938 33547217 0.9997849762439728
10939 33547231 0.9997853934764862
10940 33547244 0.9997857809066772
10941 33547254 0.9997860789299011
10942 33547275 0.9997867047786713
10943 33547287 0.9997870624065399
10944 33547301 0.9997874796390533
10945 33547316 0.9997879266738892
10946 33547337 0.9997885525226593
10947 33547355 0.9997890889644623
10948 33547371 0.9997895658016205
10949 33547383 0.9997899234294891
10950 33547402 0.9997904896736145
10951 33547417 0.9997909367084503
10952 33547435 0.9997914731502533
10953 33547444 0.9997917413711548
10954 33547459 0.9997921884059906
10955 33547472 0.9997925758361816
10956 33547488 0.9997930526733398
10957 33547511 0.9997937381267548
10958 33547522 0.999794065952301
10959 33547537 0.9997945129871368
10960 33547549 0.9997948706150055
10961 33547560 0.9997951984405518
10962 33547568 0.9997954368591309
10963 33547583 0.9997958838939667
10964 33547591 0.9997961223125458
10965 33547606 0.9997965693473816
10966 33547631 0.9997973144054413
10967 33547644 0.9997977018356323
10968 33547660 0.9997981786727905
10969 33547682 0.9997988343238831
10970 33547693 0.9997991621494293
10971 33547705 0.999799519777298
10972 33547724 0.9998000860214233
10973 33547739 0.9998005330562592
10974 33547752 0.9998009204864502
10975 33547759 0.9998011291027069
10976 33547772 0.999801516532898
10977 33547788 0.9998019933700562
10978 33547799 0.9998023211956024
10979 33547810 0.9998026490211487
10980 33547825 0.9998030960559845
10981 33547835 0.9998033940792084
10982 33547852 0.999803900718689
10983 33547867 0.9998043477535248
10984 33547882 0.9998047947883606
10985 33547900 0.9998053312301636
10986 33547914 0.999805748462677
10987 33547930 0.9998062252998352
10988 33547938 0.9998064637184143
10989 33547953 0.9998069107532501
10990 33547962 0.9998071789741516
10991 33547980 0.9998077154159546
10992 33548000 0.9998083114624023
10993 33548010 0.9998086094856262
10994 33548027 0.9998091161251068
10995 33548036 0.9998093843460083
10996 33548058 0.9998100399971008
10997 33548065 0.9998102486133575
10998 33548079 0.999810665845871
10999 33548090 0.9998109936714172
11000 33548106 0.9998114705085754
11001 33548114 0.9998117089271545
11002 33548128 0.999812126159668
11003 33548139 0.9998124539852142
11004 33548153 0.9998128712177277
11005 33548161 0.9998131096363068
11006 33548175 0.9998135268688202
11007 33548189 0.9998139441013336
11008 33548203 0.999814361333847
11009 33548218 0.9998148083686829
11010 33548228 0.9998151063919067
11011 33548241 0.9998154938220978
11012 33548254 0.9998158812522888
11013 33548270 0.999816358089447
11014 33548283 0.9998167455196381
11015 33548297 0.9998171627521515
11016 33548314 0.9998176693916321
11017 33548327 0.9998180568218231
11018 33548341 0.9998184740543365
11019 33548356 0.9998189210891724
11020 33548376 0.9998195171356201
11021 33548392 0.9998199939727783
11022 33548401 0.9998202621936798
11023 33548415 0.9998206794261932
11024 33548428 0.9998210668563843
11025 33548433 0.9998212158679962
11026 33548452 0.9998217821121216
11027 33548462 0.9998220801353455
11028 33548479 0.999822586774826
11029 33548493 0.9998230040073395
11030 33548512 0.9998235702514648
11031 33548528 0.999824047088623
11032 33548537 0.9998243153095245
11033 33548553 0.9998247921466827
11034 33548568 0.9998252391815186
11035 33548578 0.9998255372047424
11036 33548592 0.9998259544372559
11037 33548601 0.9998262226581573
11038 33548616 0.9998266696929932
11039 33548628 0.9998270273208618
11040 33548640 0.9998273849487305
11041 33548651 0.9998277127742767
11042 33548662 0.999828040599823
11043 33548676 0.9998284578323364
11044 33548683 0.9998286664485931
11045 33548698 0.999829113483429
11046 33548708 0.9998294115066528
11047 33548719 0.9998297393321991
11048 33548731 0.9998300969600677
11049 33548740 0.9998303651809692
11050 33548757 0.9998308718204498
11051 33548768 0.9998311996459961
11052 33548780 0.9998315572738647
11053 33548801 0.9998321831226349
11054 33548815 0.9998326003551483
11055 33548826 0.9998329281806946
11056 33548843 0.9998334348201752
11057 33548856 0.9998338222503662
11058 33548868 0.9998341798782349
11059 33548876 0.999834418296814
11060 33548884 0.9998346567153931
11061 33548897 0.9998350441455841
11062 33548908 0.9998353719711304
11063 33548923 0.9998358190059662
11064 33548936 0.9998362064361572
11065 33548951 0.999836653470993
11066 33548962 0.9998369812965393
11067 33548968 0.9998371601104736
11068 33548980 0.9998375177383423
11069 33548999 0.9998380839824677
11070 33549009 0.9998383820056915
11071 33549016 0.9998385906219482
11072 33549032 0.9998390674591064
11073 33549045 0.9998394548892975
11074 33549061 0.9998399317264557
11075 33549078 0.9998404383659363
11076 33549088 0.9998407363891602
11077 33549096 0.9998409748077393
11078 33549112 0.9998414516448975
11079 33549119 0.9998416602611542
11080 33549138 0.9998422265052795
11081 33549148 0.9998425245285034
11082 33549155 0.9998427331447601
11083 33549165 0.999843031167984
11084 33549177 0.9998433887958527
11085 33549185 0.9998436272144318
11086 33549195 0.9998439252376556
11087 33549209 0.9998443424701691
11088 33549214 0.999844491481781
11089 33549228 0.9998449087142944
11090 33549239 0.9998452365398407
11091 33549245 0.999845415353775
11092 33549254 0.9998456835746765
11093 33549273 0.9998462498188019
11094 33549289 0.9998467266559601
11095 33549305 0.9998472034931183
11096 33549314 0.9998474717140198
11097 33549325 0.999847799539566
11098 33549334 0.9998480677604675
11099 33549340 0.9998482465744019
11100 33549352 0.9998486042022705
11101 33549361 0.999848872423172
11102 33549370 0.9998491406440735
11103 33549383 0.9998495280742645
11104 33549391 0.9998497664928436
11105 33549400 0.9998500347137451
11106 33549416 0.9998505115509033
11107 33549431 0.9998509585857391
11108 33549435 0.9998510777950287
11109 33549444 0.9998513460159302
11110 33549456 0.9998517036437988
11111 33549467 0.9998520314693451
11112 33549479 0.9998523890972137
11113 33549491 0.9998527467250824
11114 33549499 0.9998529851436615
11115 33549510 0.9998533129692078
11116 33549520 0.9998536109924316
11117 33549531 0.9998539388179779
11118 33549536 0.9998540878295898
11119 33549543 0.9998542964458466
11120 33549552 0.999854564666748
11121 33549566 0.9998549818992615
11122 33549575 0.999855250120163
11123 33549584 0.9998555183410645
11124 33549591 0.9998557269573212
11125 33549607 0.9998562037944794
11126 33549620 0.9998565912246704
11127 33549625 0.9998567402362823
11128 33549633 0.9998569786548615
11129 33549642 0.9998572468757629
11130 33549646 0.9998573660850525
11131 33549656 0.9998576641082764
11132 33549673 0.999858170747757
11133 33549682 0.9998584389686584
11134 33549693 0.9998587667942047
11135 33549703 0.9998590648174286
11136 33549711 0.9998593032360077
11137 33549725 0.9998597204685211
11138 33549738 0.9998601078987122
11139 33549746 0.9998603463172913
11140 33549758 0.9998607039451599
11141 33549767 0.9998609721660614
11142 33549776 0.9998612403869629
11143 33549784 0.999861478805542
11144 33549792 0.9998617172241211
11145 33549804 0.9998620748519897
11146 33549813 0.9998623430728912
11147 33549827 0.9998627603054047
11148 33549836 0.9998630285263062
11149 33549846 0.99986332654953
11150 33549855 0.9998635947704315
11151 33549871 0.9998640716075897
11152 33549880 0.9998643398284912
11153 33549892 0.9998646974563599
11154 33549904 0.9998650550842285
11155 33549918 0.9998654723167419
11156 33549923 0.9998656213283539
11157 33549930 0.9998658299446106
11158 33549936 0.9998660087585449
11159 33549947 0.9998663365840912
11160 33549956 0.9998666048049927
11161 33549969 0.9998669922351837
11162 33549977 0.9998672306537628
11163 33549981 0.9998673498630524
11164 33549996 0.9998677968978882
11165 33550004 0.9998680353164673
11166 33550009 0.9998681843280792
11167 33550018 0.9998684525489807
11168 33550032 0.9998688697814941
11169 33550040 0.9998691082000732
11170 33550049 0.9998693764209747
11171 33550058 0.9998696446418762
11172 33550071 0.9998700320720673
11173 33550082 0.9998703598976135
11174 33550095 0.9998707473278046
11175 33550104 0.999871015548706
11176 33550110 0.9998711943626404
11177 33550121 0.9998715221881866
11178 33550128 0.9998717308044434
11179 33550132 0.9998718500137329
11180 33550143 0.9998721778392792
11181 33550158 0.999872624874115
11182 33550169 0.9998729526996613
11183 33550175 0.9998731315135956
11184 33550184 0.9998733997344971
11185 33550196 0.9998737573623657
11186 33550202 0.9998739361763
11187 33550212 0.9998742341995239
11188 33550222 0.9998745322227478
11189 33550233 0.9998748600482941
11190 33550243 0.9998751580715179
11191 33550247 0.9998752772808075
11192 33550256 0.999875545501709
11193 33550264 0.9998757839202881
11194 33550276 0.9998761415481567
11195 33550281 0.9998762905597687
11196 33550288 0.9998764991760254
11197 33550296 0.9998767375946045
11198 33550304 0.9998769760131836
11199 33550317 0.9998773634433746
11200 33550322 0.9998775124549866
11201 33550333 0.9998778402805328
11202 33550344 0.9998781681060791
11203 33550355 0.9998784959316254
11204 33550357 0.9998785555362701
11205 33550363 0.9998787343502045
11206 33550369 0.9998789131641388
11207 33550377 0.9998791515827179
11208 33550392 0.9998795986175537
11209 33550401 0.9998798668384552
11210 33550406 0.9998800158500671
11211 33550417 0.9998803436756134
11212 33550424 0.9998805522918701
11213 33550428 0.9998806715011597
11214 33550434 0.999880850315094
11215 33550446 0.9998812079429626
11216 33550447 0.999881237745285
11217 33550459 0.9998815953731537
11218 33550468 0.9998818635940552
11219 33550477 0.9998821318149567
11220 33550483 0.999882310628891
11221 33550488 0.9998824596405029
11222 33550495 0.9998826682567596
11223 33550508 0.9998830556869507
11224 33550520 0.9998834133148193
11225 33550530 0.9998837113380432
11226 33550540 0.9998840093612671
11227 33550551 0.9998843371868134
11228 33550562 0.9998846650123596
11229 33550571 0.9998849332332611
11230 33550577 0.9998851120471954
11231 33550580 0.9998852014541626
11232 33550588 0.9998854398727417
11233 33550598 0.9998857378959656
11234 33550608 0.9998860359191895
11235 33550617 0.9998863041400909
11236 33550620 0.9998863935470581
11237 33550622 0.9998864531517029
11238 33550631 0.9998867213726044
11239 33550646 0.9998871684074402
11240 33550651 0.9998873174190521
11241 33550659 0.9998875558376312
11242 33550666 0.9998877644538879
11243 33550670 0.9998878836631775
11244 33550678 0.9998881220817566
11245 33550682 0.9998882412910461
11246 33550687 0.9998883903026581
11247 33550690 0.9998884797096252
11248 33550694 0.9998885989189148
11249 33550703 0.9998888671398163
11250 33550708 0.9998890161514282
11251 33550716 0.9998892545700073
11252 33550731 0.9998897016048431
11253 33550736 0.9998898506164551
11254 33550741 0.999889999628067
11255 33550748 0.9998902082443237
11256 33550754 0.9998903870582581
11257 33550764 0.9998906850814819
11258 33550773 0.9998909533023834
11259 33550780 0.9998911619186401
11260 33550783 0.9998912513256073
11261 33550791 0.9998914897441864
11262 33550796 0.9998916387557983
11263 33550801 0.9998917877674103
11264 33550807 0.9998919665813446
11265 33550816 0.9998922348022461
11266 33550823 0.9998924434185028
11267 33550828 0.9998925924301147
11268 33550834 0.9998927712440491
11269 33550844 0.999893069267273
11270 33550854 0.9998933672904968
11271 33550858 0.9998934864997864
11272 33550869 0.9998938143253326
11273 33550871 0.9998938739299774
11274 33550882 0.9998942017555237
11275 33550890 0.9998944401741028
11276 33550899 0.9998947083950043
11277 33550907 0.9998949468135834
11278 33550918 0.9998952746391296
11279 33550933 0.9998957216739655
11280 33550943 0.9998960196971893
11281 33550951 0.9998962581157684
11282 33550956 0.9998964071273804
11283 33550959 0.9998964965343475
11284 33550966 0.9998967051506042
11285 33550975 0.9998969733715057
11286 33550981 0.9998971521854401
11287 33550987 0.9998973309993744
11288 33550994 0.9998975396156311
11289 33551002 0.9998977780342102
11290 33551011 0.9998980462551117
11291 33551015 0.9998981654644012
11292 33551026 0.9998984932899475
11293 33551034 0.9998987317085266
11294 33551039 0.9998988807201385
11295 33551046 0.9998990893363953
11296 33551052 0.9998992681503296
11297 33551061 0.9998995363712311
11298 33551068 0.9998997449874878
11299 33551072 0.9998998641967773
11300 33551083 0.9999001920223236
11301 33551089 0.9999003708362579
11302 33551100 0.9999006986618042
11303 33551106 0.9999008774757385
11304 33551110 0.9999009966850281
11305 33551117 0.9999012053012848
11306 33551123 0.9999013841152191
11307 33551130 0.9999015927314758
11308 33551135 0.9999017417430878
11309 33551143 0.9999019801616669
11310 33551148 0.9999021291732788
11311 33551151 0.999902218580246
11312 33551159 0.9999024569988251
11313 33551168 0.9999027252197266
11314 33551173 0.9999028742313385
11315 33551177 0.999902993440628
11316 33551183 0.9999031722545624
11317 33551193 0.9999034702777863
11318 33551199 0.9999036490917206
11319 33551206 0.9999038577079773
11320 33551214 0.9999040961265564
11321 33551218 0.999904215335846
11322 33551223 0.9999043643474579
11323 33551227 0.9999044835567474
11324 33551236 0.9999047517776489
11325 33551244 0.999904990196228
11326 33551252 0.9999052286148071
11327 33551256 0.9999053478240967
11328 33551262 0.999905526638031
11329 33551272 0.9999058246612549
11330 33551276 0.9999059438705444
11331 33551282 0.9999061226844788
11332 33551289 0.9999063313007355
11333 33551292 0.9999064207077026
11334 33551297 0.9999065697193146
11335 33551303 0.9999067485332489
11336 33551306 0.9999068379402161
11337 33551311 0.999906986951828
11338 33551319 0.9999072253704071
11339 33551327 0.9999074637889862
11340 33551334 0.9999076724052429
11341 33551338 0.9999077916145325
11342 33551340 0.9999078512191772
11343 33551348 0.9999080896377563
11344 33551353 0.9999082386493683
11345 33551359 0.9999084174633026
11346 33551365 0.9999085962772369
11347 33551369 0.9999087154865265
11348 33551373 0.999908834695816
11349 33551378 0.999908983707428
11350 33551383 0.9999091327190399
11351 33551391 0.999909371137619
11352 33551397 0.9999095499515533
11353 33551404 0.9999097585678101
11354 33551409 0.999909907579422
11355 33551418 0.9999101758003235
11356 33551424 0.9999103546142578
11357 33551426 0.9999104142189026
11358 33551429 0.9999105036258698
11359 33551438 0.9999107718467712
11360 33551448 0.9999110698699951
11361 33551456 0.9999113082885742
11362 33551459 0.9999113976955414
11363 33551466 0.9999116063117981
11364 33551477 0.9999119341373444
11365 33551482 0.9999120831489563
11366 33551489 0.999912291765213
11367 33551493 0.9999124109745026
11368 33551495 0.9999124705791473
11369 33551497 0.9999125301837921
11370 33551503 0.9999127089977264
11371 33551505 0.9999127686023712
11372 33551513 0.9999130070209503
11373 33551518 0.9999131560325623
11374 33551520 0.999913215637207
11375 33551529 0.9999134838581085
11376 33551537 0.9999137222766876
11377 33551543 0.999913901090622
11378 33551548 0.9999140501022339
11379 33551560 0.9999144077301025
11380 33551572 0.9999147653579712
11381 33551575 0.9999148547649384
11382 33551586 0.9999151825904846
11383 33551592 0.999915361404419
11384 33551596 0.9999154806137085
11385 33551602 0.9999156594276428
11386 33551608 0.9999158382415771
11387 33551616 0.9999160766601562
11388 33551623 0.999916285276413
11389 33551628 0.9999164342880249
11390 33551633 0.9999165832996368
11391 33551637 0.9999167025089264
11392 33551639 0.9999167621135712
11393 33551646 0.9999169707298279
11394 33551649 0.999917060136795
11395 33551658 0.9999173283576965
11396 33551663 0.9999174773693085
11397 33551667 0.999917596578598
11398 33551673 0.9999177753925323
11399 33551678 0.9999179244041443
11400 33551686 0.9999181628227234
11401 33551690 0.9999182820320129
11402 33551696 0.9999184608459473
11403 33551701 0.9999186098575592
11404 33551714 0.9999189972877502
11405 33551716 0.999919056892395
11406 33551721 0.999919205904007
11407 33551732 0.9999195337295532
11408 33551739 0.9999197423458099
11409 33551743 0.9999198615550995
11410 33551747 0.999919980764389
11411 33551752 0.999920129776001
11412 33551755 0.9999202191829681
11413 33551758 0.9999203085899353
11414 33551762 0.9999204277992249
11415 33551766 0.9999205470085144
11416 33551769 0.9999206364154816
11417 33551773 0.9999207556247711
11418 33551781 0.9999209940433502
11419 33551785 0.9999211132526398
11420 33551792 0.9999213218688965
11421 33551802 0.9999216198921204
11422 33551805 0.9999217092990875
11423 33551807 0.9999217689037323
11424 33551814 0.999921977519989
11425 33551821 0.9999221861362457
11426 33551825 0.9999223053455353
11427 33551835 0.9999226033687592
11428 33551836 0.9999226331710815
11429 33551841 0.9999227821826935
11430 33551848 0.9999229907989502
11431 33551859 0.9999233186244965
11432 33551862 0.9999234080314636
11433 33551869 0.9999236166477203
11434 33551875 0.9999237954616547
11435 33551879 0.9999239146709442
11436 33551883 0.9999240338802338
11437 33551889 0.9999242126941681
11438 33551890 0.9999242424964905
11439 33551893 0.9999243319034576
11440 33551897 0.9999244511127472
11441 33551904 0.9999246597290039
11442 33551905 0.9999246895313263
11443 33551908 0.9999247789382935
11444 33551914 0.9999249577522278
11445 33551915 0.9999249875545502
11447 33551926 0.9999253153800964
11448 33551931 0.9999254643917084
11449 33551934 0.9999255537986755
11450 33551942 0.9999257922172546
11451 33551948 0.999925971031189
11452 33551952 0.9999260902404785
11453 33551960 0.9999263286590576
11454 33551966 0.9999265074729919
11455 33551976 0.9999268054962158
11457 33551982 0.9999269843101501
11458 33551991 0.9999272525310516
11459 33551998 0.9999274611473083
11460 33552000 0.9999275207519531
11461 33552004 0.9999276399612427
11462 33552007 0.9999277293682098
11463 33552011 0.9999278485774994
11464 33552022 0.9999281764030457
11465 33552026 0.9999282956123352
11466 33552029 0.9999283850193024
11467 33552032 0.9999284744262695
11468 33552037 0.9999286234378815
11469 33552042 0.9999287724494934
11470 33552045 0.9999288618564606
11471 33552046 0.999928891658783
11472 33552052 0.9999290704727173
11473 33552055 0.9999291598796844
11474 33552061 0.9999293386936188
11475 33552067 0.9999295175075531
11476 33552072 0.999929666519165
11477 33552081 0.9999299347400665
11478 33552086 0.9999300837516785
11479 33552088 0.9999301433563232
11480 33552092 0.9999302625656128
11481 33552097 0.9999304115772247
11482 33552102 0.9999305605888367
11483 33552108 0.999930739402771
11484 33552111 0.9999308288097382
11485 33552116 0.9999309778213501
11486 33552119 0.9999310672283173
11487 33552120 0.9999310970306396
11488 33552124 0.9999312162399292
11489 33552127 0.9999313056468964
11490 33552128 0.9999313354492188
11491 33552130 0.9999313950538635
11492 33552135 0.9999315440654755
11493 33552138 0.9999316334724426
11494 33552142 0.9999317526817322
11495 33552147 0.9999319016933441
11496 33552149 0.9999319612979889
11497 33552150 0.9999319911003113
11498 33552154 0.9999321103096008
11499 33552157 0.999932199716568
11500 33552163 0.9999323785305023
11501 33552169 0.9999325573444366
11502 33552171 0.9999326169490814
11503 33552176 0.9999327659606934
11504 33552180 0.9999328851699829
11505 33552186 0.9999330639839172
11506 33552189 0.9999331533908844
11507 33552195 0.9999333322048187
11508 33552200 0.9999334812164307
11509 33552206 0.999933660030365
11510 33552212 0.9999338388442993
11511 33552217 0.9999339878559113
11512 33552218 0.9999340176582336
11513 33552229 0.9999343454837799
11514 33552233 0.9999344646930695
11515 33552238 0.9999346137046814
11516 33552240 0.9999346733093262
11517 33552243 0.9999347627162933
11518 33552250 0.99993497133255
11519 33552261 0.9999352991580963
11520 33552264 0.9999353885650635
11521 33552271 0.9999355971813202
11522 33552274 0.9999356865882874
11523 33552275 0.9999357163906097
11524 33552281 0.9999358952045441
11525 33552286 0.999936044216156
11526 33552291 0.9999361932277679
11527 33552293 0.9999362528324127
11528 33552299 0.999936431646347
11529 33552303 0.9999365508556366
11530 33552308 0.9999366998672485
11531 33552313 0.9999368488788605
11532 33552318 0.9999369978904724
11533 33552324 0.9999371767044067
11534 33552326 0.9999372363090515
11535 33552331 0.9999373853206635
11536 33552335 0.999937504529953
11537 33552339 0.9999376237392426
11538 33552343 0.9999377429485321
11539 33552347 0.9999378621578217
11541 33552351 0.9999379813671112
11542 33552355 0.9999381005764008
11543 33552359 0.9999382197856903
11544 33552363 0.9999383389949799
11545 33552367 0.9999384582042694
11546 33552369 0.9999385178089142
11547 33552371 0.999938577413559
11548 33552372 0.9999386072158813
11549 33552374 0.9999386668205261
11550 33552379 0.9999388158321381
11551 33552385 0.9999389946460724
11552 33552388 0.9999390840530396
11553 33552390 0.9999391436576843
11554 33552393 0.9999392330646515
11555 33552397 0.999939352273941
11557 33552399 0.9999394118785858
11558 33552404 0.9999395608901978
11559 33552407 0.9999396502971649
11560 33552409 0.9999397099018097
11561 33552411 0.9999397695064545
11562 33552418 0.9999399781227112
11563 33552420 0.999940037727356
11564 33552428 0.9999402761459351
11565 33552432 0.9999403953552246
11566 33552437 0.9999405443668365
11567 33552442 0.9999406933784485
11568 33552443 0.9999407231807709
11569 33552447 0.9999408423900604
11570 33552449 0.9999409019947052
11571 33552454 0.9999410510063171
11572 33552457 0.9999411404132843
11573 33552461 0.9999412596225739
11574 33552464 0.999941349029541
11575 33552466 0.9999414086341858
11576 33552470 0.9999415278434753
11577 33552471 0.9999415576457977
11578 33552476 0.9999417066574097
11579 33552481 0.9999418556690216
11580 33552483 0.9999419152736664
11581 33552486 0.9999420046806335
11582 33552490 0.9999421238899231
11583 33552495 0.999942272901535
11584 33552500 0.999942421913147
11585 33552502 0.9999424815177917
11586 33552504 0.9999425411224365
11587 33552509 0.9999426901340485
11588 33552512 0.9999427795410156
11589 33552513 0.999942809343338
11590 33552519 0.9999429881572723
11591 33552523 0.9999431073665619
11592 33552527 0.9999432265758514
11593 33552532 0.9999433755874634
11594 33552535 0.9999434649944305
11595 33552538 0.9999435544013977
11596 33552540 0.9999436140060425
11597 33552546 0.9999437928199768
11598 33552553 0.9999440014362335
11599 33552554 0.9999440312385559
11600 33552555 0.9999440610408783
11601 33552557 0.9999441206455231
11602 33552562 0.999944269657135
11603 33552563 0.9999442994594574
11604 33552566 0.9999443888664246
11605 33552568 0.9999444484710693
11606 33552569 0.9999444782733917
11607 33552574 0.9999446272850037
11608 33552580 0.999944806098938
11609 33552584 0.9999449253082275
11610 33552585 0.9999449551105499
11611 33552589 0.9999450743198395
11612 33552593 0.999945193529129
11613 33552596 0.9999452829360962
11614 33552599 0.9999453723430634
11615 33552602 0.9999454617500305
11616 33552605 0.9999455511569977
11617 33552607 0.9999456107616425
11618 33552611 0.999945729970932
11619 33552612 0.9999457597732544
11620 33552616 0.999945878982544
11622 33552618 0.9999459385871887
11623 33552620 0.9999459981918335
11624 33552622 0.9999460577964783
11625 33552624 0.999946117401123
11626 33552626 0.9999461770057678
11627 33552628 0.9999462366104126
11628 33552633 0.9999463856220245
11629 33552634 0.9999464154243469
11630 33552641 0.9999466240406036
11631 33552646 0.9999467730522156
11632 33552651 0.9999469220638275
11633 33552655 0.9999470412731171
11634 33552658 0.9999471306800842
11635 33552662 0.9999472498893738
11636 33552666 0.9999473690986633
11637 33552669 0.9999474585056305
11638 33552672 0.9999475479125977
11639 33552676 0.9999476671218872
11640 33552679 0.9999477565288544
11641 33552682 0.9999478459358215
11642 33552688 0.9999480247497559
11643 33552689 0.9999480545520782
11644 33552690 0.9999480843544006
11645 33552692 0.9999481439590454
11646 33552693 0.9999481737613678
11647 33552696 0.999948263168335
11648 33552698 0.9999483227729797
11649 33552702 0.9999484419822693
11650 33552705 0.9999485313892365
11651 33552707 0.9999485909938812
11652 33552710 0.9999486804008484
11653 33552715 0.9999488294124603
11654 33552720 0.9999489784240723
11655 33552722 0.999949038028717
11656 33552726 0.9999491572380066
11657 33552728 0.9999492168426514
11658 33552730 0.9999492764472961
11659 33552736 0.9999494552612305
11660 33552740 0.99994957447052
11661 33552746 0.9999497532844543
11662 33552751 0.9999499022960663
11663 33552755 0.9999500215053558
11664 33552758 0.999950110912323
11665 33552759 0.9999501407146454
11666 33552762 0.9999502301216125
11667 33552766 0.9999503493309021
11668 33552770 0.9999504685401917
11669 33552775 0.9999506175518036
11670 33552777 0.9999506771564484
11671 33552782 0.9999508261680603
11672 33552784 0.9999508857727051
11673 33552787 0.9999509751796722
11674 33552788 0.9999510049819946
11675 33552791 0.9999510943889618
11676 33552794 0.999951183795929
11677 33552797 0.9999512732028961
11678 33552801 0.9999513924121857
11679 33552803 0.9999514520168304
11680 33552804 0.9999514818191528
11681 33552806 0.9999515414237976
11682 33552811 0.9999516904354095
11683 33552813 0.9999517500400543
11684 33552817 0.9999518692493439
11686 33552819 0.9999519288539886
11687 33552824 0.9999520778656006
11688 33552825 0.999952107667923
11689 33552826 0.9999521374702454
11690 33552833 0.9999523460865021
11692 33552836 0.9999524354934692
11693 33552838 0.999952495098114
11694 33552840 0.9999525547027588
11695 33552844 0.9999526739120483
11696 33552847 0.9999527633190155
11697 33552848 0.9999527931213379
11698 33552849 0.9999528229236603
11699 33552855 0.9999530017375946
11700 33552856 0.999953031539917
11701 33552857 0.9999530613422394
11702 33552859 0.9999531209468842
11703 33552863 0.9999532401561737
11704 33552865 0.9999532997608185
11705 33552866 0.9999533295631409
11706 33552870 0.9999534487724304
11707 33552872 0.9999535083770752
11708 33552874 0.99995356798172
11709 33552878 0.9999536871910095
11710 33552884 0.9999538660049438
11711 33552887 0.999953955411911
11712 33552890 0.9999540448188782
11713 33552891 0.9999540746212006
11714 33552893 0.9999541342258453
11715 33552895 0.9999541938304901
11716 33552896 0.9999542236328125
11717 33552897 0.9999542534351349
11718 33552899 0.9999543130397797
11719 33552904 0.9999544620513916
11720 33552908 0.9999545812606812
11721 33552909 0.9999546110630035
11722 33552912 0.9999547004699707
11723 33552914 0.9999547600746155
11724 33552915 0.9999547898769379
11725 33552920 0.9999549388885498
11727 33552922 0.9999549984931946
11728 33552925 0.9999550879001617
11729 33552927 0.9999551475048065
11730 33552929 0.9999552071094513
11731 33552931 0.9999552667140961
11732 33552933 0.9999553263187408
11733 33552934 0.9999553561210632
11734 33552935 0.9999553859233856
11735 33552937 0.9999554455280304
11736 33552939 0.9999555051326752
11737 33552942 0.9999555945396423
11738 33552945 0.9999556839466095
11739 33552947 0.9999557435512543
11740 33552949 0.999955803155899
11741 33552951 0.9999558627605438
11742 33552953 0.9999559223651886
11743 33552955 0.9999559819698334
11744 33552963 0.9999562203884125
11746 33552967 0.999956339597702
11747 33552969 0.9999563992023468
11748 33552970 0.9999564290046692
11749 33552972 0.999956488609314
11750 33552975 0.9999565780162811
11751 33552979 0.9999566972255707
11752 33552986 0.9999569058418274
11753 33552987 0.9999569356441498
11754 33552992 0.9999570846557617
11755 33552994 0.9999571442604065
11756 33552997 0.9999572336673737
11757 33553000 0.9999573230743408
11758 33553005 0.9999574720859528
11760 33553007 0.9999575316905975
11761 33553008 0.9999575614929199
11762 33553012 0.9999576807022095
11764 33553018 0.9999578595161438
11765 33553022 0.9999579787254333
11766 33553023 0.9999580085277557
11767 33553027 0.9999581277370453
11768 33553031 0.9999582469463348
11769 33553035 0.9999583661556244
11770 33553037 0.9999584257602692
11771 33553040 0.9999585151672363
11772 33553046 0.9999586939811707
11774 33553050 0.9999588131904602
11775 33553052 0.999958872795105
11776 33553054 0.9999589323997498
11777 33553056 0.9999589920043945
11778 33553058 0.9999590516090393
11779 33553063 0.9999592006206512
11780 33553067 0.9999593198299408
11781 33553071 0.9999594390392303
11782 33553073 0.9999594986438751
11783 33553077 0.9999596178531647
11784 33553078 0.9999596476554871
11785 33553079 0.9999596774578094
11786 33553083 0.999959796667099
11787 33553087 0.9999599158763885
11788 33553091 0.9999600350856781
11789 33553092 0.9999600648880005
11791 33553097 0.9999602138996124
11792 33553099 0.9999602735042572
11794 33553100 0.9999603033065796
11796 33553104 0.9999604225158691
11797 33553109 0.9999605715274811
11798 33553110 0.9999606013298035
11799 33553111 0.9999606311321259
11800 33553115 0.9999607503414154
11802 33553117 0.9999608099460602
11803 33553119 0.999960869550705
11805 33553122 0.9999609589576721
11806 33553124 0.9999610185623169
11807 33553127 0.9999611079692841
11808 33553128 0.9999611377716064
11809 33553130 0.9999611973762512
11810 33553132 0.999961256980896
11811 33553133 0.9999612867832184
11812 33553135 0.9999613463878632
11813 33553138 0.9999614357948303
11814 33553141 0.9999615252017975
11815 33553143 0.9999615848064423
11816 33553146 0.9999616742134094
11817 33553151 0.9999618232250214
11818 33553153 0.9999618828296661
11819 33553154 0.9999619126319885
11821 33553156 0.9999619722366333
11822 33553158 0.9999620318412781
11823 33553162 0.9999621510505676
11824 33553164 0.9999622106552124
11825 33553165 0.9999622404575348
11826 33553168 0.999962329864502
11827 33553170 0.9999623894691467
11828 33553173 0.9999624788761139
11830 33553174 0.9999625086784363
11831 33553179 0.9999626576900482
11832 33553180 0.9999626874923706
11834 33553181 0.999962717294693
11835 33553182 0.9999627470970154
11836 33553183 0.9999627768993378
11837 33553184 0.9999628067016602
11838 33553188 0.9999629259109497
11839 33553191 0.9999630153179169
11841 33553195 0.9999631345272064
11844 33553197 0.9999631941318512
11845 33553200 0.9999632835388184
11846 33553202 0.9999633431434631
11847 33553204 0.9999634027481079
11848 33553206 0.9999634623527527
11849 33553209 0.9999635517597198
11850 33553212 0.999963641166687
11851 33553214 0.9999637007713318
11852 33553216 0.9999637603759766
11853 33553218 0.9999638199806213
11854 33553220 0.9999638795852661
11855 33553222 0.9999639391899109
11856 33553224 0.9999639987945557
11859 33553225 0.999964028596878
11860 33553226 0.9999640583992004
11861 33553228 0.9999641180038452
11863 33553229 0.9999641478061676
11864 33553232 0.9999642372131348
11865 33553236 0.9999643564224243
11866 33553239 0.9999644458293915
11867 33553241 0.9999645054340363
11868 33553244 0.9999645948410034
11869 33553245 0.9999646246433258
11871 33553247 0.9999646842479706
11872 33553249 0.9999647438526154
11873 33553251 0.9999648034572601
11874 33553254 0.9999648928642273
11875 33553256 0.9999649524688721
11876 33553257 0.9999649822711945
11877 33553259 0.9999650418758392
11878 33553262 0.9999651312828064
11879 33553265 0.9999652206897736
11880 33553268 0.9999653100967407
11881 33553270 0.9999653697013855
11883 33553271 0.9999653995037079
11884 33553272 0.9999654293060303
11885 33553274 0.999965488910675
11886 33553275 0.9999655187129974
11887 33553277 0.9999655783176422
11888 33553282 0.9999657273292542
11889 33553283 0.9999657571315765
11890 33553284 0.9999657869338989
11892 33553289 0.9999659359455109
11894 33553291 0.9999659955501556
11895 33553292 0.999966025352478
11896 33553293 0.9999660551548004
11897 33553296 0.9999661445617676
11898 33553297 0.99996617436409
11899 33553298 0.9999662041664124
11900 33553300 0.9999662637710571
11901 33553301 0.9999662935733795
11902 33553302 0.9999663233757019
11903 33553304 0.9999663829803467
11904 33553306 0.9999664425849915
11906 33553310 0.999966561794281
11907 33553311 0.9999665915966034
11908 33553313 0.9999666512012482
11909 33553315 0.9999667108058929
11910 33553316 0.9999667406082153
11911 33553317 0.9999667704105377
11913 33553320 0.9999668598175049
11914 33553321 0.9999668896198273
11915 33553323 0.999966949224472
11916 33553324 0.9999669790267944
11917 33553325 0.9999670088291168
11918 33553326 0.9999670386314392
11920 33553329 0.9999671280384064
11921 33553334 0.9999672770500183
11922 33553336 0.9999673366546631
11923 33553337 0.9999673664569855
11924 33553339 0.9999674260616302
11925 33553343 0.9999675452709198
11926 33553344 0.9999675750732422
11927 33553348 0.9999676942825317
11928 33553350 0.9999677538871765
11930 33553353 0.9999678432941437
11933 33553356 0.9999679327011108
11934 33553358 0.9999679923057556
11935 33553362 0.9999681115150452
11936 33553363 0.9999681413173676
11939 33553368 0.9999682903289795
11940 33553369 0.9999683201313019
11941 33553373 0.9999684393405914
11942 33553376 0.9999685287475586
11943 33553377 0.999968558549881
11944 33553378 0.9999685883522034
11945 33553379 0.9999686181545258
11946 33553381 0.9999686777591705
11947 33553383 0.9999687373638153
11948 33553387 0.9999688565731049
11949 33553390 0.999968945980072
11950 33553391 0.9999689757823944
11951 33553396 0.9999691247940063
11952 33553399 0.9999692142009735
11953 33553401 0.9999692738056183
11954 33553403 0.9999693334102631
11955 33553404 0.9999693632125854
11957 33553405 0.9999693930149078
11959 33553407 0.9999694526195526
11960 33553411 0.9999695718288422
11961 33553414 0.9999696612358093
11962 33553415 0.9999696910381317
11963 33553416 0.9999697208404541
11964 33553418 0.9999697804450989
11965 33553421 0.999969869852066
11966 33553422 0.9999698996543884
11967 33553423 0.9999699294567108
11969 33553425 0.9999699890613556
11970 33553426 0.999970018863678
11971 33553428 0.9999700784683228
11972 33553430 0.9999701380729675
11973 33553431 0.9999701678752899
11975 33553435 0.9999702870845795
11976 33553436 0.9999703168869019
11978 33553437 0.9999703466892242
11979 33553438 0.9999703764915466
11980 33553439 0.999970406293869
11981 33553440 0.9999704360961914
11982 33553442 0.9999704957008362
11983 33553443 0.9999705255031586
11984 33553444 0.999970555305481
11985 33553446 0.9999706149101257
11986 33553447 0.9999706447124481
11987 33553448 0.9999706745147705
11988 33553451 0.9999707639217377
11989 33553454 0.9999708533287048
11990 33553456 0.9999709129333496
11991 33553457 0.999970942735672
11995 33553460 0.9999710321426392
11996 33553463 0.9999711215496063
11997 33553464 0.9999711513519287
11998 33553465 0.9999711811542511
11999 33553467 0.9999712407588959
12001 33553468 0.9999712705612183
12002 33553469 0.9999713003635406
12003 33553472 0.9999713897705078
12004 33553474 0.9999714493751526
12005 33553476 0.9999715089797974
12006 33553477 0.9999715387821198
12007 33553479 0.9999715983867645
12008 33553480 0.9999716281890869
12010 33553481 0.9999716579914093
12012 33553482 0.9999716877937317
12013 33553484 0.9999717473983765
12014 33553486 0.9999718070030212
12015 33553487 0.9999718368053436
12016 33553488 0.999971866607666
12017 33553489 0.9999718964099884
12018 33553491 0.9999719560146332
12019 33553492 0.9999719858169556
12020 33553495 0.9999720752239227
12021 33553497 0.9999721348285675
12022 33553498 0.9999721646308899
12023 33553499 0.9999721944332123
12024 33553501 0.9999722540378571
12025 33553503 0.9999723136425018
12026 33553504 0.9999723434448242
12027 33553505 0.9999723732471466
12028 33553506 0.999972403049469
12029 33553508 0.9999724626541138
12030 33553509 0.9999724924564362
12032 33553512 0.9999725818634033
12033 33553513 0.9999726116657257
12034 33553514 0.9999726414680481
12035 33553519 0.99997279047966
12036 33553520 0.9999728202819824
12037 33553523 0.9999729096889496
12038 33553524 0.999972939491272
12039 33553525 0.9999729692935944
12040 33553526 0.9999729990959167
12041 33553528 0.9999730587005615
12042 33553530 0.9999731183052063
12044 33553531 0.9999731481075287
12046 33553536 0.9999732971191406
12048 33553537 0.999973326921463
12049 33553538 0.9999733567237854
12050 33553539 0.9999733865261078
12051 33553540 0.9999734163284302
12052 33553543 0.9999735057353973
12054 33553544 0.9999735355377197
12056 33553545 0.9999735653400421
12057 33553547 0.9999736249446869
12060 33553548 0.9999736547470093
12061 33553549 0.9999736845493317
12062 33553550 0.999973714351654
12063 33553551 0.9999737441539764
12064 33553552 0.9999737739562988
12065 33553553 0.9999738037586212
12066 33553555 0.999973863363266
12067 33553557 0.9999739229679108
12068 33553558 0.9999739527702332
12070 33553560 0.9999740123748779
12071 33553562 0.9999740719795227
12072 33553563 0.9999741017818451
12073 33553565 0.9999741613864899
12075 33553567 0.9999742209911346
12076 33553569 0.9999742805957794
12077 33553570 0.9999743103981018
12078 33553571 0.9999743402004242
12079 33553573 0.999974399805069
12080 33553575 0.9999744594097137
12081 33553576 0.9999744892120361
12082 33553579 0.9999745786190033
12083 33553580 0.9999746084213257
12084 33553581 0.9999746382236481
12085 33553585 0.9999747574329376
12087 33553588 0.9999748468399048
12088 33553596 0.9999750852584839
12089 33553598 0.9999751448631287
12091 33553599 0.999975174665451
12092 33553600 0.9999752044677734
12093 33553601 0.9999752342700958
12095 33553603 0.9999752938747406
12097 33553605 0.9999753534793854
12099 33553607 0.9999754130840302
12101 33553609 0.9999754726886749
12103 33553610 0.9999755024909973
12104 33553612 0.9999755620956421
12105 33553613 0.9999755918979645
12106 33553614 0.9999756217002869
12107 33553618 0.9999757409095764
12108 33553620 0.9999758005142212
12110 33553622 0.999975860118866
12112 33553624 0.9999759197235107
12113 33553627 0.9999760091304779
12115 33553629 0.9999760687351227
12117 33553630 0.9999760985374451
12119 33553632 0.9999761581420898
12120 33553633 0.9999761879444122
12121 33553635 0.999976247549057
12123 33553637 0.9999763071537018
12124 33553639 0.9999763667583466
12125 33553641 0.9999764263629913
12126 33553642 0.9999764561653137
12128 33553644 0.9999765157699585
12129 33553645 0.9999765455722809
12130 33553646 0.9999765753746033
12133 33553647 0.9999766051769257
12134 33553648 0.999976634979248
12135 33553649 0.9999766647815704
12136 33553650 0.9999766945838928
12137 33553651 0.9999767243862152
12138 33553652 0.9999767541885376
12139 33553653 0.99997678399086
12140 33553655 0.9999768435955048
12143 33553656 0.9999768733978271
12144 33553660 0.9999769926071167
12145 33553664 0.9999771118164062
12147 33553665 0.9999771416187286
12148 33553667 0.9999772012233734
12149 33553669 0.9999772608280182
12150 33553671 0.999977320432663
12154 33553673 0.9999773800373077
12155 33553675 0.9999774396419525
12156 33553677 0.9999774992465973
12157 33553680 0.9999775886535645
12158 33553681 0.9999776184558868
12159 33553683 0.9999776780605316
12162 33553684 0.999977707862854
12163 33553686 0.9999777674674988
12164 33553689 0.9999778568744659
12166 33553691 0.9999779164791107
12168 33553692 0.9999779462814331
12169 33553693 0.9999779760837555
12170 33553695 0.9999780356884003
12171 33553697 0.999978095293045
12172 33553698 0.9999781250953674
12176 33553699 0.9999781548976898
12177 33553701 0.9999782145023346
12178 33553704 0.9999783039093018
12179 33553705 0.9999783337116241
12180 33553706 0.9999783635139465
12181 33553707 0.9999783933162689
12183 33553710 0.9999784827232361
12186 33553711 0.9999785125255585
12188 33553712 0.9999785423278809
12189 33553713 0.9999785721302032
12190 33553714 0.9999786019325256
12191 33553715 0.999978631734848
12192 33553718 0.9999787211418152
12193 33553720 0.99997878074646
12194 33553721 0.9999788105487823
12195 33553723 0.9999788701534271
12196 33553726 0.9999789595603943
12197 33553727 0.9999789893627167
12198 33553728 0.9999790191650391
12199 33553731 0.9999791085720062
12201 33553734 0.9999791979789734
12202 33553735 0.9999792277812958
12203 33553736 0.9999792575836182
12204 33553737 0.9999792873859406
12205 33553738 0.9999793171882629
12206 33553739 0.9999793469905853
12207 33553740 0.9999793767929077
12209 33553743 0.9999794661998749
12210 33553745 0.9999795258045197
12211 33553746 0.999979555606842
12213 33553747 0.9999795854091644
12214 33553748 0.9999796152114868
12216 33553749 0.9999796450138092
12217 33553752 0.9999797344207764
12219 33553754 0.9999797940254211
12220 33553755 0.9999798238277435
12223 33553757 0.9999798834323883
12224 33553760 0.9999799728393555
12225 33553761 0.9999800026416779
12226 33553762 0.9999800324440002
12227 33553765 0.9999801218509674
12228 33553766 0.9999801516532898
12229 33553767 0.9999801814556122
12230 33553769 0.999980241060257
12231 33553772 0.9999803304672241
12234 33553775 0.9999804198741913
12235 33553777 0.9999804794788361
12238 33553778 0.9999805092811584
12239 33553781 0.9999805986881256
12241 33553784 0.9999806880950928
12242 33553786 0.9999807476997375
12243 33553787 0.9999807775020599
12245 33553788 0.9999808073043823
12246 33553789 0.9999808371067047
12248 33553790 0.9999808669090271
12249 33553793 0.9999809563159943
12252 33553795 0.999981015920639
12254 33553796 0.9999810457229614
12255 33553798 0.9999811053276062
12256 33553799 0.9999811351299286
12259 33553800 0.999981164932251
12261 33553801 0.9999811947345734
12263 33553802 0.9999812245368958
12267 33553803 0.9999812543392181
12268 33553804 0.9999812841415405
12269 33553806 0.9999813437461853
12270 33553808 0.9999814033508301
12271 33553810 0.9999814629554749
12272 33553812 0.9999815225601196
12273 33553813 0.999981552362442
12274 33553814 0.9999815821647644
12275 33553816 0.9999816417694092
12276 33553817 0.9999816715717316
12277 33553819 0.9999817311763763
12278 33553821 0.9999817907810211
12279 33553822 0.9999818205833435
12282 33553823 0.9999818503856659
12283 33553824 0.9999818801879883
12286 33553826 0.9999819397926331
12287 33553830 0.9999820590019226
12289 33553832 0.9999821186065674
12295 33553833 0.9999821484088898
12297 33553834 0.9999821782112122
12298 33553835 0.9999822080135345
12299 33553836 0.9999822378158569
12300 33553837 0.9999822676181793
12302 33553838 0.9999822974205017
12304 33553840 0.9999823570251465
12305 33553841 0.9999823868274689
12307 33553844 0.999982476234436
12311 33553845 0.9999825060367584
12314 33553846 0.9999825358390808
12315 33553848 0.9999825954437256
12316 33553850 0.9999826550483704
12317 33553853 0.9999827444553375
12318 33553854 0.9999827742576599
12319 33553855 0.9999828040599823
12320 33553857 0.9999828636646271
12321 33553858 0.9999828934669495
12322 33553859 0.9999829232692719
12324 33553860 0.9999829530715942
12325 33553864 0.9999830722808838
12326 33553865 0.9999831020832062
12327 33553868 0.9999831914901733
12328 33553869 0.9999832212924957
12329 33553870 0.9999832510948181
12333 33553871 0.9999832808971405
12334 33553874 0.9999833703041077
12336 33553876 0.9999834299087524
12337 33553879 0.9999835193157196
12339 33553881 0.9999835789203644
12342 33553883 0.9999836385250092
12344 33553884 0.9999836683273315
12345 33553887 0.9999837577342987
12347 33553889 0.9999838173389435
12348 33553892 0.9999839067459106
12349 33553893 0.999983936548233
12350 33553895 0.9999839961528778
12352 33553896 0.9999840259552002
12354 33553898 0.999984085559845
12355 33553899 0.9999841153621674
12356 33553900 0.9999841451644897
12357 33553901 0.9999841749668121
12360 33553902 0.9999842047691345
12362 33553903 0.9999842345714569
12365 33553904 0.9999842643737793
12369 33553905 0.9999842941761017
12371 33553906 0.9999843239784241
12372 33553907 0.9999843537807465
12373 33553910 0.9999844431877136
12374 33553911 0.999984472990036
12377 33553912 0.9999845027923584
12378 33553914 0.9999845623970032
12379 33553915 0.9999845921993256
12380 33553917 0.9999846518039703
12381 33553919 0.9999847114086151
12385 33553920 0.9999847412109375
12386 33553921 0.9999847710132599
12387 33553924 0.999984860420227
12390 33553926 0.9999849200248718
12391 33553927 0.9999849498271942
12392 33553928 0.9999849796295166
12394 33553929 0.999985009431839
12395 33553931 0.9999850690364838
12396 33553933 0.9999851286411285
12399 33553936 0.9999852180480957
12401 33553937 0.9999852478504181
12402 33553939 0.9999853074550629
12403 33553940 0.9999853372573853
12404 33553941 0.9999853670597076
12406 33553944 0.9999854564666748
12407 33553945 0.9999854862689972
12408 33553946 0.9999855160713196
12409 33553947 0.999985545873642
12412 33553948 0.9999855756759644
12413 33553950 0.9999856352806091
12415 33553951 0.9999856650829315
12417 33553953 0.9999857246875763
12418 33553955 0.9999857842922211
12419 33553956 0.9999858140945435
12421 33553958 0.9999858736991882
12422 33553959 0.9999859035015106
12423 33553960 0.999985933303833
12428 33553961 0.9999859631061554
12429 33553962 0.9999859929084778
12430 33553963 0.9999860227108002
12431 33553964 0.9999860525131226
12432 33553965 0.999986082315445
12434 33553967 0.9999861419200897
12437 33553969 0.9999862015247345
12438 33553970 0.9999862313270569
12441 33553971 0.9999862611293793
12442 33553973 0.999986320734024
12443 33553975 0.9999863803386688
12444 33553976 0.9999864101409912
12445 33553977 0.9999864399433136
12448 33553978 0.999986469745636
12450 33553979 0.9999864995479584
12456 33553981 0.9999865591526031
12457 33553983 0.9999866187572479
12459 33553984 0.9999866485595703
12461 33553986 0.9999867081642151
12467 33553987 0.9999867379665375
12469 33553988 0.9999867677688599
12470 33553989 0.9999867975711823
12472 33553991 0.999986857175827
12473 33553992 0.9999868869781494
12474 33553993 0.9999869167804718
12475 33553994 0.9999869465827942
12479 33553995 0.9999869763851166
12480 33553996 0.999987006187439
12481 33553997 0.9999870359897614
12484 33553999 0.9999870955944061
12486 33554000 0.9999871253967285
12487 33554001 0.9999871551990509
12488 33554002 0.9999871850013733
12489 33554004 0.9999872446060181
12491 33554005 0.9999872744083405
12493 33554006 0.9999873042106628
12495 33554007 0.9999873340129852
12496 33554008 0.9999873638153076
12497 33554009 0.99998739361763
12500 33554010 0.9999874234199524
12501 33554011 0.9999874532222748
12503 33554012 0.9999874830245972
12504 33554013 0.9999875128269196
12508 33554017 0.9999876320362091
12510 33554020 0.9999877214431763
12511 33554021 0.9999877512454987
12514 33554023 0.9999878108501434
12516 33554024 0.9999878406524658
12519 33554025 0.9999878704547882
12520 33554026 0.9999879002571106
12521 33554027 0.999987930059433
12525 33554028 0.9999879598617554
12534 33554029 0.9999879896640778
12536 33554030 0.9999880194664001
12542 33554033 0.9999881088733673
12546 33554034 0.9999881386756897
12547 33554036 0.9999881982803345
12549 33554037 0.9999882280826569
12550 33554038 0.9999882578849792
12551 33554039 0.9999882876873016
12552 33554041 0.9999883472919464
12558 33554042 0.9999883770942688
12560 33554043 0.9999884068965912
12564 33554044 0.9999884366989136
12565 33554047 0.9999885261058807
12566 33554048 0.9999885559082031
12568 33554049 0.9999885857105255
12569 33554052 0.9999886751174927
12571 33554053 0.9999887049198151
12575 33554054 0.9999887347221375
12577 33554056 0.9999887943267822
12578 33554057 0.9999888241291046
12584 33554058 0.999988853931427
12587 33554060 0.9999889135360718
12594 33554061 0.9999889433383942
12603 33554062 0.9999889731407166
12606 33554064 0.9999890327453613
12607 33554065 0.9999890625476837
12612 33554066 0.9999890923500061
12615 33554067 0.9999891221523285
12616 33554069 0.9999891817569733
12618 33554070 0.9999892115592957
12619 33554072 0.9999892711639404
12620 33554074 0.9999893307685852
12621 33554075 0.9999893605709076
12623 33554076 0.99998939037323
12624 33554078 0.9999894499778748
12625 33554079 0.9999894797801971
12626 33554080 0.9999895095825195
12628 33554081 0.9999895393848419
12629 33554082 0.9999895691871643
12635 33554084 0.9999896287918091
12638 33554085 0.9999896585941315
12646 33554086 0.9999896883964539
12653 33554087 0.9999897181987762
12656 33554088 0.9999897480010986
12658 33554089 0.999989777803421
12664 33554090 0.9999898076057434
12667 33554091 0.9999898374080658
12672 33554092 0.9999898672103882
12677 33554093 0.9999898970127106
12680 33554094 0.999989926815033
12681 33554096 0.9999899864196777
12682 33554098 0.9999900460243225
12693 33554099 0.9999900758266449
12694 33554100 0.9999901056289673
12695 33554101 0.9999901354312897
12697 33554102 0.9999901652336121
12698 33554103 0.9999901950359344
12699 33554104 0.9999902248382568
12703 33554105 0.9999902546405792
12705 33554106 0.9999902844429016
12706 33554107 0.999990314245224
12712 33554109 0.9999903738498688
12713 33554110 0.9999904036521912
12715 33554114 0.9999905228614807
12716 33554115 0.9999905526638031
12720 33554116 0.9999905824661255
12724 33554117 0.9999906122684479
12727 33554119 0.9999906718730927
12728 33554120 0.999990701675415
12729 33554122 0.9999907612800598
12731 33554123 0.9999907910823822
12732 33554124 0.9999908208847046
12734 33554126 0.9999908804893494
12736 33554127 0.9999909102916718
12737 33554129 0.9999909698963165
12740 33554130 0.9999909996986389
12743 33554132 0.9999910593032837
12744 33554133 0.9999910891056061
12750 33554135 0.9999911487102509
12752 33554136 0.9999911785125732
12762 33554137 0.9999912083148956
12764 33554138 0.999991238117218
12770 33554140 0.9999912977218628
12771 33554142 0.9999913573265076
12772 33554143 0.99999138712883
12782 33554144 0.9999914169311523
12787 33554145 0.9999914467334747
12792 33554146 0.9999914765357971
12795 33554147 0.9999915063381195
12796 33554148 0.9999915361404419
12799 33554150 0.9999915957450867
12801 33554151 0.9999916255474091
12804 33554152 0.9999916553497314
12806 33554153 0.9999916851520538
12810 33554154 0.9999917149543762
12812 33554155 0.9999917447566986
12817 33554156 0.999991774559021
12821 33554158 0.9999918341636658
12822 33554159 0.9999918639659882
12827 33554160 0.9999918937683105
12830 33554161 0.9999919235706329
12831 33554162 0.9999919533729553
12833 33554163 0.9999919831752777
12837 33554164 0.9999920129776001
12839 33554165 0.9999920427799225
12845 33554166 0.9999920725822449
12854 33554167 0.9999921023845673
12856 33554169 0.999992161989212
12859 33554170 0.9999921917915344
12864 33554171 0.9999922215938568
12869 33554172 0.9999922513961792
12877 33554173 0.9999922811985016
12878 33554174 0.999992311000824
12890 33554176 0.9999923706054688
12892 33554177 0.9999924004077911
12906 33554178 0.9999924302101135
12907 33554179 0.9999924600124359
12912 33554180 0.9999924898147583
12917 33554181 0.9999925196170807
12918 33554182 0.9999925494194031
12921 33554183 0.9999925792217255
12923 33554184 0.9999926090240479
12925 33554185 0.9999926388263702
12931 33554186 0.9999926686286926
12936 33554187 0.999992698431015
12941 33554188 0.9999927282333374
12943 33554189 0.9999927580356598
12950 33554190 0.9999927878379822
12951 33554191 0.9999928176403046
12956 33554192 0.999992847442627
12962 33554193 0.9999928772449493
12966 33554194 0.9999929070472717
12967 33554196 0.9999929666519165
12973 33554197 0.9999929964542389
12974 33554198 0.9999930262565613
12976 33554199 0.9999930560588837
12978 33554200 0.999993085861206
12984 33554201 0.9999931156635284
12997 33554202 0.9999931454658508
13013 33554203 0.9999931752681732
13014 33554204 0.9999932050704956
13015 33554205 0.999993234872818
13024 33554206 0.9999932646751404
13039 33554207 0.9999932944774628
13050 33554208 0.9999933242797852
13060 33554209 0.9999933540821075
13062 33554210 0.9999933838844299
13068 33554211 0.9999934136867523
13073 33554212 0.9999934434890747
13091 33554213 0.9999934732913971
13093 33554214 0.9999935030937195
13096 33554216 0.9999935626983643
13115 33554217 0.9999935925006866
13125 33554218 0.999993622303009
13127 33554219 0.9999936521053314
13132 33554220 0.9999936819076538
13135 33554221 0.9999937117099762
13137 33554222 0.9999937415122986
13146 33554223 0.999993771314621
13152 33554224 0.9999938011169434
13171 33554225 0.9999938309192657
13185 33554226 0.9999938607215881
13210 33554227 0.9999938905239105
13232 33554228 0.9999939203262329
13238 33554229 0.9999939501285553
13271 33554230 0.9999939799308777
13279 33554231 0.9999940097332001
13282 33554232 0.9999940395355225
13291 33554233 0.9999940693378448
13292 33554234 0.9999940991401672
13295 33554235 0.9999941289424896
13300 33554236 0.999994158744812
13309 33554237 0.9999941885471344
13311 33554238 0.9999942183494568
13324 33554239 0.9999942481517792
13328 33554240 0.9999942779541016
13332 33554241 0.999994307756424
13357 33554242 0.9999943375587463
13367 33554243 0.9999943673610687
13371 33554244 0.9999943971633911
13377 33554245 0.9999944269657135
13384 33554246 0.9999944567680359
13387 33554247 0.9999944865703583
13402 33554248 0.9999945163726807
13423 33554249 0.999994546175003
13428 33554250 0.9999945759773254
13443 33554251 0.9999946057796478
13444 33554252 0.9999946355819702
13454 33554253 0.9999946653842926
13460 33554254 0.999994695186615
13463 33554255 0.9999947249889374
13465 33554256 0.9999947547912598
13485 33554257 0.9999947845935822
13496 33554258 0.9999948143959045
13498 33554259 0.9999948441982269
13528 33554260 0.9999948740005493
13530 33554261 0.9999949038028717
13589 33554262 0.9999949336051941
13602 33554263 0.9999949634075165
13613 33554264 0.9999949932098389
13619 33554265 0.9999950230121613
13621 33554266 0.9999950528144836
13624 33554267 0.999995082616806
13682 33554268 0.9999951124191284
13686 33554269 0.9999951422214508
13689 33554270 0.9999951720237732
13692 33554271 0.9999952018260956
13693 33554272 0.999995231628418
13714 33554273 0.9999952614307404
13727 33554274 0.9999952912330627
13753 33554275 0.9999953210353851
13758 33554276 0.9999953508377075
13807 33554277 0.9999953806400299
13812 33554278 0.9999954104423523
13821 33554279 0.9999954402446747
13826 33554280 0.9999954700469971
13829 33554281 0.9999954998493195
13831 33554282 0.9999955296516418
13866 33554283 0.9999955594539642
13906 33554284 0.9999955892562866
13924 33554285 0.999995619058609
13949 33554286 0.9999956488609314
14034 33554287 0.9999956786632538
14051 33554288 0.9999957084655762
14054 33554289 0.9999957382678986
14064 33554290 0.999995768070221
14116 33554291 0.9999957978725433
14196 33554294 0.9999958872795105
14308 33554295 0.9999959170818329
14382 33554297 0.9999959766864777
14410 33554298 0.9999960064888
14432 33554299 0.9999960362911224
14477 33554300 0.9999960660934448
14492 33554301 0.9999960958957672
14525 33554302 0.9999961256980896
14529 33554303 0.999996155500412
14577 33554304 0.9999961853027344
14583 33554305 0.9999962151050568
14630 33554306 0.9999962449073792
14634 33554307 0.9999962747097015
14683 33554308 0.9999963045120239
14700 33554309 0.9999963343143463
14719 33554310 0.9999963641166687
14776 33554312 0.9999964237213135
14796 33554313 0.9999964535236359
14865 33554314 0.9999964833259583
14975 33554315 0.9999965131282806
15017 33554316 0.999996542930603
15030 33554317 0.9999965727329254
15032 33554318 0.9999966025352478
15046 33554319 0.9999966323375702
15051 33554320 0.9999966621398926
15089 33554321 0.999996691942215
15101 33554322 0.9999967217445374
15198 33554323 0.9999967515468597
15332 33554324 0.9999967813491821
15470 33554325 0.9999968111515045
15481 33554326 0.9999968409538269
15485 33554327 0.9999968707561493
15542 33554328 0.9999969005584717
15555 33554329 0.9999969303607941
15557 33554330 0.9999969601631165
15847 33554331 0.9999969899654388
15856 33554332 0.9999970197677612
15890 33554333 0.9999970495700836
15943 33554334 0.999997079372406
15977 33554335 0.9999971091747284
15993 33554336 0.9999971389770508
16143 33554337 0.9999971687793732
16233 33554338 0.9999971985816956
16252 33554339 0.9999972283840179
16337 33554340 0.9999972581863403
16389 33554341 0.9999972879886627
16510 33554342 0.9999973177909851
16542 33554343 0.9999973475933075
16608 33554344 0.9999973773956299
16691 33554345 0.9999974071979523
16752 33554346 0.9999974370002747
16831 33554347 0.999997466802597
16861 33554348 0.9999974966049194
16876 33554349 0.9999975264072418
17011 33554350 0.9999975562095642
17064 33554351 0.9999975860118866
17065 33554352 0.999997615814209
17070 33554353 0.9999976456165314
17083 33554354 0.9999976754188538
17455 33554355 0.9999977052211761
17560 33554356 0.9999977350234985
17605 33554357 0.9999977648258209
17745 33554358 0.9999977946281433
17753 33554359 0.9999978244304657
17890 33554360 0.9999978542327881
17895 33554361 0.9999978840351105
17915 33554362 0.9999979138374329
17949 33554363 0.9999979436397552
18045 33554364 0.9999979734420776
18275 33554365 0.9999980032444
18300 33554366 0.9999980330467224
18353 33554367 0.9999980628490448
18393 33554368 0.9999980926513672
18608 33554369 0.9999981224536896
18900 33554370 0.999998152256012
18930 33554371 0.9999981820583344
18978 33554372 0.9999982118606567
19341 33554373 0.9999982416629791
19435 33554374 0.9999982714653015
19445 33554375 0.9999983012676239
19473 33554376 0.9999983310699463
19581 33554377 0.9999983608722687
19668 33554378 0.9999983906745911
19832 33554379 0.9999984204769135
19861 33554380 0.9999984502792358
19862 33554381 0.9999984800815582
20230 33554382 0.9999985098838806
20519 33554383 0.999998539686203
20568 33554384 0.9999985694885254
20711 33554385 0.9999985992908478
20734 33554386 0.9999986290931702
21180 33554387 0.9999986588954926
21197 33554388 0.9999986886978149
21270 33554389 0.9999987185001373
21287 33554390 0.9999987483024597
21295 33554391 0.9999987781047821
21334 33554392 0.9999988079071045
21361 33554393 0.9999988377094269
21526 33554394 0.9999988675117493
22457 33554395 0.9999988973140717
22528 33554396 0.999998927116394
23249 33554398 0.9999989867210388
23374 33554399 0.9999990165233612
23507 33554400 0.9999990463256836
23508 33554401 0.999999076128006
23721 33554402 0.9999991059303284
23871 33554403 0.9999991357326508
24489 33554404 0.9999991655349731
24779 33554405 0.9999991953372955
25428 33554406 0.9999992251396179
25457 33554407 0.9999992549419403
25543 33554408 0.9999992847442627
25832 33554409 0.9999993145465851
26859 33554410 0.9999993443489075
27006 33554411 0.9999993741512299
27140 33554412 0.9999994039535522
27293 33554413 0.9999994337558746
28177 33554414 0.999999463558197
32545 33554415 0.9999994933605194
32632 33554416 0.9999995231628418
38733 33554417 0.9999995529651642
41470 33554418 0.9999995827674866
44142 33554419 0.999999612569809
44885 33554420 0.9999996423721313
62105 33554421 0.9999996721744537
74141 33554422 0.9999997019767761
77185 33554423 0.9999997317790985
92734 33554424 0.9999997615814209
93203 33554425 0.9999997913837433
103990 33554426 0.9999998211860657
113025 33554427 0.9999998509883881
215558 33554428 0.9999998807907104
269800 33554429 0.9999999105930328
448132 33554430 0.9999999403953552
559774 33554431 0.9999999701976776
586801 33554432 1.0
