6025 1 2.9802322387695312e-08
6042 3 8.940696716308594e-08
6055 4 1.1920928955078125e-07
6058 5 1.4901161193847656e-07
6060 6 1.7881393432617188e-07
6061 7 2.086162567138672e-07
6064 8 2.384185791015625e-07
6066 9 2.682209014892578e-07
6067 10 2.980232238769531e-07
6069 11 3.2782554626464844e-07
6071 12 3.5762786865234375e-07
6072 13 3.8743019104003906e-07
6073 14 4.172325134277344e-07
6074 15 4.470348358154297e-07
6075 17 5.066394805908203e-07
6078 19 5.662441253662109e-07
6080 21 6.258487701416016e-07
6083 22 6.556510925292969e-07
6084 24 7.152557373046875e-07
6085 27 8.046627044677734e-07
6086 29 8.642673492431641e-07
6087 30 8.940696716308594e-07
6088 32 9.5367431640625e-07
6089 35 1.043081283569336e-06
6090 37 1.1026859283447266e-06
6091 39 1.1622905731201172e-06
6092 44 1.3113021850585938e-06
6093 45 1.341104507446289e-06
6094 47 1.4007091522216797e-06
6095 48 1.430511474609375e-06
6096 51 1.519918441772461e-06
6097 53 1.5795230865478516e-06
6098 57 1.6987323760986328e-06
6099 63 1.8775463104248047e-06
6100 69 2.0563602447509766e-06
6101 71 2.115964889526367e-06
6102 73 2.175569534301758e-06
6103 75 2.2351741790771484e-06
6104 76 2.2649765014648438e-06
6105 79 2.3543834686279297e-06
6106 85 2.5331974029541016e-06
6107 88 2.6226043701171875e-06
6108 92 2.7418136596679688e-06
6109 94 2.8014183044433594e-06
6110 99 2.950429916381836e-06
6111 103 3.069639205932617e-06
6112 109 3.248453140258789e-06
6113 115 3.427267074584961e-06
6114 120 3.5762786865234375e-06
6115 122 3.635883331298828e-06
6116 127 3.7848949432373047e-06
6117 132 3.933906555175781e-06
6118 139 4.1425228118896484e-06
6119 144 4.291534423828125e-06
6120 152 4.5299530029296875e-06
6121 161 4.798173904418945e-06
6122 166 4.947185516357422e-06
6123 169 5.036592483520508e-06
6124 177 5.27501106262207e-06
6125 184 5.4836273193359375e-06
6126 196 5.841255187988281e-06
6127 201 5.990266799926758e-06
6128 210 6.258487701416016e-06
6129 215 6.407499313354492e-06
6130 219 6.5267086029052734e-06
6131 223 6.645917892456055e-06
6132 227 6.765127182006836e-06
6133 234 6.973743438720703e-06
6134 242 7.212162017822266e-06
6135 251 7.4803829193115234e-06
6136 261 7.778406143188477e-06
6137 271 8.07642936706543e-06
6138 281 8.374452590942383e-06
6139 288 8.58306884765625e-06
6140 298 8.881092071533203e-06
6141 312 9.298324584960938e-06
6142 321 9.566545486450195e-06
6143 333 9.924173355102539e-06
6144 350 1.043081283569336e-05
6145 365 1.0877847671508789e-05
6146 379 1.1295080184936523e-05
6147 390 1.1622905731201172e-05
6148 401 1.195073127746582e-05
6149 414 1.233816146850586e-05
6150 428 1.2755393981933594e-05
6151 445 1.3262033462524414e-05
6152 460 1.3709068298339844e-05
6153 478 1.424551010131836e-05
6154 490 1.4603137969970703e-05
6155 506 1.5079975128173828e-05
6156 522 1.5556812286376953e-05
6157 537 1.6003847122192383e-05
6158 558 1.6629695892333984e-05
6159 575 1.7136335372924805e-05
6160 598 1.7821788787841797e-05
6161 605 1.8030405044555664e-05
6162 620 1.8477439880371094e-05
6163 652 1.9431114196777344e-05
6164 663 1.9758939743041992e-05
6165 686 2.0444393157958984e-05
6166 709 2.1129846572875977e-05
6167 733 2.1845102310180664e-05
6168 758 2.2590160369873047e-05
6169 789 2.35140323638916e-05
6170 821 2.446770668029785e-05
6171 861 2.5659799575805664e-05
6172 894 2.664327621459961e-05
6173 921 2.7447938919067383e-05
6174 960 2.86102294921875e-05
6175 989 2.9474496841430664e-05
6176 1017 3.0308961868286133e-05
6177 1045 3.11434268951416e-05
6178 1081 3.221631050109863e-05
6179 1107 3.299117088317871e-05
6180 1151 3.4302473068237305e-05
6181 1188 3.540515899658203e-05
6182 1223 3.644824028015137e-05
6183 1268 3.7789344787597656e-05
6184 1310 3.904104232788086e-05
6185 1340 3.993511199951172e-05
6186 1387 4.13358211517334e-05
6187 1428 4.2557716369628906e-05
6188 1478 4.404783248901367e-05
6189 1529 4.556775093078613e-05
6190 1584 4.7206878662109375e-05
6191 1623 4.836916923522949e-05
6192 1667 4.9680471420288086e-05
6193 1717 5.117058753967285e-05
6194 1769 5.272030830383301e-05
6195 1824 5.435943603515625e-05
6196 1873 5.581974983215332e-05
6197 1942 5.78761100769043e-05
6198 2005 5.97536563873291e-05
6199 2071 6.172060966491699e-05
6200 2143 6.386637687683105e-05
6201 2208 6.580352783203125e-05
6202 2285 6.809830665588379e-05
6203 2356 7.021427154541016e-05
6204 2415 7.197260856628418e-05
6205 2495 7.43567943572998e-05
6206 2573 7.668137550354004e-05
6207 2652 7.903575897216797e-05
6208 2736 8.153915405273438e-05
6209 2826 8.422136306762695e-05
6210 2931 8.735060691833496e-05
6211 3018 8.994340896606445e-05
6212 3120 9.298324584960938e-05
6213 3204 9.548664093017578e-05
6214 3320 9.894371032714844e-05
6215 3439 0.00010249018669128418
6216 3543 0.00010558962821960449
6217 3664 0.00010919570922851562
6218 3776 0.0001125335693359375
6219 3883 0.0001157224178314209
6220 4025 0.00011995434761047363
6221 4139 0.0001233518123626709
6222 4260 0.00012695789337158203
6223 4386 0.00013071298599243164
6224 4541 0.00013533234596252441
6225 4676 0.00013935565948486328
6226 4845 0.0001443922519683838
6227 5020 0.00014960765838623047
6228 5172 0.00015413761138916016
6229 5335 0.0001589953899383545
6230 5525 0.0001646578311920166
6231 5696 0.0001697540283203125
6232 5842 0.00017410516738891602
6233 6014 0.0001792311668395996
6234 6194 0.00018459558486938477
6235 6382 0.00019019842147827148
6236 6559 0.00019547343254089355
6237 6772 0.00020182132720947266
6238 7025 0.00020936131477355957
6239 7215 0.00021502375602722168
6240 7434 0.00022155046463012695
6241 7676 0.00022876262664794922
6242 7899 0.00023540854454040527
6243 8119 0.00024196505546569824
6244 8381 0.0002497732639312744
6245 8608 0.00025653839111328125
6246 8864 0.00026416778564453125
6247 9144 0.00027251243591308594
6248 9389 0.0002798140048980713
6249 9659 0.000287860631942749
6250 9935 0.00029608607292175293
6251 10220 0.0003045797348022461
6252 10495 0.0003127753734588623
6253 10767 0.00032088160514831543
6254 11108 0.00033104419708251953
6255 11431 0.0003406703472137451
6256 11729 0.0003495514392852783
6257 12062 0.00035947561264038086
6258 12380 0.00036895275115966797
6259 12668 0.0003775358200073242
6260 13010 0.000387728214263916
6261 13391 0.00039908289909362793
6262 13718 0.0004088282585144043
6263 14050 0.00041872262954711914
6264 14440 0.0004303455352783203
6265 14780 0.0004404783248901367
6266 15152 0.0004515647888183594
6267 15509 0.0004622042179107666
6268 15918 0.000474393367767334
6269 16307 0.00048598647117614746
6270 16707 0.0004979074001312256
6271 17141 0.0005108416080474854
6272 17566 0.0005235075950622559
6273 17944 0.0005347728729248047
6274 18414 0.0005487799644470215
6275 18860 0.0005620718002319336
6276 19260 0.0005739927291870117
6277 19749 0.0005885660648345947
6278 20208 0.0006022453308105469
6279 20621 0.000614553689956665
6280 21080 0.0006282329559326172
6281 21651 0.0006452500820159912
6282 22096 0.0006585121154785156
6283 22569 0.0006726086139678955
6284 23157 0.0006901323795318604
6285 23639 0.0007044970989227295
6286 24175 0.0007204711437225342
6287 24663 0.0007350146770477295
6288 25200 0.0007510185241699219
6289 25699 0.0007658898830413818
6290 26231 0.0007817447185516357
6291 26838 0.0007998347282409668
6292 27385 0.0008161365985870361
6293 27922 0.0008321404457092285
6294 28532 0.0008503198623657227
6295 29161 0.000869065523147583
6296 29691 0.0008848607540130615
6297 30260 0.0009018182754516602
6298 30917 0.000921398401260376
6299 31473 0.0009379684925079346
6300 32069 0.000955730676651001
6301 32734 0.0009755492210388184
6302 33323 0.000993102788925171
6303 33919 0.0010108649730682373
6304 34596 0.001031041145324707
6305 35212 0.0010493993759155273
6306 35810 0.0010672211647033691
6307 36399 0.0010847747325897217
6308 37063 0.0011045634746551514
6309 37672 0.0011227130889892578
6310 38278 0.0011407732963562012
6311 38962 0.0011611580848693848
6312 39654 0.00118178129196167
6313 40291 0.0012007653713226318
6314 40939 0.0012200772762298584
6315 41648 0.0012412071228027344
6316 42275 0.0012598931789398193
6317 42887 0.0012781322002410889
6318 43662 0.0013012290000915527
6319 44270 0.0013193488121032715
6320 44953 0.0013397037982940674
6321 45710 0.0013622641563415527
6322 46384 0.0013823509216308594
6323 47045 0.001402050256729126
6324 47758 0.0014232993125915527
6325 48470 0.0014445185661315918
6326 49156 0.0014649629592895508
6327 49824 0.0014848709106445312
6328 50580 0.001507401466369629
6329 51247 0.0015272796154022217
6330 51867 0.0015457570552825928
6331 52561 0.0015664398670196533
6332 53298 0.0015884041786193848
6333 53943 0.0016076266765594482
6334 54602 0.0016272664070129395
6335 55451 0.0016525685787200928
6336 56126 0.0016726851463317871
6337 56798 0.0016927123069763184
6338 57637 0.0017177164554595947
6339 58329 0.0017383396625518799
6340 58968 0.0017573833465576172
6341 59768 0.0017812252044677734
6342 60482 0.0018025040626525879
6343 61159 0.0018226802349090576
6344 61869 0.0018438398838043213
6345 62581 0.0018650591373443604
6346 63321 0.0018871128559112549
6347 64029 0.0019082129001617432
6348 64750 0.0019297003746032715
6349 65468 0.0019510984420776367
6350 66093 0.0019697248935699463
6351 66748 0.0019892454147338867
6352 67528 0.002012491226196289
6353 68214 0.002032935619354248
6354 68859 0.0020521581172943115
6355 69627 0.0020750463008880615
6356 70269 0.002094179391860962
6357 70888 0.0021126270294189453
6358 71689 0.0021364986896514893
6359 72371 0.0021568238735198975
6360 73059 0.002177327871322632
6361 73768 0.002198457717895508
6362 74567 0.0022222697734832764
6363 75242 0.0022423863410949707
6364 75914 0.002262413501739502
6365 76641 0.0022840797901153564
6366 77301 0.0023037493228912354
6367 77978 0.002323925495147705
6368 78695 0.0023452937602996826
6369 79386 0.00236588716506958
6370 79973 0.0023833811283111572
6371 80676 0.002404332160949707
6372 81463 0.0024277865886688232
6373 82112 0.0024471282958984375
6374 82711 0.002464979887008667
6375 83479 0.002487868070602417
6376 84074 0.0025056004524230957
6377 84697 0.00252416729927063
6378 85414 0.0025455355644226074
6379 86095 0.002565830945968628
6380 86682 0.002583324909210205
6381 87328 0.0026025772094726562
6382 87985 0.002622157335281372
6383 88579 0.002639859914779663
6384 89167 0.002657383680343628
6385 89792 0.0026760101318359375
6386 90424 0.002694845199584961
6387 91046 0.0027133822441101074
6388 91632 0.002730846405029297
6389 92300 0.0027507543563842773
6390 92911 0.002768963575363159
6391 93449 0.0027849972248077393
6392 94141 0.0028056204319000244
6393 94666 0.0028212666511535645
6394 95203 0.002837270498275757
6395 95849 0.002856522798538208
6396 96424 0.002873659133911133
6397 96966 0.0028898119926452637
6398 97563 0.0029076039791107178
6399 98137 0.002924710512161255
6400 98672 0.002940654754638672
6401 99211 0.0029567182064056396
6402 99785 0.0029738247394561768
6403 100302 0.0029892325401306152
6404 100876 0.0030063390731811523
6405 101383 0.003021448850631714
6406 101951 0.003038376569747925
6407 102499 0.003054708242416382
6408 102963 0.0030685365200042725
6409 103558 0.003086268901824951
6410 104010 0.0030997395515441895
6411 104491 0.003114074468612671
6412 105109 0.0031324923038482666
6413 105620 0.003147721290588379
6414 106092 0.003161787986755371
6415 106619 0.0031774938106536865
6416 107123 0.003192514181137085
6417 107591 0.0032064616680145264
6418 108079 0.0032210052013397217
6419 108622 0.0032371878623962402
6420 109099 0.003251403570175171
6421 109618 0.0032668709754943848
6422 110122 0.003281891345977783
6423 110639 0.0032972991466522217
6424 111150 0.003312528133392334
6425 111650 0.0033274292945861816
6426 112156 0.0033425092697143555
6427 112639 0.0033569037914276123
6428 113091 0.0033703744411468506
6429 113639 0.0033867061138153076
6430 114100 0.003400444984436035
6431 114572 0.0034145116806030273
6432 115089 0.003429919481277466
6433 115606 0.0034453272819519043
6434 116039 0.0034582316875457764
6435 116531 0.0034728944301605225
6436 117084 0.003489375114440918
6437 117486 0.0035013556480407715
6438 117993 0.003516465425491333
6439 118553 0.0035331547260284424
6440 119059 0.003548234701156616
6441 119565 0.00356331467628479
6442 120087 0.003578871488571167
6443 120588 0.0035938024520874023
6444 121033 0.0036070644855499268
6445 121518 0.003621518611907959
6446 122080 0.0036382675170898438
6447 122558 0.003652513027191162
6448 123002 0.003665745258331299
6449 123532 0.0036815404891967773
6450 124064 0.0036973953247070312
6451 124542 0.0037116408348083496
6452 125048 0.0037267208099365234
6453 125577 0.0037424862384796143
6454 126021 0.003755718469619751
6455 126494 0.003769814968109131
6456 127013 0.0037852823734283447
6457 127451 0.0037983357906341553
6458 127939 0.0038128793239593506
6459 128445 0.0038279592990875244
6460 129002 0.0038445591926574707
6461 129485 0.0038589537143707275
6462 129958 0.0038730502128601074
6463 130542 0.0038904547691345215
6464 131061 0.0039059221744537354
6465 131545 0.00392034649848938
6466 132088 0.0039365291595458984
6467 132641 0.003953009843826294
6468 133108 0.003966927528381348
6469 133627 0.0039823949337005615
6470 134151 0.003998011350631714
6471 134558 0.004010140895843506
6472 135072 0.004025459289550781
6473 135653 0.004042774438858032
6474 136143 0.004057377576828003
6475 136693 0.004073768854141235
6476 137267 0.0040908753871917725
6477 137784 0.004106283187866211
6478 138317 0.0041221678256988525
6479 138837 0.004137665033340454
6480 139364 0.0041533708572387695
6481 139875 0.004168599843978882
6482 140378 0.004183590412139893
6483 140958 0.004200875759124756
6484 141472 0.004216194152832031
6485 141977 0.004231244325637817
6486 142539 0.004247993230819702
6487 143068 0.004263758659362793
6488 143532 0.004277586936950684
6489 144044 0.004292845726013184
6490 144637 0.004310518503189087
6491 145118 0.004324853420257568
6492 145679 0.004341572523117065
6493 146269 0.004359155893325806
6494 146779 0.00437435507774353
6495 147327 0.004390686750411987
6496 147881 0.0044071972370147705
6497 148414 0.004423081874847412
6498 148951 0.0044390857219696045
6499 149505 0.004455596208572388
6500 150100 0.004473328590393066
6501 150656 0.004489898681640625
6502 151192 0.00450587272644043
6503 151798 0.004523932933807373
6504 152387 0.004541486501693726
6505 152909 0.0045570433139801025
6506 153536 0.0045757293701171875
6507 154196 0.004595398902893066
6508 154706 0.004610598087310791
6509 155288 0.00462794303894043
6510 155954 0.004647791385650635
6511 156501 0.004664093255996704
6512 157058 0.00468069314956665
6513 157724 0.0047005414962768555
6514 158275 0.004716962575912476
6515 158869 0.004734665155410767
6516 159476 0.004752755165100098
6517 160129 0.004772216081619263
6518 160754 0.004790842533111572
6519 161337 0.004808217287063599
6520 162020 0.0048285722732543945
6521 162628 0.004846692085266113
6522 163213 0.004864126443862915
6523 163842 0.004882872104644775
6524 164520 0.004903078079223633
6525 165125 0.0049211084842681885
6526 165737 0.004939347505569458
6527 166498 0.004962027072906494
6528 167105 0.004980117082595825
6529 167733 0.004998832941055298
6530 168525 0.0050224363803863525
6531 169146 0.005040943622589111
6532 169814 0.005060851573944092
6533 170562 0.005083143711090088
6534 171265 0.005104094743728638
6535 171978 0.0051253437995910645
6536 172670 0.00514596700668335
6537 173393 0.005167514085769653
6538 174091 0.005188316106796265
6539 174794 0.0052092671394348145
6540 175557 0.005232006311416626
6541 176305 0.005254298448562622
6542 177012 0.005275368690490723
6543 177760 0.005297660827636719
6544 178622 0.005323350429534912
6545 179314 0.005343973636627197
6546 180048 0.005365848541259766
6547 181003 0.005394309759140015
6548 181795 0.005417913198471069
6549 182564 0.005440831184387207
6550 183490 0.005468428134918213
6551 184253 0.005491167306900024
6552 185101 0.00551643967628479
6553 186019 0.005543798208236694
6554 186934 0.0055710673332214355
6555 187779 0.005596250295639038
6556 188631 0.0056216418743133545
6557 189623 0.005651205778121948
6558 190639 0.005681484937667847
6559 191563 0.005709022283554077
6560 192508 0.005737185478210449
6561 193471 0.0057658851146698
6562 194387 0.005793184041976929
6563 195372 0.005822539329528809
6564 196441 0.005854398012161255
6565 197383 0.005882471799850464
6566 198372 0.0059119462966918945
6567 199581 0.005947977304458618
6568 200627 0.0059791505336761475
6569 201596 0.006008028984069824
6570 202757 0.0060426294803619385
6571 203884 0.006076216697692871
6572 204963 0.006108373403549194
6573 206195 0.006145089864730835
6574 207513 0.006184369325637817
6575 208694 0.0062195658683776855
6576 209880 0.006254911422729492
6577 211147 0.006292670965194702
6578 212437 0.006331115961074829
6579 213657 0.006367474794387817
6580 214914 0.00640493631362915
6581 216418 0.006449759006500244
6582 217708 0.006488204002380371
6583 218990 0.0065264105796813965
6584 220608 0.0065746307373046875
6585 221983 0.0066156089305877686
6586 223248 0.006653308868408203
6587 224829 0.006700426340103149
6588 226284 0.006743788719177246
6589 227659 0.006784766912460327
6590 229210 0.006830990314483643
6591 230779 0.0068777501583099365
6592 232335 0.00692412257194519
6593 233911 0.006971091032028198
6594 235659 0.00702318549156189
6595 237319 0.007072657346725464
6596 238909 0.007120043039321899
6597 240588 0.00717008113861084
6598 242410 0.007224380970001221
6599 244218 0.007278263568878174
6600 245886 0.00732797384262085
6601 247984 0.007390499114990234
6602 249734 0.007442653179168701
6603 251415 0.007492750883102417
6604 253505 0.0075550377368927
6605 255370 0.007610619068145752
6606 257185 0.007664710283279419
6607 259257 0.007726460695266724
6608 261390 0.007790029048919678
6609 263167 0.007842987775802612
6610 265199 0.00790354609489441
6611 267459 0.0079708993434906
6612 269520 0.00803232192993164
6613 271623 0.008094996213912964
6614 273973 0.008165031671524048
6615 276200 0.008231401443481445
6616 278431 0.008297890424728394
6617 280635 0.008363574743270874
6618 283100 0.008437037467956543
6619 285399 0.008505553007125854
6620 287563 0.008570045232772827
6621 290285 0.008651167154312134
6622 292579 0.008719533681869507
6623 294782 0.0087851881980896
6624 297443 0.008864492177963257
6625 299987 0.008940309286117554
6626 302293 0.009009033441543579
6627 304947 0.009088128805160522
6628 307694 0.009169995784759521
6629 310098 0.009241640567779541
6630 312723 0.009319871664047241
6631 315594 0.009405434131622314
6632 318262 0.009484946727752686
6633 320852 0.009562134742736816
6634 323621 0.009644657373428345
6635 326487 0.00973007082939148
6636 329312 0.009814262390136719
6637 331907 0.009891599416732788
6638 335079 0.009986132383346558
6639 337865 0.010069161653518677
6640 340455 0.010146349668502808
6641 343688 0.010242700576782227
6642 346660 0.010331273078918457
6643 349364 0.010411858558654785
6644 352472 0.010504484176635742
6645 355693 0.010600477457046509
6646 358428 0.010681986808776855
6647 361459 0.01077231764793396
6648 364890 0.010874569416046143
6649 367870 0.010963380336761475
6650 370945 0.011055022478103638
6651 374246 0.01115339994430542
6652 377443 0.011248677968978882
6653 380715 0.011346191167831421
6654 383764 0.011437058448791504
6655 387251 0.011540979146957397
6656 390529 0.011638671159744263
6657 393599 0.011730164289474487
6658 397154 0.011836111545562744
6659 400447 0.011934250593185425
6660 403325 0.012020021677017212
6661 406871 0.01212570071220398
6662 410372 0.0122300386428833
6663 413448 0.012321710586547852
6664 416867 0.012423604726791382
6665 420671 0.012536972761154175
6666 423798 0.012630164623260498
6667 427134 0.01272958517074585
6668 430734 0.012836873531341553
6669 434042 0.012935459613800049
6670 437625 0.013042241334915161
6671 441259 0.013150542974472046
6672 444862 0.013257920742034912
6673 448370 0.013362467288970947
6674 451610 0.01345902681350708
6675 455470 0.013574063777923584
6676 459014 0.013679683208465576
6677 462217 0.013775140047073364
6678 465969 0.013886958360671997
6679 469652 0.013996720314025879
6680 472926 0.014094293117523193
6681 476579 0.014203161001205444
6682 480594 0.014322817325592041
6683 483805 0.01441851258277893
6684 487308 0.014522910118103027
6685 491270 0.014640986919403076
6686 494609 0.01474049687385559
6687 498221 0.014848142862319946
6688 502071 0.014962881803512573
6689 505618 0.015068590641021729
6690 509174 0.015174567699432373
6691 512732 0.015280604362487793
6692 516544 0.015394210815429688
6693 520171 0.015502303838729858
6694 523474 0.015600740909576416
6695 527316 0.01571524143218994
6696 531151 0.015829533338546753
6697 534425 0.015927106142044067
6698 538204 0.016039729118347168
6699 542104 0.01615595817565918
6700 545423 0.01625487208366394
6701 548997 0.016361385583877563
6702 553122 0.016484320163726807
6703 556432 0.016582965850830078
6704 559891 0.016686052083969116
6705 563848 0.016803979873657227
6706 567329 0.016907721757888794
6707 570970 0.017016232013702393
6708 574747 0.017128795385360718
6709 578412 0.01723802089691162
6710 581897 0.01734188199043274
6711 585389 0.01744595170021057
6712 589429 0.01756635308265686
6713 593024 0.017673492431640625
6714 596405 0.017774254083633423
6715 600175 0.017886608839035034
6716 604043 0.01800188422203064
6717 607315 0.01809939742088318
6718 610903 0.01820632815361023
6719 614964 0.01832735538482666
6720 618244 0.0184251070022583
6721 621672 0.01852726936340332
6722 625765 0.018649250268936157
6723 628940 0.01874387264251709
6724 632462 0.018848836421966553
6725 636340 0.018964409828186035
6726 639834 0.019068539142608643
6727 643295 0.019171684980392456
6728 646852 0.01927769184112549
6729 650709 0.01939263939857483
6730 654271 0.0194987952709198
6731 657672 0.01960015296936035
6732 661483 0.01971372961997986
6733 665103 0.019821614027023315
6734 668356 0.01991856098175049
6735 672037 0.020028263330459595
6736 676131 0.02015027403831482
6737 679407 0.02024790644645691
6738 682938 0.02035313844680786
6739 687161 0.0204789936542511
6740 690575 0.02058073878288269
6741 694184 0.020688295364379883
6742 698274 0.020810186862945557
6743 701854 0.020916879177093506
6744 705510 0.02102583646774292
6745 709374 0.021140992641448975
6746 713301 0.021258026361465454
6747 717080 0.021370649337768555
6748 720777 0.021480828523635864
6749 724913 0.021604090929031372
6750 728734 0.021717965602874756
6751 732276 0.021823525428771973
6752 736213 0.02194085717201233
6753 740414 0.022066056728363037
6754 744126 0.022176682949066162
6755 747986 0.022291719913482666
6756 752576 0.022428512573242188
6757 756242 0.02253776788711548
6758 760054 0.022651374340057373
6759 764728 0.02279067039489746
6760 768729 0.02290990948677063
6761 772718 0.023028790950775146
6762 777282 0.023164808750152588
6763 781737 0.02329757809638977
6764 785878 0.023420989513397217
6765 790311 0.02355310320854187
6766 795003 0.023692935705184937
6767 799411 0.023824304342269897
6768 803759 0.023953884840011597
6769 808528 0.024096012115478516
6770 813262 0.024237096309661865
6771 817655 0.02436801791191101
6772 822282 0.024505913257598877
6773 827665 0.02466633915901184
6774 832276 0.024803757667541504
6775 836769 0.02493765950202942
6776 842830 0.02511829137802124
6777 847672 0.02526259422302246
6778 852516 0.025406956672668457
6779 858321 0.02557995915412903
6780 863599 0.025737255811691284
6781 868714 0.025889694690704346
6782 874256 0.026054859161376953
6783 880017 0.026226550340652466
6784 885431 0.026387900114059448
6785 890908 0.026551127433776855
6786 897120 0.02673625946044922
6787 902836 0.026906609535217285
6788 908359 0.027071207761764526
6789 914376 0.02725052833557129
6790 920732 0.02743995189666748
6791 926555 0.02761349081993103
6792 932338 0.027785837650299072
6793 939528 0.0280001163482666
6794 945513 0.028178483247756958
6795 951446 0.028355300426483154
6796 958984 0.0285799503326416
6797 965433 0.02877214550971985
6798 971704 0.028959035873413086
6799 978961 0.02917531132698059
6800 985928 0.029382944107055664
6801 992422 0.029576480388641357
6802 999447 0.029785841703414917
6803 1007035 0.03001198172569275
6804 1013828 0.030214428901672363
6805 1020978 0.030427515506744385
6806 1028606 0.030654847621917725
6807 1036074 0.030877411365509033
6808 1043386 0.03109532594680786
6809 1050917 0.031319767236709595
6810 1059383 0.03157207369804382
6811 1067100 0.03180205821990967
6812 1074296 0.03201651573181152
6813 1083628 0.032294631004333496
6814 1091448 0.03252768516540527
6815 1099015 0.032753199338912964
6816 1108495 0.033035725355148315
6817 1116964 0.03328812122344971
6818 1125004 0.03352773189544678
6819 1134139 0.033799976110458374
6820 1143668 0.03408396244049072
6821 1152284 0.034340739250183105
6822 1161316 0.03460991382598877
6823 1171279 0.03490683436393738
6824 1180517 0.03518214821815491
6825 1190160 0.03546953201293945
6826 1200187 0.035768359899520874
6827 1210715 0.03608211874961853
6828 1220826 0.03638345003128052
6829 1230683 0.03667721152305603
6830 1242653 0.03703394532203674
6831 1253143 0.03734657168388367
6832 1263209 0.03764656186103821
6833 1276258 0.038035452365875244
6834 1287718 0.03837698698043823
6835 1298708 0.038704514503479004
6836 1311775 0.03909394145011902
6837 1324656 0.03947782516479492
6838 1336638 0.03983491659164429
6839 1349756 0.040225863456726074
6840 1364213 0.040656715631484985
6841 1377345 0.0410480797290802
6842 1391389 0.04146662354469299
6843 1406625 0.04192069172859192
6844 1421573 0.04236617684364319
6845 1436834 0.04282099008560181
6846 1452495 0.0432877242565155
6847 1470459 0.04382309317588806
6848 1486977 0.04431536793708801
6849 1503100 0.044795870780944824
6850 1523138 0.04539304971694946
6851 1541399 0.04593726992607117
6852 1558601 0.0464499294757843
6853 1579911 0.04708501696586609
6854 1600921 0.04771116375923157
6855 1620074 0.048281967639923096
6856 1642982 0.04896467924118042
6857 1666681 0.04967096447944641
6858 1688194 0.0503121018409729
6859 1711713 0.051013022661209106
6860 1738409 0.05180862545967102
6861 1763140 0.05254566669464111
6862 1789060 0.053318142890930176
6863 1816532 0.05413687229156494
6864 1845555 0.05500182509422302
6865 1873897 0.05584648251533508
6866 1901875 0.05668029189109802
6867 1936564 0.057714104652404785
6868 1968126 0.058654725551605225
6869 1998409 0.0595572292804718
6870 2035884 0.060674071311950684
6871 2072364 0.06176126003265381
6872 2105362 0.06274467706680298
6873 2145084 0.06392848491668701
6874 2186227 0.06515464186668396
6875 2223212 0.06625688076019287
6876 2264718 0.06749385595321655
6877 2312122 0.06890660524368286
6878 2353566 0.0701417326927185
6879 2398568 0.07148289680480957
6880 2447351 0.07293674349784851
6881 2496571 0.07440361380577087
6882 2545608 0.07586503028869629
6883 2595830 0.07736176252365112
6884 2652855 0.07906123995780945
6885 2707254 0.08068245649337769
6886 2759625 0.08224323391914368
6887 2824220 0.08416831493377686
6888 2884570 0.08596688508987427
6889 2941378 0.08765989542007446
6890 3008606 0.08966344594955444
6891 3078645 0.09175077080726624
6892 3140214 0.09358566999435425
6893 3210951 0.09569379687309265
6894 3290467 0.09806355834007263
6895 3358374 0.10008734464645386
6896 3433876 0.10233747959136963
6897 3517688 0.10483527183532715
6898 3595071 0.10714146494865417
6899 3677160 0.1095879077911377
6900 3762881 0.11214259266853333
6901 3852565 0.11481538414955139
6902 3941329 0.11746075749397278
6903 4027370 0.12002497911453247
6904 4131040 0.12311458587646484
6905 4226903 0.12597152590751648
6906 4318500 0.1287013292312622
6907 4426469 0.13191905617713928
6908 4536621 0.1352018415927887
6909 4633983 0.1381034553050995
6910 4744793 0.14140585064888
6911 4867400 0.14505982398986816
6912 4971395 0.14815911650657654
6913 5085383 0.15155622363090515
6914 5219311 0.1555475890636444
6915 5332952 0.1589343547821045
6916 5456480 0.16261577606201172
6917 5589235 0.1665721833705902
6918 5719038 0.17044061422348022
6919 5849223 0.17432042956352234
6920 5981344 0.17825794219970703
6921 6126910 0.1825961470603943
6922 6265872 0.1867375373840332
6923 6400467 0.19074878096580505
6924 6556390 0.19539564847946167
6925 6707135 0.1998881995677948
6926 6846809 0.20405080914497375
6927 7002729 0.2086975872516632
6928 7171984 0.21374177932739258
6929 7317487 0.2180781066417694
6930 7473669 0.22273269295692444
6931 7659973 0.22828498482704163
6932 7811325 0.2327956259250641
6933 7974751 0.23766610026359558
6934 8160836 0.24321186542510986
6935 8326398 0.24814599752426147
6936 8499202 0.2532959580421448
6937 8678898 0.2586513161659241
6938 8863551 0.2641544044017792
6939 9042265 0.26948049664497375
6940 9216181 0.2746635973453522
6941 9417654 0.2806679606437683
6942 9604409 0.28623369336128235
6943 9782359 0.29153701663017273
6944 9979562 0.2974141240119934
6945 10183128 0.303480863571167
6946 10362532 0.3088275194168091
6947 10553766 0.3145267367362976
6948 10776508 0.32116496562957764
6949 10958154 0.32657843828201294
6950 11148723 0.33225783705711365
6951 11378917 0.3391181528568268
6952 11567811 0.3447476327419281
6953 11765757 0.35064688324928284
6954 11982634 0.35711032152175903
6955 12189307 0.3632696568965912
6956 12391956 0.36930906772613525
6957 12597762 0.3754425644874573
6958 12820090 0.3820684552192688
6959 13026202 0.38821107149124146
6960 13227365 0.3942061960697174
6961 13449591 0.4008290469646454
6962 13666994 0.4073081612586975
6963 13866370 0.41325002908706665
6964 14077970 0.419556200504303
6965 14311124 0.4265047311782837
6966 14508823 0.43239662051200867
6967 14709322 0.4383719563484192
6968 14957397 0.4457651674747467
6969 15154198 0.45163029432296753
6970 15356205 0.4576505720615387
6971 15591981 0.46467724442481995
6972 15798333 0.47082701325416565
6973 16002458 0.47691041231155396
6974 16221070 0.4834255576133728
6975 16440516 0.489965558052063
6976 16646922 0.4961169362068176
6977 16850938 0.5021970868110657
6978 17076432 0.5089173316955566
6979 17283923 0.5151010453701019
6980 17483941 0.521062046289444
6981 17694170 0.5273273587226868
6982 17914458 0.5338924527168274
6983 18108034 0.5396614670753479
6984 18303617 0.5454902946949005
6985 18534284 0.552364706993103
6986 18722197 0.557964950799942
6987 18908350 0.5635127425193787
6988 19136086 0.5702998042106628
6989 19323481 0.575884610414505
6990 19507426 0.5813665986061096
6991 19714957 0.5875515043735504
6992 19908634 0.5933235287666321
6993 20091651 0.5987778604030609
6994 20278645 0.6043507158756256
6995 20478122 0.6102955937385559
6996 20656077 0.6155990660190582
6997 20832235 0.6208489835262299
6998 21019423 0.6264276206493378
6999 21200364 0.6318200826644897
7000 21369198 0.6368517279624939
7001 21537913 0.6418798267841339
7002 21725048 0.6474568843841553
7003 21883685 0.6521846354007721
7004 22035474 0.656708300113678
7005 22224389 0.6623384058475494
7006 22374314 0.6668065190315247
7007 22521094 0.6711809039115906
7008 22692513 0.6762895882129669
7009 22843087 0.6807770431041718
7010 22983943 0.684974879026413
7011 23136569 0.6895234882831573
7012 23286675 0.6939969956874847
7013 23421811 0.6980243623256683
7014 23557469 0.7020672857761383
7015 23702599 0.7063924968242645
7016 23832639 0.7102679908275604
7017 23959411 0.7140460908412933
7018 24087082 0.7178509831428528
7019 24217178 0.7217281460762024
7020 24334343 0.7252199351787567
7021 24445112 0.7285211086273193
7022 24576367 0.7324328124523163
7023 24683449 0.7356241047382355
7024 24784223 0.7386274039745331
7025 24906020 0.7422572374343872
7026 25007701 0.7452875673770905
7027 25102605 0.7481159269809723
7028 25208884 0.7512832880020142
7029 25308608 0.7542552947998047
7030 25397328 0.756899356842041
7031 25488922 0.7596290707588196
7032 25585755 0.7625149190425873
7033 25668540 0.7649821043014526
7034 25751735 0.767461508512497
7035 25836831 0.7699975669384003
7036 25917933 0.7724145948886871
7037 25993843 0.7746768891811371
7038 26066900 0.7768541574478149
7039 26146556 0.7792280912399292
7040 26215790 0.7812914252281189
7041 26278692 0.7831660509109497
7042 26355622 0.7854587435722351
7043 26418338 0.7873278260231018
7044 26476229 0.7890531122684479
7045 26542932 0.7910410165786743
7046 26603542 0.7928473353385925
7047 26657078 0.7944428324699402
7048 26714973 0.7961682379245758
7049 26773589 0.797915130853653
7050 26823699 0.7994085252285004
7051 26874993 0.8009372055530548
7052 26929009 0.8025470077991486
7053 26976547 0.8039637506008148
7054 27023639 0.8053672015666962
7055 27070276 0.8067570924758911
7056 27117249 0.8081569969654083
7057 27161028 0.8094617128372192
7058 27201480 0.8106672763824463
7059 27248415 0.8120660483837128
7060 27288544 0.8132619857788086
7061 27324953 0.8143470585346222
7062 27368761 0.8156526386737823
7063 27407376 0.8168034553527832
7064 27441632 0.8178243637084961
7065 27480546 0.8189840912818909
7066 27518258 0.8201079964637756
7067 27551048 0.8210852146148682
7068 27585683 0.822117418050766
7069 27623253 0.8232370913028717
7070 27654973 0.8241824209690094
7071 27688025 0.8251674473285675
7072 27722026 0.8261807560920715
7073 27754323 0.8271432816982269
7074 27785769 0.8280804455280304
7075 27816033 0.8289823830127716
7076 27849359 0.8299755752086639
7077 27879516 0.8308743238449097
7078 27907354 0.8317039608955383
7079 27940750 0.8326992392539978
7080 27970431 0.833583801984787
7081 27996918 0.8343731760978699
7082 28028328 0.8353092670440674
7083 28058306 0.8362026810646057
7084 28084734 0.8369902968406677
7085 28113910 0.8378598093986511
7086 28144836 0.838781476020813
7087 28171189 0.8395668566226959
7088 28198737 0.8403878509998322
7089 28229172 0.8412948846817017
7090 28255867 0.8420904576778412
7091 28283493 0.8429137766361237
7092 28311665 0.8437533676624298
7093 28340174 0.8446030020713806
7094 28367607 0.8454205691814423
7095 28393429 0.8461901247501373
7096 28424053 0.8471027910709381
7097 28451890 0.8479323983192444
7098 28477198 0.8486866354942322
7099 28506637 0.8495639860630035
7100 28535085 0.8504118025302887
7101 28559653 0.8511439859867096
7102 28587895 0.8519856631755829
7103 28616933 0.8528510630130768
7104 28641912 0.853595495223999
7105 28668413 0.8543852865695953
7106 28698883 0.8552933633327484
7107 28724217 0.8560483753681183
7108 28751335 0.8568565547466278
7109 28780097 0.8577137291431427
7110 28807303 0.8585245311260223
7111 28834126 0.8593239188194275
7112 28860858 0.8601205945014954
7113 28889537 0.8609752953052521
7114 28916506 0.8617790341377258
7115 28941742 0.8625311255455017
7116 28971234 0.8634100556373596
7117 28998803 0.864231675863266
7118 29023570 0.864969789981842
7119 29051861 0.8658129274845123
7120 29081114 0.8666847348213196
7121 29105417 0.8674090206623077
7122 29132215 0.8682076632976532
7123 29162606 0.8691133856773376
7124 29187004 0.8698405027389526
7125 29213196 0.8706210851669312
7126 29242557 0.8714961111545563
7127 29268143 0.8722586333751678
7128 29294227 0.8730359971523285
7129 29321237 0.8738409578800201
7130 29348308 0.8746477365493774
7131 29374027 0.8754142224788666
7132 29398988 0.8761581182479858
7133 29427655 0.8770124614238739
7134 29453742 0.8777899146080017
7135 29477904 0.8785099983215332
7136 29504931 0.8793154656887054
7137 29532769 0.8801451027393341
7138 29556286 0.8808459639549255
7139 29581974 0.8816115260124207
7140 29610444 0.8824599981307983
7141 29633371 0.883143275976181
7142 29657710 0.8838686347007751
7143 29686306 0.8847208619117737
7144 29709503 0.885412186384201
7145 29733476 0.8861266374588013
7146 29759529 0.8869030773639679
7147 29783794 0.8876262307167053
7148 29807831 0.8883425891399384
7149 29831670 0.8890530467033386
7150 29857405 0.889820009469986
7151 29880764 0.8905161619186401
7152 29903294 0.8911876082420349
7153 29928454 0.8919374346733093
7154 29952541 0.8926552832126617
7155 29974260 0.8933025598526001
7156 29997546 0.89399653673172
7157 30022930 0.8947530388832092
7158 30043965 0.8953799307346344
7159 30065737 0.8960287868976593
7160 30091621 0.8968001902103424
7161 30112287 0.8974160850048065
7162 30133662 0.8980531096458435
7163 30158249 0.8987858593463898
7164 30179226 0.8994110226631165
7165 30199933 0.9000281393527985
7166 30222275 0.9006939828395844
7167 30244392 0.901353120803833
7168 30264939 0.901965469121933
7169 30285062 0.9025651812553406
7170 30307569 0.9032359421253204
7171 30327857 0.903840571641922
7172 30347092 0.9044138193130493
7173 30367637 0.9050261080265045
7174 30389165 0.9056676924228668
7175 30407692 0.9062198400497437
7176 30426563 0.9067822396755219
7177 30448982 0.9074503779411316
7178 30466616 0.9079759120941162
7179 30484569 0.9085109531879425
7180 30506452 0.9091631174087524
7181 30523992 0.9096858501434326
7182 30541975 0.9102217853069305
7183 30561594 0.9108064770698547
7184 30580240 0.9113621711730957
7185 30597965 0.9118904173374176
7186 30615910 0.9124252200126648
7187 30635008 0.912994384765625
7188 30652192 0.9135065078735352
7189 30668875 0.9140037000179291
7190 30687359 0.9145545661449432
7191 30704951 0.9150788486003876
7192 30721464 0.9155709743499756
7193 30738182 0.9160692095756531
7194 30756733 0.9166220724582672
7195 30772337 0.9170871078968048
7196 30787982 0.9175533652305603
7197 30807645 0.9181393682956696
7198 30822688 0.9185876846313477
7199 30838035 0.9190450608730316
7200 30856176 0.9195857048034668
7201 30871879 0.9200536906719208
7202 30887119 0.9205078780651093
7203 30903679 0.9210014045238495
7204 30919870 0.9214839339256287
7205 30934935 0.9219329059123993
7206 30950011 0.9223822057247162
7207 30966763 0.9228814542293549
7208 30981830 0.9233304858207703
7209 30996501 0.9237677156925201
7210 31011738 0.9242218136787415
7211 31027644 0.9246958494186401
7212 31042211 0.9251299798488617
7213 31056350 0.9255513548851013
7214 31073178 0.9260528683662415
7215 31087129 0.9264686405658722
7216 31100402 0.9268642067909241
7217 31117595 0.9273765981197357
7218 31131429 0.9277888834476471
7219 31144920 0.9281909465789795
7220 31160638 0.9286593794822693
7221 31175113 0.9290907680988312
7222 31188934 0.9295026659965515
7223 31203093 0.9299246370792389
7224 31218124 0.9303725957870483
7225 31231684 0.9307767152786255
7226 31245364 0.9311844110488892
7227 31259910 0.9316179156303406
7228 31274058 0.9320395588874817
7229 31287494 0.9324399828910828
7230 31301072 0.9328446388244629
7231 31316325 0.9332992136478424
7232 31329431 0.9336898028850555
7233 31341722 0.9340561032295227
7234 31357682 0.9345317482948303
7235 31370336 0.9349088668823242
7236 31382781 0.9352797567844391
7237 31397624 0.9357221126556396
7238 31410713 0.9361121952533722
7239 31423133 0.9364823400974274
7240 31436899 0.9368925988674164
7241 31450618 0.9373014569282532
7242 31463035 0.9376715123653412
7243 31475841 0.938053160905838
7244 31489946 0.9384735226631165
7245 31502610 0.9388509392738342
7246 31515252 0.9392277002334595
7247 31528251 0.9396151006221771
7248 31541831 0.940019816160202
7249 31554260 0.9403902292251587
7250 31566280 0.9407484531402588
7251 31580496 0.9411721229553223
7252 31592591 0.9415325820446014
7253 31604125 0.9418763220310211
7254 31618255 0.9422974288463593
7255 31630757 0.9426700174808502
7256 31642048 0.9430065155029297
7257 31655396 0.9434043169021606
7258 31668209 0.9437861740589142
7259 31679198 0.9441136717796326
7260 31691417 0.9444778263568878
7261 31704570 0.9448698163032532
7262 31716064 0.9452123641967773
7263 31728023 0.9455687701702118
7264 31740441 0.9459388554096222
7265 31752408 0.9462954998016357
7266 31763964 0.946639895439148
7267 31775269 0.9469768106937408
7268 31787853 0.9473518431186676
7269 31799201 0.9476900398731232
7270 31809742 0.9480041861534119
7271 31822771 0.9483924806118011
7272 31833920 0.9487247467041016
7273 31844295 0.9490339457988739
7274 31856519 0.9493982493877411
7275 31868127 0.9497441947460175
7276 31878354 0.9500489830970764
7277 31889792 0.9503898620605469
7278 31901778 0.9507470726966858
7279 31912021 0.951052337884903
7280 31922953 0.9513781368732452
7281 31934504 0.9517223834991455
7282 31944869 0.952031284570694
7283 31955362 0.9523440003395081
7284 31966226 0.952667772769928
7285 31977171 0.9529939591884613
7286 31987585 0.9533043205738068
7287 31997533 0.9536007940769196
7288 32009156 0.9539471864700317
7289 32019246 0.9542478919029236
7290 32028678 0.9545289874076843
7291 32039952 0.9548649787902832
7292 32050259 0.9551721513271332
7293 32059449 0.9554460346698761
7294 32070001 0.9557605087757111
7295 32080581 0.9560758173465729
7296 32089547 0.956343024969101
7297 32099537 0.956640750169754
7298 32110452 0.9569660425186157
7299 32119394 0.9572325348854065
7300 32129017 0.9575193226337433
7301 32138936 0.9578149318695068
7302 32148454 0.9580985903739929
7303 32157619 0.9583717286586761
7304 32166800 0.9586453437805176
7305 32176529 0.9589352905750275
7306 32185510 0.9592029452323914
7307 32193870 0.9594520926475525
7308 32204167 0.9597589671611786
7309 32213280 0.9600305557250977
7310 32221431 0.9602734744548798
7311 32230870 0.9605547785758972
7312 32240219 0.9608334004878998
7313 32248262 0.961073100566864
7314 32257014 0.9613339304924011
7315 32266547 0.961618036031723
7316 32274452 0.9618536233901978
7317 32282802 0.962102472782135
7318 32291842 0.9623718857765198
7319 32299814 0.9626094698905945
7320 32307952 0.9628520011901855
7321 32316101 0.9630948603153229
7322 32324404 0.9633423089981079
7323 32332457 0.963582307100296
7324 32340014 0.9638075232505798
7325 32348692 0.9640661478042603
7326 32356272 0.964292049407959
7327 32363400 0.9645044803619385
7328 32371668 0.9647508859634399
7329 32379823 0.9649939239025116
7330 32386824 0.9652025699615479
7331 32394365 0.9654273092746735
7332 32402448 0.9656682014465332
7333 32409160 0.9658682346343994
7334 32416129 0.9660759270191193
7335 32424350 0.9663209319114685
7336 32430743 0.966511458158493
7337 32437836 0.966722846031189
7338 32445302 0.9669453501701355
7339 32451980 0.9671443700790405
7340 32458675 0.9673438966274261
7341 32465260 0.9675401449203491
7342 32472414 0.9677533507347107
7343 32478921 0.9679472744464874
7344 32485189 0.9681340754032135
7345 32492357 0.9683476984500885
7346 32498983 0.9685451686382294
7347 32504938 0.9687226414680481
7348 32511265 0.968911200761795
7349 32517988 0.9691115617752075
7350 32523569 0.9692778885364532
7351 32529623 0.9694583117961884
7352 32536691 0.9696689546108246
7353 32542226 0.9698339104652405
7354 32548026 0.9700067639350891
7355 32554444 0.9701980352401733
7356 32559947 0.9703620374202728
7357 32565782 0.970535933971405
7358 32571611 0.9707096517086029
7359 32577622 0.9708887934684753
7360 32583179 0.9710544049739838
7361 32588488 0.97121262550354
7362 32594401 0.9713888466358185
7363 32599860 0.9715515375137329
7364 32605002 0.9717047810554504
7365 32610665 0.971873551607132
7366 32616262 0.9720403552055359
7367 32621240 0.9721887111663818
7368 32626359 0.9723412692546844
7369 32632241 0.9725165665149689
7370 32637002 0.9726584553718567
7371 32641917 0.9728049337863922
7372 32647687 0.9729768931865692
7373 32652228 0.9731122255325317
7374 32657033 0.9732554256916046
7375 32662306 0.9734125733375549
7376 32667078 0.973554790019989
7377 32671708 0.973692774772644
7378 32676529 0.9738364517688751
7379 32681395 0.9739814698696136
7380 32685960 0.9741175174713135
7381 32690488 0.974252462387085
7382 32695279 0.9743952453136444
7383 32699973 0.9745351374149323
7384 32704070 0.9746572375297546
7385 32708557 0.9747909605503082
7386 32713389 0.9749349653720856
7387 32717568 0.9750595092773438
7388 32721691 0.9751823842525482
7389 32726652 0.9753302335739136
7390 32730566 0.975446879863739
7391 32734576 0.9755663871765137
7392 32739143 0.9757024943828583
7393 32743133 0.9758214056491852
7394 32747144 0.9759409427642822
7395 32751342 0.9760660529136658
7396 32755358 0.9761857390403748
7397 32759256 0.976301908493042
7398 32763025 0.9764142334461212
7399 32767270 0.976540744304657
7400 32771105 0.9766550362110138
7401 32774866 0.9767671227455139
7402 32778795 0.9768842160701752
7403 32782716 0.9770010709762573
7404 32786194 0.9771047234535217
7405 32789859 0.9772139489650726
7406 32794040 0.9773385524749756
7407 32797480 0.9774410724639893
7408 32800861 0.9775418341159821
7409 32805029 0.977666050195694
7410 32808450 0.9777680039405823
7411 32811645 0.977863222360611
7412 32815426 0.9779759049415588
7413 32818907 0.9780796468257904
7414 32822198 0.9781777262687683
7415 32825624 0.9782798290252686
7416 32829342 0.978390634059906
7417 32832600 0.9784877300262451
7418 32835831 0.9785840213298798
7419 32839246 0.9786857962608337
7420 32842628 0.9787865877151489
7421 32845707 0.9788783490657806
7422 32848876 0.9789727926254272
7423 32852409 0.979078084230423
7424 32855510 0.9791705012321472
7425 32858412 0.9792569875717163
7426 32862006 0.9793640971183777
7427 32864824 0.9794480800628662
7428 32867704 0.9795339107513428
7429 32871017 0.9796326458454132
7430 32874095 0.9797243773937225
7431 32876888 0.9798076152801514
7432 32880073 0.9799025356769562
7433 32883116 0.9799932241439819
7434 32885869 0.9800752699375153
7435 32888686 0.9801592230796814
7436 32891731 0.9802499711513519
7437 32894553 0.98033407330513
7438 32897381 0.9804183542728424
7439 32900243 0.980503648519516
7440 32903198 0.9805917143821716
7441 32905811 0.9806695878505707
7442 32908405 0.9807468950748444
7443 32911468 0.9808381795883179
7444 32914115 0.9809170663356781
7445 32916453 0.9809867441654205
7446 32919496 0.9810774326324463
7447 32922050 0.9811535477638245
7448 32924524 0.9812272787094116
7449 32927363 0.9813118875026703
7450 32930072 0.9813926219940186
7451 32932605 0.9814681112766266
7452 32935135 0.9815435111522675
7453 32937918 0.9816264510154724
7454 32940386 0.9817000031471252
7455 32942874 0.9817741513252258
7456 32945472 0.9818515777587891
7457 32948019 0.9819274842739105
7458 32950521 0.9820020496845245
7459 32952900 0.9820729494094849
7460 32955603 0.9821535050868988
7461 32958069 0.9822269976139069
7462 32960299 0.9822934567928314
7463 32963054 0.9823755621910095
7464 32965344 0.9824438095092773
7465 32967572 0.9825102090835571
7466 32970211 0.9825888574123383
7467 32972586 0.982659637928009
7468 32974768 0.982724666595459
7469 32977291 0.9827998578548431
7470 32979797 0.9828745424747467
7471 32982064 0.9829421043395996
7472 32984333 0.9830097258090973
7473 32986805 0.9830833971500397
7474 32989097 0.9831517040729523
7475 32991331 0.9832182824611664
7476 32993616 0.9832863807678223
7477 32996041 0.9833586513996124
7478 32998280 0.9834253787994385
7479 33000443 0.9834898412227631
7480 33002849 0.9835615456104279
7481 33005035 0.9836266934871674
7482 33007035 0.9836862981319427
7483 33009513 0.9837601482868195
7484 33011678 0.9838246703147888
7485 33013719 0.9838854968547821
7486 33015980 0.9839528799057007
7487 33018216 0.9840195178985596
7488 33020153 0.9840772449970245
7489 33022292 0.9841409921646118
7490 33024565 0.984208732843399
7491 33026551 0.984267920255661
7492 33028756 0.9843336343765259
7493 33030921 0.9843981564044952
7494 33032978 0.9844594597816467
7495 33035007 0.9845199286937714
7496 33037059 0.9845810830593109
7497 33039269 0.9846469461917877
7498 33041231 0.9847054183483124
7499 33043026 0.9847589135169983
7500 33045217 0.9848242104053497
7501 33047209 0.984883576631546
7502 33048972 0.9849361181259155
7503 33051135 0.9850005805492401
7504 33053211 0.985062450170517
7505 33054980 0.9851151704788208
7506 33056921 0.9851730167865753
7507 33059007 0.985235184431076
7508 33060702 0.9852856993675232
7509 33062561 0.9853411018848419
7510 33064543 0.9854001700878143
7511 33066392 0.9854552745819092
7512 33068248 0.9855105876922607
7513 33070146 0.9855671525001526
7514 33072047 0.9856238067150116
7515 33073905 0.9856791794300079
7516 33075633 0.9857306778430939
7517 33077635 0.985790342092514
7518 33079364 0.9858418703079224
7519 33080994 0.9858904480934143
7520 33082909 0.9859475195407867
7521 33084753 0.9860024750232697
7522 33086303 0.9860486686229706
7523 33088071 0.986101359128952
7524 33089925 0.9861566126346588
7525 33091490 0.9862032532691956
7526 33093162 0.9862530827522278
7527 33095148 0.9863122701644897
7528 33096668 0.986357569694519
7529 33098288 0.9864058494567871
7530 33100065 0.98645880818367
7531 33101619 0.9865051209926605
7532 33103212 0.9865525960922241
7533 33104767 0.986598938703537
7534 33106472 0.986649751663208
7535 33108005 0.9866954386234283
7536 33109476 0.9867392778396606
7537 33111146 0.9867890477180481
7538 33112722 0.9868360161781311
7539 33114128 0.9868779182434082
7540 33115770 0.9869268536567688
7541 33117424 0.986976146697998
7542 33118761 0.9870159924030304
7543 33120341 0.987063080072403
7544 33122017 0.9871130287647247
7545 33123376 0.9871535301208496
7546 33124774 0.9871951937675476
7547 33126329 0.9872415363788605
7548 33127751 0.9872839152812958
7549 33129144 0.9873254299163818
7550 33130625 0.987369567155838
7551 33132097 0.9874134361743927
7552 33133469 0.9874543249607086
7553 33134781 0.9874934256076813
7554 33136278 0.9875380396842957
7555 33137678 0.9875797629356384
7556 33138932 0.9876171350479126
7557 33140378 0.9876602292060852
7558 33141696 0.9876995086669922
7559 33142920 0.9877359867095947
7560 33144274 0.9877763390541077
7561 33145682 0.9878183007240295
7562 33146898 0.987854540348053
7563 33148191 0.9878930747509003
7564 33149626 0.9879358410835266
7565 33150744 0.987969160079956
7566 33151888 0.9880032539367676
7567 33153217 0.9880428612232208
7568 33154473 0.9880802929401398
7569 33155673 0.988116055727005
7570 33156828 0.9881504774093628
7571 33158114 0.9881888031959534
7572 33159299 0.9882241189479828
7573 33160410 0.9882572293281555
7574 33161660 0.9882944822311401
7575 33162838 0.9883295893669128
7576 33163876 0.9883605241775513
7577 33165058 0.9883957505226135
7578 33166327 0.9884335696697235
7579 33167358 0.9884642958641052
7580 33168425 0.9884960949420929
7581 33169750 0.9885355830192566
7582 33170732 0.9885648488998413
7583 33171815 0.9885971248149872
7584 33173045 0.988633781671524
7585 33174043 0.988663524389267
7586 33175101 0.9886950552463531
7587 33176158 0.9887265563011169
7588 33177234 0.9887586236000061
7589 33178165 0.988786369562149
7590 33179133 0.9888152182102203
7591 33180230 0.9888479113578796
7592 33181192 0.9888765811920166
7593 33182149 0.9889051020145416
7594 33183155 0.9889350831508636
7595 33184176 0.9889655113220215
7596 33185090 0.9889927506446838
7597 33185991 0.9890196025371552
7598 33187085 0.9890522062778473
7599 33187914 0.9890769124031067
7600 33188766 0.989102303981781
7601 33189810 0.9891334176063538
7602 33190626 0.9891577363014221
7603 33191412 0.9891811609268188
7604 33192343 0.9892089068889618
7605 33193248 0.9892358779907227
7606 33194088 0.9892609119415283
7607 33194895 0.9892849624156952
7608 33195783 0.9893114268779755
7609 33196609 0.9893360435962677
7610 33197403 0.9893597066402435
7611 33198218 0.9893839955329895
7612 33199071 0.9894094169139862
7613 33199804 0.9894312620162964
7614 33200636 0.989456057548523
7615 33201510 0.9894821047782898
7616 33202246 0.9895040392875671
7617 33203000 0.9895265102386475
7618 33203875 0.9895525872707367
7619 33204594 0.9895740151405334
7620 33205352 0.9895966053009033
7621 33206201 0.9896219074726105
7622 33206904 0.989642858505249
7623 33207670 0.989665687084198
7624 33208440 0.9896886348724365
7625 33209174 0.9897105097770691
7626 33209850 0.9897306561470032
7627 33210512 0.9897503852844238
7628 33211295 0.9897737205028534
7629 33211971 0.9897938668727875
7630 33212642 0.9898138642311096
7631 33213323 0.9898341596126556
7632 33214058 0.9898560643196106
7633 33214682 0.9898746609687805
7634 33215351 0.9898945987224579
7635 33216114 0.9899173378944397
7636 33216761 0.9899366199970245
7637 33217389 0.989955335855484
7638 33218094 0.9899763464927673
7639 33218687 0.9899940192699432
7640 33219308 0.990012526512146
7641 33220024 0.9900338649749756
7642 33220653 0.9900526106357574
7643 33221260 0.9900707006454468
7644 33221844 0.9900881052017212
7645 33222525 0.9901084005832672
7646 33223068 0.9901245832443237
7647 33223653 0.9901420176029205
7648 33224260 0.9901601076126099
7649 33224827 0.9901770055294037
7650 33225403 0.990194171667099
7651 33225956 0.9902106523513794
7652 33226560 0.9902286529541016
7653 33227111 0.9902450740337372
7654 33227608 0.9902598857879639
7655 33228224 0.9902782440185547
7656 33228745 0.9902937710285187
7657 33229296 0.9903101921081543
7658 33229933 0.9903291761875153
7659 33230464 0.9903450012207031
7660 33230977 0.990360289812088
7661 33231553 0.9903774559497833
7662 33232103 0.9903938472270966
7663 33232629 0.9904095232486725
7664 33233136 0.990424633026123
7665 33233745 0.9904427826404572
7666 33234289 0.9904589951038361
7667 33234785 0.9904737770557404
7668 33235303 0.9904892146587372
7669 33235872 0.9905061721801758
7670 33236343 0.9905202090740204
7671 33236857 0.9905355274677277
7672 33237408 0.9905519485473633
7673 33237872 0.9905657768249512
7674 33238341 0.990579754114151
7675 33238900 0.9905964136123657
7676 33239335 0.9906093776226044
7677 33239789 0.9906229078769684
7678 33240320 0.9906387329101562
7679 33240885 0.9906555712223053
7680 33241317 0.9906684458255768
7681 33241829 0.9906837046146393
7682 33242360 0.9906995296478271
7683 33242801 0.9907126724720001
7684 33243246 0.9907259345054626
7685 33243725 0.9907402098178864
7686 33244187 0.9907539784908295
7687 33244616 0.9907667636871338
7688 33245093 0.9907809793949127
7689 33245610 0.9907963871955872
7690 33246051 0.9908095300197601
7691 33246535 0.9908239543437958
7692 33247085 0.990840345621109
7693 33247544 0.990854024887085
7694 33247973 0.9908668100833893
7695 33248487 0.9908821284770966
7696 33248941 0.9908956587314606
7697 33249394 0.9909091591835022
7698 33249929 0.9909251034259796
7699 33250426 0.9909399151802063
7700 33250826 0.9909518361091614
7701 33251310 0.990966260433197
7702 33251790 0.9909805655479431
7703 33252218 0.990993320941925
7704 33252663 0.9910065829753876
7705 33253110 0.9910199046134949
7706 33253606 0.9910346865653992
7707 33254065 0.9910483658313751
7708 33254500 0.9910613298416138
7709 33255004 0.9910763502120972
7710 33255436 0.9910892248153687
7711 33255847 0.99110147356987
7712 33256351 0.9911164939403534
7713 33256787 0.9911294877529144
7714 33257184 0.9911413192749023
7715 33257633 0.9911547005176544
7716 33258110 0.9911689162254333
7717 33258543 0.9911818206310272
7718 33258972 0.9911946058273315
7719 33259449 0.9912088215351105
7720 33259835 0.9912203252315521
7721 33260270 0.9912332892417908
7722 33260739 0.9912472665309906
7723 33261193 0.9912607967853546
7724 33261618 0.9912734627723694
7725 33262063 0.9912867248058319
7726 33262523 0.9913004338741302
7727 33262924 0.9913123846054077
7728 33263281 0.9913230240345001
7729 33263737 0.9913366138935089
7730 33264154 0.9913490414619446
7731 33264533 0.9913603365421295
7732 33264936 0.9913723468780518
7733 33265403 0.9913862645626068
7734 33265786 0.9913976788520813
7735 33266236 0.9914110898971558
7736 33266710 0.9914252161979675
7737 33267101 0.9914368689060211
7738 33267499 0.9914487302303314
7739 33267962 0.9914625287055969
7740 33268367 0.9914745986461639
7741 33268733 0.9914855062961578
7742 33269166 0.9914984107017517
7743 33269562 0.9915102124214172
7744 33270000 0.991523265838623
7745 33270361 0.991534024477005
7746 33270786 0.9915466904640198
7747 33271216 0.9915595054626465
7748 33271579 0.9915703237056732
7749 33272019 0.9915834367275238
7750 33272423 0.9915954768657684
7751 33272805 0.9916068613529205
7752 33273222 0.9916192889213562
7753 33273635 0.9916315972805023
7754 33273993 0.9916422665119171
7755 33274395 0.991654247045517
7756 33274864 0.9916682243347168
7757 33275209 0.9916785061359406
7758 33275617 0.9916906654834747
7759 33276021 0.9917027056217194
7760 33276399 0.9917139708995819
7761 33276802 0.9917259812355042
7762 33277168 0.991736888885498
7763 33277577 0.9917490780353546
7764 33277941 0.9917599260807037
7765 33278300 0.9917706251144409
7766 33278676 0.9917818307876587
7767 33279050 0.9917929768562317
7768 33279408 0.9918036460876465
7769 33279835 0.991816371679306
7770 33280217 0.9918277561664581
7771 33280576 0.9918384552001953
7772 33280916 0.9918485879898071
7773 33281330 0.9918609261512756
7774 33281682 0.9918714165687561
7775 33282056 0.9918825626373291
7776 33282469 0.9918948709964752
7777 33282829 0.9919055998325348
7778 33283207 0.9919168651103973
7779 33283580 0.991927981376648
7780 33283982 0.9919399619102478
7781 33284353 0.9919510185718536
7782 33284686 0.9919609427452087
7783 33285103 0.9919733703136444
7784 33285488 0.9919848442077637
7785 33285813 0.9919945299625397
7786 33286225 0.9920068085193634
7787 33286649 0.9920194447040558
7788 33287009 0.9920301735401154
7789 33287371 0.9920409619808197
7790 33287788 0.9920533895492554
7791 33288146 0.9920640587806702
7792 33288504 0.992074728012085
7793 33288911 0.9920868575572968
7794 33289237 0.9920965731143951
7795 33289609 0.9921076595783234
7796 33289984 0.9921188354492188
7797 33290318 0.9921287894248962
7798 33290627 0.992137998342514
7799 33290959 0.9921478927135468
7800 33291324 0.9921587705612183
7801 33291665 0.9921689331531525
7802 33291997 0.9921788275241852
7803 33292354 0.9921894669532776
7804 33292663 0.9921986758708954
7805 33292992 0.9922084808349609
7806 33293314 0.9922180771827698
7807 33293679 0.9922289550304413
7808 33294016 0.9922389984130859
7809 33294340 0.9922486543655396
7810 33294783 0.9922618567943573
7811 33295103 0.9922713935375214
7812 33295439 0.9922814071178436
7813 33295857 0.9922938644886017
7814 33296159 0.9923028647899628
7815 33296488 0.9923126697540283
7816 33296837 0.9923230707645416
7817 33297197 0.9923337996006012
7818 33297518 0.9923433661460876
7819 33297826 0.9923525452613831
7820 33298192 0.992363452911377
7821 33298542 0.9923738837242126
7822 33298855 0.99238321185112
7823 33299216 0.992393970489502
7824 33299595 0.9924052655696869
7825 33299917 0.9924148619174957
7826 33300234 0.9924243092536926
7827 33300576 0.9924345016479492
7828 33300868 0.9924432039260864
7829 33301186 0.9924526810646057
7830 33301546 0.9924634099006653
7831 33301833 0.9924719631671906
7832 33302145 0.9924812614917755
7833 33302498 0.9924917817115784
7834 33302839 0.9925019443035126
7835 33303156 0.9925113916397095
7836 33303494 0.9925214648246765
7837 33303825 0.9925313293933868
7838 33304162 0.9925413727760315
7839 33304450 0.9925499558448792
7840 33304772 0.992559552192688
7841 33305074 0.9925685524940491
7842 33305390 0.9925779700279236
7843 33305722 0.9925878643989563
7844 33306041 0.992597371339798
7845 33306336 0.9926061630249023
7846 33306623 0.9926147162914276
7847 33306981 0.9926253855228424
7848 33307285 0.9926344454288483
7849 33307581 0.992643266916275
7850 33307910 0.9926530718803406
7851 33308198 0.9926616549491882
7852 33308478 0.9926699995994568
7853 33308820 0.9926801919937134
7854 33309126 0.992689311504364
7855 33309383 0.9926969707012177
7856 33309655 0.9927050769329071
7857 33309985 0.992714911699295
7858 33310289 0.9927239716053009
7859 33310577 0.9927325546741486
7860 33310858 0.9927409291267395
7861 33311166 0.9927501082420349
7862 33311449 0.9927585422992706
7863 33311748 0.9927674531936646
7864 33312070 0.9927770495414734
7865 33312366 0.9927858710289001
7866 33312636 0.9927939176559448
7867 33312959 0.992803543806076
7868 33313226 0.9928115010261536
7869 33313451 0.9928182065486908
7870 33313728 0.9928264617919922
7871 33314048 0.9928359985351562
7872 33314306 0.9928436875343323
7873 33314557 0.9928511679172516
7874 33314870 0.9928604960441589
7875 33315118 0.9928678870201111
7876 33315397 0.9928762018680573
7877 33315692 0.9928849935531616
7878 33315984 0.9928936958312988
7879 33316242 0.9929013848304749
7880 33316488 0.9929087162017822
7881 33316801 0.9929180443286896
7882 33317052 0.9929255247116089
7883 33317291 0.9929326474666595
7884 33317590 0.9929415583610535
7885 33317836 0.9929488897323608
7886 33318050 0.9929552674293518
7887 33318357 0.9929644167423248
7888 33318633 0.9929726421833038
7889 33318853 0.9929791986942291
7890 33319127 0.9929873645305634
7891 33319398 0.9929954409599304
7892 33319612 0.9930018186569214
7893 33319865 0.9930093586444855
7894 33320117 0.9930168688297272
7895 33320338 0.9930234551429749
7896 33320572 0.9930304288864136
7897 33320815 0.9930376708507538
7898 33321066 0.9930451512336731
7899 33321308 0.9930523633956909
7900 33321542 0.9930593371391296
7901 33321823 0.9930677115917206
7902 33322075 0.9930752217769623
7903 33322290 0.9930816292762756
7904 33322531 0.9930888116359711
7905 33322789 0.9930965006351471
7906 33323002 0.9931028485298157
7907 33323263 0.9931106269359589
7908 33323504 0.9931178092956543
7909 33323722 0.9931243062019348
7910 33323969 0.9931316673755646
7911 33324223 0.993139237165451
7912 33324459 0.9931462705135345
7913 33324698 0.9931533932685852
7914 33324915 0.9931598603725433
7915 33325145 0.9931667149066925
7916 33325364 0.9931732416152954
7917 33325582 0.9931797385215759
7918 33325836 0.9931873083114624
7919 33326049 0.993193656206131
7920 33326243 0.9931994378566742
7921 33326486 0.9932066798210144
7922 33326697 0.9932129681110382
7923 33326875 0.9932182729244232
7924 33327145 0.9932263195514679
7925 33327357 0.9932326376438141
7926 33327551 0.9932384192943573
7927 33327785 0.993245393037796
7928 33328026 0.9932525753974915
7929 33328216 0.9932582378387451
7930 33328418 0.9932642579078674
7931 33328679 0.9932720363140106
7932 33328891 0.9932783544063568
7933 33329098 0.9932845234870911
7934 33329298 0.9932904839515686
7935 33329496 0.9932963848114014
7936 33329711 0.9933027923107147
7937 33329895 0.9933082759380341
7938 33330126 0.9933151602745056
7939 33330340 0.9933215379714966
7940 33330529 0.9933271706104279
7941 33330750 0.9933337569236755
7942 33330961 0.9933400452136993
7943 33331120 0.993344783782959
7944 33331342 0.993351399898529
7945 33331580 0.9933584928512573
7946 33331764 0.9933639764785767
7947 33331955 0.9933696687221527
7948 33332194 0.9933767914772034
7949 33332359 0.9933817088603973
7950 33332581 0.9933883249759674
7951 33332785 0.9933944046497345
7952 33332963 0.9933997094631195
7953 33333142 0.9934050440788269
7954 33333357 0.9934114515781403
7955 33333552 0.9934172630310059
7956 33333744 0.9934229850769043
7957 33333958 0.9934293627738953
7958 33334170 0.9934356808662415
7959 33334377 0.9934418499469757
7960 33334585 0.9934480488300323
7961 33334761 0.9934532940387726
7962 33334959 0.9934591948986053
7963 33335140 0.9934645891189575
7964 33335306 0.9934695363044739
7965 33335521 0.9934759438037872
7966 33335694 0.9934810996055603
7967 33335896 0.9934871196746826
7968 33336112 0.9934935569763184
7969 33336301 0.9934991896152496
7970 33336492 0.9935048818588257
7971 33336671 0.9935102164745331
7972 33336873 0.9935162365436554
7973 33337046 0.9935213923454285
7974 33337230 0.9935268759727478
7975 33337433 0.9935329258441925
7976 33337625 0.9935386478900909
7977 33337794 0.9935436844825745
7978 33337998 0.9935497641563416
7979 33338232 0.9935567378997803
7980 33338402 0.9935618042945862
7981 33338556 0.9935663938522339
7982 33338756 0.9935723543167114
7983 33338939 0.9935778081417084
7984 33339144 0.9935839176177979
7985 33339368 0.9935905933380127
7986 33339567 0.9935965240001678
7987 33339740 0.9936016798019409
7988 33339953 0.9936080276966095
7989 33340136 0.9936134815216064
7990 33340330 0.9936192631721497
7991 33340503 0.9936244189739227
7992 33340718 0.9936308264732361
7993 33340905 0.9936363995075226
7994 33341079 0.993641585111618
7995 33341263 0.9936470687389374
7996 33341446 0.9936525225639343
7997 33341605 0.993657261133194
7998 33341787 0.9936626851558685
7999 33341965 0.9936679899692535
8000 33342127 0.9936728179454803
8001 33342299 0.993677943944931
8002 33342497 0.9936838448047638
8003 33342673 0.993689090013504
8004 33342849 0.9936943352222443
8005 33343052 0.993700385093689
8006 33343240 0.9937059879302979
8007 33343402 0.9937108159065247
8008 33343574 0.9937159419059753
8009 33343763 0.9937215745449066
8010 33343969 0.9937277138233185
8011 33344179 0.9937339723110199
8012 33344376 0.9937398433685303
8013 33344588 0.9937461614608765
8014 33344767 0.9937514960765839
8015 33344981 0.9937578737735748
8016 33345163 0.9937632977962494
8017 33345326 0.9937681555747986
8018 33345498 0.9937732815742493
8019 33345703 0.9937793910503387
8020 33345864 0.9937841892242432
8021 33346053 0.9937898218631744
8022 33346276 0.9937964677810669
8023 33346445 0.9938015043735504
8024 33346622 0.993806779384613
8025 33346838 0.9938132166862488
8026 33347027 0.99381884932518
8027 33347207 0.9938242137432098
8028 33347399 0.9938299357891083
8029 33347613 0.9938363134860992
8030 33347784 0.9938414096832275
8031 33347988 0.9938474893569946
8032 33348185 0.993853360414505
8033 33348376 0.993859052658081
8034 33348545 0.9938640892505646
8035 33348728 0.9938695430755615
8036 33348938 0.9938758015632629
8037 33349134 0.9938816428184509
8038 33349302 0.9938866496086121
8039 33349531 0.9938934743404388
8040 33349714 0.9938989281654358
8041 33349895 0.993904322385788
8042 33350109 0.9939107000827789
8043 33350303 0.9939164817333221
8044 33350498 0.9939222931861877
8045 33350712 0.9939286708831787
8046 33350906 0.9939344525337219
8047 33351115 0.993940681219101
8048 33351288 0.993945837020874
8049 33351496 0.9939520359039307
8050 33351688 0.9939577579498291
8051 33351869 0.9939631521701813
8052 33352067 0.993969053030014
8053 33352256 0.9939746856689453
8054 33352425 0.9939797222614288
8055 33352634 0.9939859509468079
8056 33352842 0.9939921498298645
8057 33353045 0.9939981997013092
8058 33353199 0.9940027892589569
8059 33353387 0.9940083920955658
8060 33353567 0.9940137565135956
8061 33353725 0.9940184652805328
8062 33353926 0.9940244555473328
8063 33354145 0.9940309822559357
8064 33354319 0.9940361678600311
8065 33354524 0.9940422773361206
8066 33354749 0.9940489828586578
8067 33354945 0.9940548241138458
8068 33355129 0.9940603077411652
8069 33355344 0.9940667152404785
8070 33355530 0.9940722584724426
8071 33355740 0.994078516960144
8072 33355924 0.9940840005874634
8073 33356128 0.9940900802612305
8074 33356324 0.9940959215164185
8075 33356512 0.9941015243530273
8076 33356758 0.9941088557243347
8077 33356927 0.9941138923168182
8078 33357099 0.9941190183162689
8079 33357301 0.9941250383853912
8080 33357467 0.9941299855709076
8081 33357647 0.9941353499889374
8082 33357862 0.9941417574882507
8083 33358053 0.9941474497318268
8084 33358222 0.9941524863243103
8085 33358407 0.994157999753952
8086 33358627 0.9941645562648773
8087 33358830 0.994170606136322
8088 33359024 0.9941763877868652
8089 33359206 0.9941818118095398
8090 33359402 0.9941876530647278
8091 33359604 0.9941936731338501
8092 33359796 0.9941993951797485
8093 33360013 0.9942058622837067
8094 33360198 0.9942113757133484
8095 33360363 0.9942162930965424
8096 33360581 0.9942227900028229
8097 33360779 0.9942286908626556
8098 33360940 0.9942334890365601
8099 33361157 0.9942399561405182
8100 33361344 0.9942455291748047
8101 33361550 0.9942516684532166
8102 33361750 0.9942576289176941
8103 33361969 0.994264155626297
8104 33362135 0.9942691028118134
8105 33362338 0.9942751526832581
8106 33362544 0.9942812919616699
8107 33362740 0.9942871332168579
8108 33362928 0.9942927360534668
8109 33363116 0.9942983388900757
8110 33363312 0.9943041801452637
8111 33363488 0.9943094253540039
8112 33363683 0.9943152368068695
8113 33363858 0.9943204522132874
8114 33364070 0.9943267703056335
8115 33364257 0.99433234333992
8116 33364476 0.994338870048523
8117 33364661 0.9943443834781647
8118 33364849 0.9943499863147736
8119 33365049 0.9943559467792511
8120 33365219 0.994361013174057
8121 33365389 0.9943660795688629
8122 33365599 0.9943723380565643
8123 33365821 0.9943789541721344
8124 33366015 0.9943847358226776
8125 33366188 0.9943898916244507
8126 33366395 0.9943960607051849
8127 33366595 0.9944020211696625
8128 33366758 0.9944068789482117
8129 33366921 0.9944117367267609
8130 33367150 0.9944185614585876
8131 33367321 0.9944236576557159
8132 33367496 0.9944288730621338
8133 33367714 0.9944353699684143
8134 33367902 0.9944409728050232
8135 33368065 0.9944458305835724
8136 33368282 0.9944522976875305
8137 33368454 0.9944574236869812
8138 33368630 0.9944626688957214
8139 33368826 0.9944685101509094
8140 33369044 0.9944750070571899
8141 33369209 0.9944799244403839
8142 33369387 0.9944852292537689
8143 33369586 0.9944911599159241
8144 33369762 0.9944964051246643
8145 33369961 0.9945023357868195
8146 33370151 0.9945079982280731
8147 33370361 0.9945142567157745
8148 33370537 0.9945195019245148
8149 33370680 0.9945237636566162
8150 33370890 0.9945300221443176
8151 33371073 0.9945354759693146
8152 33371245 0.9945406019687653
8153 33371428 0.9945460557937622
8154 33371601 0.9945512115955353
8155 33371737 0.99455526471138
8156 33371903 0.9945602118968964
8157 33372083 0.9945655763149261
8158 33372233 0.9945700466632843
8159 33372406 0.9945752024650574
8160 33372615 0.9945814311504364
8161 33372764 0.9945858716964722
8162 33372945 0.9945912659168243
8163 33373131 0.9945968091487885
8164 33373294 0.9946016669273376
8165 33373462 0.9946066737174988
8166 33373626 0.9946115612983704
8167 33373810 0.9946170449256897
8168 33373964 0.9946216344833374
8169 33374116 0.9946261644363403
8170 33374293 0.994631439447403
8171 33374466 0.994636595249176
8172 33374604 0.9946407079696655
8173 33374751 0.9946450889110565
8174 33374948 0.9946509599685669
8175 33375105 0.9946556389331818
8176 33375271 0.9946605861186981
8177 33375462 0.9946662783622742
8178 33375612 0.9946707487106323
8179 33375776 0.9946756362915039
8180 33375952 0.9946808815002441
8181 33376130 0.9946861863136292
8182 33376273 0.9946904480457306
8183 33376438 0.9946953654289246
8184 33376623 0.9947008788585663
8185 33376785 0.9947057068347931
8186 33376963 0.9947110116481781
8187 33377151 0.994716614484787
8188 33377327 0.9947218596935272
8189 33377478 0.9947263598442078
8190 33377621 0.9947306215763092
8191 33377810 0.9947362542152405
8192 33377938 0.9947400689125061
8193 33378104 0.9947450160980225
8194 33378271 0.9947499930858612
8195 33378422 0.9947544932365417
8196 33378576 0.9947590827941895
8197 33378750 0.9947642683982849
8198 33378893 0.9947685301303864
8199 33379053 0.9947732985019684
8200 33379212 0.994778037071228
8201 33379364 0.994782567024231
8202 33379530 0.9947875142097473
8203 33379692 0.9947923421859741
8204 33379862 0.99479740858078
8205 33380010 0.9948018193244934
8206 33380136 0.9948055744171143
8207 33380349 0.9948119223117828
8208 33380528 0.9948172569274902
8209 33380675 0.9948216378688812
8210 33380832 0.9948263168334961
8211 33381004 0.9948314428329468
8212 33381146 0.9948356747627258
8213 33381272 0.9948394298553467
8214 33381448 0.9948446750640869
8215 33381611 0.9948495328426361
8216 33381775 0.9948544204235077
8217 33381940 0.9948593378067017
8218 33382081 0.9948635399341583
8219 33382232 0.9948680400848389
8220 33382408 0.9948732852935791
8221 33382567 0.9948780238628387
8222 33382748 0.9948834180831909
8223 33382868 0.9948869943618774
8224 33383036 0.9948920011520386
8225 33383187 0.9948965013027191
8226 33383324 0.9949005842208862
8227 33383466 0.9949048161506653
8228 33383639 0.9949099719524384
8229 33383785 0.994914323091507
8230 33383931 0.9949186742305756
8231 33384118 0.9949242472648621
8232 33384262 0.9949285387992859
8233 33384407 0.9949328601360321
8234 33384536 0.9949367046356201
8235 33384688 0.994941234588623
8236 33384832 0.9949455261230469
8237 33384997 0.9949504435062408
8238 33385161 0.9949553310871124
8239 33385312 0.994959831237793
8240 33385445 0.9949637949466705
8241 33385621 0.9949690401554108
8242 33385766 0.994973361492157
8243 33385917 0.9949778616428375
8244 33386047 0.9949817359447479
8245 33386220 0.994986891746521
8246 33386369 0.9949913322925568
8247 33386522 0.9949958920478821
8248 33386671 0.9950003325939178
8249 33386813 0.9950045645236969
8250 33386940 0.9950083494186401
8251 33387094 0.9950129389762878
8252 33387237 0.9950172007083893
8253 33387389 0.9950217306613922
8254 33387538 0.995026171207428
8255 33387692 0.9950307607650757
8256 33387844 0.9950352907180786
8257 33388021 0.9950405657291412
8258 33388177 0.9950452148914337
8259 33388318 0.9950494170188904
8260 33388472 0.9950540065765381
8261 33388610 0.9950581192970276
8262 33388767 0.9950627982616425
8263 33388904 0.9950668811798096
8264 33389044 0.9950710535049438
8265 33389226 0.9950764775276184
8266 33389365 0.9950806200504303
8267 33389501 0.995084673166275
8268 33389676 0.9950898885726929
8269 33389814 0.9950940012931824
8270 33389942 0.995097815990448
8271 33390108 0.9951027631759644
8272 33390267 0.995107501745224
8273 33390412 0.9951118230819702
8274 33390586 0.9951170086860657
8275 33390740 0.9951215982437134
8276 33390893 0.9951261579990387
8277 33391042 0.9951305985450745
8278 33391202 0.9951353669166565
8279 33391330 0.9951391816139221
8280 33391479 0.9951436221599579
8281 33391638 0.9951483607292175
8282 33391811 0.9951535165309906
8283 33391968 0.9951581954956055
8284 33392116 0.9951626062393188
8285 33392281 0.9951675236225128
8286 33392422 0.9951717257499695
8287 33392551 0.9951755702495575
8288 33392731 0.9951809346675873
8289 33392865 0.9951849281787872
8290 33392983 0.995188444852829
8291 33393138 0.9951930642127991
8292 33393287 0.9951975047588348
8293 33393431 0.9952017962932587
8294 33393576 0.9952061176300049
8295 33393736 0.9952108860015869
8296 33393874 0.9952149987220764
8297 33394031 0.9952196776866913
8298 33394180 0.995224118232727
8299 33394342 0.9952289462089539
8300 33394476 0.9952329397201538
8301 33394621 0.9952372610569
8302 33394786 0.995242178440094
8303 33394925 0.9952463209629059
8304 33395079 0.9952509105205536
8305 33395260 0.9952563047409058
8306 33395412 0.9952608346939087
8307 33395554 0.9952650666236877
8308 33395710 0.9952697157859802
8309 33395871 0.9952745139598846
8310 33396014 0.9952787756919861
8311 33396172 0.9952834844589233
8312 33396327 0.9952881038188934
8313 33396466 0.9952922463417053
8314 33396623 0.9952969253063202
8315 33396780 0.9953016042709351
8316 33396923 0.9953058660030365
8317 33397055 0.9953097999095917
8318 33397203 0.995314210653305
8319 33397342 0.9953183531761169
8320 33397507 0.9953232705593109
8321 33397656 0.9953277111053467
8322 33397804 0.9953321218490601
8323 33397949 0.9953364431858063
8324 33398080 0.9953403472900391
8325 33398238 0.9953450560569763
8326 33398388 0.9953495264053345
8327 33398517 0.9953533709049225
8328 33398677 0.9953581392765045
8329 33398803 0.9953618943691254
8330 33398941 0.9953660070896149
8331 33399088 0.9953703880310059
8332 33399245 0.9953750669956207
8333 33399367 0.995378702878952
8334 33399499 0.9953826367855072
8335 33399667 0.9953876435756683
8336 33399810 0.9953919053077698
8337 33399958 0.9953963160514832
8338 33400083 0.9954000413417816
8339 33400236 0.9954046010971069
8340 33400387 0.9954091012477875
8341 33400505 0.9954126179218292
8342 33400665 0.9954173862934113
8343 33400826 0.9954221844673157
8344 33400962 0.9954262375831604
8345 33401125 0.9954310953617096
8346 33401279 0.9954356849193573
8347 33401406 0.9954394698143005
8348 33401541 0.9954434931278229
8349 33401692 0.9954479932785034
8350 33401813 0.9954515993595123
8351 33401961 0.9954560101032257
8352 33402125 0.9954608976840973
8353 33402269 0.9954651892185211
8354 33402412 0.9954694509506226
8355 33402561 0.9954738914966583
8356 33402727 0.9954788386821747
8357 33402866 0.9954829812049866
8358 33402986 0.9954865574836731
8359 33403142 0.9954912066459656
8360 33403281 0.9954953491687775
8361 33403396 0.995498776435852
8362 33403547 0.9955032765865326
8363 33403686 0.9955074191093445
8364 33403800 0.9955108165740967
8365 33403916 0.9955142736434937
8366 33404054 0.9955183863639832
8367 33404184 0.9955222606658936
8368 33404329 0.9955265820026398
8369 33404466 0.9955306649208069
8370 33404578 0.9955340027809143
8371 33404706 0.9955378174781799
8372 33404830 0.995541512966156
8373 33404959 0.995545357465744
8374 33405097 0.9955494701862335
8375 33405240 0.995553731918335
8376 33405395 0.995558351278305
8377 33405529 0.995562344789505
8378 33405635 0.9955655038356781
8379 33405755 0.9955690801143646
8380 33405919 0.9955739676952362
8381 33406025 0.9955771267414093
8382 33406165 0.9955812990665436
8383 33406314 0.9955857396125793
8384 33406449 0.9955897629261017
8385 33406588 0.9955939054489136
8386 33406727 0.9955980479717255
8387 33406872 0.9956023693084717
8388 33406996 0.9956060647964478
8389 33407131 0.9956100881099701
8390 33407255 0.9956137835979462
8391 33407400 0.9956181049346924
8392 33407531 0.9956220090389252
8393 33407659 0.9956258237361908
8394 33407798 0.9956299662590027
8395 33407918 0.9956335425376892
8396 33408046 0.9956373572349548
8397 33408165 0.995640903711319
8398 33408295 0.9956447780132294
8399 33408447 0.9956493079662323
8400 33408582 0.9956533312797546
8401 33408703 0.9956569373607635
8402 33408839 0.9956609904766083
8403 33408985 0.9956653416156769
8404 33409097 0.9956686794757843
8405 33409211 0.9956720769405365
8406 33409327 0.9956755340099335
8407 33409469 0.9956797659397125
8408 33409606 0.9956838488578796
8409 33409748 0.9956880807876587
8410 33409886 0.9956921935081482
8411 33409995 0.9956954419612885
8412 33410097 0.995698481798172
8413 33410229 0.9957024157047272
8414 33410348 0.9957059621810913
8415 33410478 0.9957098364830017
8416 33410614 0.9957138895988464
8417 33410750 0.9957179427146912
8418 33410883 0.9957219064235687
8419 33411006 0.9957255721092224
8420 33411170 0.995730459690094
8421 33411302 0.9957343935966492
8422 33411422 0.9957379698753357
8423 33411571 0.9957424104213715
8424 33411700 0.9957462549209595
8425 33411844 0.9957505464553833
8426 33411973 0.9957543909549713
8427 33412099 0.9957581460475922
8428 33412211 0.9957614839076996
8429 33412337 0.9957652390003204
8430 33412467 0.9957691133022308
8431 33412588 0.9957727193832397
8432 33412700 0.9957760572433472
8433 33412836 0.9957801103591919
8434 33412963 0.9957838952541351
8435 33413077 0.9957872927188873
8436 33413198 0.9957908987998962
8437 33413321 0.9957945644855499
8438 33413429 0.9957977831363678
8439 33413543 0.99580118060112
8440 33413692 0.9958056211471558
8441 33413817 0.9958093464374542
8442 33413942 0.9958130717277527
8443 33414099 0.9958177506923676
8444 33414221 0.9958213865756989
8445 33414341 0.9958249628543854
8446 33414464 0.9958286285400391
8447 33414593 0.9958324730396271
8448 33414703 0.9958357512950897
8449 33414815 0.9958390891551971
8450 33414965 0.9958435595035553
8451 33415105 0.9958477318286896
8452 33415240 0.9958517551422119
8453 33415352 0.9958550930023193
8454 33415490 0.9958592057228088
8455 33415603 0.9958625733852386
8456 33415730 0.9958663582801819
8457 33415847 0.9958698451519012
8458 33415973 0.9958736002445221
8459 33416087 0.9958769977092743
8460 33416228 0.995881199836731
8461 33416350 0.9958848357200623
8462 33416472 0.9958884716033936
8463 33416608 0.9958925247192383
8464 33416724 0.9958959817886353
8465 33416843 0.9958995282649994
8466 33416988 0.9959038496017456
8467 33417120 0.9959077835083008
8468 33417246 0.9959115386009216
8469 33417376 0.995915412902832
8470 33417513 0.9959194958209991
8471 33417633 0.9959230720996857
8472 33417742 0.9959263205528259
8473 33417851 0.9959295690059662
8474 33417976 0.9959332942962646
8475 33418087 0.9959366023540497
8476 33418202 0.9959400296211243
8477 33418335 0.9959439933300018
8478 33418457 0.9959476292133331
8479 33418550 0.9959504008293152
8480 33418690 0.9959545731544495
8481 33418794 0.9959576725959778
8482 33418916 0.9959613084793091
8483 33419054 0.9959654211997986
8484 33419182 0.9959692358970642
8485 33419294 0.9959725737571716
8486 33419406 0.995975911617279
8487 33419544 0.9959800243377686
8488 33419648 0.9959831237792969
8489 33419767 0.995986670255661
8490 33419905 0.9959907829761505
8491 33420033 0.9959945976734161
8492 33420146 0.995997965335846
8493 33420275 0.996001809835434
8494 33420421 0.9960061609745026
8495 33420516 0.9960089921951294
8496 33420620 0.9960120916366577
8497 33420778 0.996016800403595
8498 33420907 0.996020644903183
8499 33421024 0.9960241317749023
8500 33421160 0.9960281848907471
8501 33421271 0.9960314929485321
8502 33421397 0.996035248041153
8503 33421496 0.9960381984710693
8504 33421614 0.9960417151451111
8505 33421734 0.9960452914237976
8506 33421829 0.9960481226444244
8507 33421961 0.9960520565509796
8508 33422083 0.9960556924343109
8509 33422204 0.9960592985153198
8510 33422333 0.9960631430149078
8511 33422458 0.9960668683052063
8512 33422580 0.9960705041885376
8513 33422671 0.9960732161998749
8514 33422811 0.9960773885250092
8515 33422914 0.9960804581642151
8516 33423001 0.9960830509662628
8517 33423109 0.9960862696170807
8518 33423233 0.9960899651050568
8519 33423335 0.9960930049419403
8520 33423448 0.9960963726043701
8521 33423569 0.996099978685379
8522 33423676 0.9961031675338745
8523 33423794 0.9961066842079163
8524 33423913 0.9961102306842804
8525 33424020 0.9961134195327759
8526 33424121 0.996116429567337
8527 33424246 0.9961201548576355
8528 33424367 0.9961237609386444
8529 33424476 0.9961270093917847
8530 33424599 0.9961306750774384
8531 33424711 0.9961340129375458
8532 33424828 0.9961374998092651
8533 33424942 0.9961408972740173
8534 33425076 0.9961448907852173
8535 33425196 0.9961484670639038
8536 33425315 0.9961520135402679
8537 33425442 0.9961557984352112
8538 33425567 0.9961595237255096
8539 33425684 0.996163010597229
8540 33425790 0.9961661696434021
8541 33425908 0.9961696863174438
8542 33426013 0.9961728155612946
8543 33426114 0.9961758255958557
8544 33426225 0.9961791336536407
8545 33426325 0.9961821138858795
8546 33426436 0.9961854219436646
8547 33426546 0.9961887001991272
8548 33426667 0.9961923062801361
8549 33426760 0.9961950778961182
8550 33426867 0.9961982667446136
8551 33427006 0.9962024092674255
8552 33427131 0.996206134557724
8553 33427223 0.9962088763713837
8554 33427354 0.9962127804756165
8555 33427466 0.9962161183357239
8556 33427563 0.9962190091609955
8557 33427689 0.9962227642536163
8558 33427812 0.99622642993927
8559 33427914 0.9962294697761536
8560 33428021 0.996232658624649
8561 33428156 0.9962366819381714
8562 33428268 0.9962400197982788
8563 33428387 0.9962435662746429
8564 33428480 0.996246337890625
8565 33428569 0.9962489902973175
8566 33428663 0.996251791715622
8567 33428795 0.9962557256221771
8568 33428892 0.9962586164474487
8569 33429004 0.9962619543075562
8570 33429110 0.9962651133537292
8571 33429220 0.9962683916091919
8572 33429334 0.9962717890739441
8573 33429423 0.9962744414806366
8574 33429544 0.9962780475616455
8575 33429669 0.996281772851944
8576 33429760 0.9962844848632812
8577 33429887 0.9962882697582245
8578 33429976 0.996290922164917
8579 33430071 0.9962937533855438
8580 33430193 0.9962973892688751
8581 33430316 0.9963010549545288
8582 33430431 0.9963044822216034
8583 33430547 0.9963079392910004
8584 33430668 0.9963115453720093
8585 33430755 0.996314138174057
8586 33430876 0.9963177442550659
8587 33430970 0.9963205456733704
8588 33431077 0.9963237345218658
8589 33431195 0.9963272511959076
8590 33431315 0.9963308274745941
8591 33431439 0.9963345229625702
8592 33431549 0.9963378012180328
8593 33431665 0.9963412582874298
8594 33431758 0.9963440299034119
8595 33431867 0.9963472783565521
8596 33431972 0.9963504076004028
8597 33432070 0.9963533282279968
8598 33432191 0.9963569343090057
8599 33432285 0.9963597357273102
8600 33432395 0.9963630139827728
8601 33432514 0.996366560459137
8602 33432638 0.996370255947113
8603 33432722 0.9963727593421936
8604 33432816 0.996375560760498
8605 33432940 0.9963792562484741
8606 33433043 0.99638232588768
8607 33433131 0.9963849484920502
8608 33433245 0.9963883459568024
8609 33433345 0.9963913261890411
8610 33433439 0.9963941276073456
8611 33433548 0.9963973760604858
8612 33433650 0.9964004158973694
8613 33433735 0.9964029490947723
8614 33433823 0.9964055716991425
8615 33433925 0.996408611536026
8616 33434035 0.9964118897914886
8617 33434133 0.9964148104190826
8618 33434241 0.9964180290699005
8619 33434341 0.9964210093021393
8620 33434437 0.9964238703250885
8621 33434539 0.996426910161972
8622 33434656 0.9964303970336914
8623 33434770 0.9964337944984436
8624 33434861 0.9964365065097809
8625 33434975 0.9964399039745331
8626 33435081 0.9964430630207062
8627 33435165 0.9964455664157867
8628 33435275 0.9964488446712494
8629 33435383 0.9964520633220673
8630 33435477 0.9964548647403717
8631 33435561 0.9964573681354523
8632 33435670 0.9964606165885925
8633 33435770 0.9964635968208313
8634 33435853 0.9964660704135895
8635 33435988 0.9964700937271118
8636 33436076 0.9964727163314819
8637 33436168 0.9964754581451416
8638 33436272 0.9964785575866699
8639 33436378 0.996481716632843
8640 33436469 0.9964844286441803
8641 33436566 0.9964873194694519
8642 33436659 0.996490091085434
8643 33436780 0.9964936971664429
8644 33436875 0.9964965283870697
8645 33436977 0.9964995682239532
8646 33437064 0.996502161026001
8647 33437159 0.9965049922466278
8648 33437245 0.9965075552463531
8649 33437345 0.9965105354785919
8650 33437438 0.996513307094574
8651 33437548 0.9965165853500366
8652 33437660 0.996519923210144
8653 33437747 0.9965225160121918
8654 33437840 0.9965252876281738
8655 33437946 0.9965284466743469
8656 33438032 0.9965310096740723
8657 33438115 0.9965334832668304
8658 33438216 0.9965364933013916
8659 33438303 0.9965390861034393
8660 33438410 0.9965422749519348
8661 33438511 0.996545284986496
8662 33438606 0.9965481162071228
8663 33438693 0.9965507090091705
8664 33438778 0.9965532422065735
8665 33438879 0.9965562522411346
8666 33438984 0.9965593814849854
8667 33439071 0.9965619742870331
8668 33439154 0.9965644478797913
8669 33439259 0.996567577123642
8670 33439342 0.9965700507164001
8671 33439427 0.9965725839138031
8672 33439532 0.9965757131576538
8673 33439628 0.996578574180603
8674 33439718 0.9965812563896179
8675 33439824 0.996584415435791
8676 33439930 0.9965875744819641
8677 33440012 0.9965900182723999
8678 33440101 0.9965926706790924
8679 33440212 0.9965959787368774
8680 33440314 0.996599018573761
8681 33440396 0.9966014623641968
8682 33440483 0.9966040551662445
8683 33440577 0.996606856584549
8684 33440665 0.9966094791889191
8685 33440758 0.9966122508049011
8686 33440858 0.9966152310371399
8687 33440930 0.9966173768043518
8688 33441019 0.9966200292110443
8689 33441137 0.9966235458850861
8690 33441211 0.9966257512569427
8691 33441293 0.9966281950473785
8692 33441384 0.9966309070587158
8693 33441475 0.9966336190700531
8694 33441575 0.9966365993022919
8695 33441662 0.9966391921043396
8696 33441757 0.9966420233249664
8697 33441831 0.9966442286968231
8698 33441911 0.9966466128826141
8699 33442009 0.9966495335102081
8700 33442098 0.9966521859169006
8701 33442185 0.9966547787189484
8702 33442288 0.9966578483581543
8703 33442384 0.9966607093811035
8704 33442457 0.9966628849506378
8705 33442558 0.996665894985199
8706 33442653 0.9966687262058258
8707 33442734 0.9966711401939392
8708 33442812 0.9966734647750854
8709 33442927 0.99667689204216
8710 33443002 0.9966791272163391
8711 33443083 0.9966815412044525
8712 33443184 0.9966845512390137
8713 33443278 0.9966873526573181
8714 33443374 0.9966902136802673
8715 33443469 0.9966930449008942
8716 33443569 0.9966960251331329
8717 33443648 0.9966983795166016
8718 33443731 0.9967008531093597
8719 33443812 0.9967032670974731
8720 33443902 0.996705949306488
8721 33443985 0.9967084228992462
8722 33444062 0.9967107176780701
8723 33444166 0.9967138171195984
8724 33444244 0.9967161417007446
8725 33444313 0.9967181980609894
8726 33444413 0.9967211782932281
8727 33444508 0.996724009513855
8728 33444578 0.9967260956764221
8729 33444686 0.99672931432724
8730 33444775 0.9967319667339325
8731 33444857 0.9967344105243683
8732 33444948 0.9967371225357056
8733 33445041 0.9967398941516876
8734 33445123 0.9967423379421234
8735 33445205 0.9967447817325592
8736 33445308 0.9967478513717651
8737 33445386 0.9967501759529114
8738 33445469 0.9967526495456696
8739 33445553 0.9967551529407501
8740 33445653 0.9967581331729889
8741 33445740 0.9967607259750366
8742 33445820 0.9967631101608276
8743 33445919 0.996766060590744
8744 33446025 0.9967692196369171
8745 33446097 0.996771365404129
8746 33446183 0.9967739284038544
8747 33446260 0.9967762231826782
8748 33446346 0.9967787861824036
8749 33446439 0.9967815577983856
8750 33446542 0.9967846274375916
8751 33446627 0.9967871606349945
8752 33446712 0.9967896938323975
8753 33446814 0.996792733669281
8754 33446887 0.9967949092388153
8755 33446964 0.9967972040176392
8756 33447039 0.9967994391918182
8757 33447134 0.9968022704124451
8758 33447195 0.9968040883541107
8759 33447264 0.9968061447143555
8760 33447354 0.9968088269233704
8761 33447433 0.996811181306839
8762 33447516 0.9968136548995972
8763 33447612 0.9968165159225464
8764 33447700 0.9968191385269165
8765 33447776 0.996821403503418
8766 33447868 0.9968241453170776
8767 33447949 0.996826559305191
8768 33448040 0.9968292713165283
8769 33448126 0.9968318343162537
8770 33448224 0.9968347549438477
8771 33448297 0.996836930513382
8772 33448376 0.9968392848968506
8773 33448457 0.996841698884964
8774 33448541 0.9968442022800446
8775 33448630 0.9968468546867371
8776 33448723 0.9968496263027191
8777 33448808 0.9968521595001221
8778 33448882 0.9968543648719788
8779 33448962 0.9968567490577698
8780 33449062 0.9968597292900085
8781 33449137 0.9968619644641876
8782 33449207 0.9968640506267548
8783 33449280 0.9968662261962891
8784 33449352 0.996868371963501
8785 33449430 0.9968706965446472
8786 33449513 0.9968731701374054
8787 33449598 0.9968757033348083
8788 33449681 0.9968781769275665
8789 33449759 0.9968805015087128
8790 33449852 0.9968832731246948
8791 33449913 0.9968850910663605
8792 33449986 0.9968872666358948
8793 33450067 0.9968896806240082
8794 33450149 0.996892124414444
8795 33450226 0.9968944191932678
8796 33450310 0.9968969225883484
8797 33450396 0.9968994855880737
8798 33450457 0.9969013035297394
8799 33450524 0.9969033002853394
8800 33450621 0.996906191110611
8801 33450690 0.9969082474708557
8802 33450775 0.9969107806682587
8803 33450857 0.9969132244586945
8804 33450934 0.9969155192375183
8805 33451011 0.9969178140163422
8806 33451105 0.9969206154346466
8807 33451199 0.996923416852951
8808 33451277 0.9969257414340973
8809 33451347 0.9969278275966644
8810 33451426 0.9969301819801331
8811 33451474 0.9969316124916077
8812 33451553 0.9969339668750763
8813 33451635 0.9969364106655121
8814 33451707 0.996938556432724
8815 33451783 0.9969408214092255
8816 33451846 0.9969426989555359
8817 33451933 0.9969452917575836
8818 33452008 0.9969475269317627
8819 33452074 0.9969494938850403
8820 33452155 0.9969519078731537
8821 33452235 0.9969542920589447
8822 33452302 0.9969562888145447
8823 33452378 0.9969585537910461
8824 33452481 0.9969616234302521
8825 33452555 0.9969638288021088
8826 33452636 0.9969662427902222
8827 33452725 0.9969688951969147
8828 33452793 0.996970921754837
8829 33452881 0.9969735443592072
8830 33452950 0.9969756007194519
8831 33453015 0.9969775378704071
8832 33453079 0.9969794452190399
8833 33453159 0.9969818294048309
8834 33453252 0.996984601020813
8835 33453314 0.996986448764801
8836 33453384 0.9969885349273682
8837 33453463 0.9969908893108368
8838 33453538 0.9969931244850159
8839 33453586 0.9969945549964905
8840 33453661 0.9969967901706696
8841 33453735 0.9969989955425262
8842 33453788 0.9970005750656128
8843 33453873 0.9970031082630157
8844 33453962 0.9970057606697083
8845 33454038 0.9970080256462097
8846 33454115 0.9970103204250336
8847 33454195 0.9970127046108246
8848 33454265 0.9970147907733917
8849 33454338 0.997016966342926
8850 33454436 0.99701988697052
8851 33454502 0.9970218539237976
8852 33454585 0.9970243275165558
8853 33454665 0.9970267117023468
8854 33454763 0.9970296323299408
8855 33454835 0.9970317780971527
8856 33454924 0.9970344305038452
8857 33455008 0.9970369338989258
8858 33455084 0.9970391988754272
8859 33455149 0.9970411360263824
8860 33455215 0.99704310297966
8861 33455283 0.9970451295375824
8862 33455352 0.9970471858978271
8863 33455420 0.9970492124557495
8864 33455509 0.997051864862442
8865 33455573 0.9970537722110748
8866 33455634 0.9970555901527405
8867 33455712 0.9970579147338867
8868 33455794 0.9970603585243225
8869 33455867 0.9970625340938568
8870 33455952 0.9970650672912598
8871 33456036 0.9970675706863403
8872 33456099 0.9970694482326508
8873 33456152 0.9970710277557373
8874 33456230 0.9970733523368835
8875 33456291 0.9970751702785492
8876 33456368 0.997077465057373
8877 33456438 0.9970795512199402
8878 33456516 0.9970818758010864
8879 33456585 0.9970839321613312
8880 33456655 0.9970860183238983
8881 33456737 0.9970884621143341
8882 33456807 0.9970905482769012
8883 33456896 0.9970932006835938
8884 33456989 0.9970959722995758
8885 33457057 0.9970979988574982
8886 33457129 0.9971001446247101
8887 33457216 0.9971027374267578
8888 33457291 0.9971049726009369
8889 33457370 0.9971073269844055
8890 33457432 0.9971091747283936
8891 33457531 0.9971121251583099
8892 33457606 0.997114360332489
8893 33457669 0.9971162378787994
8894 33457747 0.9971185624599457
8895 33457825 0.9971208870410919
8896 33457881 0.9971225559711456
8897 33457955 0.9971247613430023
8898 33458013 0.9971264898777008
8899 33458077 0.9971283972263336
8900 33458155 0.9971307218074799
8901 33458250 0.9971335530281067
8902 33458330 0.9971359372138977
8903 33458391 0.9971377551555634
8904 33458480 0.9971404075622559
8905 33458542 0.9971422553062439
8906 33458615 0.9971444308757782
8907 33458689 0.9971466362476349
8908 33458763 0.9971488416194916
8909 33458836 0.9971510171890259
8910 33458911 0.997153252363205
8911 33459000 0.9971559047698975
8912 33459077 0.9971581995487213
8913 33459167 0.9971608817577362
8914 33459249 0.997163325548172
8915 33459340 0.9971660375595093
8916 33459406 0.9971680045127869
8917 33459476 0.997170090675354
8918 33459569 0.9971728622913361
8919 33459632 0.9971747398376465
8920 33459717 0.9971772730350494
8921 33459797 0.9971796572208405
8922 33459879 0.9971821010112762
8923 33459934 0.9971837401390076
8924 33460012 0.9971860647201538
8925 33460079 0.9971880614757538
8926 33460160 0.9971904754638672
8927 33460251 0.9971931874752045
8928 33460323 0.9971953332424164
8929 33460399 0.9971975982189178
8930 33460472 0.9971997737884521
8931 33460556 0.9972022771835327
8932 33460620 0.9972041845321655
8933 33460698 0.9972065091133118
8934 33460770 0.9972086548805237
8935 33460853 0.9972111284732819
8936 33460923 0.997213214635849
8937 33460994 0.9972153306007385
8938 33461073 0.9972176849842072
8939 33461152 0.9972200393676758
8940 33461226 0.9972222447395325
8941 33461321 0.9972250759601593
8942 33461403 0.9972275197505951
8943 33461479 0.9972297847270966
8944 33461573 0.997232586145401
8945 33461649 0.9972348511219025
8946 33461713 0.9972367584705353
8947 33461782 0.99723881483078
8948 33461859 0.9972411096096039
8949 33461930 0.9972432255744934
8950 33462017 0.9972458183765411
8951 33462099 0.9972482621669769
8952 33462177 0.9972505867481232
8953 33462251 0.9972527921199799
8954 33462322 0.9972549080848694
8955 33462414 0.997257649898529
8956 33462471 0.9972593486309052
8957 33462537 0.9972613155841827
8958 33462629 0.9972640573978424
8959 33462709 0.9972664415836334
8960 33462789 0.9972688257694244
8961 33462878 0.9972714781761169
8962 33462948 0.9972735643386841
8963 33463034 0.9972761273384094
8964 33463111 0.9972784221172333
8965 33463198 0.997281014919281
8966 33463274 0.9972832798957825
8967 33463363 0.997285932302475
8968 33463451 0.9972885549068451
8969 33463542 0.9972912669181824
8970 33463615 0.9972934424877167
8971 33463685 0.9972955286502838
8972 33463780 0.9972983598709106
8973 33463863 0.9973008334636688
8974 33463930 0.9973028302192688
8975 33464023 0.9973056018352509
8976 33464095 0.9973077476024628
8977 33464164 0.9973098039627075
8978 33464243 0.9973121583461761
8979 33464342 0.9973151087760925
8980 33464414 0.9973172545433044
8981 33464504 0.9973199367523193
8982 33464580 0.9973222017288208
8983 33464657 0.9973244965076447
8984 33464737 0.9973268806934357
8985 33464804 0.9973288774490356
8986 33464884 0.9973312616348267
8987 33464967 0.9973337352275848
8988 33465041 0.9973359405994415
8989 33465131 0.9973386228084564
8990 33465205 0.9973408281803131
8991 33465297 0.9973435699939728
8992 33465403 0.9973467290401459
8993 33465489 0.9973492920398712
8994 33465570 0.9973517060279846
8995 33465662 0.9973544478416443
8996 33465753 0.9973571598529816
8997 33465815 0.9973590075969696
8998 33465914 0.997361958026886
8999 33466000 0.9973645210266113
9000 33466078 0.9973668456077576
9001 33466148 0.9973689317703247
9002 33466240 0.9973716735839844
9003 33466321 0.9973740875720978
9004 33466398 0.9973763823509216
9005 33466498 0.9973793625831604
9006 33466585 0.9973819553852081
9007 33466664 0.9973843097686768
9008 33466746 0.9973867535591125
9009 33466848 0.9973897933959961
9010 33466942 0.9973925948143005
9011 33467009 0.9973945915699005
9012 33467105 0.9973974525928497
9013 33467192 0.9974000453948975
9014 33467272 0.9974024295806885
9015 33467369 0.9974053204059601
9016 33467469 0.9974083006381989
9017 33467544 0.9974105358123779
9018 33467630 0.9974130988121033
9019 33467729 0.9974160492420197
9020 33467799 0.9974181354045868
9021 33467887 0.9974207580089569
9022 33467980 0.997423529624939
9023 33468066 0.9974260926246643
9024 33468134 0.9974281191825867
9025 33468216 0.9974305629730225
9026 33468303 0.9974331557750702
9027 33468389 0.9974357187747955
9028 33468471 0.9974381625652313
9029 33468550 0.9974405169487
9030 33468636 0.9974430799484253
9031 33468727 0.9974457919597626
9032 33468803 0.997448056936264
9033 33468888 0.997450590133667
9034 33468962 0.9974527955055237
9035 33469047 0.9974553287029266
9036 33469136 0.9974579811096191
9037 33469216 0.9974603652954102
9038 33469286 0.9974624514579773
9039 33469367 0.9974648654460907
9040 33469439 0.9974670112133026
9041 33469531 0.9974697530269623
9042 33469608 0.9974720478057861
9043 33469684 0.9974743127822876
9044 33469752 0.99747633934021
9045 33469841 0.9974789917469025
9046 33469932 0.9974817037582397
9047 33469997 0.997483640909195
9048 33470059 0.997485488653183
9049 33470143 0.9974879920482635
9050 33470239 0.9974908530712128
9051 33470310 0.9974929690361023
9052 33470399 0.9974956214427948
9053 33470483 0.9974981248378754
9054 33470571 0.9975007474422455
9055 33470648 0.9975030422210693
9056 33470732 0.9975055456161499
9057 33470813 0.9975079596042633
9058 33470905 0.997510701417923
9059 33470984 0.9975130558013916
9060 33471059 0.9975152909755707
9061 33471140 0.9975177049636841
9062 33471219 0.9975200593471527
9063 33471306 0.9975226521492004
9064 33471362 0.9975243210792542
9065 33471443 0.9975267350673676
9066 33471538 0.9975295662879944
9067 33471626 0.9975321888923645
9068 33471698 0.9975343346595764
9069 33471790 0.9975370764732361
9070 33471864 0.9975392818450928
9071 33471938 0.9975414872169495
9072 33472024 0.9975440502166748
9073 33472126 0.9975470900535583
9074 33472186 0.9975488781929016
9075 33472255 0.9975509345531464
9076 33472340 0.9975534677505493
9077 33472417 0.9975557625293732
9078 33472504 0.9975583553314209
9079 33472585 0.9975607693195343
9080 33472672 0.997563362121582
9081 33472748 0.9975656270980835
9082 33472825 0.9975679218769073
9083 33472907 0.9975703656673431
9084 33472987 0.9975727498531342
9085 33473047 0.9975745379924774
9086 33473144 0.997577428817749
9087 33473230 0.9975799918174744
9088 33473301 0.9975821077823639
9089 33473375 0.9975843131542206
9090 33473454 0.9975866675376892
9091 33473523 0.997588723897934
9092 33473593 0.9975908100605011
9093 33473693 0.9975937902927399
9094 33473757 0.9975956976413727
9095 33473832 0.9975979328155518
9096 33473921 0.9976005852222443
9097 33473984 0.9976024627685547
9098 33474058 0.9976046681404114
9099 33474133 0.9976069033145905
9100 33474207 0.9976091086864471
9101 33474275 0.9976111352443695
9102 33474346 0.997613251209259
9103 33474418 0.997615396976471
9104 33474490 0.9976175427436829
9105 33474548 0.9976192712783813
9106 33474632 0.9976217746734619
9107 33474716 0.9976242780685425
9108 33474776 0.9976260662078857
9109 33474848 0.9976282119750977
9110 33474944 0.9976310729980469
9111 33475009 0.9976330101490021
9112 33475074 0.9976349472999573
9113 33475138 0.9976368546485901
9114 33475189 0.9976383745670319
9115 33475256 0.9976403713226318
9116 33475325 0.9976424276828766
9117 33475404 0.9976447820663452
9118 33475486 0.997647225856781
9119 33475552 0.9976491928100586
9120 33475620 0.997651219367981
9121 33475682 0.997653067111969
9122 33475755 0.9976552426815033
9123 33475835 0.9976576268672943
9124 33475902 0.9976596236228943
9125 33475975 0.9976617991924286
9126 33476039 0.9976637065410614
9127 33476122 0.9976661801338196
9128 33476181 0.9976679384708405
9129 33476245 0.9976698458194733
9130 33476308 0.9976717233657837
9131 33476373 0.9976736605167389
9132 33476438 0.9976755976676941
9133 33476508 0.9976776838302612
9134 33476570 0.9976795315742493
9135 33476630 0.9976813197135925
9136 33476691 0.9976831376552582
9137 33476767 0.9976854026317596
9138 33476832 0.9976873397827148
9139 33476890 0.9976890683174133
9140 33476957 0.9976910650730133
9141 33477009 0.9976926147937775
9142 33477082 0.9976947903633118
9143 33477153 0.9976969063282013
9144 33477221 0.9976989328861237
9145 33477283 0.9977007806301117
9146 33477360 0.9977030754089355
9147 33477426 0.9977050423622131
9148 33477476 0.9977065324783325
9149 33477527 0.9977080523967743
9150 33477606 0.9977104067802429
9151 33477664 0.9977121353149414
9152 33477725 0.9977139532566071
9153 33477781 0.9977156221866608
9154 33477848 0.9977176189422607
9155 33477908 0.997719407081604
9156 33477960 0.9977209568023682
9157 33478025 0.9977228939533234
9158 33478085 0.9977246820926666
9159 33478134 0.9977261424064636
9160 33478195 0.9977279603481293
9161 33478261 0.9977299273014069
9162 33478327 0.9977318942546844
9163 33478386 0.9977336525917053
9164 33478444 0.9977353811264038
9165 33478503 0.9977371394634247
9166 33478554 0.9977386593818665
9167 33478624 0.9977407455444336
9168 33478683 0.9977425038814545
9169 33478729 0.9977438747882843
9170 33478788 0.9977456331253052
9171 33478846 0.9977473616600037
9172 33478898 0.9977489113807678
9173 33478962 0.9977508187294006
9174 33479026 0.9977527260780334
9175 33479088 0.9977545738220215
9176 33479143 0.9977562129497528
9177 33479197 0.9977578222751617
9178 33479244 0.997759222984314
9179 33479299 0.9977608621120453
9180 33479357 0.9977625906467438
9181 33479416 0.9977643489837646
9182 33479476 0.9977661371231079
9183 33479531 0.9977677762508392
9184 33479589 0.9977695047855377
9185 33479635 0.9977708756923676
9186 33479684 0.9977723360061646
9187 33479747 0.997774213552475
9188 33479799 0.9977757632732391
9189 33479845 0.997777134180069
9190 33479877 0.9977780878543854
9191 33479930 0.9977796673774719
9192 33479971 0.9977808892726898
9193 33480027 0.9977825582027435
9194 33480088 0.9977843761444092
9195 33480133 0.9977857172489166
9196 33480186 0.9977872967720032
9197 33480235 0.9977887570858002
9198 33480295 0.9977905452251434
9199 33480347 0.9977920949459076
9200 33480404 0.9977937936782837
9201 33480469 0.9977957308292389
9202 33480515 0.9977971017360687
9203 33480564 0.9977985620498657
9204 33480623 0.9978003203868866
9205 33480683 0.9978021085262299
9206 33480736 0.9978036880493164
9207 33480789 0.997805267572403
9208 33480860 0.9978073835372925
9209 33480903 0.9978086650371552
9210 33480946 0.9978099465370178
9211 33481025 0.9978123009204865
9212 33481084 0.9978140592575073
9213 33481136 0.9978156089782715
9214 33481186 0.9978170990943909
9215 33481245 0.9978188574314117
9216 33481292 0.997820258140564
9217 33481339 0.9978216588497162
9218 33481392 0.9978232383728027
9219 33481437 0.9978245794773102
9220 33481483 0.99782595038414
9221 33481530 0.9978273510932922
9222 33481588 0.9978290796279907
9223 33481631 0.9978303611278534
9224 33481682 0.9978318810462952
9225 33481739 0.9978335797786713
9226 33481780 0.9978348016738892
9227 33481833 0.9978363811969757
9228 33481883 0.9978378713130951
9229 33481933 0.9978393614292145
9230 33481967 0.9978403747081757
9231 33482021 0.9978419840335846
9232 33482075 0.9978435933589935
9233 33482129 0.9978452026844025
9234 33482183 0.9978468120098114
9235 33482220 0.9978479146957397
9236 33482255 0.9978489577770233
9237 33482298 0.997850239276886
9238 33482339 0.9978514611721039
9239 33482380 0.9978526830673218
9240 33482433 0.9978542625904083
9241 33482492 0.9978560209274292
9242 33482527 0.9978570640087128
9243 33482576 0.9978585243225098
9244 33482637 0.9978603422641754
9245 33482678 0.9978615641593933
9246 33482718 0.9978627562522888
9247 33482780 0.9978646039962769
9248 33482837 0.997866302728653
9249 33482881 0.997867614030838
9250 33482934 0.9978691935539246
9251 33482977 0.9978704750537872
9252 33483013 0.9978715479373932
9253 33483064 0.997873067855835
9254 33483107 0.9978743493556976
9255 33483155 0.9978757798671722
9256 33483217 0.9978776276111603
9257 33483261 0.9978789389133453
9258 33483312 0.9978804588317871
9259 33483371 0.997882217168808
9260 33483416 0.9978835582733154
9261 33483469 0.997885137796402
9262 33483515 0.9978865087032318
9263 33483556 0.9978877305984497
9264 33483598 0.99788898229599
9265 33483658 0.9978907704353333
9266 33483707 0.9978922307491302
9267 33483760 0.9978938102722168
9268 33483831 0.9978959262371063
9269 33483880 0.9978973865509033
9270 33483928 0.9978988170623779
9271 33483984 0.9979004859924316
9272 33484032 0.9979019165039062
9273 33484073 0.9979031383991241
9274 33484125 0.9979046881198883
9275 33484176 0.9979062080383301
9276 33484238 0.9979080557823181
9277 33484282 0.9979093670845032
9278 33484342 0.9979111552238464
9279 33484390 0.997912585735321
9280 33484430 0.9979137778282166
9281 33484492 0.9979156255722046
9282 33484545 0.9979172050952911
9283 33484586 0.997918426990509
9284 33484641 0.9979200661182404
9285 33484696 0.9979217052459717
9286 33484733 0.9979228079319
9287 33484776 0.9979240894317627
9288 33484845 0.9979261457920074
9289 33484882 0.9979272484779358
9290 33484924 0.9979285001754761
9291 33484969 0.9979298412799835
9292 33485019 0.9979313313961029
9293 33485069 0.9979328215122223
9294 33485110 0.9979340434074402
9295 33485172 0.9979358911514282
9296 33485228 0.9979375600814819
9297 33485274 0.9979389309883118
9298 33485319 0.9979402720928192
9299 33485374 0.9979419112205505
9300 33485412 0.9979430437088013
9301 33485456 0.9979443550109863
9302 33485510 0.9979459643363953
9303 33485550 0.9979471564292908
9304 33485586 0.9979482293128967
9305 33485637 0.9979497492313385
9306 33485677 0.997950941324234
9307 33485716 0.9979521036148071
9308 33485761 0.9979534447193146
9309 33485815 0.9979550540447235
9310 33485871 0.9979567229747772
9311 33485912 0.9979579448699951
9312 33485956 0.9979592561721802
9313 33486002 0.99796062707901
9314 33486046 0.9979619383811951
9315 33486100 0.997963547706604
9316 33486146 0.9979649186134338
9317 33486186 0.9979661107063293
9318 33486230 0.9979674220085144
9319 33486283 0.997969001531601
9320 33486322 0.9979701638221741
9321 33486373 0.9979716837406158
9322 33486434 0.9979735016822815
9323 33486485 0.9979750216007233
9324 33486520 0.9979760646820068
9325 33486573 0.9979776442050934
9326 33486622 0.9979791045188904
9327 33486672 0.9979805946350098
9328 33486707 0.9979816377162933
9329 33486755 0.9979830682277679
9330 33486797 0.9979843199253082
9331 33486841 0.9979856312274933
9332 33486898 0.9979873299598694
9333 33486942 0.9979886412620544
9334 33486982 0.99798983335495
9335 33487035 0.9979914128780365
9336 33487079 0.9979927241802216
9337 33487126 0.9979941248893738
9338 33487163 0.9979952275753021
9339 33487224 0.9979970455169678
9340 33487265 0.9979982674121857
9341 33487312 0.9979996681213379
9342 33487369 0.998001366853714
9343 33487407 0.9980024993419647
9344 33487453 0.9980038702487946
9345 33487506 0.9980054497718811
9346 33487550 0.9980067610740662
9347 33487606 0.9980084300041199
9348 33487652 0.9980098009109497
9349 33487691 0.9980109632015228
9350 33487731 0.9980121552944183
9351 33487782 0.9980136752128601
9352 33487836 0.998015284538269
9353 33487878 0.9980165362358093
9354 33487915 0.9980176389217377
9355 33487966 0.9980191588401794
9356 33488018 0.9980207085609436
9357 33488066 0.9980221390724182
9358 33488109 0.9980234205722809
9359 33488172 0.9980252981185913
9360 33488220 0.9980267286300659
9361 33488272 0.9980282783508301
9362 33488322 0.9980297684669495
9363 33488355 0.9980307519435883
9364 33488384 0.9980316162109375
9365 33488432 0.9980330467224121
9366 33488484 0.9980345964431763
9367 33488539 0.9980362355709076
9368 33488595 0.9980379045009613
9369 33488634 0.9980390667915344
9370 33488687 0.998040646314621
9371 33488734 0.9980420470237732
9372 33488790 0.9980437159538269
9373 33488818 0.9980445504188538
9374 33488866 0.9980459809303284
9375 33488907 0.9980472028255463
9376 33488971 0.9980491101741791
9377 33489011 0.9980503022670746
9378 33489053 0.9980515539646149
9379 33489103 0.9980530440807343
9380 33489149 0.9980544149875641
9381 33489184 0.9980554580688477
9382 33489226 0.9980567097663879
9383 33489261 0.9980577528476715
9384 33489299 0.9980588853359222
9385 33489344 0.9980602264404297
9386 33489388 0.9980615377426147
9387 33489424 0.9980626106262207
9388 33489462 0.9980637431144714
9389 33489505 0.9980650246143341
9390 33489555 0.9980665147304535
9391 33489590 0.9980675578117371
9392 33489631 0.998068779706955
9393 33489671 0.9980699717998505
9394 33489718 0.9980713725090027
9395 33489758 0.9980725646018982
9396 33489811 0.9980741441249847
9397 33489841 0.9980750381946564
9398 33489882 0.9980762600898743
9399 33489923 0.9980774819850922
9400 33489976 0.9980790615081787
9401 33490017 0.9980802834033966
9402 33490072 0.9980819225311279
9403 33490120 0.9980833530426025
9404 33490155 0.9980843961238861
9405 33490207 0.9980859458446503
9406 33490246 0.9980871081352234
9407 33490307 0.998088926076889
9408 33490342 0.9980899691581726
9409 33490383 0.9980911910533905
9410 33490436 0.998092770576477
9411 33490465 0.9980936348438263
9412 33490496 0.9980945587158203
9413 33490537 0.9980957806110382
9414 33490579 0.9980970323085785
9415 33490612 0.9980980157852173
9416 33490653 0.9980992376804352
9417 33490693 0.9981004297733307
9418 33490727 0.9981014430522919
9419 33490780 0.9981030225753784
9420 33490825 0.9981043636798859
9421 33490865 0.9981055557727814
9422 33490905 0.9981067478656769
9423 33490949 0.9981080591678619
9424 33490983 0.9981090724468231
9425 33491020 0.9981101751327515
9426 33491061 0.9981113970279694
9427 33491092 0.9981123208999634
9428 33491130 0.9981134533882141
9429 33491165 0.9981144964694977
9430 33491214 0.9981159567832947
9431 33491256 0.998117208480835
9432 33491295 0.9981183707714081
9433 33491346 0.9981198906898499
9434 33491385 0.998121052980423
9435 33491427 0.9981223046779633
9436 33491465 0.998123437166214
9437 33491516 0.9981249570846558
9438 33491558 0.998126208782196
9439 33491616 0.9981279373168945
9440 33491669 0.9981295168399811
9441 33491712 0.9981307983398438
9442 33491753 0.9981320202350616
9443 33491789 0.9981330931186676
9444 33491830 0.9981343150138855
9445 33491875 0.9981356561183929
9446 33491914 0.9981368184089661
9447 33491955 0.998138040304184
9448 33491998 0.9981393218040466
9449 33492040 0.9981405735015869
9450 33492092 0.9981421232223511
9451 33492125 0.9981431066989899
9452 33492160 0.9981441497802734
9453 33492206 0.9981455206871033
9454 33492253 0.9981469213962555
9455 33492305 0.9981484711170197
9456 33492348 0.9981497526168823
9457 33492394 0.9981511235237122
9458 33492440 0.998152494430542
9459 33492485 0.9981538355350494
9460 33492532 0.9981552362442017
9461 33492575 0.9981565177440643
9462 33492621 0.9981578886508942
9463 33492664 0.9981591701507568
9464 33492699 0.9981602132320404
9465 33492733 0.9981612265110016
9466 33492782 0.9981626868247986
9467 33492829 0.9981640875339508
9468 33492860 0.9981650114059448
9469 33492892 0.9981659650802612
9470 33492929 0.9981670677661896
9471 33492973 0.9981683790683746
9472 33493006 0.9981693625450134
9473 33493055 0.9981708228588104
9474 33493099 0.9981721341609955
9475 33493139 0.998173326253891
9476 33493174 0.9981743693351746
9477 33493219 0.998175710439682
9478 33493251 0.9981766641139984
9479 33493286 0.998177707195282
9480 33493341 0.9981793463230133
9481 33493385 0.9981806576251984
9482 33493430 0.9981819987297058
9483 33493473 0.9981832802295685
9484 33493515 0.9981845319271088
9485 33493559 0.9981858432292938
9486 33493602 0.9981871247291565
9487 33493655 0.998188704252243
9488 33493694 0.9981898665428162
9489 33493737 0.9981911480426788
9490 33493779 0.9981923997402191
9491 33493814 0.9981934428215027
9492 33493854 0.9981946349143982
9493 33493905 0.99819615483284
9494 33493954 0.998197615146637
9495 33493982 0.9981984496116638
9496 33494024 0.9981997013092041
9497 33494068 0.9982010126113892
9498 33494115 0.9982024133205414
9499 33494157 0.9982036650180817
9500 33494203 0.9982050359249115
9501 33494243 0.998206228017807
9502 33494280 0.9982073307037354
9503 33494329 0.9982087910175323
9504 33494369 0.9982099831104279
9505 33494408 0.998211145401001
9506 33494442 0.9982121586799622
9507 33494472 0.9982130527496338
9508 33494507 0.9982140958309174
9509 33494558 0.9982156157493591
9510 33494613 0.9982172548770905
9511 33494652 0.9982184171676636
9512 33494687 0.9982194602489471
9513 33494733 0.998220831155777
9514 33494774 0.9982220530509949
9515 33494813 0.998223215341568
9516 33494840 0.9982240200042725
9517 33494884 0.9982253313064575
9518 33494915 0.9982262551784515
9519 33494954 0.9982274174690247
9520 33494986 0.9982283711433411
9521 33495038 0.9982299208641052
9522 33495079 0.9982311427593231
9523 33495123 0.9982324540615082
9524 33495164 0.9982336759567261
9525 33495204 0.9982348680496216
9526 33495253 0.9982363283634186
9527 33495281 0.9982371628284454
9528 33495337 0.9982388317584991
9529 33495380 0.9982401132583618
9530 33495414 0.998241126537323
9531 33495468 0.9982427358627319
9532 33495512 0.998244047164917
9533 33495551 0.9982452094554901
9534 33495578 0.9982460141181946
9535 33495628 0.998247504234314
9536 33495664 0.9982485771179199
9537 33495703 0.998249739408493
9538 33495741 0.9982508718967438
9539 33495775 0.998251885175705
9540 33495817 0.9982531368732452
9541 33495868 0.998254656791687
9542 33495896 0.9982554912567139
9543 33495945 0.9982569515705109
9544 33495977 0.9982579052448273
9545 33496033 0.998259574174881
9546 33496067 0.9982605874538422
9547 33496113 0.998261958360672
9548 33496155 0.9982632100582123
9549 33496194 0.9982643723487854
9550 33496228 0.9982653856277466
9551 33496273 0.998266726732254
9552 33496310 0.9982678294181824
9553 33496347 0.9982689321041107
9554 33496392 0.9982702732086182
9555 33496439 0.9982716739177704
9556 33496474 0.998272716999054
9557 33496524 0.9982742071151733
9558 33496570 0.9982755780220032
9559 33496602 0.9982765316963196
9560 33496632 0.9982774257659912
9561 33496678 0.998278796672821
9562 33496714 0.998279869556427
9563 33496766 0.9982814192771912
9564 33496803 0.9982825219631195
9565 33496845 0.9982837736606598
9566 33496889 0.9982850849628448
9567 33496934 0.9982864260673523
9568 33496985 0.9982879459857941
9569 33497032 0.9982893466949463
9570 33497059 0.9982901513576508
9571 33497102 0.9982914328575134
9572 33497143 0.9982926547527313
9573 33497171 0.9982934892177582
9574 33497222 0.9982950091362
9575 33497261 0.9982961714267731
9576 33497292 0.9982970952987671
9577 33497336 0.9982984066009521
9578 33497381 0.9982997477054596
9579 33497412 0.9983006715774536
9580 33497443 0.9983015954494476
9581 33497487 0.9983029067516327
9582 33497524 0.998304009437561
9583 33497571 0.9983054101467133
9584 33497617 0.9983067810535431
9585 33497656 0.9983079433441162
9586 33497706 0.9983094334602356
9587 33497745 0.9983105957508087
9588 33497797 0.9983121454715729
9589 33497845 0.9983135759830475
9590 33497885 0.998314768075943
9591 33497923 0.9983159005641937
9592 33497966 0.9983171820640564
9593 33498008 0.9983184337615967
9594 33498051 0.9983197152614594
9595 33498087 0.9983207881450653
9596 33498125 0.998321920633316
9597 33498151 0.9983226954936981
9598 33498194 0.9983239769935608
9599 33498232 0.9983251094818115
9600 33498276 0.9983264207839966
9601 33498317 0.9983276426792145
9602 33498367 0.9983291327953339
9603 33498405 0.9983302652835846
9604 33498445 0.9983314573764801
9605 33498498 0.9983330368995667
9606 33498532 0.9983340501785278
9607 33498565 0.9983350336551666
9608 33498602 0.998336136341095
9609 33498641 0.9983372986316681
9610 33498677 0.998338371515274
9611 33498714 0.9983394742012024
9612 33498762 0.998340904712677
9613 33498803 0.9983421266078949
9614 33498858 0.9983437657356262
9615 33498900 0.9983450174331665
9616 33498927 0.998345822095871
9617 33498966 0.9983469843864441
9618 33499019 0.9983485639095306
9619 33499070 0.9983500838279724
9620 33499106 0.9983511567115784
9621 33499141 0.9983521997928619
9622 33499196 0.9983538389205933
9623 33499232 0.9983549118041992
9624 33499269 0.9983560144901276
9625 33499307 0.9983571469783783
9626 33499351 0.9983584582805634
9627 33499382 0.9983593821525574
9628 33499423 0.9983606040477753
9629 33499466 0.9983618855476379
9630 33499512 0.9983632564544678
9631 33499567 0.9983648955821991
9632 33499604 0.9983659982681274
9633 33499641 0.9983671009540558
9634 33499676 0.9983681440353394
9635 33499718 0.9983693957328796
9636 33499760 0.9983706474304199
9637 33499809 0.9983721077442169
9638 33499851 0.9983733594417572
9639 33499897 0.998374730348587
9640 33499938 0.9983759522438049
9641 33499975 0.9983770549297333
9642 33500030 0.9983786940574646
9643 33500075 0.998380035161972
9644 33500112 0.9983811378479004
9645 33500153 0.9983823597431183
9646 33500194 0.9983835816383362
9647 33500226 0.9983845353126526
9648 33500268 0.9983857870101929
9649 33500320 0.998387336730957
9650 33500356 0.998388409614563
9651 33500396 0.9983896017074585
9652 33500434 0.9983907341957092
9653 33500479 0.9983920753002167
9654 33500518 0.9983932375907898
9655 33500559 0.9983944594860077
9656 33500612 0.9983960390090942
9657 33500644 0.9983969926834106
9658 33500692 0.9983984231948853
9659 33500741 0.9983998835086823
9660 33500782 0.9984011054039001
9661 33500829 0.9984025061130524
9662 33500869 0.9984036982059479
9663 33500916 0.9984050989151001
9664 33500955 0.9984062612056732
9665 33500999 0.9984075725078583
9666 33501049 0.9984090626239777
9667 33501086 0.998410165309906
9668 33501130 0.9984114766120911
9669 33501181 0.9984129965305328
9670 33501215 0.998414009809494
9671 33501262 0.9984154105186462
9672 33501312 0.9984169006347656
9673 33501355 0.9984181821346283
9674 33501386 0.9984191060066223
9675 33501423 0.9984202086925507
9676 33501464 0.9984214305877686
9677 33501499 0.9984224736690521
9678 33501536 0.9984235763549805
9679 33501581 0.9984249174594879
9680 33501620 0.998426079750061
9681 33501661 0.9984273016452789
9682 33501710 0.9984287619590759
9683 33501756 0.9984301328659058
9684 33501783 0.9984309375286102
9685 33501823 0.9984321296215057
9686 33501859 0.9984332025051117
9687 33501903 0.9984345138072968
9688 33501943 0.9984357059001923
9689 33501986 0.9984369874000549
9690 33502022 0.9984380602836609
9691 33502067 0.9984394013881683
9692 33502116 0.9984408617019653
9693 33502161 0.9984422028064728
9694 33502192 0.9984431266784668
9695 33502231 0.9984442889690399
9696 33502275 0.998445600271225
9697 33502312 0.9984467029571533
9698 33502352 0.9984478950500488
9699 33502397 0.9984492361545563
9700 33502442 0.9984505772590637
9701 33502480 0.9984517097473145
9702 33502518 0.9984528422355652
9703 33502560 0.9984540939331055
9704 33502591 0.9984550178050995
9705 33502625 0.9984560310840607
9706 33502671 0.9984574019908905
9707 33502710 0.9984585642814636
9708 33502754 0.9984598755836487
9709 33502799 0.9984612166881561
9710 33502846 0.9984626173973083
9711 33502893 0.9984640181064606
9712 33502939 0.9984653890132904
9713 33502968 0.9984662532806396
9714 33503003 0.9984672963619232
9715 33503052 0.9984687566757202
9716 33503109 0.9984704554080963
9717 33503155 0.9984718263149261
9718 33503195 0.9984730184078217
9719 33503240 0.9984743595123291
9720 33503282 0.9984756112098694
9721 33503328 0.9984769821166992
9722 33503363 0.9984780251979828
9723 33503413 0.9984795153141022
9724 33503455 0.9984807670116425
9725 33503496 0.9984819889068604
9726 33503560 0.9984838962554932
9727 33503606 0.998485267162323
9728 33503653 0.9984866678714752
9729 33503703 0.9984881579875946
9730 33503746 0.9984894394874573
9731 33503785 0.9984906017780304
9732 33503826 0.9984918236732483
9733 33503870 0.9984931349754333
9734 33503898 0.9984939694404602
9735 33503936 0.9984951019287109
9736 33503990 0.9984967112541199
9737 33504028 0.9984978437423706
9738 33504061 0.9984988272190094
9739 33504101 0.9985000193119049
9740 33504140 0.998501181602478
9741 33504192 0.9985027313232422
9742 33504235 0.9985040128231049
9743 33504279 0.9985053241252899
9744 33504310 0.9985062479972839
9745 33504354 0.998507559299469
9746 33504408 0.9985091686248779
9747 33504460 0.9985107183456421
9748 33504494 0.9985117316246033
9749 33504528 0.9985127449035645
9750 33504570 0.9985139966011047
9751 33504612 0.998515248298645
9752 33504650 0.9985163807868958
9753 33504697 0.998517781496048
9754 33504744 0.9985191822052002
9755 33504777 0.998520165681839
9756 33504816 0.9985213279724121
9757 33504856 0.9985225200653076
9758 33504896 0.9985237121582031
9759 33504925 0.9985245764255524
9760 33504974 0.9985260367393494
9761 33505010 0.9985271096229553
9762 33505053 0.998528391122818
9763 33505098 0.9985297322273254
9764 33505127 0.9985305964946747
9765 33505160 0.9985315799713135
9766 33505201 0.9985328018665314
9767 33505248 0.9985342025756836
9768 33505281 0.9985351860523224
9769 33505312 0.9985361099243164
9770 33505354 0.9985373616218567
9771 33505396 0.998538613319397
9772 33505426 0.9985395073890686
9773 33505462 0.9985405802726746
9774 33505509 0.9985419809818268
9775 33505537 0.9985428154468536
9776 33505577 0.9985440075397491
9777 33505620 0.9985452890396118
9778 33505660 0.9985464811325073
9779 33505693 0.9985474646091461
9780 33505737 0.9985487759113312
9781 33505784 0.9985501766204834
9782 33505823 0.9985513389110565
9783 33505868 0.998552680015564
9784 33505907 0.9985538423061371
9785 33505947 0.9985550343990326
9786 33505979 0.998555988073349
9787 33506030 0.9985575079917908
9788 33506066 0.9985585808753967
9789 33506095 0.998559445142746
9790 33506142 0.9985608458518982
9791 33506175 0.998561829328537
9792 33506210 0.9985628724098206
9793 33506256 0.9985642433166504
9794 33506300 0.9985655546188354
9795 33506347 0.9985669553279877
9796 33506384 0.998568058013916
9797 33506428 0.9985693693161011
9798 33506469 0.998570591211319
9799 33506509 0.9985717833042145
9800 33506558 0.9985732436180115
9801 33506600 0.9985744953155518
9802 33506655 0.9985761344432831
9803 33506705 0.9985776245594025
9804 33506749 0.9985789358615875
9805 33506781 0.9985798895359039
9806 33506829 0.9985813200473785
9807 33506878 0.9985827803611755
9808 33506922 0.9985840916633606
9809 33506971 0.9985855519771576
9810 33507016 0.998586893081665
9811 33507057 0.9985881149768829
9812 33507105 0.9985895454883575
9813 33507145 0.998590737581253
9814 33507179 0.9985917508602142
9815 33507217 0.998592883348465
9816 33507255 0.9985940158367157
9817 33507299 0.9985953271389008
9818 33507335 0.9985964000225067
9819 33507380 0.9985977411270142
9820 33507428 0.9985991716384888
9821 33507474 0.9986005425453186
9822 33507521 0.9986019432544708
9823 33507571 0.9986034333705902
9824 33507618 0.9986048340797424
9825 33507658 0.9986060261726379
9826 33507698 0.9986072182655334
9827 33507743 0.9986085593700409
9828 33507793 0.9986100494861603
9829 33507833 0.9986112415790558
9830 33507881 0.9986126720905304
9831 33507921 0.9986138641834259
9832 33507963 0.9986151158809662
9833 33507999 0.9986161887645721
9834 33508050 0.9986177086830139
9835 33508095 0.9986190497875214
9836 33508131 0.9986201226711273
9837 33508179 0.9986215531826019
9838 33508210 0.998622477054596
9839 33508240 0.9986233711242676
9840 33508289 0.9986248314380646
9841 33508329 0.9986260235309601
9842 33508357 0.9986268579959869
9843 33508406 0.9986283183097839
9844 33508455 0.9986297786235809
9845 33508484 0.9986306428909302
9846 33508525 0.9986318647861481
9847 33508565 0.9986330568790436
9848 33508606 0.9986342787742615
9849 33508653 0.9986356794834137
9850 33508684 0.9986366033554077
9851 33508722 0.9986377358436584
9852 33508765 0.9986390173435211
9853 33508802 0.9986401200294495
9854 33508847 0.9986414611339569
9855 33508888 0.9986426830291748
9856 33508923 0.9986437261104584
9857 33508966 0.998645007610321
9858 33509016 0.9986464977264404
9859 33509055 0.9986476600170135
9860 33509099 0.9986489713191986
9861 33509144 0.998650312423706
9862 33509184 0.9986515045166016
9863 33509217 0.9986524879932404
9864 33509255 0.9986536204814911
9865 33509282 0.9986544251441956
9866 33509325 0.9986557066440582
9867 33509368 0.9986569881439209
9868 33509404 0.9986580610275269
9869 33509440 0.9986591339111328
9870 33509476 0.9986602067947388
9871 33509519 0.9986614882946014
9872 33509549 0.9986623823642731
9873 33509586 0.9986634850502014
9874 33509642 0.9986651539802551
9875 33509676 0.9986661672592163
9876 33509706 0.9986670613288879
9877 33509739 0.9986680448055267
9878 33509772 0.9986690282821655
9879 33509815 0.9986703097820282
9880 33509862 0.9986717104911804
9881 33509905 0.9986729919910431
9882 33509944 0.9986741542816162
9883 33509988 0.9986754655838013
9884 33510034 0.9986768364906311
9885 33510077 0.9986781179904938
9886 33510124 0.998679518699646
9887 33510165 0.9986807405948639
9888 33510218 0.9986823201179504
9889 33510251 0.9986833035945892
9890 33510286 0.9986843466758728
9891 33510317 0.9986852705478668
9892 33510364 0.998686671257019
9893 33510406 0.9986879229545593
9894 33510454 0.9986893534660339
9895 33510505 0.9986908733844757
9896 33510538 0.9986918568611145
9897 33510589 0.9986933767795563
9898 33510619 0.9986942708492279
9899 33510666 0.9986956715583801
9900 33510709 0.9986969530582428
9901 33510755 0.9986983239650726
9902 33510786 0.9986992478370667
9903 33510827 0.9987004697322845
9904 33510856 0.9987013339996338
9905 33510897 0.9987025558948517
9906 33510952 0.998704195022583
9907 33510986 0.9987052083015442
9908 33511031 0.9987065494060516
9909 33511063 0.998707503080368
9910 33511088 0.9987082481384277
9911 33511136 0.9987096786499023
9912 33511164 0.9987105131149292
9913 33511214 0.9987120032310486
9914 33511253 0.9987131655216217
9915 33511293 0.9987143576145172
9916 33511327 0.9987153708934784
9917 33511367 0.9987165629863739
9918 33511407 0.9987177550792694
9919 33511453 0.9987191259860992
9920 33511500 0.9987205266952515
9921 33511532 0.9987214803695679
9922 33511580 0.9987229108810425
9923 33511626 0.9987242817878723
9924 33511673 0.9987256824970245
9925 33511722 0.9987271428108215
9926 33511755 0.9987281262874603
9927 33511807 0.9987296760082245
9928 33511849 0.9987309277057648
9929 33511894 0.9987322688102722
9930 33511944 0.9987337589263916
9931 33511993 0.9987352192401886
9932 33512038 0.998736560344696
9933 33512084 0.9987379312515259
9934 33512117 0.9987389147281647
9935 33512166 0.9987403750419617
9936 33512214 0.9987418055534363
9937 33512261 0.9987432062625885
9938 33512292 0.9987441301345825
9939 33512333 0.9987453520298004
9940 33512369 0.9987464249134064
9941 33512409 0.9987476170063019
9942 33512447 0.9987487494945526
9943 33512481 0.9987497627735138
9944 33512533 0.998751312494278
9945 33512572 0.9987524747848511
9946 33512613 0.998753696680069
9947 33512649 0.9987547695636749
9948 33512682 0.9987557530403137
9949 33512719 0.9987568557262421
9950 33512764 0.9987581968307495
9951 33512809 0.998759537935257
9952 33512860 0.9987610578536987
9953 33512895 0.9987621009349823
9954 33512941 0.9987634718418121
9955 33512992 0.9987649917602539
9956 33513028 0.9987660646438599
9957 33513069 0.9987672865390778
9958 33513106 0.9987683892250061
9959 33513148 0.9987696409225464
9960 33513193 0.9987709820270538
9961 33513235 0.9987722337245941
9962 33513289 0.998773843050003
9963 33513346 0.9987755417823792
9964 33513384 0.9987766742706299
9965 33513413 0.9987775385379791
9966 33513462 0.9987789988517761
9967 33513510 0.9987804293632507
9968 33513553 0.9987817108631134
9969 33513598 0.9987830519676208
9970 33513636 0.9987841844558716
9971 33513688 0.9987857341766357
9972 33513726 0.9987868666648865
9973 33513764 0.9987879991531372
9974 33513793 0.9987888634204865
9975 33513840 0.9987902641296387
9976 33513885 0.9987916052341461
9977 33513923 0.9987927377223969
9978 33513962 0.99879390001297
9979 33514001 0.9987950623035431
9980 33514033 0.9987960159778595
9981 33514078 0.9987973570823669
9982 33514118 0.9987985491752625
9983 33514157 0.9987997114658356
9984 33514195 0.9988008439540863
9985 33514229 0.9988018572330475
9986 33514275 0.9988032281398773
9987 33514313 0.998804360628128
9988 33514350 0.9988054633140564
9989 33514407 0.9988071620464325
9990 33514445 0.9988082945346832
9991 33514481 0.9988093674182892
9992 33514541 0.9988111555576324
9993 33514568 0.9988119602203369
9994 33514607 0.99881312251091
9995 33514656 0.998814582824707
9996 33514710 0.998816192150116
9997 33514750 0.9988173842430115
9998 33514791 0.9988186061382294
9999 33514832 0.9988198280334473
10000 33514875 0.9988211095333099
10001 33514920 0.9988224506378174
10002 33514957 0.9988235533237457
10003 33515000 0.9988248348236084
10004 33515039 0.9988259971141815
10005 33515088 0.9988274574279785
10006 33515134 0.9988288283348083
10007 33515177 0.998830109834671
10008 33515222 0.9988314509391785
10009 33515283 0.9988332688808441
10010 33515318 0.9988343119621277
10011 33515363 0.9988356530666351
10012 33515414 0.9988371729850769
10013 33515455 0.9988383948802948
10014 33515496 0.9988396167755127
10015 33515533 0.998840719461441
10016 33515581 0.9988421499729156
10017 33515617 0.9988432228565216
10018 33515655 0.9988443553447723
10019 33515706 0.9988458752632141
10020 33515744 0.9988470077514648
10021 33515771 0.9988478124141693
10022 33515804 0.9988487958908081
10023 33515859 0.9988504350185394
10024 33515892 0.9988514184951782
10025 33515931 0.9988525807857513
10026 33515983 0.9988541305065155
10027 33516017 0.9988551437854767
10028 33516043 0.9988559186458588
10029 33516093 0.9988574087619781
10030 33516131 0.9988585412502289
10031 33516154 0.9988592267036438
10032 33516195 0.9988604485988617
10033 33516238 0.9988617300987244
10034 33516277 0.9988628923892975
10035 33516308 0.9988638162612915
10036 33516357 0.9988652765750885
10037 33516397 0.998866468667984
10038 33516433 0.99886754155159
10039 33516470 0.9988686442375183
10040 33516512 0.9988698959350586
10041 33516570 0.9988716244697571
10042 33516608 0.9988727569580078
10043 33516652 0.9988740682601929
10044 33516694 0.9988753199577332
10045 33516727 0.998876303434372
10046 33516768 0.9988775253295898
10047 33516809 0.9988787472248077
10048 33516844 0.9988797903060913
10049 33516886 0.9988810420036316
10050 33516927 0.9988822638988495
10051 33516955 0.9988830983638763
10052 33516993 0.9988842308521271
10053 33517021 0.9988850653171539
10054 33517052 0.998885989189148
10055 33517095 0.9988872706890106
10056 33517133 0.9988884031772614
10057 33517165 0.9988893568515778
10058 33517193 0.9988901913166046
10059 33517233 0.9988913834095001
10060 33517284 0.9988929033279419
10061 33517313 0.9988937675952911
10062 33517345 0.9988947212696075
10063 33517380 0.9988957643508911
10064 33517420 0.9988969564437866
10065 33517476 0.9988986253738403
10066 33517516 0.9988998174667358
10067 33517552 0.9989008903503418
10068 33517583 0.9989018142223358
10069 33517634 0.9989033341407776
10070 33517668 0.9989043474197388
10071 33517704 0.9989054203033447
10072 33517744 0.9989066123962402
10073 33517792 0.9989080429077148
10074 33517823 0.9989089667797089
10075 33517861 0.9989100992679596
10076 33517907 0.9989114701747894
10077 33517958 0.9989129900932312
10078 33517997 0.9989141523838043
10079 33518043 0.9989155232906342
10080 33518080 0.9989166259765625
10081 33518114 0.9989176392555237
10082 33518161 0.9989190399646759
10083 33518203 0.9989202916622162
10084 33518230 0.9989210963249207
10085 33518276 0.9989224672317505
10086 33518314 0.9989235997200012
10087 33518355 0.9989248216152191
10088 33518392 0.9989259243011475
10089 33518445 0.998927503824234
10090 33518487 0.9989287555217743
10091 33518529 0.9989300072193146
10092 33518569 0.9989311993122101
10093 33518603 0.9989322125911713
10094 33518633 0.9989331066608429
10095 33518667 0.9989341199398041
10096 33518712 0.9989354610443115
10097 33518757 0.998936802148819
10098 33518788 0.998937726020813
10099 33518833 0.9989390671253204
10100 33518872 0.9989402294158936
10101 33518911 0.9989413917064667
10102 33518944 0.9989423751831055
10103 33518982 0.9989435076713562
10104 33519024 0.9989447593688965
10105 33519066 0.9989460110664368
10106 33519105 0.9989471733570099
10107 33519152 0.9989485740661621
10108 33519193 0.99894979596138
10109 33519231 0.9989509284496307
10110 33519287 0.9989525973796844
10111 33519328 0.9989538192749023
10112 33519368 0.9989550113677979
10113 33519412 0.9989563226699829
10114 33519439 0.9989571273326874
10115 33519467 0.9989579617977142
10116 33519507 0.9989591538906097
10117 33519548 0.9989603757858276
10118 33519578 0.9989612698554993
10119 33519617 0.9989624321460724
10120 33519651 0.9989634454250336
10121 33519699 0.9989648759365082
10122 33519731 0.9989658296108246
10123 33519778 0.9989672303199768
10124 33519814 0.9989683032035828
10125 33519852 0.9989694356918335
10126 33519891 0.9989705979824066
10127 33519932 0.9989718198776245
10128 33519971 0.9989729821681976
10129 33520015 0.9989742934703827
10130 33520063 0.9989757239818573
10131 33520110 0.9989771246910095
10132 33520144 0.9989781379699707
10133 33520182 0.9989792704582214
10134 33520211 0.9989801347255707
10135 33520253 0.998981386423111
10136 33520284 0.998982310295105
10137 33520328 0.99898362159729
10138 33520373 0.9989849627017975
10139 33520413 0.998986154794693
10140 33520459 0.9989875257015228
10141 33520508 0.9989889860153198
10142 33520545 0.9989900887012482
10143 33520581 0.9989911615848541
10144 33520635 0.9989927709102631
10145 33520666 0.9989936947822571
10146 33520698 0.9989946484565735
10147 33520736 0.9989957809448242
10148 33520775 0.9989969432353973
10149 33520815 0.9989981353282928
10150 33520858 0.9989994168281555
10151 33520896 0.9990005493164062
10152 33520934 0.999001681804657
10153 33520968 0.9990026950836182
10154 33521011 0.9990039765834808
10155 33521053 0.9990052282810211
10156 33521095 0.9990064799785614
10157 33521130 0.999007523059845
10158 33521170 0.9990087151527405
10159 33521214 0.9990100264549255
10160 33521259 0.999011367559433
10161 33521317 0.9990130960941315
10162 33521354 0.9990141987800598
10163 33521391 0.9990153014659882
10164 33521438 0.9990167021751404
10165 33521473 0.999017745256424
10166 33521517 0.999019056558609
10167 33521571 0.9990206658840179
10168 33521613 0.9990219175815582
10169 33521650 0.9990230202674866
10170 33521685 0.9990240633487701
10171 33521735 0.9990255534648895
10172 33521774 0.9990267157554626
10173 33521812 0.9990278482437134
10174 33521854 0.9990290999412537
10175 33521892 0.9990302324295044
10176 33521927 0.999031275510788
10177 33521969 0.9990325272083282
10178 33522002 0.999033510684967
10179 33522034 0.9990344643592834
10180 33522078 0.9990357756614685
10181 33522126 0.9990372061729431
10182 33522161 0.9990382492542267
10183 33522197 0.9990393221378326
10184 33522234 0.999040424823761
10185 33522273 0.9990415871143341
10186 33522319 0.9990429580211639
10187 33522367 0.9990443885326385
10188 33522408 0.9990456104278564
10189 33522445 0.9990467131137848
10190 33522493 0.9990481436252594
10191 33522528 0.999049186706543
10192 33522573 0.9990505278110504
10193 33522607 0.9990515410900116
10194 33522659 0.9990530908107758
10195 33522698 0.9990542531013489
10196 33522734 0.9990553259849548
10197 33522774 0.9990565180778503
10198 33522814 0.9990577101707458
10199 33522854 0.9990589022636414
10200 33522883 0.9990597665309906
10201 33522921 0.9990608990192413
10202 33522968 0.9990622997283936
10203 33522993 0.9990630447864532
10204 33523035 0.9990642964839935
10205 33523083 0.9990657269954681
10206 33523118 0.9990667700767517
10207 33523153 0.9990678131580353
10208 33523187 0.9990688264369965
10209 33523221 0.9990698397159576
10210 33523254 0.9990708231925964
10211 33523291 0.9990719258785248
10212 33523337 0.9990732967853546
10213 33523371 0.9990743100643158
10214 33523415 0.9990756213665009
10215 33523449 0.999076634645462
10216 33523491 0.9990778863430023
10217 33523527 0.9990789592266083
10218 33523569 0.9990802109241486
10219 33523598 0.9990810751914978
10220 33523632 0.999082088470459
10221 33523693 0.9990839064121246
10222 33523738 0.9990852475166321
10223 33523774 0.999086320400238
10224 33523816 0.9990875720977783
10225 33523867 0.9990890920162201
10226 33523904 0.9990901947021484
10227 33523948 0.9990915060043335
10228 33523984 0.9990925788879395
10229 33524015 0.9990935027599335
10230 33524056 0.9990947246551514
10231 33524097 0.9990959465503693
10232 33524136 0.9990971088409424
10233 33524176 0.9990983009338379
10234 33524219 0.9990995824337006
10235 33524266 0.9991009831428528
10236 33524303 0.9991020858287811
10237 33524339 0.9991031587123871
10238 33524380 0.999104380607605
10239 33524409 0.9991052448749542
10240 33524444 0.9991062879562378
10241 33524483 0.9991074502468109
10242 33524524 0.9991086721420288
10243 33524562 0.9991098046302795
10244 33524610 0.9991112351417542
10245 33524655 0.9991125762462616
10246 33524695 0.9991137683391571
10247 33524735 0.9991149604320526
10248 33524772 0.999116063117981
10249 33524799 0.9991168677806854
10250 33524859 0.9991186559200287
10251 33524894 0.9991196990013123
10252 33524937 0.9991209805011749
10253 33524976 0.999122142791748
10254 33525017 0.9991233646869659
10255 33525069 0.9991249144077301
10256 33525104 0.9991259574890137
10257 33525146 0.999127209186554
10258 33525187 0.9991284310817719
10259 33525220 0.9991294145584106
10260 33525256 0.9991304874420166
10261 33525288 0.999131441116333
10262 33525326 0.9991325736045837
10263 33525354 0.9991334080696106
10264 33525396 0.9991346597671509
10265 33525433 0.9991357624530792
10266 33525471 0.99913689494133
10267 33525511 0.9991380870342255
10268 33525555 0.9991393983364105
10269 33525594 0.9991405606269836
10270 33525631 0.999141663312912
10271 33525664 0.9991426467895508
10272 33525711 0.999144047498703
10273 33525754 0.9991453289985657
10274 33525786 0.9991462826728821
10275 33525822 0.999147355556488
10276 33525863 0.9991485774517059
10277 33525892 0.9991494417190552
10278 33525930 0.9991505742073059
10279 33525968 0.9991517066955566
10280 33526003 0.9991527497768402
10281 33526040 0.9991538524627686
10282 33526090 0.9991553425788879
10283 33526126 0.9991564154624939
10284 33526154 0.9991572499275208
10285 33526192 0.9991583824157715
10286 33526237 0.9991597235202789
10287 33526281 0.999161034822464
10288 33526326 0.9991623759269714
10289 33526362 0.9991634488105774
10290 33526399 0.9991645514965057
10291 33526427 0.9991653859615326
10292 33526476 0.9991668462753296
10293 33526495 0.999167412519455
10294 33526529 0.9991684257984161
10295 33526561 0.9991693794727325
10296 33526599 0.9991705119609833
10297 33526629 0.9991714060306549
10298 33526669 0.9991725981235504
10299 33526703 0.9991736114025116
10300 33526734 0.9991745352745056
10301 33526768 0.9991755485534668
10302 33526806 0.9991766810417175
10303 33526846 0.999177873134613
10304 33526876 0.9991787672042847
10305 33526921 0.9991801083087921
10306 33526957 0.9991811811923981
10307 33526996 0.9991823434829712
10308 33527035 0.9991835057735443
10309 33527075 0.9991846978664398
10310 33527111 0.9991857707500458
10311 33527139 0.9991866052150726
10312 33527182 0.9991878867149353
10313 33527227 0.9991892278194427
10314 33527262 0.9991902709007263
10315 33527308 0.9991916418075562
10316 33527352 0.9991929531097412
10317 33527383 0.9991938769817352
10318 33527431 0.9991953074932098
10319 33527470 0.999196469783783
10320 33527496 0.999197244644165
10321 33527532 0.999198317527771
10322 33527570 0.9991994500160217
10323 33527608 0.9992005825042725
10324 33527643 0.999201625585556
10325 33527687 0.9992029368877411
10326 33527725 0.9992040693759918
10327 33527760 0.9992051124572754
10328 33527799 0.9992062747478485
10329 33527846 0.9992076754570007
10330 33527878 0.9992086291313171
10331 33527912 0.9992096424102783
10332 33527962 0.9992111325263977
10333 33528001 0.9992122948169708
10334 33528040 0.999213457107544
10335 33528075 0.9992145001888275
10336 33528117 0.9992157518863678
10337 33528138 0.9992163777351379
10338 33528181 0.9992176592350006
10339 33528224 0.9992189407348633
10340 33528269 0.9992202818393707
10341 33528299 0.9992211759090424
10342 33528339 0.9992223680019379
10343 33528376 0.9992234706878662
10344 33528413 0.9992245733737946
10345 33528448 0.9992256164550781
10346 33528489 0.999226838350296
10347 33528530 0.9992280602455139
10348 33528559 0.9992289245128632
10349 33528613 0.9992305338382721
10350 33528654 0.99923175573349
10351 33528688 0.9992327690124512
10352 33528715 0.9992335736751556
10353 33528749 0.9992345869541168
10354 33528775 0.9992353618144989
10355 33528812 0.9992364645004272
10356 33528857 0.9992378056049347
10357 33528906 0.9992392659187317
10358 33528936 0.9992401599884033
10359 33528974 0.999241292476654
10360 33529015 0.999242514371872
10361 33529053 0.9992436468601227
10362 33529087 0.9992446601390839
10363 33529131 0.9992459714412689
10364 33529164 0.9992469549179077
10365 33529200 0.9992480278015137
10366 33529257 0.9992497265338898
10367 33529284 0.9992505311965942
10368 33529321 0.9992516338825226
10369 33529375 0.9992532432079315
10370 33529414 0.9992544054985046
10371 33529455 0.9992556273937225
10372 33529490 0.9992566704750061
10373 33529526 0.9992577433586121
10374 33529568 0.9992589950561523
10375 33529602 0.9992600083351135
10376 33529638 0.9992610812187195
10377 33529667 0.9992619454860687
10378 33529696 0.999262809753418
10379 33529738 0.9992640614509583
10380 33529778 0.9992652535438538
10381 33529800 0.9992659091949463
10382 33529832 0.9992668628692627
10383 33529871 0.9992680251598358
10384 33529899 0.9992688596248627
10385 33529925 0.9992696344852448
10386 33529961 0.9992707073688507
10387 33529995 0.9992717206478119
10388 33530026 0.9992726445198059
10389 33530055 0.9992735087871552
10390 33530097 0.9992747604846954
10391 33530135 0.9992758929729462
10392 33530167 0.9992768466472626
10393 33530198 0.9992777705192566
10394 33530227 0.9992786347866058
10395 33530252 0.9992793798446655
10396 33530282 0.9992802739143372
10397 33530309 0.9992810785770416
10398 33530348 0.9992822408676147
10399 33530375 0.9992830455303192
10400 33530414 0.9992842078208923
10401 33530451 0.9992853105068207
10402 33530482 0.9992862343788147
10403 33530512 0.9992871284484863
10404 33530544 0.9992880821228027
10405 33530583 0.9992892444133759
10406 33530623 0.9992904365062714
10407 33530664 0.9992916584014893
10408 33530689 0.999292403459549
10409 33530725 0.9992934763431549
10410 33530763 0.9992946088314056
10411 33530795 0.999295562505722
10412 33530824 0.9992964267730713
10413 33530868 0.9992977380752563
10414 33530912 0.9992990493774414
10415 33530947 0.999300092458725
10416 33530979 0.9993010461330414
10417 33531007 0.9993018805980682
10418 33531048 0.9993031024932861
10419 33531086 0.9993042349815369
10420 33531126 0.9993054270744324
10421 33531167 0.9993066489696503
10422 33531216 0.9993081092834473
10423 33531257 0.9993093311786652
10424 33531293 0.9993104040622711
10425 33531324 0.9993113279342651
10426 33531356 0.9993122816085815
10427 33531393 0.9993133842945099
10428 33531434 0.9993146061897278
10429 33531475 0.9993158280849457
10430 33531515 0.9993170201778412
10431 33531553 0.9993181526660919
10432 33531584 0.9993190765380859
10433 33531628 0.999320387840271
10434 33531658 0.9993212819099426
10435 33531688 0.9993221759796143
10436 33531730 0.9993234276771545
10437 33531760 0.9993243217468262
10438 33531810 0.9993258118629456
10439 33531849 0.9993269741535187
10440 33531889 0.9993281662464142
10441 33531922 0.999329149723053
10442 33531954 0.9993301033973694
10443 33531992 0.9993312358856201
10444 33532020 0.999332070350647
10445 33532048 0.9993329048156738
10446 33532087 0.999334067106247
10447 33532127 0.9993352591991425
10448 33532168 0.9993364810943604
10449 33532208 0.9993376731872559
10450 33532245 0.9993387758731842
10451 33532280 0.9993398189544678
10452 33532315 0.9993408620357513
10453 33532354 0.9993420243263245
10454 33532389 0.999343067407608
10455 33532414 0.9993438124656677
10456 33532444 0.9993447065353394
10457 33532481 0.9993458092212677
10458 33532524 0.9993470907211304
10459 33532557 0.9993480741977692
10460 33532596 0.9993492364883423
10461 33532638 0.9993504881858826
10462 33532679 0.9993517100811005
10463 33532716 0.9993528127670288
10464 33532758 0.9993540644645691
10465 33532790 0.9993550181388855
10466 33532821 0.9993559420108795
10467 33532860 0.9993571043014526
10468 33532898 0.9993582367897034
10469 33532943 0.9993595778942108
10470 33532984 0.9993607997894287
10471 33533011 0.9993616044521332
10472 33533037 0.9993623793125153
10473 33533067 0.9993632733821869
10474 33533097 0.9993641674518585
10475 33533131 0.9993651807308197
10476 33533164 0.9993661642074585
10477 33533199 0.9993672072887421
10478 33533241 0.9993684589862823
10479 33533277 0.9993695318698883
10480 33533317 0.9993707239627838
10481 33533348 0.9993716478347778
10482 33533382 0.999372661113739
10483 33533423 0.9993738830089569
10484 33533455 0.9993748366832733
10485 33533486 0.9993757605552673
10486 33533520 0.9993767738342285
10487 33533557 0.9993778765201569
10488 33533594 0.9993789792060852
10489 33533627 0.999379962682724
10490 33533662 0.9993810057640076
10491 33533709 0.9993824064731598
10492 33533736 0.9993832111358643
10493 33533766 0.9993841052055359
10494 33533799 0.9993850886821747
10495 33533832 0.9993860721588135
10496 33533857 0.9993868172168732
10497 33533895 0.9993879497051239
10498 33533930 0.9993889927864075
10499 33533970 0.999390184879303
10500 33534011 0.9993914067745209
10501 33534055 0.9993927180767059
10502 33534090 0.9993937611579895
10503 33534116 0.9993945360183716
10504 33534152 0.9993956089019775
10505 33534178 0.9993963837623596
10506 33534203 0.9993971288204193
10507 33534244 0.9993983507156372
10508 33534280 0.9993994235992432
10509 33534319 0.9994005858898163
10510 33534342 0.9994012713432312
10511 33534380 0.9994024038314819
10512 33534418 0.9994035363197327
10513 33534456 0.9994046688079834
10514 33534493 0.9994057714939117
10515 33534523 0.9994066655635834
10516 33534566 0.999407947063446
10517 33534598 0.9994089007377625
10518 33534637 0.9994100630283356
10519 33534676 0.9994112253189087
10520 33534713 0.999412328004837
10521 33534747 0.9994133412837982
10522 33534770 0.9994140267372131
10523 33534801 0.9994149506092072
10524 33534835 0.9994159638881683
10525 33534879 0.9994172751903534
10526 33534910 0.9994181990623474
10527 33534940 0.999419093132019
10528 33534972 0.9994200468063354
10529 33534997 0.9994207918643951
10530 33535034 0.9994218945503235
10531 33535067 0.9994228780269623
10532 33535094 0.9994236826896667
10533 33535123 0.999424546957016
10534 33535159 0.999425619840622
10535 33535186 0.9994264245033264
10536 33535224 0.9994275569915771
10537 33535262 0.9994286894798279
10538 33535290 0.9994295239448547
10539 33535328 0.9994306564331055
10540 33535366 0.9994317889213562
10541 33535397 0.9994327127933502
10542 33535443 0.99943408370018
10543 33535471 0.9994349181652069
10544 33535498 0.9994357228279114
10545 33535530 0.9994366765022278
10546 33535563 0.9994376599788666
10547 33535593 0.9994385540485382
10548 33535634 0.9994397759437561
10549 33535668 0.9994407892227173
10550 33535698 0.9994416832923889
10551 33535732 0.9994426965713501
10552 33535759 0.9994435012340546
10553 33535776 0.9994440078735352
10554 33535815 0.9994451701641083
10555 33535842 0.9994459748268127
10556 33535886 0.9994472861289978
10557 33535918 0.9994482398033142
10558 33535957 0.9994494020938873
10559 33535993 0.9994504749774933
10560 33536018 0.999451220035553
10561 33536045 0.9994520246982574
10562 33536075 0.9994529187679291
10563 33536112 0.9994540214538574
10564 33536144 0.9994549751281738
10565 33536181 0.9994560778141022
10566 33536212 0.9994570016860962
10567 33536247 0.9994580447673798
10568 33536279 0.9994589984416962
10569 33536319 0.9994601905345917
10570 33536342 0.9994608759880066
10571 33536367 0.9994616210460663
10572 33536401 0.9994626343250275
10573 33536433 0.9994635879993439
10574 33536468 0.9994646310806274
10575 33536503 0.999465674161911
10576 33536542 0.9994668364524841
10577 33536574 0.9994677901268005
10578 33536605 0.9994687139987946
10579 33536637 0.999469667673111
10580 33536661 0.9994703829288483
10581 33536693 0.9994713366031647
10582 33536728 0.9994723796844482
10583 33536765 0.9994734823703766
10584 33536793 0.9994743168354034
10585 33536824 0.9994752407073975
10586 33536854 0.9994761347770691
10587 33536881 0.9994769394397736
10588 33536917 0.9994780123233795
10589 33536950 0.9994789958000183
10590 33536977 0.9994798004627228
10591 33537015 0.9994809329509735
10592 33537045 0.9994818270206451
10593 33537077 0.9994827806949615
10594 33537105 0.9994836151599884
10595 33537134 0.9994844794273376
10596 33537160 0.9994852542877197
10597 33537184 0.999485969543457
10598 33537214 0.9994868636131287
10599 33537245 0.9994877874851227
10600 33537271 0.9994885623455048
10601 33537291 0.9994891583919525
10602 33537327 0.9994902312755585
10603 33537360 0.9994912147521973
10604 33537385 0.999491959810257
10605 33537423 0.9994930922985077
10606 33537447 0.999493807554245
10607 33537468 0.9994944334030151
10608 33537506 0.9994955658912659
10609 33537536 0.9994964599609375
10610 33537579 0.9994977414608002
10611 33537618 0.9994989037513733
10612 33537640 0.9994995594024658
10613 33537661 0.999500185251236
10614 33537677 0.9995006620883942
10615 33537710 0.999501645565033
10616 33537742 0.9995025992393494
10617 33537774 0.9995035529136658
10618 33537806 0.9995045065879822
10619 33537831 0.9995052516460419
10620 33537862 0.9995061755180359
10621 33537887 0.9995069205760956
10622 33537922 0.9995079636573792
10623 33537947 0.9995087087154388
10624 33537980 0.9995096921920776
10625 33538024 0.9995110034942627
10626 33538051 0.9995118081569672
10627 33538080 0.9995126724243164
10628 33538111 0.9995135962963104
10629 33538147 0.9995146691799164
10630 33538185 0.9995158016681671
10631 33538203 0.9995163381099701
10632 33538232 0.9995172023773193
10633 33538266 0.9995182156562805
10634 33538306 0.999519407749176
10635 33538338 0.9995203614234924
10636 33538368 0.9995212554931641
10637 33538397 0.9995221197605133
10638 33538429 0.9995230734348297
10639 33538462 0.9995240569114685
10640 33538491 0.9995249211788177
10641 33538516 0.9995256662368774
10642 33538553 0.9995267689228058
10643 33538580 0.9995275735855103
10644 33538621 0.9995287954807281
10645 33538655 0.9995298087596893
10646 33538676 0.9995304346084595
10647 33538699 0.9995311200618744
10648 33538737 0.9995322525501251
10649 33538766 0.9995331168174744
10650 33538795 0.9995339810848236
10651 33538829 0.9995349943637848
10652 33538870 0.9995362162590027
10653 33538900 0.9995371103286743
10654 33538928 0.9995379447937012
10655 33538958 0.9995388388633728
10656 33538991 0.9995398223400116
10657 33539029 0.9995409548282623
10658 33539057 0.9995417892932892
10659 33539086 0.9995426535606384
10660 33539122 0.9995437264442444
10661 33539150 0.9995445609092712
10662 33539177 0.9995453655719757
10663 33539196 0.9995459318161011
10664 33539225 0.9995467960834503
10665 33539262 0.9995478987693787
10666 33539292 0.9995487928390503
10667 33539320 0.9995496273040771
10668 33539354 0.9995506405830383
10669 33539401 0.9995520412921906
10670 33539433 0.999552994966507
10671 33539460 0.9995537996292114
10672 33539489 0.9995546638965607
10673 33539520 0.9995555877685547
10674 33539549 0.9995564520359039
10675 33539581 0.9995574057102203
10676 33539625 0.9995587170124054
10677 33539650 0.9995594620704651
10678 33539676 0.9995602369308472
10679 33539718 0.9995614886283875
10680 33539735 0.999561995267868
10681 33539765 0.9995628893375397
10682 33539788 0.9995635747909546
10683 33539830 0.9995648264884949
10684 33539848 0.9995653629302979
10685 33539875 0.9995661675930023
10686 33539908 0.9995671510696411
10687 33539934 0.9995679259300232
10688 33539963 0.9995687901973724
10689 33539987 0.9995695054531097
10690 33540017 0.9995703995227814
10691 33540046 0.9995712637901306
10692 33540073 0.9995720684528351
10693 33540100 0.9995728731155396
10694 33540137 0.9995739758014679
10695 33540167 0.9995748698711395
10696 33540195 0.9995757043361664
10697 33540223 0.9995765388011932
10698 33540256 0.999577522277832
10699 33540290 0.9995785355567932
10700 33540316 0.9995793104171753
10701 33540342 0.9995800852775574
10702 33540375 0.9995810687541962
10703 33540401 0.9995818436145782
10704 33540421 0.999582439661026
10705 33540450 0.9995833039283752
10706 33540480 0.9995841979980469
10707 33540508 0.9995850324630737
10708 33540537 0.999585896730423
10709 33540574 0.9995869994163513
10710 33540599 0.999587744474411
10711 33540617 0.999588280916214
10712 33540654 0.9995893836021423
10713 33540693 0.9995905458927155
10714 33540716 0.9995912313461304
10715 33540736 0.9995918273925781
10716 33540769 0.9995928108692169
10717 33540802 0.9995937943458557
10718 33540835 0.9995947778224945
10719 33540868 0.9995957612991333
10720 33540900 0.9995967149734497
10721 33540923 0.9995974004268646
10722 33540951 0.9995982348918915
10723 33540979 0.9995990693569183
10724 33541005 0.9995998442173004
10725 33541044 0.9996010065078735
10726 33541066 0.9996016621589661
10727 33541097 0.9996025860309601
10728 33541122 0.9996033310890198
10729 33541151 0.999604195356369
10730 33541175 0.9996049106121063
10731 33541204 0.9996057748794556
10732 33541231 0.99960657954216
10733 33541263 0.9996075332164764
10734 33541287 0.9996082484722137
10735 33541313 0.9996090233325958
10736 33541351 0.9996101558208466
10737 33541380 0.9996110200881958
10738 33541405 0.9996117651462555
10739 33541430 0.9996125102043152
10740 33541448 0.9996130466461182
10741 33541467 0.9996136128902435
10742 33541489 0.9996142685413361
10743 33541526 0.9996153712272644
10744 33541550 0.9996160864830017
10745 33541567 0.9996165931224823
10746 33541597 0.9996174871921539
10747 33541629 0.9996184408664703
10748 33541658 0.9996193051338196
10749 33541677 0.999619871377945
10750 33541707 0.9996207654476166
10751 33541735 0.9996215999126434
10752 33541756 0.9996222257614136
10753 33541786 0.9996231198310852
10754 33541810 0.9996238350868225
10755 33541835 0.9996245801448822
10756 33541861 0.9996253550052643
10757 33541876 0.9996258020401001
10758 33541898 0.9996264576911926
10759 33541922 0.9996271729469299
10760 33541953 0.999628096818924
10761 33541972 0.9996286630630493
10762 33541998 0.9996294379234314
10763 33542027 0.9996303021907806
10764 33542060 0.9996312856674194
10765 33542083 0.9996319711208344
10766 33542108 0.999632716178894
10767 33542137 0.9996335804462433
10768 33542162 0.999634325504303
10769 33542184 0.9996349811553955
10770 33542202 0.9996355175971985
10771 33542226 0.9996362328529358
10772 33542249 0.9996369183063507
10773 33542274 0.9996376633644104
10774 33542310 0.9996387362480164
10775 33542337 0.9996395409107208
10776 33542363 0.9996403157711029
10777 33542401 0.9996414482593536
10778 33542422 0.9996420741081238
10779 33542442 0.9996426701545715
10780 33542467 0.9996434152126312
10781 33542488 0.9996440410614014
10782 33542511 0.9996447265148163
10783 33542532 0.9996453523635864
10784 33542557 0.9996460974216461
10785 33542579 0.9996467530727386
10786 33542598 0.999647319316864
10787 33542626 0.9996481537818909
10788 33542649 0.9996488392353058
10789 33542669 0.9996494352817535
10790 33542692 0.9996501207351685
10791 33542716 0.9996508359909058
10792 33542743 0.9996516406536102
10793 33542766 0.9996523261070251
10794 33542792 0.9996531009674072
10795 33542818 0.9996538758277893
10796 33542837 0.9996544420719147
10797 33542863 0.9996552169322968
10798 33542890 0.9996560215950012
10799 33542916 0.9996567964553833
10800 33542942 0.9996575713157654
10801 33542962 0.9996581673622131
10802 33542983 0.9996587932109833
10803 33543002 0.9996593594551086
10804 33543029 0.9996601641178131
10805 33543057 0.99966099858284
10806 33543082 0.9996617436408997
10807 33543111 0.9996626079082489
10808 33543135 0.9996633231639862
10809 33543155 0.999663919210434
10810 33543175 0.9996645152568817
10811 33543209 0.9996655285358429
10812 33543226 0.9996660351753235
10813 33543251 0.9996667802333832
10814 33543288 0.9996678829193115
10815 33543321 0.9996688663959503
10816 33543344 0.9996695518493652
10817 33543372 0.9996703863143921
10818 33543391 0.9996709525585175
10819 33543414 0.9996716380119324
10820 33543443 0.9996725022792816
10821 33543468 0.9996732473373413
10822 33543487 0.9996738135814667
10823 33543503 0.9996742904186249
10824 33543534 0.9996752142906189
10825 33543566 0.9996761679649353
10826 33543584 0.9996767044067383
10827 33543604 0.999677300453186
10828 33543633 0.9996781647205353
10829 33543655 0.9996788203716278
10830 33543673 0.9996793568134308
10831 33543707 0.999680370092392
10832 33543735 0.9996812045574188
10833 33543751 0.999681681394577
10834 33543779 0.9996825158596039
10835 33543805 0.999683290719986
10836 33543824 0.9996838569641113
10837 33543850 0.9996846318244934
10838 33543875 0.9996853768825531
10839 33543893 0.9996859133243561
10840 33543908 0.9996863603591919
10841 33543934 0.999687135219574
10842 33543952 0.999687671661377
10843 33543971 0.9996882379055023
10844 33543996 0.999688982963562
10845 33544021 0.9996897280216217
10846 33544043 0.9996903836727142
10847 33544059 0.9996908605098724
10848 33544087 0.9996916949748993
10849 33544099 0.9996920526027679
10850 33544127 0.9996928870677948
10851 33544165 0.9996940195560455
10852 33544186 0.9996946454048157
10853 33544210 0.999695360660553
10854 33544240 0.9996962547302246
10855 33544272 0.999697208404541
10856 33544289 0.9996977150440216
10857 33544312 0.9996984004974365
10858 33544336 0.9996991157531738
10859 33544361 0.9996998608112335
10860 33544380 0.9997004270553589
10861 33544406 0.999701201915741
10862 33544428 0.9997018575668335
10863 33544442 0.9997022747993469
10864 33544471 0.9997031390666962
10865 33544501 0.9997040331363678
10866 33544517 0.999704509973526
10867 33544544 0.9997053146362305
10868 33544575 0.9997062385082245
10869 33544600 0.9997069835662842
10870 33544617 0.9997074902057648
10871 33544644 0.9997082948684692
10872 33544670 0.9997090697288513
10873 33544691 0.9997096955776215
10874 33544716 0.9997104406356812
10875 33544734 0.9997109770774841
10876 33544760 0.9997117519378662
10877 33544777 0.9997122585773468
10878 33544803 0.9997130334377289
10879 33544821 0.9997135698795319
10880 33544846 0.9997143149375916
10881 33544870 0.9997150301933289
10882 33544886 0.9997155070304871
10883 33544904 0.99971604347229
10884 33544928 0.9997167587280273
10885 33544945 0.9997172653675079
10886 33544959 0.9997176826000214
10887 33544980 0.9997183084487915
10888 33545004 0.9997190237045288
10889 33545015 0.9997193515300751
10890 33545028 0.9997197389602661
10891 33545055 0.9997205436229706
10892 33545080 0.9997212886810303
10893 33545098 0.9997218251228333
10894 33545117 0.9997223913669586
10895 33545134 0.9997228980064392
10896 33545152 0.9997234344482422
10897 33545169 0.9997239410877228
10898 33545190 0.9997245669364929
10899 33545215 0.9997253119945526
10900 33545233 0.9997258484363556
10901 33545256 0.9997265338897705
10902 33545271 0.9997269809246063
10903 33545293 0.9997276365756989
10904 33545313 0.9997282326221466
10905 33545334 0.9997288584709167
10906 33545360 0.9997296333312988
10907 33545377 0.9997301399707794
10908 33545416 0.9997313022613525
10909 33545435 0.9997318685054779
10910 33545463 0.9997327029705048
10911 33545480 0.9997332096099854
10912 33545499 0.9997337758541107
10913 33545515 0.9997342526912689
10914 33545536 0.9997348785400391
10915 33545560 0.9997355937957764
10916 33545576 0.9997360706329346
10917 33545594 0.9997366070747375
10918 33545618 0.9997373223304749
10919 33545642 0.9997380375862122
10920 33545656 0.9997384548187256
10921 33545680 0.9997391700744629
10922 33545706 0.999739944934845
10923 33545723 0.9997404515743256
10924 33545738 0.9997408986091614
10925 33545756 0.9997414350509644
10926 33545772 0.9997419118881226
10927 33545788 0.9997423887252808
10928 33545805 0.9997428953647614
10929 33545823 0.9997434318065643
10930 33545838 0.9997438788414001
10931 33545861 0.9997445642948151
10932 33545888 0.9997453689575195
10933 33545895 0.9997455775737762
10934 33545908 0.9997459650039673
10935 33545923 0.9997464120388031
10936 33545937 0.9997468292713165
10937 33545951 0.99974724650383
10938 33545971 0.9997478425502777
10939 33545986 0.9997482895851135
10940 33546004 0.9997488260269165
10941 33546024 0.9997494220733643
10942 33546040 0.9997498989105225
10943 33546051 0.9997502267360687
10944 33546071 0.9997508227825165
10945 33546096 0.9997515678405762
10946 33546124 0.999752402305603
10947 33546145 0.9997530281543732
10948 33546163 0.9997535645961761
10949 33546180 0.9997540712356567
10950 33546201 0.9997546970844269
10951 33546214 0.9997550845146179
10952 33546233 0.9997556507587433
10953 33546242 0.9997559189796448
10954 33546255 0.9997563064098358
10955 33546274 0.9997568726539612
10956 33546289 0.999757319688797
10957 33546304 0.9997577667236328
10958 33546323 0.9997583329677582
10959 33546343 0.9997589290142059
10960 33546360 0.9997594356536865
10961 33546385 0.9997601807117462
10962 33546406 0.9997608065605164
10963 33546426 0.9997614026069641
10964 33546449 0.999762088060379
10965 33546460 0.9997624158859253
10966 33546477 0.9997629225254059
10967 33546493 0.9997633993625641
10968 33546506 0.9997637867927551
10969 33546525 0.9997643530368805
10970 33546542 0.9997648596763611
10971 33546555 0.9997652471065521
10972 33546569 0.9997656643390656
10973 33546587 0.9997662007808685
10974 33546598 0.9997665286064148
10975 33546613 0.9997669756412506
10976 33546621 0.9997672140598297
10977 33546643 0.9997678697109222
10978 33546662 0.9997684359550476
10979 33546677 0.9997688829898834
10980 33546691 0.9997693002223969
10981 33546705 0.9997697174549103
10982 33546723 0.9997702538967133
10983 33546745 0.9997709095478058
10984 33546756 0.999771237373352
10985 33546776 0.9997718334197998
10986 33546796 0.9997724294662476
10987 33546814 0.9997729659080505
10988 33546835 0.9997735917568207
10989 33546856 0.9997742176055908
10990 33546881 0.9997749626636505
10991 33546898 0.9997754693031311
10992 33546920 0.9997761249542236
10993 33546940 0.9997767210006714
10994 33546958 0.9997772574424744
10995 33546978 0.9997778534889221
10996 33546986 0.9997780919075012
10997 33547005 0.9997786581516266
10998 33547018 0.9997790455818176
10999 33547040 0.9997797012329102
11000 33547058 0.9997802376747131
11001 33547072 0.9997806549072266
11002 33547086 0.99978107213974
11003 33547104 0.999781608581543
11004 33547121 0.9997821152210236
11005 33547134 0.9997825026512146
11006 33547152 0.9997830390930176
11007 33547168 0.9997835159301758
11008 33547185 0.9997840225696564
11009 33547206 0.9997846484184265
11010 33547222 0.9997851252555847
11011 33547234 0.9997854828834534
11012 33547251 0.999785989522934
11013 33547266 0.9997864365577698
11014 33547279 0.9997868239879608
11015 33547298 0.9997873902320862
11016 33547310 0.9997877478599548
11017 33547330 0.9997883439064026
11018 33547345 0.9997887909412384
11019 33547359 0.9997892081737518
11020 33547376 0.9997897148132324
11021 33547394 0.9997902512550354
11022 33547404 0.9997905492782593
11023 33547421 0.9997910559177399
11024 33547434 0.9997914433479309
11025 33547453 0.9997920095920563
11026 33547475 0.9997926652431488
11027 33547488 0.9997930526733398
11028 33547501 0.9997934401035309
11029 33547527 0.999794214963913
11030 33547541 0.9997946321964264
11031 33547557 0.9997951090335846
11032 33547571 0.999795526266098
11033 33547594 0.9997962117195129
11034 33547609 0.9997966587543488
11035 33547616 0.9997968673706055
11036 33547630 0.9997972846031189
11037 33547642 0.9997976422309875
11038 33547657 0.9997980892658234
11039 33547668 0.9997984170913696
11040 33547687 0.999798983335495
11041 33547702 0.9997994303703308
11042 33547715 0.9997998178005219
11043 33547728 0.9998002052307129
11044 33547741 0.9998005926609039
11045 33547755 0.9998010098934174
11046 33547772 0.999801516532898
11047 33547792 0.9998021125793457
11048 33547799 0.9998023211956024
11049 33547812 0.9998027086257935
11050 33547828 0.9998031854629517
11051 33547846 0.9998037219047546
11052 33547858 0.9998040795326233
11053 33547876 0.9998046159744263
11054 33547892 0.9998050928115845
11055 33547906 0.9998055100440979
11056 33547922 0.9998059868812561
11057 33547932 0.99980628490448
11058 33547941 0.9998065531253815
11059 33547958 0.9998070597648621
11060 33547974 0.9998075366020203
11061 33547985 0.9998078644275665
11062 33547998 0.9998082518577576
11063 33548013 0.9998086988925934
11064 33548025 0.999809056520462
11065 33548036 0.9998093843460083
11066 33548052 0.9998098611831665
11067 33548067 0.9998103082180023
11068 33548076 0.9998105764389038
11069 33548092 0.999811053276062
11070 33548107 0.9998115003108978
11071 33548117 0.9998117983341217
11072 33548131 0.9998122155666351
11073 33548139 0.9998124539852142
11074 33548153 0.9998128712177277
11075 33548165 0.9998132288455963
11076 33548181 0.9998137056827545
11077 33548196 0.9998141527175903
11078 33548211 0.9998145997524261
11079 33548222 0.9998149275779724
11080 33548241 0.9998154938220978
11081 33548250 0.9998157620429993
11082 33548261 0.9998160898685455
11083 33548277 0.9998165667057037
11084 33548290 0.9998169541358948
11085 33548300 0.9998172521591187
11086 33548316 0.9998177289962769
11087 33548334 0.9998182654380798
11088 33548351 0.9998187720775604
11089 33548366 0.9998192191123962
11090 33548388 0.9998198747634888
11091 33548393 0.9998200237751007
11092 33548401 0.9998202621936798
11093 33548417 0.999820739030838
11094 33548430 0.999821126461029
11095 33548442 0.9998214840888977
11096 33548457 0.9998219311237335
11097 33548470 0.9998223185539246
11098 33548485 0.9998227655887604
11099 33548501 0.9998232424259186
11100 33548515 0.999823659658432
11101 33548527 0.9998240172863007
11102 33548546 0.999824583530426
11103 33548561 0.9998250305652618
11104 33548564 0.999825119972229
11105 33548575 0.9998254477977753
11106 33548583 0.9998256862163544
11107 33548600 0.999826192855835
11108 33548609 0.9998264610767365
11109 33548614 0.9998266100883484
11110 33548620 0.9998267889022827
11111 33548626 0.999826967716217
11112 33548643 0.9998274743556976
11113 33548655 0.9998278319835663
11114 33548664 0.9998281002044678
11115 33548681 0.9998286068439484
11116 33548694 0.9998289942741394
11117 33548708 0.9998294115066528
11118 33548720 0.9998297691345215
11119 33548733 0.9998301565647125
11120 33548740 0.9998303651809692
11121 33548749 0.9998306334018707
11122 33548764 0.9998310804367065
11123 33548776 0.9998314380645752
11124 33548787 0.9998317658901215
11125 33548796 0.999832034111023
11126 33548816 0.9998326301574707
11127 33548826 0.9998329281806946
11128 33548840 0.999833345413208
11129 33548848 0.9998335838317871
11130 33548858 0.999833881855011
11131 33548869 0.9998342096805573
11132 33548882 0.9998345971107483
11133 33548889 0.999834805727005
11134 33548902 0.999835193157196
11135 33548914 0.9998355507850647
11136 33548923 0.9998358190059662
11137 33548940 0.9998363256454468
11138 33548954 0.9998367428779602
11139 33548960 0.9998369216918945
11140 33548971 0.9998372495174408
11141 33548990 0.9998378157615662
11142 33548998 0.9998380541801453
11143 33549005 0.999838262796402
11144 33549017 0.9998386204242706
11145 33549024 0.9998388290405273
11146 33549033 0.9998390972614288
11147 33549043 0.9998393952846527
11148 33549049 0.999839574098587
11149 33549066 0.9998400807380676
11150 33549079 0.9998404681682587
11151 33549093 0.9998408854007721
11152 33549103 0.999841183423996
11153 33549114 0.9998415112495422
11154 33549126 0.9998418688774109
11155 33549138 0.9998422265052795
11156 33549147 0.999842494726181
11157 33549159 0.9998428523540497
11158 33549170 0.999843180179596
11159 33549175 0.9998433291912079
11160 33549185 0.9998436272144318
11161 33549198 0.9998440146446228
11162 33549208 0.9998443126678467
11163 33549222 0.9998447299003601
11164 33549232 0.999845027923584
11165 33549240 0.9998452663421631
11166 33549249 0.9998455345630646
11167 33549260 0.9998458623886108
11168 33549274 0.9998462796211243
11169 33549282 0.9998465180397034
11170 33549294 0.999846875667572
11171 33549306 0.9998472332954407
11172 33549321 0.9998476803302765
11173 33549328 0.9998478889465332
11174 33549339 0.9998482167720795
11175 33549352 0.9998486042022705
11176 33549365 0.9998489916324615
11177 33549374 0.999849259853363
11178 33549388 0.9998496770858765
11179 33549398 0.9998499751091003
11180 33549413 0.9998504221439362
11181 33549421 0.9998506605625153
11182 33549437 0.9998511373996735
11183 33549441 0.999851256608963
11184 33549457 0.9998517334461212
11185 33549466 0.9998520016670227
11186 33549477 0.999852329492569
11187 33549488 0.9998526573181152
11188 33549501 0.9998530447483063
11189 33549514 0.9998534321784973
11190 33549532 0.9998539686203003
11191 33549539 0.999854177236557
11192 33549546 0.9998543858528137
11193 33549551 0.9998545348644257
11194 33549558 0.9998547434806824
11195 33549566 0.9998549818992615
11196 33549573 0.9998551905155182
11197 33549583 0.9998554885387421
11198 33549592 0.9998557567596436
11199 33549600 0.9998559951782227
11200 33549609 0.9998562633991241
11201 33549617 0.9998565018177032
11202 33549625 0.9998567402362823
11203 33549633 0.9998569786548615
11204 33549640 0.9998571872711182
11205 33549647 0.9998573958873749
11206 33549657 0.9998576939105988
11207 33549666 0.9998579621315002
11208 33549678 0.9998583197593689
11209 33549687 0.9998585879802704
11210 33549695 0.9998588263988495
11211 33549706 0.9998591542243958
11212 33549720 0.9998595714569092
11213 33549723 0.9998596608638763
11214 33549737 0.9998600780963898
11215 33549751 0.9998604953289032
11216 33549762 0.9998608231544495
11217 33549772 0.9998611211776733
11218 33549789 0.9998616278171539
11219 33549802 0.999862015247345
11220 33549812 0.9998623132705688
11221 33549825 0.9998627007007599
11222 33549834 0.9998629689216614
11223 33549842 0.9998632073402405
11224 33549855 0.9998635947704315
11225 33549858 0.9998636841773987
11226 33549866 0.9998639225959778
11227 33549873 0.9998641312122345
11228 33549884 0.9998644590377808
11229 33549893 0.9998647272586823
11230 33549900 0.999864935874939
11231 33549911 0.9998652637004852
11232 33549921 0.9998655617237091
11233 33549925 0.9998656809329987
11234 33549937 0.9998660385608673
11235 33549943 0.9998662173748016
11236 33549952 0.9998664855957031
11237 33549959 0.9998666942119598
11238 33549964 0.9998668432235718
11239 33549972 0.9998670816421509
11240 33549977 0.9998672306537628
11241 33549988 0.9998675584793091
11242 33549990 0.9998676180839539
11243 33550001 0.9998679459095001
11244 33550010 0.9998682141304016
11245 33550022 0.9998685717582703
11246 33550029 0.999868780374527
11247 33550036 0.9998689889907837
11248 33550046 0.9998692870140076
11249 33550057 0.9998696148395538
11250 33550064 0.9998698234558105
11251 33550071 0.9998700320720673
11252 33550085 0.9998704493045807
11253 33550090 0.9998705983161926
11254 33550098 0.9998708367347717
11255 33550110 0.9998711943626404
11256 33550118 0.9998714327812195
11257 33550126 0.9998716711997986
11258 33550132 0.9998718500137329
11259 33550147 0.9998722970485687
11260 33550158 0.999872624874115
11261 33550171 0.999873012304306
11262 33550181 0.9998733103275299
11263 33550186 0.9998734593391418
11264 33550197 0.9998737871646881
11265 33550211 0.9998742043972015
11266 33550222 0.9998745322227478
11267 33550231 0.9998748004436493
11268 33550240 0.9998750686645508
11269 33550247 0.9998752772808075
11270 33550252 0.9998754262924194
11271 33550262 0.9998757243156433
11272 33550272 0.9998760223388672
11273 33550280 0.9998762607574463
11274 33550286 0.9998764395713806
11275 33550301 0.9998768866062164
11276 33550307 0.9998770654201508
11277 33550315 0.9998773038387299
11278 33550322 0.9998775124549866
11279 33550332 0.9998778104782104
11280 33550342 0.9998781085014343
11281 33550353 0.9998784363269806
11282 33550369 0.9998789131641388
11283 33550376 0.9998791217803955
11284 33550389 0.9998795092105865
11285 33550396 0.9998797178268433
11286 33550403 0.9998799264431
11287 33550410 0.9998801350593567
11288 33550417 0.9998803436756134
11289 33550430 0.9998807311058044
11290 33550438 0.9998809695243835
11291 33550446 0.9998812079429626
11292 33550455 0.9998814761638641
11293 33550461 0.9998816549777985
11294 33550465 0.999881774187088
11295 33550478 0.999882161617279
11296 33550482 0.9998822808265686
11297 33550490 0.9998825192451477
11298 33550500 0.9998828172683716
11299 33550507 0.9998830258846283
11300 33550510 0.9998831152915955
11301 33550517 0.9998833239078522
11302 33550526 0.9998835921287537
11303 33550532 0.999883770942688
11304 33550538 0.9998839497566223
11305 33550552 0.9998843669891357
11306 33550560 0.9998846054077148
11307 33550567 0.9998848140239716
11308 33550573 0.9998849928379059
11309 33550584 0.9998853206634521
11310 33550594 0.999885618686676
11311 33550600 0.9998857975006104
11312 33550603 0.9998858869075775
11313 33550610 0.9998860955238342
11314 33550621 0.9998864233493805
11315 33550633 0.9998867809772491
11316 33550641 0.9998870193958282
11317 33550648 0.999887228012085
11318 33550651 0.9998873174190521
11319 33550659 0.9998875558376312
11320 33550664 0.9998877048492432
11321 33550677 0.9998880922794342
11322 33550682 0.9998882412910461
11323 33550689 0.9998884499073029
11324 33550698 0.9998887181282043
11325 33550707 0.9998889863491058
11326 33550714 0.9998891949653625
11327 33550721 0.9998894035816193
11328 33550724 0.9998894929885864
11329 33550734 0.9998897910118103
11330 33550742 0.9998900294303894
11331 33550752 0.9998903274536133
11332 33550760 0.9998905658721924
11333 33550764 0.9998906850814819
11334 33550770 0.9998908638954163
11335 33550777 0.999891072511673
11336 33550785 0.9998913109302521
11337 33550791 0.9998914897441864
11338 33550798 0.9998916983604431
11339 33550804 0.9998918771743774
11340 33550812 0.9998921155929565
11341 33550817 0.9998922646045685
11342 33550821 0.999892383813858
11343 33550835 0.9998928010463715
11344 33550840 0.9998929500579834
11345 33550846 0.9998931288719177
11346 33550855 0.9998933970928192
11347 33550863 0.9998936355113983
11348 33550867 0.9998937547206879
11349 33550874 0.9998939633369446
11350 33550883 0.9998942315578461
11351 33550891 0.9998944699764252
11352 33550900 0.9998947381973267
11353 33550909 0.9998950064182281
11354 33550912 0.9998950958251953
11355 33550920 0.9998953342437744
11356 33550929 0.9998956024646759
11357 33550936 0.9998958110809326
11358 33550943 0.9998960196971893
11359 33550950 0.999896228313446
11360 33550964 0.9998966455459595
11361 33550972 0.9998968839645386
11362 33550982 0.9998971819877625
11363 33550987 0.9998973309993744
11364 33550996 0.9998975992202759
11365 33551002 0.9998977780342102
11366 33551008 0.9998979568481445
11367 33551011 0.9998980462551117
11368 33551018 0.9998982548713684
11369 33551026 0.9998984932899475
11370 33551032 0.9998986721038818
11371 33551036 0.9998987913131714
11372 33551041 0.9998989403247833
11373 33551043 0.9998989999294281
11374 33551048 0.99989914894104
11375 33551060 0.9998995065689087
11376 33551065 0.9998996555805206
11377 33551070 0.9998998045921326
11378 33551077 0.9999000132083893
11379 33551085 0.9999002516269684
11380 33551092 0.9999004602432251
11381 33551096 0.9999005794525146
11382 33551101 0.9999007284641266
11383 33551107 0.9999009072780609
11384 33551110 0.9999009966850281
11385 33551116 0.9999011754989624
11386 33551122 0.9999013543128967
11387 33551128 0.999901533126831
11388 33551133 0.999901682138443
11389 33551137 0.9999018013477325
11390 33551144 0.9999020099639893
11391 33551150 0.9999021887779236
11392 33551153 0.9999022781848907
11393 33551163 0.9999025762081146
11394 33551171 0.9999028146266937
11395 33551175 0.9999029338359833
11396 33551176 0.9999029636383057
11397 33551185 0.9999032318592072
11398 33551192 0.9999034404754639
11399 33551203 0.9999037683010101
11400 33551208 0.9999039173126221
11401 33551217 0.9999041855335236
11402 33551220 0.9999042749404907
11403 33551226 0.999904453754425
11404 33551229 0.9999045431613922
11405 33551238 0.9999048113822937
11406 33551247 0.9999050796031952
11407 33551253 0.9999052584171295
11408 33551259 0.9999054372310638
11409 33551263 0.9999055564403534
11410 33551273 0.9999058544635773
11411 33551279 0.9999060332775116
11413 33551285 0.9999062120914459
11414 33551292 0.9999064207077026
11415 33551299 0.9999066293239594
11416 33551303 0.9999067485332489
11417 33551314 0.9999070763587952
11418 33551319 0.9999072253704071
11419 33551329 0.999907523393631
11420 33551333 0.9999076426029205
11421 33551338 0.9999077916145325
11422 33551347 0.999908059835434
11423 33551355 0.9999082982540131
11424 33551359 0.9999084174633026
11425 33551363 0.9999085366725922
11426 33551370 0.9999087452888489
11427 33551380 0.9999090433120728
11428 33551387 0.9999092519283295
11429 33551395 0.9999094903469086
11430 33551405 0.9999097883701324
11431 33551411 0.9999099671840668
11432 33551420 0.9999102354049683
11433 33551425 0.9999103844165802
11434 33551435 0.9999106824398041
11435 33551439 0.9999108016490936
11436 33551443 0.9999109208583832
11437 33551450 0.9999111294746399
11438 33551454 0.9999112486839294
11439 33551458 0.999911367893219
11440 33551461 0.9999114573001862
11441 33551469 0.9999116957187653
11442 33551476 0.999911904335022
11443 33551483 0.9999121129512787
11444 33551488 0.9999122619628906
11445 33551498 0.9999125599861145
11446 33551503 0.9999127089977264
11447 33551509 0.9999128878116608
11448 33551512 0.9999129772186279
11449 33551517 0.9999131262302399
11450 33551521 0.9999132454395294
11451 33551528 0.9999134540557861
11452 33551533 0.9999136030673981
11453 33551539 0.9999137818813324
11454 33551544 0.9999139308929443
11455 33551545 0.9999139606952667
11456 33551553 0.9999141991138458
11457 33551557 0.9999143183231354
11458 33551564 0.9999145269393921
11459 33551570 0.9999147057533264
11460 33551574 0.999914824962616
11462 33551580 0.9999150037765503
11463 33551584 0.9999151229858398
11464 33551591 0.9999153316020966
11465 33551592 0.999915361404419
11466 33551597 0.9999155104160309
11467 33551606 0.9999157786369324
11468 33551611 0.9999159276485443
11469 33551615 0.9999160468578339
11470 33551626 0.9999163746833801
11471 33551634 0.9999166131019592
11472 33551636 0.999916672706604
11473 33551642 0.9999168515205383
11474 33551650 0.9999170899391174
11475 33551654 0.999917209148407
11476 33551658 0.9999173283576965
11477 33551661 0.9999174177646637
11478 33551666 0.9999175667762756
11479 33551670 0.9999176859855652
11480 33551676 0.9999178647994995
11481 33551680 0.9999179840087891
11482 33551689 0.9999182522296906
11483 33551693 0.9999183714389801
11484 33551703 0.999918669462204
11485 33551707 0.9999187886714935
11486 33551714 0.9999189972877502
11487 33551720 0.9999191761016846
11488 33551728 0.9999194145202637
11489 33551734 0.999919593334198
11490 33551739 0.9999197423458099
11491 33551744 0.9999198913574219
11492 33551749 0.9999200403690338
11493 33551755 0.9999202191829681
11494 33551767 0.9999205768108368
11495 33551771 0.9999206960201263
11496 33551777 0.9999208748340607
11497 33551783 0.999921053647995
11498 33551791 0.9999212920665741
11499 33551795 0.9999214112758636
11500 33551798 0.9999215006828308
11501 33551803 0.9999216496944427
11502 33551805 0.9999217092990875
11503 33551812 0.9999219179153442
11504 33551818 0.9999220967292786
11505 33551826 0.9999223351478577
11506 33551835 0.9999226033687592
11507 33551842 0.9999228119850159
11508 33551845 0.999922901391983
11509 33551848 0.9999229907989502
11510 33551854 0.9999231696128845
11511 33551863 0.999923437833786
11512 33551870 0.9999236464500427
11513 33551877 0.9999238550662994
11514 33551880 0.9999239444732666
11515 33551884 0.9999240636825562
11516 33551894 0.99992436170578
11517 33551900 0.9999245405197144
11518 33551907 0.9999247491359711
11519 33551910 0.9999248385429382
11520 33551912 0.999924898147583
11521 33551919 0.9999251067638397
11522 33551923 0.9999252259731293
11523 33551925 0.999925285577774
11524 33551928 0.9999253749847412
11525 33551934 0.9999255537986755
11526 33551941 0.9999257624149323
11527 33551947 0.9999259412288666
11528 33551952 0.9999260902404785
11529 33551957 0.9999262392520905
11530 33551960 0.9999263286590576
11531 33551963 0.9999264180660248
11532 33551966 0.9999265074729919
11533 33551969 0.9999265968799591
11534 33551975 0.9999267756938934
11535 33551985 0.9999270737171173
11536 33551987 0.9999271333217621
11537 33551989 0.9999271929264069
11538 33551994 0.9999273419380188
11539 33551997 0.999927431344986
11540 33552000 0.9999275207519531
11541 33552004 0.9999276399612427
11542 33552008 0.9999277591705322
11543 33552012 0.9999278783798218
11544 33552019 0.9999280869960785
11545 33552024 0.9999282360076904
11546 33552026 0.9999282956123352
11547 33552032 0.9999284744262695
11548 33552034 0.9999285340309143
11549 33552037 0.9999286234378815
11550 33552041 0.999928742647171
11551 33552049 0.9999289810657501
11552 33552055 0.9999291598796844
11553 33552060 0.9999293088912964
11554 33552062 0.9999293684959412
11555 33552065 0.9999294579029083
11556 33552071 0.9999296367168427
11557 33552072 0.999929666519165
11558 33552075 0.9999297559261322
11559 33552081 0.9999299347400665
11560 33552084 0.9999300241470337
11561 33552088 0.9999301433563232
11562 33552090 0.999930202960968
11563 33552094 0.9999303221702576
11564 33552097 0.9999304115772247
11565 33552101 0.9999305307865143
11567 33552104 0.9999306201934814
11568 33552110 0.9999307990074158
11569 33552115 0.9999309480190277
11570 33552119 0.9999310672283173
11571 33552121 0.999931126832962
11572 33552124 0.9999312162399292
11573 33552127 0.9999313056468964
11574 33552129 0.9999313652515411
11575 33552131 0.9999314248561859
11576 33552136 0.9999315738677979
11577 33552140 0.9999316930770874
11578 33552144 0.999931812286377
11579 33552152 0.999932050704956
11580 33552155 0.9999321401119232
11581 33552160 0.9999322891235352
11582 33552166 0.9999324679374695
11583 33552167 0.9999324977397919
11584 33552169 0.9999325573444366
11585 33552171 0.9999326169490814
11586 33552173 0.9999326765537262
11587 33552180 0.9999328851699829
11588 33552187 0.9999330937862396
11589 33552193 0.999933272600174
11590 33552197 0.9999333918094635
11591 33552206 0.999933660030365
11592 33552209 0.9999337494373322
11593 33552221 0.9999341070652008
11594 33552224 0.999934196472168
11595 33552226 0.9999342560768127
11596 33552230 0.9999343752861023
11597 33552233 0.9999344646930695
11598 33552235 0.9999345242977142
11599 33552237 0.999934583902359
11600 33552238 0.9999346137046814
11601 33552244 0.9999347925186157
11602 33552250 0.99993497133255
11603 33552256 0.9999351501464844
11604 33552258 0.9999352097511292
11605 33552260 0.9999352693557739
11606 33552262 0.9999353289604187
11607 33552264 0.9999353885650635
11608 33552268 0.999935507774353
11609 33552271 0.9999355971813202
11610 33552277 0.9999357759952545
11611 33552278 0.9999358057975769
11612 33552282 0.9999359250068665
11613 33552285 0.9999360144138336
11614 33552289 0.9999361336231232
11615 33552294 0.9999362826347351
11616 33552298 0.9999364018440247
11617 33552301 0.9999364912509918
11618 33552303 0.9999365508556366
11619 33552306 0.9999366402626038
11620 33552307 0.9999366700649261
11621 33552311 0.9999367892742157
11622 33552318 0.9999369978904724
11623 33552321 0.9999370872974396
11624 33552325 0.9999372065067291
11625 33552332 0.9999374151229858
11626 33552333 0.9999374449253082
11627 33552335 0.999937504529953
11628 33552337 0.9999375641345978
11629 33552342 0.9999377131462097
11630 33552347 0.9999378621578217
11631 33552351 0.9999379813671112
11632 33552358 0.9999381899833679
11633 33552365 0.9999383985996246
11634 33552367 0.9999384582042694
11635 33552368 0.9999384880065918
11636 33552372 0.9999386072158813
11637 33552374 0.9999386668205261
11638 33552378 0.9999387860298157
11639 33552383 0.9999389350414276
11640 33552387 0.9999390542507172
11641 33552389 0.9999391138553619
11642 33552397 0.999939352273941
11643 33552398 0.9999393820762634
11644 33552403 0.9999395310878754
11645 33552406 0.9999396204948425
11646 33552409 0.9999397099018097
11647 33552415 0.999939888715744
11648 33552420 0.999940037727356
11649 33552429 0.9999403059482574
11650 33552431 0.9999403655529022
11651 33552433 0.999940425157547
11652 33552434 0.9999404549598694
11653 33552437 0.9999405443668365
11654 33552439 0.9999406039714813
11655 33552446 0.999940812587738
11656 33552448 0.9999408721923828
11657 33552450 0.9999409317970276
11658 33552451 0.99994096159935
11659 33552456 0.9999411106109619
11660 33552458 0.9999411702156067
11661 33552463 0.9999413192272186
11662 33552467 0.9999414384365082
11663 33552468 0.9999414682388306
11664 33552472 0.9999415874481201
11665 33552474 0.9999416470527649
11666 33552478 0.9999417662620544
11667 33552481 0.9999418556690216
11668 33552488 0.9999420642852783
11669 33552492 0.9999421834945679
11670 33552495 0.999942272901535
11671 33552497 0.9999423325061798
11672 33552499 0.9999423921108246
11673 33552502 0.9999424815177917
11674 33552503 0.9999425113201141
11675 33552504 0.9999425411224365
11676 33552508 0.9999426603317261
11677 33552514 0.9999428391456604
11678 33552518 0.99994295835495
11679 33552524 0.9999431371688843
11680 33552527 0.9999432265758514
11681 33552529 0.9999432861804962
11682 33552533 0.9999434053897858
11683 33552536 0.9999434947967529
11684 33552538 0.9999435544013977
11685 33552545 0.9999437630176544
11686 33552548 0.9999438524246216
11687 33552550 0.9999439120292664
11688 33552553 0.9999440014362335
11689 33552555 0.9999440610408783
11690 33552556 0.9999440908432007
11691 33552559 0.9999441802501678
11692 33552563 0.9999442994594574
11693 33552565 0.9999443590641022
11694 33552566 0.9999443888664246
11695 33552569 0.9999444782733917
11696 33552573 0.9999445974826813
11697 33552574 0.9999446272850037
11698 33552575 0.999944657087326
11699 33552576 0.9999446868896484
11700 33552579 0.9999447762966156
11701 33552580 0.999944806098938
11702 33552583 0.9999448955059052
11703 33552584 0.9999449253082275
11704 33552590 0.9999451041221619
11705 33552591 0.9999451339244843
11706 33552596 0.9999452829360962
11707 33552598 0.999945342540741
11708 33552605 0.9999455511569977
11709 33552606 0.9999455809593201
11710 33552612 0.9999457597732544
11711 33552615 0.9999458491802216
11712 33552619 0.9999459683895111
11713 33552622 0.9999460577964783
11714 33552626 0.9999461770057678
11715 33552629 0.999946266412735
11716 33552635 0.9999464452266693
11717 33552636 0.9999464750289917
11718 33552637 0.9999465048313141
11719 33552641 0.9999466240406036
11720 33552645 0.9999467432498932
11721 33552648 0.9999468326568604
11722 33552651 0.9999469220638275
11723 33552655 0.9999470412731171
11724 33552657 0.9999471008777618
11725 33552660 0.999947190284729
11726 33552663 0.9999472796916962
11727 33552664 0.9999473094940186
11728 33552668 0.9999474287033081
11729 33552671 0.9999475181102753
11730 33552673 0.99994757771492
11731 33552678 0.999947726726532
11733 33552680 0.9999477863311768
11734 33552686 0.9999479651451111
11735 33552690 0.9999480843544006
11736 33552692 0.9999481439590454
11737 33552696 0.999948263168335
11738 33552701 0.9999484121799469
11739 33552705 0.9999485313892365
11740 33552708 0.9999486207962036
11741 33552711 0.9999487102031708
11742 33552714 0.9999487996101379
11743 33552717 0.9999488890171051
11744 33552720 0.9999489784240723
11745 33552722 0.999949038028717
11746 33552723 0.9999490678310394
11747 33552727 0.999949187040329
11748 33552730 0.9999492764472961
11750 33552731 0.9999493062496185
11751 33552733 0.9999493658542633
11752 33552735 0.9999494254589081
11753 33552741 0.9999496042728424
11754 33552743 0.9999496638774872
11755 33552746 0.9999497532844543
11756 33552747 0.9999497830867767
11757 33552750 0.9999498724937439
11759 33552752 0.9999499320983887
11760 33552757 0.9999500811100006
11761 33552758 0.999950110912323
11762 33552761 0.9999502003192902
11763 33552762 0.9999502301216125
11764 33552766 0.9999503493309021
11765 33552768 0.9999504089355469
11766 33552769 0.9999504387378693
11767 33552774 0.9999505877494812
11768 33552777 0.9999506771564484
11769 33552782 0.9999508261680603
11770 33552784 0.9999508857727051
11771 33552785 0.9999509155750275
11772 33552787 0.9999509751796722
11773 33552788 0.9999510049819946
11774 33552792 0.9999511241912842
11775 33552795 0.9999512135982513
11776 33552798 0.9999513030052185
11777 33552803 0.9999514520168304
11778 33552806 0.9999515414237976
11779 33552811 0.9999516904354095
11780 33552816 0.9999518394470215
11781 33552818 0.9999518990516663
11782 33552819 0.9999519288539886
11783 33552821 0.9999519884586334
11784 33552826 0.9999521374702454
11785 33552830 0.9999522566795349
11786 33552833 0.9999523460865021
11787 33552836 0.9999524354934692
11788 33552841 0.9999525845050812
11789 33552844 0.9999526739120483
11790 33552848 0.9999527931213379
11791 33552851 0.999952882528305
11792 33552853 0.9999529421329498
11794 33552854 0.9999529719352722
11795 33552855 0.9999530017375946
11796 33552856 0.999953031539917
11797 33552859 0.9999531209468842
11798 33552861 0.9999531805515289
11800 33552863 0.9999532401561737
11802 33552866 0.9999533295631409
11803 33552867 0.9999533593654633
11804 33552869 0.999953418970108
11805 33552873 0.9999535381793976
11806 33552880 0.9999537467956543
11807 33552881 0.9999537765979767
11808 33552885 0.9999538958072662
11809 33552890 0.9999540448188782
11810 33552893 0.9999541342258453
11811 33552894 0.9999541640281677
11812 33552896 0.9999542236328125
11813 33552897 0.9999542534351349
11815 33552898 0.9999542832374573
11816 33552901 0.9999543726444244
11817 33552902 0.9999544024467468
11818 33552905 0.999954491853714
11819 33552907 0.9999545514583588
11820 33552909 0.9999546110630035
11821 33552914 0.9999547600746155
11822 33552915 0.9999547898769379
11823 33552916 0.9999548196792603
11824 33552917 0.9999548494815826
11825 33552919 0.9999549090862274
11827 33552921 0.9999549686908722
11828 33552923 0.999955028295517
11829 33552927 0.9999551475048065
11830 33552930 0.9999552369117737
11831 33552934 0.9999553561210632
11832 33552938 0.9999554753303528
11833 33552943 0.9999556243419647
11835 33552945 0.9999556839466095
11836 33552950 0.9999558329582214
11837 33552952 0.9999558925628662
11838 33552955 0.9999559819698334
11839 33552957 0.9999560415744781
11841 33552960 0.9999561309814453
11842 33552961 0.9999561607837677
11843 33552962 0.9999561905860901
11844 33552964 0.9999562501907349
11845 33552966 0.9999563097953796
11846 33552969 0.9999563992023468
11847 33552972 0.999956488609314
11848 33552975 0.9999565780162811
11849 33552977 0.9999566376209259
11850 33552980 0.9999567270278931
11851 33552982 0.9999567866325378
11853 33552983 0.9999568164348602
11854 33552984 0.9999568462371826
11855 33552989 0.9999569952487946
11856 33552992 0.9999570846557617
11857 33552995 0.9999571740627289
11858 33552998 0.999957263469696
11860 33552999 0.9999572932720184
11861 33553000 0.9999573230743408
11862 33553004 0.9999574422836304
11863 33553006 0.9999575018882751
11864 33553007 0.9999575316905975
11865 33553008 0.9999575614929199
11866 33553010 0.9999576210975647
11869 33553012 0.9999576807022095
11870 33553014 0.9999577403068542
11871 33553016 0.999957799911499
11873 33553017 0.9999578297138214
11874 33553020 0.9999579191207886
11875 33553026 0.9999580979347229
11877 33553027 0.9999581277370453
11878 33553030 0.9999582171440125
11879 33553031 0.9999582469463348
11880 33553033 0.9999583065509796
11881 33553039 0.9999584853649139
11882 33553040 0.9999585151672363
11883 33553042 0.9999585747718811
11884 33553044 0.9999586343765259
11885 33553047 0.999958723783493
11886 33553049 0.9999587833881378
11887 33553052 0.999958872795105
11888 33553056 0.9999589920043945
11889 33553057 0.9999590218067169
11890 33553058 0.9999590516090393
11891 33553061 0.9999591410160065
11892 33553063 0.9999592006206512
11893 33553067 0.9999593198299408
11894 33553068 0.9999593496322632
11895 33553069 0.9999593794345856
11896 33553070 0.999959409236908
11897 33553073 0.9999594986438751
11898 33553075 0.9999595582485199
11899 33553076 0.9999595880508423
11900 33553078 0.9999596476554871
11901 33553080 0.9999597072601318
11902 33553081 0.9999597370624542
11903 33553083 0.999959796667099
11904 33553084 0.9999598264694214
11906 33553088 0.9999599456787109
11907 33553089 0.9999599754810333
11908 33553091 0.9999600350856781
11909 33553093 0.9999600946903229
11910 33553094 0.9999601244926453
11911 33553098 0.9999602437019348
11912 33553102 0.9999603629112244
11913 33553104 0.9999604225158691
11914 33553107 0.9999605119228363
11915 33553110 0.9999606013298035
11916 33553111 0.9999606311321259
11917 33553112 0.9999606609344482
11918 33553116 0.9999607801437378
11919 33553120 0.9999608993530273
11921 33553121 0.9999609291553497
11922 33553122 0.9999609589576721
11923 33553125 0.9999610483646393
11925 33553129 0.9999611675739288
11926 33553130 0.9999611973762512
11927 33553133 0.9999612867832184
11930 33553134 0.9999613165855408
11931 33553136 0.9999613761901855
11932 33553139 0.9999614655971527
11933 33553143 0.9999615848064423
11934 33553144 0.9999616146087646
11935 33553147 0.9999617040157318
11936 33553150 0.999961793422699
11937 33553152 0.9999618530273438
11938 33553154 0.9999619126319885
11939 33553155 0.9999619424343109
11940 33553156 0.9999619722366333
11941 33553159 0.9999620616436005
11942 33553162 0.9999621510505676
11944 33553164 0.9999622106552124
11945 33553168 0.999962329864502
11946 33553171 0.9999624192714691
11947 33553173 0.9999624788761139
11948 33553177 0.9999625980854034
11949 33553178 0.9999626278877258
11951 33553180 0.9999626874923706
11952 33553182 0.9999627470970154
11953 33553184 0.9999628067016602
11954 33553187 0.9999628961086273
11955 33553188 0.9999629259109497
11956 33553190 0.9999629855155945
11957 33553194 0.999963104724884
11959 33553198 0.9999632239341736
11960 33553200 0.9999632835388184
11961 33553204 0.9999634027481079
11962 33553206 0.9999634623527527
11963 33553209 0.9999635517597198
11964 33553212 0.999963641166687
11965 33553215 0.9999637305736542
11966 33553217 0.999963790178299
11967 33553218 0.9999638199806213
11968 33553220 0.9999638795852661
11971 33553223 0.9999639689922333
11972 33553225 0.999964028596878
11973 33553226 0.9999640583992004
11974 33553227 0.9999640882015228
11976 33553231 0.9999642074108124
11977 33553236 0.9999643564224243
11978 33553238 0.9999644160270691
11979 33553239 0.9999644458293915
11980 33553241 0.9999645054340363
11981 33553244 0.9999645948410034
11982 33553247 0.9999646842479706
11983 33553249 0.9999647438526154
11984 33553252 0.9999648332595825
11985 33553255 0.9999649226665497
11987 33553256 0.9999649524688721
11988 33553259 0.9999650418758392
11989 33553261 0.999965101480484
11990 33553265 0.9999652206897736
11991 33553266 0.999965250492096
11992 33553269 0.9999653398990631
11993 33553271 0.9999653995037079
11994 33553272 0.9999654293060303
11996 33553275 0.9999655187129974
11997 33553276 0.9999655485153198
11999 33553280 0.9999656677246094
12000 33553282 0.9999657273292542
12002 33553284 0.9999657869338989
12003 33553286 0.9999658465385437
12004 33553287 0.9999658763408661
12005 33553290 0.9999659657478333
12006 33553291 0.9999659955501556
12007 33553293 0.9999660551548004
12008 33553297 0.99996617436409
12009 33553303 0.9999663531780243
12010 33553304 0.9999663829803467
12011 33553306 0.9999664425849915
12012 33553307 0.9999664723873138
12013 33553310 0.999966561794281
12014 33553312 0.9999666213989258
12015 33553313 0.9999666512012482
12017 33553314 0.9999666810035706
12019 33553316 0.9999667406082153
12020 33553317 0.9999667704105377
12021 33553319 0.9999668300151825
12022 33553322 0.9999669194221497
12023 33553324 0.9999669790267944
12024 33553326 0.9999670386314392
12026 33553327 0.9999670684337616
12027 33553329 0.9999671280384064
12028 33553332 0.9999672174453735
12029 33553334 0.9999672770500183
12030 33553335 0.9999673068523407
12031 33553336 0.9999673366546631
12032 33553338 0.9999673962593079
12033 33553341 0.999967485666275
12034 33553342 0.9999675154685974
12036 33553343 0.9999675452709198
12037 33553345 0.9999676048755646
12038 33553346 0.999967634677887
12039 33553347 0.9999676644802094
12040 33553348 0.9999676942825317
12041 33553351 0.9999677836894989
12042 33553355 0.9999679028987885
12043 33553359 0.999968022108078
12044 33553361 0.9999680817127228
12045 33553362 0.9999681115150452
12046 33553364 0.9999681711196899
12047 33553366 0.9999682307243347
12048 33553369 0.9999683201313019
12049 33553370 0.9999683499336243
12050 33553372 0.999968409538269
12051 33553373 0.9999684393405914
12052 33553376 0.9999685287475586
12054 33553378 0.9999685883522034
12055 33553380 0.9999686479568481
12056 33553385 0.9999687969684601
12057 33553387 0.9999688565731049
12058 33553389 0.9999689161777496
12059 33553391 0.9999689757823944
12060 33553392 0.9999690055847168
12061 33553394 0.9999690651893616
12062 33553395 0.999969094991684
12063 33553397 0.9999691545963287
12065 33553399 0.9999692142009735
12066 33553400 0.9999692440032959
12070 33553402 0.9999693036079407
12071 33553403 0.9999693334102631
12072 33553406 0.9999694228172302
12074 33553407 0.9999694526195526
12075 33553408 0.999969482421875
12076 33553409 0.9999695122241974
12077 33553411 0.9999695718288422
12078 33553413 0.9999696314334869
12079 33553414 0.9999696612358093
12080 33553417 0.9999697506427765
12081 33553418 0.9999697804450989
12082 33553421 0.999969869852066
12083 33553422 0.9999698996543884
12084 33553423 0.9999699294567108
12085 33553427 0.9999700486660004
12086 33553429 0.9999701082706451
12087 33553431 0.9999701678752899
12088 33553433 0.9999702274799347
12089 33553438 0.9999703764915466
12090 33553439 0.999970406293869
12092 33553440 0.9999704360961914
12093 33553441 0.9999704658985138
12095 33553442 0.9999704957008362
12096 33553443 0.9999705255031586
12097 33553445 0.9999705851078033
12099 33553447 0.9999706447124481
12100 33553449 0.9999707043170929
12101 33553452 0.9999707937240601
12102 33553453 0.9999708235263824
12104 33553455 0.9999708831310272
12105 33553456 0.9999709129333496
12106 33553459 0.9999710023403168
12107 33553461 0.9999710619449615
12108 33553464 0.9999711513519287
12109 33553466 0.9999712109565735
12111 33553468 0.9999712705612183
12112 33553470 0.999971330165863
12113 33553473 0.9999714195728302
12114 33553475 0.999971479177475
12115 33553479 0.9999715983867645
12116 33553481 0.9999716579914093
12117 33553482 0.9999716877937317
12119 33553483 0.9999717175960541
12120 33553484 0.9999717473983765
12123 33553486 0.9999718070030212
12124 33553487 0.9999718368053436
12125 33553488 0.999971866607666
12126 33553489 0.9999718964099884
12127 33553491 0.9999719560146332
12128 33553492 0.9999719858169556
12129 33553495 0.9999720752239227
12130 33553497 0.9999721348285675
12131 33553499 0.9999721944332123
12132 33553503 0.9999723136425018
12133 33553505 0.9999723732471466
12136 33553507 0.9999724328517914
12137 33553510 0.9999725222587585
12138 33553512 0.9999725818634033
12140 33553513 0.9999726116657257
12142 33553516 0.9999727010726929
12145 33553520 0.9999728202819824
12147 33553522 0.9999728798866272
12148 33553523 0.9999729096889496
12151 33553524 0.999972939491272
12153 33553526 0.9999729990959167
12154 33553527 0.9999730288982391
12156 33553529 0.9999730885028839
12157 33553532 0.9999731779098511
12159 33553533 0.9999732077121735
12161 33553534 0.9999732375144958
12163 33553537 0.999973326921463
12165 33553538 0.9999733567237854
12166 33553539 0.9999733865261078
12167 33553540 0.9999734163284302
12168 33553543 0.9999735057353973
12169 33553546 0.9999735951423645
12171 33553547 0.9999736249446869
12172 33553548 0.9999736547470093
12173 33553549 0.9999736845493317
12177 33553551 0.9999737441539764
12178 33553556 0.9999738931655884
12180 33553557 0.9999739229679108
12181 33553559 0.9999739825725555
12182 33553560 0.9999740123748779
12183 33553561 0.9999740421772003
12184 33553563 0.9999741017818451
12185 33553564 0.9999741315841675
12186 33553565 0.9999741613864899
12187 33553566 0.9999741911888123
12188 33553567 0.9999742209911346
12189 33553569 0.9999742805957794
12190 33553570 0.9999743103981018
12192 33553571 0.9999743402004242
12194 33553572 0.9999743700027466
12195 33553573 0.999974399805069
12197 33553575 0.9999744594097137
12198 33553579 0.9999745786190033
12199 33553583 0.9999746978282928
12200 33553584 0.9999747276306152
12201 33553586 0.99997478723526
12202 33553587 0.9999748170375824
12204 33553588 0.9999748468399048
12205 33553589 0.9999748766422272
12206 33553590 0.9999749064445496
12208 33553591 0.999974936246872
12210 33553593 0.9999749958515167
12212 33553595 0.9999750554561615
12213 33553597 0.9999751150608063
12214 33553598 0.9999751448631287
12215 33553600 0.9999752044677734
12216 33553601 0.9999752342700958
12217 33553603 0.9999752938747406
12218 33553604 0.999975323677063
12219 33553605 0.9999753534793854
12220 33553608 0.9999754428863525
12221 33553610 0.9999755024909973
12222 33553611 0.9999755322933197
12223 33553612 0.9999755620956421
12224 33553616 0.9999756813049316
12226 33553619 0.9999757707118988
12227 33553620 0.9999758005142212
12228 33553623 0.9999758899211884
12229 33553624 0.9999759197235107
12230 33553625 0.9999759495258331
12233 33553626 0.9999759793281555
12235 33553629 0.9999760687351227
12236 33553630 0.9999760985374451
12237 33553632 0.9999761581420898
12238 33553634 0.9999762177467346
12239 33553635 0.999976247549057
12240 33553636 0.9999762773513794
12241 33553638 0.9999763369560242
12243 33553639 0.9999763667583466
12244 33553641 0.9999764263629913
12245 33553643 0.9999764859676361
12246 33553644 0.9999765157699585
12247 33553645 0.9999765455722809
12249 33553646 0.9999765753746033
12250 33553647 0.9999766051769257
12251 33553649 0.9999766647815704
12253 33553651 0.9999767243862152
12254 33553652 0.9999767541885376
12255 33553655 0.9999768435955048
12256 33553658 0.9999769330024719
12257 33553659 0.9999769628047943
12258 33553660 0.9999769926071167
12259 33553662 0.9999770522117615
12260 33553664 0.9999771118164062
12263 33553666 0.999977171421051
12264 33553667 0.9999772012233734
12266 33553669 0.9999772608280182
12267 33553671 0.999977320432663
12269 33553675 0.9999774396419525
12270 33553678 0.9999775290489197
12272 33553680 0.9999775886535645
12273 33553682 0.9999776482582092
12274 33553683 0.9999776780605316
12277 33553684 0.999977707862854
12279 33553686 0.9999777674674988
12280 33553687 0.9999777972698212
12281 33553688 0.9999778270721436
12282 33553689 0.9999778568744659
12284 33553690 0.9999778866767883
12289 33553692 0.9999779462814331
12290 33553694 0.9999780058860779
12291 33553695 0.9999780356884003
12292 33553696 0.9999780654907227
12293 33553701 0.9999782145023346
12297 33553702 0.999978244304657
12298 33553704 0.9999783039093018
12299 33553705 0.9999783337116241
12300 33553706 0.9999783635139465
12301 33553708 0.9999784231185913
12302 33553711 0.9999785125255585
12303 33553712 0.9999785423278809
12304 33553713 0.9999785721302032
12305 33553714 0.9999786019325256
12306 33553716 0.9999786615371704
12307 33553717 0.9999786913394928
12309 33553718 0.9999787211418152
12310 33553720 0.99997878074646
12311 33553721 0.9999788105487823
12312 33553725 0.9999789297580719
12314 33553726 0.9999789595603943
12315 33553727 0.9999789893627167
12316 33553728 0.9999790191650391
12317 33553729 0.9999790489673615
12318 33553731 0.9999791085720062
12319 33553732 0.9999791383743286
12321 33553734 0.9999791979789734
12322 33553735 0.9999792277812958
12323 33553737 0.9999792873859406
12324 33553738 0.9999793171882629
12326 33553740 0.9999793767929077
12328 33553743 0.9999794661998749
12333 33553747 0.9999795854091644
12334 33553748 0.9999796152114868
12335 33553751 0.999979704618454
12336 33553752 0.9999797344207764
12337 33553753 0.9999797642230988
12341 33553754 0.9999797940254211
12342 33553756 0.9999798536300659
12344 33553759 0.9999799430370331
12345 33553760 0.9999799728393555
12349 33553761 0.9999800026416779
12350 33553763 0.9999800622463226
12353 33553764 0.999980092048645
12357 33553765 0.9999801218509674
12358 33553766 0.9999801516532898
12359 33553767 0.9999801814556122
12360 33553768 0.9999802112579346
12361 33553769 0.999980241060257
12362 33553770 0.9999802708625793
12363 33553771 0.9999803006649017
12364 33553772 0.9999803304672241
12365 33553773 0.9999803602695465
12366 33553774 0.9999803900718689
12367 33553776 0.9999804496765137
12368 33553777 0.9999804794788361
12369 33553779 0.9999805390834808
12373 33553781 0.9999805986881256
12374 33553782 0.999980628490448
12375 33553783 0.9999806582927704
12376 33553785 0.9999807178974152
12378 33553786 0.9999807476997375
12382 33553789 0.9999808371067047
12383 33553790 0.9999808669090271
12384 33553791 0.9999808967113495
12385 33553792 0.9999809265136719
12386 33553794 0.9999809861183167
12387 33553795 0.999981015920639
12388 33553796 0.9999810457229614
12391 33553797 0.9999810755252838
12392 33553799 0.9999811351299286
12393 33553800 0.999981164932251
12394 33553802 0.9999812245368958
12398 33553804 0.9999812841415405
12399 33553805 0.9999813139438629
12402 33553807 0.9999813735485077
12403 33553808 0.9999814033508301
12405 33553811 0.9999814927577972
12409 33553812 0.9999815225601196
12410 33553813 0.999981552362442
12411 33553814 0.9999815821647644
12412 33553815 0.9999816119670868
12415 33553816 0.9999816417694092
12416 33553817 0.9999816715717316
12417 33553818 0.999981701374054
12418 33553819 0.9999817311763763
12420 33553820 0.9999817609786987
12423 33553821 0.9999817907810211
12424 33553822 0.9999818205833435
12426 33553823 0.9999818503856659
12428 33553824 0.9999818801879883
12429 33553825 0.9999819099903107
12430 33553826 0.9999819397926331
12431 33553827 0.9999819695949554
12432 33553829 0.9999820291996002
12434 33553832 0.9999821186065674
12437 33553833 0.9999821484088898
12438 33553835 0.9999822080135345
12440 33553837 0.9999822676181793
12442 33553838 0.9999822974205017
12445 33553839 0.9999823272228241
12447 33553841 0.9999823868274689
12449 33553843 0.9999824464321136
12454 33553844 0.999982476234436
12455 33553845 0.9999825060367584
12456 33553847 0.9999825656414032
12457 33553849 0.999982625246048
12460 33553850 0.9999826550483704
12461 33553851 0.9999826848506927
12462 33553854 0.9999827742576599
12464 33553855 0.9999828040599823
12465 33553856 0.9999828338623047
12466 33553857 0.9999828636646271
12468 33553858 0.9999828934669495
12474 33553859 0.9999829232692719
12476 33553860 0.9999829530715942
12477 33553861 0.9999829828739166
12478 33553863 0.9999830424785614
12479 33553865 0.9999831020832062
12482 33553866 0.9999831318855286
12483 33553868 0.9999831914901733
12484 33553869 0.9999832212924957
12488 33553870 0.9999832510948181
12489 33553871 0.9999832808971405
12490 33553872 0.9999833106994629
12491 33553874 0.9999833703041077
12493 33553876 0.9999834299087524
12495 33553877 0.9999834597110748
12498 33553879 0.9999835193157196
12499 33553880 0.999983549118042
12501 33553882 0.9999836087226868
12503 33553883 0.9999836385250092
12504 33553884 0.9999836683273315
12505 33553885 0.9999836981296539
12506 33553887 0.9999837577342987
12511 33553888 0.9999837875366211
12513 33553890 0.9999838471412659
12514 33553891 0.9999838769435883
12515 33553893 0.999983936548233
12517 33553894 0.9999839663505554
12519 33553895 0.9999839961528778
12520 33553897 0.9999840557575226
12521 33553898 0.999984085559845
12522 33553899 0.9999841153621674
12524 33553900 0.9999841451644897
12525 33553901 0.9999841749668121
12527 33553902 0.9999842047691345
12528 33553903 0.9999842345714569
12530 33553904 0.9999842643737793
12531 33553905 0.9999842941761017
12534 33553906 0.9999843239784241
12537 33553907 0.9999843537807465
12539 33553908 0.9999843835830688
12540 33553909 0.9999844133853912
12541 33553910 0.9999844431877136
12542 33553911 0.999984472990036
12543 33553912 0.9999845027923584
12546 33553914 0.9999845623970032
12547 33553915 0.9999845921993256
12550 33553916 0.999984622001648
12553 33553917 0.9999846518039703
12557 33553919 0.9999847114086151
12558 33553920 0.9999847412109375
12559 33553921 0.9999847710132599
12560 33553923 0.9999848306179047
12566 33553924 0.999984860420227
12570 33553925 0.9999848902225494
12572 33553926 0.9999849200248718
12573 33553928 0.9999849796295166
12575 33553929 0.999985009431839
12576 33553930 0.9999850392341614
12577 33553931 0.9999850690364838
12579 33553933 0.9999851286411285
12581 33553934 0.9999851584434509
12582 33553936 0.9999852180480957
12583 33553937 0.9999852478504181
12585 33553938 0.9999852776527405
12588 33553940 0.9999853372573853
12591 33553941 0.9999853670597076
12595 33553942 0.99998539686203
12598 33553943 0.9999854266643524
12599 33553944 0.9999854564666748
12609 33553947 0.999985545873642
12610 33553948 0.9999855756759644
12612 33553949 0.9999856054782867
12618 33553950 0.9999856352806091
12623 33553951 0.9999856650829315
12625 33553952 0.9999856948852539
12626 33553954 0.9999857544898987
12628 33553956 0.9999858140945435
12629 33553957 0.9999858438968658
12630 33553959 0.9999859035015106
12636 33553961 0.9999859631061554
12639 33553963 0.9999860227108002
12644 33553965 0.999986082315445
12645 33553966 0.9999861121177673
12653 33553969 0.9999862015247345
12656 33553970 0.9999862313270569
12660 33553973 0.999986320734024
12662 33553974 0.9999863505363464
12663 33553975 0.9999863803386688
12664 33553977 0.9999864399433136
12670 33553978 0.999986469745636
12679 33553980 0.9999865293502808
12681 33553981 0.9999865591526031
12682 33553982 0.9999865889549255
12686 33553983 0.9999866187572479
12689 33553984 0.9999866485595703
12694 33553985 0.9999866783618927
12695 33553986 0.9999867081642151
12698 33553987 0.9999867379665375
12699 33553988 0.9999867677688599
12700 33553989 0.9999867975711823
12701 33553990 0.9999868273735046
12704 33553991 0.999986857175827
12707 33553992 0.9999868869781494
12708 33553993 0.9999869167804718
12710 33553994 0.9999869465827942
12712 33553995 0.9999869763851166
12716 33553996 0.999987006187439
12717 33553997 0.9999870359897614
12719 33553998 0.9999870657920837
12727 33553999 0.9999870955944061
12728 33554000 0.9999871253967285
12730 33554001 0.9999871551990509
12738 33554002 0.9999871850013733
12739 33554003 0.9999872148036957
12740 33554004 0.9999872446060181
12744 33554005 0.9999872744083405
12746 33554006 0.9999873042106628
12749 33554008 0.9999873638153076
12750 33554009 0.99998739361763
12754 33554010 0.9999874234199524
12755 33554011 0.9999874532222748
12757 33554012 0.9999874830245972
12759 33554014 0.9999875426292419
12763 33554015 0.9999875724315643
12764 33554016 0.9999876022338867
12765 33554017 0.9999876320362091
12769 33554018 0.9999876618385315
12770 33554020 0.9999877214431763
12774 33554021 0.9999877512454987
12781 33554022 0.999987781047821
12783 33554023 0.9999878108501434
12792 33554024 0.9999878406524658
12794 33554025 0.9999878704547882
12796 33554027 0.999987930059433
12805 33554028 0.9999879598617554
12808 33554029 0.9999879896640778
12810 33554030 0.9999880194664001
12812 33554031 0.9999880492687225
12813 33554032 0.9999880790710449
12814 33554033 0.9999881088733673
12818 33554034 0.9999881386756897
12819 33554035 0.9999881684780121
12832 33554036 0.9999881982803345
12841 33554037 0.9999882280826569
12845 33554038 0.9999882578849792
12846 33554039 0.9999882876873016
12848 33554040 0.999988317489624
12850 33554041 0.9999883472919464
12855 33554042 0.9999883770942688
12856 33554043 0.9999884068965912
12859 33554044 0.9999884366989136
12862 33554045 0.999988466501236
12863 33554046 0.9999884963035583
12868 33554047 0.9999885261058807
12874 33554048 0.9999885559082031
12875 33554049 0.9999885857105255
12878 33554051 0.9999886453151703
12882 33554052 0.9999886751174927
12885 33554055 0.9999887645244598
12892 33554056 0.9999887943267822
12893 33554057 0.9999888241291046
12905 33554058 0.999988853931427
12906 33554059 0.9999888837337494
12907 33554060 0.9999889135360718
12909 33554061 0.9999889433383942
12915 33554062 0.9999889731407166
12924 33554063 0.9999890029430389
12929 33554064 0.9999890327453613
12931 33554065 0.9999890625476837
12933 33554067 0.9999891221523285
12943 33554068 0.9999891519546509
12947 33554069 0.9999891817569733
12948 33554070 0.9999892115592957
12957 33554071 0.999989241361618
12965 33554072 0.9999892711639404
12971 33554073 0.9999893009662628
12973 33554074 0.9999893307685852
12974 33554075 0.9999893605709076
12976 33554076 0.99998939037323
12979 33554077 0.9999894201755524
12981 33554078 0.9999894499778748
12986 33554079 0.9999894797801971
12987 33554080 0.9999895095825195
12994 33554081 0.9999895393848419
13004 33554082 0.9999895691871643
13014 33554083 0.9999895989894867
13031 33554084 0.9999896287918091
13033 33554085 0.9999896585941315
13035 33554086 0.9999896883964539
13040 33554087 0.9999897181987762
13046 33554089 0.999989777803421
13048 33554090 0.9999898076057434
13054 33554091 0.9999898374080658
13061 33554092 0.9999898672103882
13067 33554093 0.9999898970127106
13090 33554094 0.999989926815033
13092 33554097 0.9999900162220001
13095 33554098 0.9999900460243225
13097 33554099 0.9999900758266449
13107 33554100 0.9999901056289673
13135 33554101 0.9999901354312897
13137 33554102 0.9999901652336121
13141 33554103 0.9999901950359344
13145 33554104 0.9999902248382568
13149 33554105 0.9999902546405792
13150 33554106 0.9999902844429016
13162 33554107 0.999990314245224
13166 33554108 0.9999903440475464
13168 33554109 0.9999903738498688
13176 33554110 0.9999904036521912
13181 33554111 0.9999904334545135
13188 33554112 0.9999904632568359
13191 33554114 0.9999905228614807
13196 33554115 0.9999905526638031
13198 33554116 0.9999905824661255
13199 33554117 0.9999906122684479
13206 33554118 0.9999906420707703
13212 33554119 0.9999906718730927
13216 33554121 0.9999907314777374
13241 33554122 0.9999907612800598
13245 33554123 0.9999907910823822
13246 33554124 0.9999908208847046
13253 33554125 0.999990850687027
13255 33554126 0.9999908804893494
13259 33554127 0.9999909102916718
13261 33554128 0.9999909400939941
13262 33554129 0.9999909698963165
13269 33554130 0.9999909996986389
13279 33554131 0.9999910295009613
13280 33554132 0.9999910593032837
13302 33554133 0.9999910891056061
13343 33554134 0.9999911189079285
13345 33554135 0.9999911487102509
13368 33554136 0.9999911785125732
13378 33554137 0.9999912083148956
13380 33554138 0.999991238117218
13385 33554139 0.9999912679195404
13397 33554140 0.9999912977218628
13415 33554141 0.9999913275241852
13429 33554143 0.99999138712883
13434 33554144 0.9999914169311523
13449 33554145 0.9999914467334747
13468 33554146 0.9999914765357971
13474 33554147 0.9999915063381195
13475 33554148 0.9999915361404419
13504 33554149 0.9999915659427643
13507 33554150 0.9999915957450867
13518 33554151 0.9999916255474091
13521 33554152 0.9999916553497314
13529 33554153 0.9999916851520538
13532 33554154 0.9999917149543762
13540 33554155 0.9999917447566986
13541 33554156 0.999991774559021
13542 33554157 0.9999918043613434
13547 33554158 0.9999918341636658
13558 33554159 0.9999918639659882
13560 33554160 0.9999918937683105
13562 33554161 0.9999919235706329
13569 33554162 0.9999919533729553
13598 33554163 0.9999919831752777
13603 33554164 0.9999920129776001
13608 33554165 0.9999920427799225
13612 33554166 0.9999920725822449
13615 33554167 0.9999921023845673
13623 33554168 0.9999921321868896
13648 33554169 0.999992161989212
13652 33554170 0.9999921917915344
13670 33554171 0.9999922215938568
13679 33554173 0.9999922811985016
13694 33554174 0.999992311000824
13700 33554175 0.9999923408031464
13705 33554176 0.9999923706054688
13752 33554177 0.9999924004077911
13776 33554178 0.9999924302101135
13786 33554179 0.9999924600124359
13813 33554180 0.9999924898147583
13845 33554181 0.9999925196170807
13847 33554183 0.9999925792217255
13852 33554184 0.9999926090240479
13878 33554185 0.9999926388263702
13890 33554186 0.9999926686286926
13899 33554187 0.999992698431015
13931 33554188 0.9999927282333374
13943 33554191 0.9999928176403046
13946 33554192 0.999992847442627
13952 33554193 0.9999928772449493
13971 33554194 0.9999929070472717
13973 33554195 0.9999929368495941
13981 33554196 0.9999929666519165
13998 33554197 0.9999929964542389
14003 33554198 0.9999930262565613
14005 33554199 0.9999930560588837
14007 33554200 0.999993085861206
14012 33554201 0.9999931156635284
14040 33554202 0.9999931454658508
14045 33554203 0.9999931752681732
14072 33554204 0.9999932050704956
14084 33554205 0.999993234872818
14101 33554206 0.9999932646751404
14102 33554207 0.9999932944774628
14105 33554208 0.9999933242797852
14132 33554210 0.9999933838844299
14179 33554211 0.9999934136867523
14184 33554212 0.9999934434890747
14200 33554213 0.9999934732913971
14215 33554214 0.9999935030937195
14239 33554215 0.9999935328960419
14256 33554216 0.9999935626983643
14273 33554217 0.9999935925006866
14286 33554219 0.9999936521053314
14306 33554220 0.9999936819076538
14307 33554221 0.9999937117099762
14319 33554222 0.9999937415122986
14376 33554223 0.999993771314621
14385 33554224 0.9999938011169434
14392 33554225 0.9999938309192657
14409 33554226 0.9999938607215881
14416 33554227 0.9999938905239105
14428 33554228 0.9999939203262329
14481 33554229 0.9999939501285553
14505 33554230 0.9999939799308777
14521 33554231 0.9999940097332001
14534 33554232 0.9999940395355225
14582 33554233 0.9999940693378448
14600 33554234 0.9999940991401672
14666 33554235 0.9999941289424896
14670 33554237 0.9999941885471344
14724 33554238 0.9999942183494568
14810 33554239 0.9999942481517792
14820 33554240 0.9999942779541016
14837 33554241 0.999994307756424
14869 33554242 0.9999943375587463
14873 33554243 0.9999943673610687
14880 33554244 0.9999943971633911
14974 33554245 0.9999944269657135
14981 33554247 0.9999944865703583
15006 33554248 0.9999945163726807
15019 33554249 0.999994546175003
15080 33554250 0.9999945759773254
15087 33554251 0.9999946057796478
15094 33554253 0.9999946653842926
15131 33554254 0.999994695186615
15147 33554255 0.9999947249889374
15159 33554256 0.9999947547912598
15178 33554257 0.9999947845935822
15196 33554258 0.9999948143959045
15206 33554259 0.9999948441982269
15213 33554260 0.9999948740005493
15221 33554261 0.9999949038028717
15266 33554262 0.9999949336051941
15338 33554263 0.9999949634075165
15421 33554264 0.9999949932098389
15443 33554265 0.9999950230121613
15474 33554266 0.9999950528144836
15539 33554267 0.999995082616806
15591 33554268 0.9999951124191284
15680 33554269 0.9999951422214508
15690 33554270 0.9999951720237732
15717 33554271 0.9999952018260956
15738 33554272 0.999995231628418
15796 33554273 0.9999952614307404
15823 33554274 0.9999952912330627
15844 33554275 0.9999953210353851
15862 33554276 0.9999953508377075
15867 33554277 0.9999953806400299
15890 33554278 0.9999954104423523
15906 33554279 0.9999954402446747
15908 33554280 0.9999954700469971
15917 33554281 0.9999954998493195
15919 33554282 0.9999955296516418
15921 33554283 0.9999955594539642
15924 33554284 0.9999955892562866
15929 33554285 0.999995619058609
15936 33554286 0.9999956488609314
16103 33554287 0.9999956786632538
16112 33554288 0.9999957084655762
16181 33554289 0.9999957382678986
16203 33554290 0.999995768070221
16249 33554291 0.9999957978725433
16266 33554292 0.9999958276748657
16290 33554293 0.9999958574771881
16309 33554294 0.9999958872795105
16313 33554295 0.9999959170818329
16318 33554296 0.9999959468841553
16330 33554297 0.9999959766864777
16356 33554298 0.9999960064888
16383 33554299 0.9999960362911224
16411 33554300 0.9999960660934448
16417 33554301 0.9999960958957672
16425 33554302 0.9999961256980896
16445 33554303 0.999996155500412
16456 33554304 0.9999961853027344
16468 33554305 0.9999962151050568
16478 33554307 0.9999962747097015
16479 33554308 0.9999963045120239
16489 33554309 0.9999963343143463
16500 33554310 0.9999963641166687
16545 33554311 0.9999963939189911
16546 33554312 0.9999964237213135
16571 33554313 0.9999964535236359
16589 33554314 0.9999964833259583
16613 33554315 0.9999965131282806
16617 33554316 0.999996542930603
16618 33554317 0.9999965727329254
16628 33554318 0.9999966025352478
16663 33554319 0.9999966323375702
16701 33554320 0.9999966621398926
16721 33554321 0.999996691942215
16746 33554322 0.9999967217445374
16767 33554323 0.9999967515468597
16769 33554324 0.9999967813491821
16795 33554325 0.9999968111515045
16826 33554326 0.9999968409538269
16881 33554327 0.9999968707561493
16913 33554328 0.9999969005584717
16928 33554329 0.9999969303607941
16936 33554330 0.9999969601631165
17053 33554331 0.9999969899654388
17077 33554332 0.9999970197677612
17108 33554333 0.9999970495700836
17116 33554334 0.999997079372406
17189 33554335 0.9999971091747284
17191 33554336 0.9999971389770508
17259 33554337 0.9999971687793732
17325 33554338 0.9999971985816956
17351 33554339 0.9999972283840179
17404 33554340 0.9999972581863403
17605 33554341 0.9999972879886627
17633 33554342 0.9999973177909851
17644 33554343 0.9999973475933075
17676 33554344 0.9999973773956299
17684 33554345 0.9999974071979523
17692 33554346 0.9999974370002747
17733 33554347 0.999997466802597
17756 33554348 0.9999974966049194
17768 33554349 0.9999975264072418
17882 33554350 0.9999975562095642
17886 33554351 0.9999975860118866
17950 33554352 0.999997615814209
18008 33554353 0.9999976456165314
18238 33554354 0.9999976754188538
18525 33554355 0.9999977052211761
18539 33554356 0.9999977350234985
18559 33554357 0.9999977648258209
18644 33554358 0.9999977946281433
18669 33554359 0.9999978244304657
18805 33554360 0.9999978542327881
18877 33554361 0.9999978840351105
18953 33554362 0.9999979138374329
18970 33554363 0.9999979436397552
19169 33554364 0.9999979734420776
19192 33554365 0.9999980032444
19279 33554366 0.9999980330467224
19351 33554367 0.9999980628490448
19479 33554368 0.9999980926513672
19544 33554369 0.9999981224536896
19665 33554370 0.999998152256012
19710 33554371 0.9999981820583344
19721 33554372 0.9999982118606567
19740 33554373 0.9999982416629791
19806 33554374 0.9999982714653015
20148 33554375 0.9999983012676239
20244 33554376 0.9999983310699463
20297 33554377 0.9999983608722687
20401 33554378 0.9999983906745911
20447 33554379 0.9999984204769135
20493 33554380 0.9999984502792358
20504 33554381 0.9999984800815582
20718 33554382 0.9999985098838806
20902 33554383 0.999998539686203
20998 33554384 0.9999985694885254
21021 33554385 0.9999985992908478
21040 33554386 0.9999986290931702
21270 33554387 0.9999986588954926
21530 33554388 0.9999986886978149
21620 33554389 0.9999987185001373
21664 33554390 0.9999987483024597
21959 33554391 0.9999987781047821
22126 33554392 0.9999988079071045
22171 33554393 0.9999988377094269
22539 33554394 0.9999988675117493
22740 33554395 0.9999988973140717
22789 33554396 0.999998927116394
22855 33554397 0.9999989569187164
22871 33554398 0.9999989867210388
23179 33554399 0.9999990165233612
23194 33554400 0.9999990463256836
23457 33554401 0.999999076128006
24283 33554402 0.9999991059303284
24561 33554403 0.9999991357326508
24588 33554404 0.9999991655349731
24688 33554405 0.9999991953372955
24771 33554406 0.9999992251396179
24843 33554407 0.9999992549419403
24912 33554408 0.9999992847442627
25026 33554409 0.9999993145465851
25206 33554410 0.9999993443489075
25816 33554411 0.9999993741512299
25838 33554412 0.9999994039535522
26003 33554413 0.9999994337558746
26080 33554414 0.999999463558197
27068 33554415 0.9999994933605194
27085 33554416 0.9999995231628418
27894 33554417 0.9999995529651642
29073 33554418 0.9999995827674866
29970 33554419 0.999999612569809
31348 33554420 0.9999996423721313
32287 33554421 0.9999996721744537
33667 33554422 0.9999997019767761
50871 33554423 0.9999997317790985
58842 33554424 0.9999997615814209
59192 33554425 0.9999997913837433
108424 33554426 0.9999998211860657
130887 33554427 0.9999998509883881
137146 33554428 0.9999998807907104
250992 33554429 0.9999999105930328
314439 33554430 0.9999999403953552
498760 33554431 0.9999999701976776
536717 33554432 1.0
