6025 1 2.9802322387695312e-08
6026 2 5.960464477539063e-08
6037 3 8.940696716308594e-08
6045 4 1.1920928955078125e-07
6047 5 1.4901161193847656e-07
6049 6 1.7881393432617188e-07
6050 7 2.086162567138672e-07
6055 8 2.384185791015625e-07
6058 9 2.682209014892578e-07
6059 12 3.5762786865234375e-07
6060 13 3.8743019104003906e-07
6063 14 4.172325134277344e-07
6065 15 4.470348358154297e-07
6067 16 4.76837158203125e-07
6069 17 5.066394805908203e-07
6070 18 5.364418029785156e-07
6072 19 5.662441253662109e-07
6073 22 6.556510925292969e-07
6074 23 6.854534149169922e-07
6075 27 8.046627044677734e-07
6076 29 8.642673492431641e-07
6077 31 9.238719940185547e-07
6078 36 1.0728836059570312e-06
6079 37 1.1026859283447266e-06
6080 43 1.2814998626708984e-06
6081 44 1.3113021850585938e-06
6082 49 1.4603137969970703e-06
6083 50 1.4901161193847656e-06
6085 53 1.5795230865478516e-06
6086 59 1.7583370208740234e-06
6087 65 1.9371509552001953e-06
6088 67 1.996755599975586e-06
6089 72 2.1457672119140625e-06
6090 75 2.2351741790771484e-06
6091 79 2.3543834686279297e-06
6092 85 2.5331974029541016e-06
6093 90 2.682209014892578e-06
6094 96 2.86102294921875e-06
6095 103 3.069639205932617e-06
6096 108 3.2186508178710938e-06
6097 113 3.3676624298095703e-06
6098 116 3.4570693969726562e-06
6099 118 3.516674041748047e-06
6100 127 3.7848949432373047e-06
6101 129 3.844499588012695e-06
6102 134 3.993511199951172e-06
6103 141 4.202127456665039e-06
6104 147 4.380941390991211e-06
6106 152 4.5299530029296875e-06
6107 160 4.76837158203125e-06
6108 165 4.9173831939697266e-06
6109 176 5.245208740234375e-06
6110 190 5.662441253662109e-06
6111 197 5.8710575103759766e-06
6112 204 6.079673767089844e-06
6113 212 6.318092346191406e-06
6114 218 6.496906280517578e-06
6115 231 6.884336471557617e-06
6116 247 7.361173629760742e-06
6117 253 7.539987564086914e-06
6118 259 7.718801498413086e-06
6119 266 7.927417755126953e-06
6120 274 8.165836334228516e-06
6121 286 8.52346420288086e-06
6122 299 8.910894393920898e-06
6123 310 9.238719940185547e-06
6124 323 9.626150131225586e-06
6125 337 1.004338264465332e-05
6126 349 1.0401010513305664e-05
6127 358 1.0669231414794922e-05
6128 377 1.1235475540161133e-05
6129 397 1.1831521987915039e-05
6130 406 1.2099742889404297e-05
6131 420 1.2516975402832031e-05
6132 440 1.3113021850585938e-05
6133 463 1.379847526550293e-05
6134 478 1.424551010131836e-05
6135 495 1.475214958190918e-05
6136 513 1.5288591384887695e-05
6137 545 1.6242265701293945e-05
6138 565 1.683831214904785e-05
6139 588 1.7523765563964844e-05
6140 611 1.8209218978881836e-05
6141 626 1.8656253814697266e-05
6142 638 1.901388168334961e-05
6143 662 1.9729137420654297e-05
6144 674 2.008676528930664e-05
6145 696 2.0742416381835938e-05
6146 726 2.1636486053466797e-05
6147 749 2.232193946838379e-05
6148 767 2.2858381271362305e-05
6149 788 2.3484230041503906e-05
6150 814 2.4259090423583984e-05
6151 841 2.5063753128051758e-05
6152 872 2.5987625122070312e-05
6153 898 2.676248550415039e-05
6154 925 2.7567148208618164e-05
6155 945 2.816319465637207e-05
6156 975 2.905726432800293e-05
6157 1001 2.9832124710083008e-05
6158 1036 3.0875205993652344e-05
6159 1072 3.1948089599609375e-05
6160 1104 3.2901763916015625e-05
6161 1130 3.36766242980957e-05
6162 1157 3.4481287002563477e-05
6163 1189 3.5434961318969727e-05
6164 1218 3.629922866821289e-05
6165 1255 3.740191459655762e-05
6166 1300 3.8743019104003906e-05
6167 1341 3.9964914321899414e-05
6168 1370 4.082918167114258e-05
6169 1414 4.214048385620117e-05
6170 1450 4.32133674621582e-05
6171 1501 4.4733285903930664e-05
6172 1544 4.601478576660156e-05
6173 1581 4.711747169494629e-05
6174 1633 4.8667192459106445e-05
6175 1676 4.9948692321777344e-05
6176 1716 5.1140785217285156e-05
6177 1757 5.2362680435180664e-05
6178 1803 5.373358726501465e-05
6179 1849 5.510449409484863e-05
6180 1910 5.692243576049805e-05
6181 1958 5.835294723510742e-05
6182 2003 5.969405174255371e-05
6183 2072 6.175041198730469e-05
6184 2120 6.318092346191406e-05
6185 2171 6.470084190368652e-05
6186 2243 6.684660911560059e-05
6187 2300 6.854534149169922e-05
6188 2371 7.066130638122559e-05
6189 2440 7.271766662597656e-05
6190 2504 7.462501525878906e-05
6191 2575 7.674098014831543e-05
6192 2634 7.849931716918945e-05
6193 2707 8.067488670349121e-05
6194 2776 8.273124694824219e-05
6195 2843 8.472800254821777e-05
6196 2921 8.705258369445801e-05
6197 2999 8.937716484069824e-05
6198 3073 9.15825366973877e-05
6199 3167 9.438395500183105e-05
6200 3259 9.712576866149902e-05
6201 3334 9.936094284057617e-05
6202 3433 0.00010231137275695801
6203 3525 0.00010505318641662598
6204 3631 0.00010821223258972168
6205 3712 0.000110626220703125
6206 3811 0.00011357665061950684
6207 3922 0.00011688470840454102
6208 4039 0.00012037158012390137
6209 4145 0.00012353062629699707
6210 4254 0.00012677907943725586
6211 4369 0.00013020634651184082
6212 4485 0.00013366341590881348
6213 4605 0.00013723969459533691
6214 4773 0.00014224648475646973
6215 4916 0.00014650821685791016
6216 5047 0.00015041232109069824
6217 5216 0.00015544891357421875
6218 5351 0.00015947222709655762
6219 5508 0.00016415119171142578
6220 5660 0.00016868114471435547
6221 5830 0.00017374753952026367
6222 5969 0.00017789006233215332
6223 6160 0.00018358230590820312
6224 6358 0.0001894831657409668
6225 6501 0.00019374489784240723
6226 6689 0.00019934773445129395
6227 6864 0.00020456314086914062
6228 7044 0.00020992755889892578
6229 7245 0.00021591782569885254
6230 7467 0.0002225339412689209
6231 7697 0.00022938847541809082
6232 7919 0.00023600459098815918
6233 8103 0.00024148821830749512
6234 8369 0.00024941563606262207
6235 8591 0.00025603175163269043
6236 8809 0.000262528657913208
6237 9109 0.0002714693546295166
6238 9358 0.00027889013290405273
6239 9584 0.0002856254577636719
6240 9864 0.00029397010803222656
6241 10112 0.000301361083984375
6242 10356 0.00030863285064697266
6243 10611 0.00031623244285583496
6244 10913 0.00032523274421691895
6245 11159 0.000332564115524292
6246 11468 0.00034177303314208984
6247 11770 0.00035077333450317383
6248 12073 0.0003598034381866455
6249 12384 0.00036907196044921875
6250 12706 0.00037866830825805664
6251 13032 0.0003883838653564453
6252 13323 0.00039705634117126465
6253 13610 0.0004056096076965332
6254 13974 0.0004164576530456543
6255 14308 0.00042641162872314453
6256 14624 0.00043582916259765625
6257 14978 0.0004463791847229004
6258 15352 0.00045752525329589844
6259 15710 0.00046819448471069336
6260 16084 0.0004793405532836914
6261 16523 0.0004924237728118896
6262 16864 0.0005025863647460938
6263 17280 0.000514984130859375
6264 17738 0.0005286335945129395
6265 18115 0.0005398690700531006
6266 18547 0.000552743673324585
6267 19026 0.000567018985748291
6268 19460 0.0005799531936645508
6269 19893 0.0005928575992584229
6270 20342 0.000606238842010498
6271 20852 0.0006214380264282227
6272 21298 0.0006347298622131348
6273 21759 0.0006484687328338623
6274 22293 0.0006643831729888916
6275 22787 0.0006791055202484131
6276 23256 0.0006930828094482422
6277 23771 0.0007084310054779053
6278 24316 0.0007246732711791992
6279 24772 0.0007382631301879883
6280 25244 0.0007523298263549805
6281 25827 0.0007697045803070068
6282 26310 0.0007840991020202637
6283 26823 0.0007993876934051514
6284 27378 0.0008159279823303223
6285 27868 0.000830531120300293
6286 28425 0.0008471310138702393
6287 28990 0.0008639693260192871
6288 29538 0.0008803009986877441
6289 30135 0.0008980929851531982
6290 30694 0.0009147524833679199
6291 31323 0.0009334981441497803
6292 31914 0.0009511113166809082
6293 32430 0.000966489315032959
6294 33037 0.00098457932472229
6295 33664 0.001003265380859375
6296 34184 0.0010187625885009766
6297 34772 0.0010362863540649414
6298 35447 0.0010564029216766357
6299 35998 0.0010728240013122559
6300 36575 0.001090019941329956
6301 37259 0.0011104047298431396
6302 37830 0.0011274218559265137
6303 38433 0.001145392656326294
6304 39085 0.0011648237705230713
6305 39733 0.0011841356754302979
6306 40379 0.001203387975692749
6307 40968 0.0012209415435791016
6308 41653 0.0012413561344146729
6309 42297 0.0012605488300323486
6310 42929 0.001279383897781372
6311 43619 0.0012999475002288818
6312 44300 0.0013202428817749023
6313 44854 0.0013367533683776855
6314 45512 0.001356363296508789
6315 46281 0.0013792812824249268
6316 46866 0.0013967156410217285
6317 47549 0.0014170706272125244
6318 48337 0.0014405548572540283
6319 48961 0.0014591515064239502
6320 49570 0.0014773011207580566
6321 50317 0.001499563455581665
6322 50974 0.0015191435813903809
6323 51633 0.001538783311843872
6324 52341 0.0015598833560943604
6325 53097 0.001582413911819458
6326 53743 0.0016016662120819092
6327 54390 0.001620948314666748
6328 55132 0.001643061637878418
6329 55820 0.0016635656356811523
6330 56474 0.001683056354522705
6331 57166 0.0017036795616149902
6332 57915 0.001726001501083374
6333 58560 0.0017452239990234375
6334 59213 0.0017646849155426025
6335 60015 0.0017885863780975342
6336 60647 0.0018074214458465576
6337 61313 0.0018272697925567627
6338 62151 0.0018522441387176514
6339 62784 0.0018711090087890625
6340 63455 0.001891106367111206
6341 64207 0.001913517713546753
6342 64903 0.0019342601299285889
6343 65570 0.0019541382789611816
6344 66262 0.001974761486053467
6345 66978 0.0019960999488830566
6346 67618 0.0020151734352111816
6347 68280 0.002034902572631836
6348 68998 0.002056300640106201
6349 69708 0.002077460289001465
6350 70365 0.0020970404148101807
6351 71059 0.002117723226547241
6352 71765 0.002138763666152954
6353 72399 0.002157658338546753
6354 73037 0.0021766722202301025
6355 73803 0.002199500799179077
6356 74399 0.0022172629833221436
6357 75050 0.002236664295196533
6358 75781 0.0022584497928619385
6359 76461 0.0022787153720855713
6360 77067 0.0022967755794525146
6361 77729 0.002316504716873169
6362 78457 0.002338200807571411
6363 79118 0.0023579001426696777
6364 79713 0.0023756325244903564
6365 80425 0.0023968517780303955
6366 81086 0.002416551113128662
6367 81691 0.0024345815181732178
6368 82359 0.0024544894695281982
6369 83057 0.0024752914905548096
6370 83614 0.002491891384124756
6371 84169 0.0025084316730499268
6372 84877 0.002529531717300415
6373 85471 0.002547234296798706
6374 86035 0.002564042806625366
6375 86718 0.002584397792816162
6376 87320 0.0026023387908935547
6377 87853 0.0026182234287261963
6378 88475 0.0026367604732513428
6379 89095 0.002655237913131714
6380 89649 0.002671748399734497
6381 90213 0.0026885569095611572
6382 90854 0.00270766019821167
6383 91414 0.0027243494987487793
6384 91992 0.002741575241088867
6385 92573 0.002758890390396118
6386 93188 0.0027772188186645508
6387 93746 0.0027938485145568848
6388 94285 0.0028099119663238525
6389 94911 0.00282856822013855
6390 95464 0.0028450489044189453
6391 95961 0.00285986065864563
6392 96595 0.0028787553310394287
6393 97116 0.002894282341003418
6394 97586 0.0029082894325256348
6395 98220 0.0029271841049194336
6396 98762 0.0029433369636535645
6397 99233 0.002957373857498169
6398 99810 0.002974569797515869
6399 100361 0.0029909908771514893
6400 100874 0.003006279468536377
6401 101404 0.0030220746994018555
6402 101995 0.0030396878719329834
6403 102571 0.003056854009628296
6404 103093 0.003072410821914673
6405 103625 0.0030882656574249268
6406 104193 0.0031051933765411377
6407 104642 0.003118574619293213
6408 105121 0.003132849931716919
6409 105673 0.0031493008136749268
6410 106183 0.0031644999980926514
6411 106657 0.003178626298904419
6412 107243 0.0031960904598236084
6413 107771 0.0032118260860443115
6414 108250 0.0032261013984680176
6415 108802 0.0032425522804260254
6416 109327 0.0032581984996795654
6417 109829 0.0032731592655181885
6418 110369 0.003289252519607544
6419 110934 0.003306090831756592
6420 111370 0.003319084644317627
6421 111880 0.0033342838287353516
6422 112374 0.003349006175994873
6423 112917 0.0033651888370513916
6424 113446 0.0033809542655944824
6425 113935 0.0033955276012420654
6426 114492 0.0034121274948120117
6427 114997 0.003427177667617798
6428 115446 0.003440558910369873
6429 115998 0.003457009792327881
6430 116427 0.003469794988632202
6431 116911 0.0034842193126678467
6432 117466 0.0035007596015930176
6433 117972 0.0035158395767211914
6434 118412 0.0035289525985717773
6435 118929 0.003544360399246216
6436 119493 0.003561168909072876
6437 119969 0.003575354814529419
6438 120481 0.003590613603591919
6439 121027 0.0036068856716156006
6440 121513 0.0036213696002960205
6441 121993 0.0036356747150421143
6442 122528 0.0036516189575195312
6443 123049 0.0036671459674835205
6444 123545 0.0036819279193878174
6445 124027 0.0036962926387786865
6446 124590 0.003713071346282959
6447 125073 0.003727465867996216
6448 125523 0.0037408769130706787
6449 126111 0.0037584006786346436
6450 126620 0.0037735700607299805
6451 127054 0.0037865042686462402
6452 127606 0.003802955150604248
6453 128173 0.0038198530673980713
6454 128604 0.003832697868347168
6455 129113 0.003847867250442505
6456 129678 0.0038647055625915527
6457 130203 0.0038803517818450928
6458 130709 0.0038954317569732666
6459 131278 0.003912389278411865
6460 131778 0.003927290439605713
6461 132271 0.003941982984542847
6462 132742 0.003956019878387451
6463 133259 0.00397142767906189
6464 133807 0.003987759351730347
6465 134293 0.004002243280410767
6466 134911 0.004020661115646362
6467 135405 0.004035383462905884
6468 135883 0.004049628973007202
6469 136454 0.004066646099090576
6470 137051 0.00408443808555603
6471 137539 0.004098981618881226
6472 138063 0.004114598035812378
6473 138636 0.004131674766540527
6474 139114 0.004145920276641846
6475 139659 0.00416216254234314
6476 140275 0.00418052077293396
6477 140845 0.004197508096694946
6478 141362 0.004212915897369385
6479 141937 0.00423005223274231
6480 142509 0.004247099161148071
6481 143086 0.0042642951011657715
6482 143592 0.004279375076293945
6483 144215 0.0042979419231414795
6484 144788 0.004315018653869629
6485 145314 0.004330694675445557
6486 145959 0.00434991717338562
6487 146553 0.004367619752883911
6488 147078 0.004383265972137451
6489 147660 0.00440061092376709
6490 148287 0.004419296979904175
6491 148841 0.004435807466506958
6492 149390 0.004452168941497803
6493 150041 0.004471570253372192
6494 150586 0.004487812519073486
6495 151204 0.004506230354309082
6496 151772 0.004523158073425293
6497 152341 0.004540115594863892
6498 152896 0.0045566558837890625
6499 153474 0.00457388162612915
6500 154135 0.004593580961227417
6501 154726 0.004611194133758545
6502 155311 0.004628628492355347
6503 156015 0.004649609327316284
6504 156689 0.004669696092605591
6505 157229 0.004685789346694946
6506 157871 0.004704922437667847
6507 158567 0.004725664854049683
6508 159170 0.004743635654449463
6509 159752 0.0047609806060791016
6510 160495 0.004783123731613159
6511 161063 0.00480005145072937
6512 161667 0.004818052053451538
6513 162387 0.004839509725570679
6514 163021 0.0048584043979644775
6515 163664 0.004877567291259766
6516 164361 0.004898339509963989
6517 165085 0.004919916391372681
6518 165715 0.004938691854476929
6519 166328 0.004956960678100586
6520 167062 0.004978835582733154
6521 167732 0.00499880313873291
6522 168336 0.005016803741455078
6523 169026 0.005037367343902588
6524 169730 0.005058348178863525
6525 170406 0.005078494548797607
6526 171072 0.0050983428955078125
6527 171914 0.005123436450958252
6528 172528 0.005141735076904297
6529 173205 0.005161911249160767
6530 174018 0.005186140537261963
6531 174708 0.005206704139709473
6532 175466 0.005229294300079346
6533 176256 0.005252838134765625
6534 177022 0.0052756667137146
6535 177744 0.005297183990478516
6536 178560 0.005321502685546875
6537 179417 0.00534704327583313
6538 180201 0.005370408296585083
6539 180987 0.0053938329219818115
6540 181791 0.0054177939891815186
6541 182593 0.00544169545173645
6542 183386 0.005465328693389893
6543 184191 0.005489319562911987
6544 185125 0.005517154932022095
6545 185933 0.0055412352085113525
6546 186788 0.005566716194152832
6547 187785 0.005596429109573364
6548 188597 0.005620628595352173
6549 189423 0.005645245313644409
6550 190442 0.005675613880157471
6551 191359 0.005702942609786987
6552 192252 0.005729556083679199
6553 193228 0.00575864315032959
6554 194258 0.005789339542388916
6555 195214 0.005817830562591553
6556 196186 0.005846798419952393
6557 197269 0.005879074335098267
6558 198257 0.00590851902961731
6559 199285 0.00593915581703186
6560 200301 0.005969434976577759
6561 201432 0.006003141403198242
6562 202514 0.0060353875160217285
6563 203603 0.006067842245101929
6564 204883 0.006105989217758179
6565 205984 0.006138801574707031
6566 207065 0.00617101788520813
6567 208397 0.00621071457862854
6568 209491 0.006243318319320679
6569 210635 0.006277412176132202
6570 211961 0.006316930055618286
6571 213304 0.006356954574584961
6572 214544 0.006393909454345703
6573 215744 0.0064296722412109375
6574 217179 0.00647243857383728
6575 218522 0.006512463092803955
6576 219857 0.006552249193191528
6577 221220 0.006592869758605957
6578 222678 0.006636321544647217
6579 224018 0.0066762566566467285
6580 225416 0.0067179203033447266
6581 227013 0.006765514612197876
6582 228351 0.006805390119552612
6583 229651 0.006844133138656616
6584 231458 0.006897985935211182
6585 232933 0.006941944360733032
6586 234426 0.006986439228057861
6587 236251 0.007040828466415405
6588 237827 0.007087796926498413
6589 239376 0.007133960723876953
6590 241064 0.007184267044067383
6591 242823 0.007236689329147339
6592 244439 0.0072848498821258545
6593 246094 0.00733417272567749
6594 247995 0.007390826940536499
6595 249739 0.00744280219078064
6596 251521 0.007495909929275513
6597 253349 0.00755038857460022
6598 255339 0.007609695196151733
6599 257161 0.007663995027542114
6600 258974 0.007718026638031006
6601 261258 0.007786095142364502
6602 263082 0.007840454578399658
6603 264948 0.007896065711975098
6604 267303 0.00796625018119812
6605 269323 0.008026450872421265
6606 271232 0.008083343505859375
6607 273427 0.008148759603500366
6608 275651 0.0082150399684906
6609 277713 0.008276492357254028
6610 279922 0.008342325687408447
6611 282392 0.008415937423706055
6612 284528 0.008479595184326172
6613 286829 0.008548170328140259
6614 289223 0.008619517087936401
6615 291612 0.008690714836120605
6616 293937 0.008760005235671997
6617 296273 0.008829623460769653
6618 298935 0.008908957242965698
6619 301340 0.008980631828308105
6620 303597 0.009047895669937134
6621 306433 0.009132415056228638
6622 308863 0.009204834699630737
6623 311194 0.009274303913116455
6624 313911 0.009355276823043823
6625 316590 0.009435117244720459
6626 319001 0.009506970643997192
6627 321649 0.00958588719367981
6628 324437 0.009668976068496704
6629 326908 0.0097426176071167
6630 329528 0.009820699691772461
6631 332503 0.009909361600875854
6632 335112 0.009987115859985352
6633 337779 0.010066598653793335
6634 340600 0.010150671005249023
6635 343568 0.010239124298095703
6636 346337 0.010321646928787231
6637 349053 0.010402590036392212
6638 352296 0.010499238967895508
6639 355123 0.010583490133285522
6640 357697 0.01066020131111145
6641 360904 0.010755777359008789
6642 363832 0.010843038558959961
6643 366564 0.010924458503723145
6644 369753 0.011019498109817505
6645 372967 0.011115282773971558
6646 375840 0.011200904846191406
6647 378934 0.011293113231658936
6648 382341 0.011394649744033813
6649 385268 0.011481881141662598
6650 388371 0.011574357748031616
6651 391656 0.011672258377075195
6652 394719 0.011763542890548706
6653 397797 0.011855274438858032
6654 400881 0.011947184801101685
6655 404283 0.012048572301864624
6656 407460 0.012143254280090332
6657 410353 0.012229472398757935
6658 413874 0.01233440637588501
6659 417141 0.01243177056312561
6660 420064 0.012518882751464844
6661 423508 0.012621521949768066
6662 426933 0.012723594903945923
6663 430023 0.012815684080123901
6664 433392 0.012916088104248047
6665 437015 0.013024061918258667
6666 440126 0.013116776943206787
6667 443368 0.013213396072387695
6668 446960 0.013320446014404297
6669 450137 0.013415127992630005
6670 453472 0.013514518737792969
6671 456887 0.013616293668746948
6672 460296 0.013717889785766602
6673 463683 0.013818830251693726
6674 466834 0.013912737369537354
6675 470575 0.014024227857589722
6676 473872 0.014122486114501953
6677 476997 0.014215618371963501
6678 480659 0.014324754476547241
6679 484284 0.014432787895202637
6680 487282 0.014522135257720947
6681 490811 0.014627307653427124
6682 494470 0.014736354351043701
6683 497590 0.01482933759689331
6684 500996 0.0149308443069458
6685 504796 0.015044093132019043
6686 508040 0.015140771865844727
6687 511434 0.015241920948028564
6688 515009 0.015348464250564575
6689 518407 0.015449732542037964
6690 521774 0.015550076961517334
6691 525131 0.015650123357772827
6692 528864 0.015761375427246094
6693 532275 0.015863031148910522
6694 535531 0.01596006751060486
6695 539214 0.01606982946395874
6696 542815 0.01617714762687683
6697 546114 0.016275465488433838
6698 549664 0.016381263732910156
6699 553414 0.016493022441864014
6700 556599 0.016587942838668823
6701 560143 0.016693562269210815
6702 564001 0.016808539628982544
6703 567266 0.01690584421157837
6704 570650 0.01700669527053833
6705 574440 0.017119646072387695
6706 577900 0.01722276210784912
6707 581234 0.017322123050689697
6708 584645 0.017423778772354126
6709 588274 0.017531931400299072
6710 591850 0.01763850450515747
6711 595097 0.017735272645950317
6712 598905 0.01784875988960266
6713 602534 0.017956912517547607
6714 605835 0.01805528998374939
6715 609576 0.018166780471801758
6716 613346 0.01827913522720337
6717 616666 0.018378078937530518
6718 620292 0.0184861421585083
6719 624238 0.018603742122650146
6720 627455 0.018699616193771362
6721 630936 0.01880335807800293
6722 635155 0.018929094076156616
6723 638450 0.019027292728424072
6724 641888 0.01912975311279297
6725 645749 0.01924481987953186
6726 649516 0.01935708522796631
6727 653184 0.019466400146484375
6728 656811 0.019574493169784546
6729 660863 0.019695252180099487
6730 664516 0.01980412006378174
6731 668101 0.019910961389541626
6732 672257 0.020034819841384888
6733 676129 0.020150214433670044
6734 679706 0.02025681734085083
6735 683469 0.020368963479995728
6736 687813 0.020498424768447876
6737 691407 0.020605534315109253
6738 695214 0.02071899175643921
6739 699810 0.020855963230133057
6740 703523 0.02096661925315857
6741 707387 0.021081775426864624
6742 711835 0.021214336156845093
6743 715985 0.02133801579475403
6744 719994 0.0214574933052063
6745 724436 0.02158987522125244
6746 728959 0.021724671125411987
6747 733307 0.021854251623153687
6748 737613 0.021982580423355103
6749 742514 0.022128641605377197
6750 747110 0.022265613079071045
6751 751506 0.022396624088287354
6752 756210 0.022536814212799072
6753 761227 0.02268633246421814
6754 765777 0.022821933031082153
6755 770550 0.022964179515838623
6756 776203 0.023132652044296265
6757 780764 0.023268580436706543
6758 785494 0.023409545421600342
6759 791397 0.023585468530654907
6760 796361 0.023733407258987427
6761 801500 0.023886561393737793
6762 807382 0.024061858654022217
6763 813074 0.02423149347305298
6764 818532 0.02439415454864502
6765 824263 0.0245649516582489
6766 830571 0.024752944707870483
6767 836433 0.024927645921707153
6768 842148 0.025097966194152832
6769 848620 0.025290846824645996
6770 855088 0.02548360824584961
6771 861057 0.025661498308181763
6772 867477 0.025852829217910767
6773 874679 0.026067465543746948
6774 880921 0.026253491640090942
6775 887273 0.026442795991897583
6776 895608 0.026691198348999023
6777 902110 0.02688497304916382
6778 908869 0.02708640694618225
6779 916975 0.02732798457145691
6780 924275 0.027545541524887085
6781 931592 0.02776360511779785
6782 939570 0.028001368045806885
6783 947870 0.028248727321624756
6784 955629 0.028479963541030884
6785 963541 0.02871575951576233
6786 972562 0.02898460626602173
6787 980957 0.02923479676246643
6788 989259 0.029482215642929077
6789 998277 0.029750972986221313
6790 1007751 0.03003332018852234
6791 1016575 0.030296295881271362
6792 1025250 0.03055483102798462
6793 1035772 0.03086841106414795
6794 1044779 0.03113684058189392
6795 1053916 0.03140914440155029
6796 1065124 0.03174316883087158
6797 1074626 0.03202635049819946
6798 1084137 0.03230980038642883
6799 1095203 0.03263959288597107
6800 1105755 0.03295406699180603
6801 1115711 0.033250778913497925
6802 1126423 0.03357002139091492
6803 1138132 0.03391897678375244
6804 1148829 0.03423777222633362
6805 1159743 0.034563034772872925
6806 1171602 0.034916460514068604
6807 1183494 0.035270869731903076
6808 1194774 0.03560703992843628
6809 1206464 0.03595542907714844
6810 1219609 0.03634718060493469
6811 1231271 0.036694735288619995
6812 1242447 0.03702780604362488
6813 1257073 0.03746369481086731
6814 1269107 0.037822335958480835
6815 1280889 0.03817346692085266
6816 1295759 0.03861662745475769
6817 1308929 0.03900912404060364
6818 1321388 0.039380431175231934
6819 1335422 0.03979867696762085
6820 1350076 0.04023540019989014
6821 1363227 0.04062733054161072
6822 1377320 0.04104733467102051
6823 1392703 0.041505783796310425
6824 1406973 0.04193106293678284
6825 1421419 0.04236158728599548
6826 1436436 0.042809128761291504
6827 1452430 0.0432857871055603
6828 1467355 0.043730586767196655
6829 1481851 0.044162601232528687
6830 1499744 0.04469585418701172
6831 1515168 0.04515552520751953
6832 1530177 0.04560282826423645
6833 1548447 0.046147316694259644
6834 1564970 0.04663974046707153
6835 1580718 0.04710906744003296
6836 1599105 0.04765704274177551
6837 1617081 0.048192769289016724
6838 1633902 0.048694074153900146
6839 1651843 0.04922875761985779
6840 1672298 0.049838364124298096
6841 1690119 0.050369471311569214
6842 1709129 0.0509360134601593
6843 1729507 0.05154332518577576
6844 1749937 0.05215218663215637
6845 1769659 0.0527399480342865
6846 1789836 0.05334126949310303
6847 1813162 0.05403643846511841
6848 1834617 0.05467584729194641
6849 1855113 0.055286675691604614
6850 1881042 0.056059420108795166
6851 1904158 0.05674833059310913
6852 1925951 0.057397812604904175
6853 1952377 0.05818536877632141
6854 1977957 0.05894771218299866
6855 2001600 0.05965232849121094
6856 2029536 0.060484886169433594
6857 2058773 0.06135621666908264
6858 2084966 0.062136828899383545
6859 2113253 0.06297984719276428
6860 2144752 0.0639185905456543
6861 2174642 0.06480938196182251
6862 2205373 0.06572523713111877
6863 2237728 0.06668949127197266
6864 2272588 0.06772840023040771
6865 2306010 0.06872445344924927
6866 2338815 0.06970211863517761
6867 2379665 0.07091954350471497
6868 2416339 0.0720125138759613
6869 2451955 0.07307395339012146
6870 2495278 0.07436507940292358
6871 2536854 0.0756041407585144
6872 2575567 0.07675787806510925
6873 2620899 0.07810887694358826
6874 2669045 0.07954373955726624
6875 2711869 0.0808199942111969
6876 2759534 0.0822405219078064
6877 2814432 0.0838766098022461
6878 2862022 0.08529490232467651
6879 2914383 0.08685538172721863
6880 2970956 0.08854138851165771
6881 3027192 0.09021735191345215
6882 3084040 0.09191155433654785
6883 3141828 0.09363377094268799
6884 3207169 0.09558108448982239
6885 3269351 0.09743425250053406
6886 3330006 0.09924191236495972
6887 3404390 0.10145872831344604
6888 3473690 0.10352402925491333
6889 3539056 0.10547208786010742
6890 3616483 0.1077795922756195
6891 3696077 0.11015167832374573
6892 3766752 0.1122579574584961
6893 3846847 0.11464497447013855
6894 3938023 0.11736223101615906
6895 4015434 0.11966925859451294
6896 4102363 0.1222599446773529
6897 4198887 0.1251365840435028
6898 4287657 0.12778213620185852
6899 4381153 0.13056853413581848
6900 4478859 0.13348039984703064
6901 4582368 0.1365652084350586
6902 4682566 0.1395513415336609
6903 4780398 0.1424669623374939
6904 4897899 0.14596876502037048
6905 5006457 0.1492040455341339
6906 5110641 0.15230897068977356
6907 5233235 0.15596255660057068
6908 5356348 0.159631609916687
6909 5466655 0.16291901469230652
6910 5591105 0.1666279137134552
6911 5728502 0.17072266340255737
6912 5845552 0.1742110252380371
6913 5973477 0.17802348732948303
6914 6123630 0.18249839544296265
6915 6251097 0.186297208070755
6916 6388682 0.19039756059646606
6917 6538046 0.1948489546775818
6918 6683340 0.1991790533065796
6919 6828942 0.2035183310508728
6920 6975443 0.20788440108299255
6921 7138392 0.21274065971374512
6922 7291650 0.21730810403823853
6923 7439347 0.22170981764793396
6924 7612566 0.22687214612960815
6925 7778374 0.23181360960006714
6926 7932147 0.2363964021205902
6927 8104162 0.24152284860610962
6928 8287534 0.24698776006698608
6929 8445664 0.25170040130615234
6930 8614853 0.2567426264286041
6931 8816325 0.2627469599246979
6932 8979710 0.2676162123680115
6933 9155152 0.2728447914123535
6934 9354953 0.2787993252277374
6935 9533335 0.2841155230998993
6936 9718589 0.2896365225315094
6937 9910293 0.29534974694252014
6938 10107858 0.30123764276504517
6939 10296949 0.30687299370765686
6940 10481703 0.3123790919780731
6941 10695897 0.31876257061958313
6942 10891542 0.3245932459831238
6943 11077765 0.33014312386512756
6944 11285640 0.3363382816314697
6945 11498449 0.3426804840564728
6946 11686644 0.3482891321182251
6947 11886521 0.3542459309101105
6948 12116681 0.3611052334308624
6949 12306132 0.3667513132095337
6950 12503145 0.3726227581501007
6951 12738051 0.37962350249290466
6952 12931374 0.3853849768638611
6953 13132113 0.39136746525764465
6954 13351900 0.39791762828826904
6955 13561728 0.4041709899902344
6956 13766964 0.4102874994277954
6957 13974092 0.41646039485931396
6958 14198564 0.4231501817703247
6959 14404216 0.429279088973999
6960 14604857 0.4352586567401886
6961 14826424 0.4418618679046631
6962 15041692 0.4482773542404175
6963 15237775 0.45412108302116394
6964 15446926 0.4603542685508728
6965 15675238 0.4671584963798523
6966 15868097 0.4729061424732208
6967 16063910 0.4787418246269226
6968 16304464 0.48591089248657227
6969 16493471 0.4915437400341034
6970 16687556 0.49732792377471924
6971 16911547 0.5040033757686615
6972 17108104 0.5098612308502197
6973 17302373 0.5156508982181549
6974 17507724 0.5217708349227905
6975 17713425 0.5279012024402618
6976 17906620 0.5336588621139526
6977 18097428 0.539345383644104
6978 18308597 0.5456387102603912
6979 18499518 0.5513285994529724
6980 18683507 0.5568118989467621
6981 18877107 0.5625816285610199
6982 19077284 0.5685473680496216
6983 19253384 0.5737955570220947
6984 19431299 0.5790978372097015
6985 19639058 0.5852895379066467
6986 19808354 0.590334951877594
6987 19976290 0.595339834690094
6988 20178724 0.6013728380203247
6989 20344502 0.6063134074211121
6990 20508530 0.611201822757721
6991 20690094 0.6166128516197205
6992 20860711 0.6216976344585419
6993 21020536 0.6264607906341553
6994 21183010 0.6313028931617737
6995 21356373 0.6364695131778717
6996 21511291 0.6410864293575287
6997 21663638 0.6456267237663269
6998 21825965 0.6504644453525543
6999 21981858 0.6551104187965393
7000 22126259 0.6594139039516449
7001 22271384 0.6637389659881592
7002 22431477 0.6685101091861725
7003 22566551 0.672535628080368
7004 22695548 0.6763800382614136
7005 22856497 0.6811766922473907
7006 22983128 0.684950590133667
7007 23107235 0.6886492669582367
7008 23251295 0.6929425895214081
7009 23378178 0.696723997592926
7010 23496794 0.7002590298652649
7011 23624634 0.7040689587593079
7012 23750797 0.7078289091587067
7013 23863628 0.7111915349960327
7014 23976703 0.7145614326000214
7015 24098797 0.7182001173496246
7016 24207645 0.7214440405368805
7017 24314529 0.7246294319629669
7018 24421950 0.7278308272361755
7019 24532326 0.7311202883720398
7020 24630424 0.7340438365936279
7021 24724282 0.7368410229682922
7022 24835023 0.740141361951828
7023 24925664 0.7428426742553711
7024 25010863 0.7453818023204803
7025 25114085 0.748458057641983
7026 25200641 0.7510376274585724
7027 25282449 0.753475695848465
7028 25373367 0.7561852633953094
7029 25458757 0.7587300837039948
7030 25535792 0.7610259056091309
7031 25614474 0.7633708119392395
7032 25698228 0.7658668756484985
7033 25769825 0.7680006325244904
7034 25841919 0.7701492011547089
7035 25916972 0.7723859548568726
7036 25988595 0.7745204865932465
7037 26055626 0.7765181660652161
7038 26121019 0.7784670293331146
7039 26192218 0.7805889248847961
7040 26254094 0.7824329733848572
7041 26310956 0.7841275930404663
7042 26381433 0.7862279713153839
7043 26438088 0.7879164218902588
7044 26491401 0.789505273103714
7045 26553748 0.7913633584976196
7046 26610207 0.7930459678173065
7047 26660680 0.7945501804351807
7048 26715680 0.7961893081665039
7049 26770950 0.7978364825248718
7050 26818722 0.7992601990699768
7051 26867807 0.8007230460643768
7052 26919892 0.8022753000259399
7053 26966191 0.8036551177501678
7054 27011953 0.8050189316272736
7055 27057941 0.8063894808292389
7056 27104222 0.8077687621116638
7057 27148126 0.8090772032737732
7058 27188493 0.8102802336215973
7059 27235920 0.8116936683654785
7060 27276411 0.8129003942012787
7061 27314008 0.8140208721160889
7062 27358841 0.8153569996356964
7063 27398375 0.8165352046489716
7064 27434186 0.8176024556159973
7065 27474932 0.8188167810440063
7066 27514571 0.8199981153011322
7067 27549116 0.8210276365280151
7068 27585626 0.8221157193183899
7069 27626125 0.8233226835727692
7070 27659929 0.8243301212787628
7071 27694539 0.825361579656601
7072 27730719 0.8264398276805878
7073 27765603 0.8274794518947601
7074 27799330 0.8284845948219299
7075 27832153 0.8294627964496613
7076 27867922 0.8305287957191467
7077 27900569 0.8315017521381378
7078 27930972 0.8324078321456909
7079 27967788 0.8335050344467163
7080 28000009 0.8344652950763702
7081 28029338 0.835339367389679
7082 28063555 0.8363591134548187
7083 28096579 0.83734330534935
7084 28125285 0.8381988108158112
7085 28157197 0.8391498625278473
7086 28191547 0.8401735723018646
7087 28220284 0.8410300016403198
7088 28250837 0.8419405519962311
7089 28284281 0.8429372608661652
7090 28314147 0.8438273370265961
7091 28344342 0.8447272181510925
7092 28374805 0.8456350862979889
7093 28406264 0.8465726375579834
7094 28436254 0.8474664092063904
7095 28464286 0.8483018279075623
7096 28497268 0.8492847681045532
7097 28527284 0.8501793146133423
7098 28554348 0.8509858846664429
7099 28586276 0.8519374132156372
7100 28616875 0.8528493344783783
7101 28643986 0.8536573052406311
7102 28674256 0.8545594215393066
7103 28705922 0.8555031418800354
7104 28732776 0.8563034534454346
7105 28761397 0.8571564257144928
7106 28794285 0.8581365644931793
7107 28821403 0.8589447438716888
7108 28850061 0.8597988188266754
7109 28880441 0.8607042133808136
7110 28909353 0.8615658581256866
7111 28937688 0.862410306930542
7112 28965560 0.8632409572601318
7113 28995961 0.8641469776630402
7114 29024291 0.8649912774562836
7115 29050598 0.8657752871513367
7116 29081433 0.8666942417621613
7117 29110265 0.8675535023212433
7118 29135995 0.8683203160762787
7119 29165023 0.8691854178905487
7120 29195021 0.8700794279575348
7121 29220267 0.8708318173885345
7122 29247415 0.8716408908367157
7123 29278314 0.8725617527961731
7124 29303728 0.873319149017334
7125 29330431 0.8741149604320526
7126 29360320 0.8750057220458984
7127 29386641 0.875790148973465
7128 29413276 0.8765839338302612
7129 29440399 0.8773922622203827
7130 29468040 0.878216028213501
7131 29494243 0.8789969384670258
7132 29519123 0.8797384202480316
7133 29548057 0.8806007206439972
7134 29574122 0.8813775181770325
7135 29598301 0.8820981085300446
7136 29625364 0.8829046487808228
7137 29653043 0.8837295472621918
7138 29676218 0.8844202160835266
7139 29701402 0.8851707577705383
7140 29729790 0.8860167860984802
7141 29752546 0.8866949677467346
7142 29776607 0.887412041425705
7143 29804477 0.88824263215065
7144 29827254 0.8889214396476746
7145 29851119 0.8896326720714569
7146 29876616 0.890392541885376
7147 29900488 0.891103982925415
7148 29923754 0.8917973637580872
7149 29947130 0.8924940228462219
7150 29972435 0.8932481706142426
7151 29995686 0.8939411044120789
7152 30017733 0.8945981562137604
7153 30042344 0.895331621170044
7154 30065923 0.8960343301296234
7155 30086736 0.8966546058654785
7156 30109237 0.897325187921524
7157 30133654 0.8980528712272644
7158 30154097 0.8986621201038361
7159 30175245 0.899292379617691
7160 30200184 0.9000356197357178
7161 30220026 0.9006269574165344
7162 30240613 0.9012404978275299
7163 30263820 0.9019321203231812
7164 30284118 0.9025370478630066
7165 30304250 0.9031370282173157
7166 30325456 0.9037690162658691
7167 30346661 0.9044009745121002
7168 30366497 0.9049921333789825
7169 30386101 0.9055763781070709
7170 30408298 0.9062379002571106
7171 30427991 0.9068247973918915
7172 30446727 0.9073831737041473
7173 30466871 0.9079835116863251
7174 30487372 0.9085944890975952
7175 30505132 0.9091237783432007
7176 30523322 0.9096658825874329
7177 30545292 0.9103206396102905
7178 30562508 0.9108337163925171
7179 30579908 0.911352276802063
7180 30600921 0.9119785130023956
7181 30618217 0.9124939739704132
7182 30635662 0.9130138754844666
7183 30654688 0.9135808944702148
7184 30672814 0.9141210913658142
7185 30690043 0.9146345555782318
7186 30707349 0.9151503145694733
7187 30725953 0.915704756975174
7188 30742871 0.916208952665329
7189 30759376 0.9167008399963379
7190 30777467 0.9172399938106537
7191 30794635 0.9177516400814056
7192 30810525 0.9182251989841461
7193 30826986 0.91871577501297
7194 30845095 0.9192554652690887
7195 30860535 0.9197156131267548
7196 30875683 0.9201670587062836
7197 30894725 0.9207345545291901
7198 30909493 0.9211746752262115
7199 30924236 0.9216140508651733
7200 30941802 0.9221375584602356
7201 30957382 0.9226018786430359
7202 30972252 0.9230450391769409
7203 30988144 0.9235186576843262
7204 31004233 0.9239981472492218
7205 31018833 0.9244332611560822
7206 31033635 0.9248743951320648
7207 31049983 0.9253616034984589
7208 31064474 0.925793468952179
7209 31078869 0.9262224733829498
7210 31093888 0.9266700744628906
7211 31109455 0.9271340072154999
7212 31123387 0.9275492131710052
7213 31137274 0.9279630780220032
7214 31153660 0.928451418876648
7215 31166996 0.9288488626480103
7216 31179951 0.9292349517345428
7217 31196743 0.929735392332077
7218 31210091 0.930133193731308
7219 31223527 0.9305336177349091
7220 31238311 0.9309742152690887
7221 31252431 0.931395024061203
7222 31265725 0.931791216135025
7223 31279488 0.9322013854980469
7224 31294438 0.9326469302177429
7225 31307470 0.9330353140830994
7226 31320660 0.9334284067153931
7227 31334884 0.9338523149490356
7228 31348316 0.9342526197433472
7229 31361169 0.9346356689929962
7230 31374199 0.9350239932537079
7231 31388543 0.935451477766037
7232 31401133 0.9358266890048981
7233 31413093 0.9361831247806549
7234 31428190 0.9366330504417419
7235 31440540 0.93700110912323
7236 31452380 0.9373539686203003
7237 31466686 0.9377803206443787
7238 31479369 0.9381583034992218
7239 31491216 0.9385113716125488
7240 31504184 0.9388978481292725
7241 31517373 0.9392909109592438
7242 31529183 0.9396428763866425
7243 31541455 0.9400086104869843
7244 31554906 0.9404094815254211
7245 31566974 0.9407691359519958
7246 31579104 0.9411306381225586
7247 31591425 0.9414978325366974
7248 31604276 0.9418808221817017
7249 31615867 0.9422262609004974
7250 31627399 0.9425699412822723
7251 31640850 0.9429708123207092
7252 31652315 0.9433124959468842
7253 31663080 0.9436333179473877
7254 31676545 0.944034606218338
7255 31687853 0.9443716108798981
7256 31698687 0.9446944892406464
7257 31711407 0.9450735747814178
7258 31723304 0.9454281330108643
7259 31733956 0.945745587348938
7260 31745435 0.9460876882076263
7261 31757973 0.9464613497257233
7262 31768672 0.9467802047729492
7263 31779810 0.9471121430397034
7264 31791439 0.9474587142467499
7265 31802522 0.9477890133857727
7266 31813497 0.9481160938739777
7267 31824346 0.9484394192695618
7268 31836189 0.9487923681735992
7269 31846726 0.9491063952445984
7270 31856616 0.9494011402130127
7271 31868930 0.9497681260108948
7272 31879163 0.9500730931758881
7273 31889013 0.9503666460514069
7274 31900524 0.9507097005844116
7275 31911266 0.9510298371315002
7276 31920956 0.951318621635437
7277 31931755 0.9516404569149017
7278 31943116 0.9519790410995483
7279 31952810 0.9522679448127747
7280 31963094 0.9525744318962097
7281 31974063 0.9529013335704803
7282 31983866 0.9531934857368469
7283 31993470 0.9534797072410583
7284 32003589 0.9537812769412994
7285 32013756 0.9540842771530151
7286 32023322 0.9543693661689758
7287 32032639 0.954647034406662
7288 32043414 0.9549681544303894
7289 32052913 0.9552512466907501
7290 32061759 0.9555148780345917
7291 32072266 0.9558280110359192
7292 32081712 0.9561095237731934
7293 32090314 0.9563658833503723
7294 32100323 0.9566641747951508
7295 32110346 0.9569628834724426
7296 32118764 0.9572137594223022
7297 32128069 0.9574910700321198
7298 32138291 0.9577957093715668
7299 32146584 0.9580428600311279
7300 32155511 0.9583089053630829
7301 32164881 0.9585881531238556
7302 32173961 0.9588587582111359
7303 32182688 0.9591188430786133
7304 32191308 0.9593757390975952
7305 32200718 0.9596561789512634
7306 32209242 0.9599102139472961
7307 32217300 0.9601503610610962
7308 32226749 0.9604319632053375
7309 32235336 0.9606878757476807
7310 32242919 0.9609138667583466
7311 32251855 0.961180180311203
7312 32260591 0.9614405333995819
7313 32267942 0.9616596102714539
7314 32276008 0.961899995803833
7315 32284730 0.9621599316596985
7316 32292130 0.9623804688453674
7317 32299871 0.9626111686229706
7318 32308329 0.9628632366657257
7319 32315866 0.9630878567695618
7320 32323567 0.9633173644542694
7321 32331465 0.9635527431964874
7322 32339279 0.9637856185436249
7323 32346696 0.9640066623687744
7324 32353804 0.9642184972763062
7325 32361955 0.9644614160060883
7326 32369253 0.9646789133548737
7327 32376115 0.964883416891098
7328 32384065 0.9651203453540802
7329 32391483 0.9653414189815521
7330 32397949 0.965534120798111
7331 32405098 0.9657471776008606
7332 32412804 0.9659768342971802
7333 32419112 0.9661648273468018
7334 32425809 0.9663644134998322
7335 32433491 0.9665933549404144
7336 32439662 0.9667772650718689
7337 32446409 0.9669783413410187
7338 32453270 0.9671828150749207
7339 32459875 0.9673796594142914
7340 32466206 0.9675683379173279
7341 32472546 0.9677572846412659
7342 32479264 0.9679574966430664
7343 32485586 0.9681459069252014
7344 32491468 0.9683212041854858
7345 32498321 0.9685254395008087
7346 32504531 0.9687105119228363
7347 32510223 0.9688801467418671
7348 32516416 0.9690647125244141
7349 32522713 0.9692523777484894
7350 32528208 0.9694161415100098
7351 32534005 0.9695889055728912
7352 32540599 0.9697854220867157
7353 32545857 0.9699421226978302
7354 32551321 0.9701049625873566
7355 32557625 0.9702928364276886
7356 32563003 0.9704531133174896
7357 32568420 0.9706145524978638
7358 32574015 0.9707812964916229
7359 32579693 0.9709505140781403
7360 32584996 0.9711085557937622
7361 32590184 0.9712631702423096
7362 32596021 0.9714371263980865
7363 32601155 0.971590131521225
7364 32605890 0.9717312455177307
7365 32611217 0.97189000248909
7366 32616702 0.9720534682273865
7367 32621339 0.9721916615962982
7368 32626392 0.9723422527313232
7369 32632041 0.9725106060504913
7370 32636451 0.9726420342922211
7371 32641085 0.9727801382541656
7372 32646549 0.972942978143692
7373 32650972 0.9730747938156128
7374 32655534 0.9732107520103455
7375 32660629 0.9733625948429108
7376 32665226 0.973499596118927
7377 32669715 0.9736333787441254
7378 32674249 0.9737685024738312
7379 32679011 0.9739104211330414
7380 32683407 0.9740414321422577
7381 32687721 0.9741699993610382
7382 32692434 0.9743104577064514
7383 32697040 0.9744477272033691
7384 32701177 0.974571019411087
7385 32705426 0.9746976494789124
7386 32709985 0.9748335182666779
7387 32713928 0.9749510288238525
7388 32717873 0.975068598985672
7389 32722572 0.9752086400985718
7390 32726277 0.9753190577030182
7391 32730159 0.9754347503185272
7392 32734631 0.975568026304245
7393 32738545 0.9756846725940704
7394 32742590 0.9758052229881287
7395 32746659 0.9759264886379242
7396 32750650 0.9760454297065735
7397 32754369 0.9761562645435333
7398 32758041 0.9762656986713409
7399 32762143 0.9763879477977753
7400 32765778 0.9764962792396545
7401 32769333 0.9766022264957428
7402 32773168 0.9767165184020996
7403 32777009 0.9768309891223907
7404 32780413 0.9769324362277985
7405 32783948 0.977037787437439
7406 32787932 0.9771565198898315
7407 32791231 0.9772548377513885
7408 32794591 0.9773549735546112
7409 32798599 0.9774744212627411
7410 32801952 0.977574348449707
7411 32805179 0.9776705205440521
7412 32808931 0.9777823388576508
7413 32812304 0.9778828620910645
7414 32815531 0.9779790341854095
7415 32818908 0.9780796766281128
7416 32822341 0.9781819880008698
7417 32825559 0.9782778918743134
7418 32828777 0.978373795747757
7419 32832185 0.9784753620624542
7420 32835417 0.9785716831684113
7421 32838568 0.9786655902862549
7422 32841762 0.9787607789039612
7423 32845122 0.9788609147071838
7424 32848041 0.9789479076862335
7425 32851002 0.9790361523628235
7426 32854631 0.9791443049907684
7427 32857335 0.9792248904705048
7428 32860139 0.9793084561824799
7429 32863498 0.9794085621833801
7430 32866553 0.9794996082782745
7431 32869424 0.9795851707458496
7432 32872450 0.9796753525733948
7433 32875437 0.9797643721103668
7434 32878074 0.9798429608345032
7435 32880892 0.9799269437789917
7436 32884021 0.9800201952457428
7437 32886663 0.9800989329814911
7438 32889370 0.9801796078681946
7439 32892173 0.9802631437778473
7440 32895110 0.9803506731987
7441 32897772 0.980430006980896
7442 32900399 0.9805082976818085
7443 32903542 0.980601966381073
7444 32906081 0.9806776344776154
7445 32908576 0.9807519912719727
7446 32911604 0.9808422327041626
7447 32914143 0.980917900800705
7448 32916544 0.9809894561767578
7449 32919405 0.981074720621109
7450 32922056 0.9811537265777588
7451 32924466 0.9812255501747131
7452 32927054 0.9813026785850525
7453 32929841 0.981385737657547
7454 32932324 0.9814597368240356
7455 32934862 0.9815353751182556
7456 32937561 0.98161581158638
7457 32940199 0.9816944301128387
7458 32942556 0.9817646741867065
7459 32944951 0.9818360507488251
7460 32947636 0.981916069984436
7461 32949988 0.9819861650466919
7462 32952225 0.9820528328418732
7463 32955118 0.9821390509605408
7464 32957407 0.9822072684764862
7465 32959605 0.9822727739810944
7466 32962253 0.982351690530777
7467 32964719 0.982425183057785
7468 32966850 0.9824886918067932
7469 32969291 0.9825614392757416
7470 32971727 0.982634037733078
7471 32973866 0.9826977849006653
7472 32976141 0.9827655851840973
7473 32978529 0.9828367531299591
7474 32980735 0.9829024970531464
7475 32982993 0.9829697906970978
7476 32985308 0.9830387830734253
7477 32987652 0.983108639717102
7478 32989886 0.9831752181053162
7479 32992014 0.9832386374473572
7480 32994456 0.9833114147186279
7481 32996580 0.9833747148513794
7482 32998570 0.9834340214729309
7483 33000960 0.9835052490234375
7484 33003094 0.9835688471794128
7485 33005063 0.9836275279521942
7486 33007317 0.9836947023868561
7487 33009458 0.9837585091590881
7488 33011403 0.9838164746761322
7489 33013359 0.9838747680187225
7490 33015611 0.9839418828487396
7491 33017492 0.9839979410171509
7492 33019550 0.9840592741966248
7493 33021588 0.9841200113296509
7494 33023605 0.9841801226139069
7495 33025540 0.984237790107727
7496 33027541 0.9842974245548248
7497 33029646 0.9843601584434509
7498 33031641 0.9844196140766144
7499 33033370 0.9844711422920227
7500 33035581 0.9845370352268219
7501 33037546 0.9845955967903137
7502 33039335 0.9846489131450653
7503 33041381 0.9847098886966705
7504 33043336 0.9847681522369385
7505 33045043 0.9848190248012543
7506 33047088 0.9848799705505371
7507 33049200 0.9849429130554199
7508 33050926 0.9849943518638611
7509 33052752 0.985048770904541
7510 33054758 0.9851085543632507
7511 33056607 0.9851636588573456
7512 33058380 0.985216498374939
7513 33060136 0.9852688312530518
7514 33062040 0.9853255748748779
7515 33063884 0.9853805303573608
7516 33065549 0.9854301512241364
7517 33067476 0.9854875802993774
7518 33069239 0.985540121793747
7519 33070792 0.985586404800415
7520 33072758 0.9856449961662292
7521 33074488 0.98569655418396
7522 33076060 0.9857434034347534
7523 33077761 0.9857940971851349
7524 33079560 0.9858477115631104
7525 33081106 0.9858937859535217
7526 33082787 0.9859438836574554
7527 33084716 0.9860013723373413
7528 33086204 0.9860457181930542
7529 33087829 0.9860941469669342
7530 33089588 0.9861465692520142
7531 33091185 0.9861941635608673
7532 33092786 0.98624187707901
7533 33094423 0.9862906634807587
7534 33096094 0.9863404631614685
7535 33097628 0.9863861799240112
7536 33099076 0.9864293336868286
7537 33100744 0.9864790439605713
7538 33102300 0.9865254163742065
7539 33103661 0.9865659773349762
7540 33105260 0.9866136312484741
7541 33106930 0.9866634011268616
7542 33108238 0.9867023825645447
7543 33109732 0.9867469072341919
7544 33111391 0.9867963492870331
7545 33112777 0.9868376553058624
7546 33114205 0.9868802130222321
7547 33115811 0.9869280755519867
7548 33117238 0.9869706034660339
7549 33118641 0.9870124161243439
7550 33120121 0.9870565235614777
7551 33121555 0.9870992600917816
7552 33122986 0.9871419072151184
7553 33124228 0.9871789216995239
7554 33125808 0.9872260093688965
7555 33127155 0.9872661530971527
7556 33128452 0.9873048067092896
7557 33129851 0.9873465001583099
7558 33131316 0.9873901605606079
7559 33132514 0.9874258637428284
7560 33133841 0.9874654114246368
7561 33135264 0.9875078201293945
7562 33136420 0.9875422716140747
7563 33137652 0.9875789880752563
7564 33139151 0.9876236617565155
7565 33140314 0.9876583218574524
7566 33141534 0.9876946806907654
7567 33142821 0.9877330362796783
7568 33144034 0.9877691864967346
7569 33145277 0.9878062307834625
7570 33146487 0.9878422915935516
7571 33147795 0.9878812730312347
7572 33148951 0.9879157245159149
7573 33150051 0.9879485070705414
7574 33151268 0.9879847764968872
7575 33152480 0.9880208969116211
7576 33153579 0.9880536496639252
7577 33154700 0.9880870580673218
7578 33156008 0.9881260395050049
7579 33156984 0.9881551265716553
7580 33158044 0.9881867170333862
7581 33159323 0.9882248342037201
7582 33160295 0.9882538020610809
7583 33161373 0.9882859289646149
7584 33162588 0.9883221387863159
7585 33163629 0.9883531630039215
7586 33164698 0.988385021686554
7587 33165753 0.988416463136673
7588 33166828 0.9884485006332397
7589 33167832 0.988478422164917
7590 33168831 0.9885081946849823
7591 33169968 0.9885420799255371
7592 33170999 0.9885728061199188
7593 33171930 0.9886005520820618
7594 33172967 0.9886314570903778
7595 33174039 0.9886634051799774
7596 33174978 0.9886913895606995
7597 33175966 0.9887208342552185
7598 33177040 0.9887528419494629
7599 33177905 0.9887786209583282
7600 33178835 0.9888063371181488
7601 33179951 0.9888395965099335
7602 33180853 0.9888664782047272
7603 33181768 0.9888937473297119
7604 33182704 0.9889216423034668
7605 33183612 0.9889487028121948
7606 33184422 0.9889728426933289
7607 33185313 0.9889993965625763
7608 33186269 0.9890278875827789
7609 33187115 0.9890531003475189
7610 33188002 0.9890795350074768
7611 33188883 0.9891057908535004
7612 33189798 0.9891330599784851
7613 33190572 0.9891561269760132
7614 33191442 0.9891820549964905
7615 33192402 0.9892106652259827
7616 33193182 0.9892339110374451
7617 33193943 0.9892565906047821
7618 33194897 0.98928502202034
7619 33195648 0.9893074035644531
7620 33196427 0.9893306195735931
7621 33197288 0.989356279373169
7622 33198051 0.9893790185451508
7623 33198821 0.9894019663333893
7624 33199646 0.9894265532493591
7625 33200496 0.9894518852233887
7626 33201300 0.9894758462905884
7627 33202095 0.9894995391368866
7628 33202908 0.9895237684249878
7629 33203671 0.9895465075969696
7630 33204424 0.9895689487457275
7631 33205217 0.989592581987381
7632 33206027 0.989616721868515
7633 33206720 0.9896373748779297
7634 33207475 0.9896598756313324
7635 33208337 0.9896855652332306
7636 33209012 0.9897056818008423
7637 33209676 0.9897254705429077
7638 33210524 0.9897507429122925
7639 33211178 0.989770233631134
7640 33211886 0.9897913336753845
7641 33212606 0.9898127913475037
7642 33213340 0.9898346662521362
7643 33213980 0.9898537397384644
7644 33214663 0.9898740947246552
7645 33215439 0.989897221326828
7646 33216090 0.9899166226387024
7647 33216728 0.9899356365203857
7648 33217451 0.989957183599472
7649 33218132 0.9899774789810181
7650 33218756 0.989996075630188
7651 33219448 0.9900166988372803
7652 33220204 0.9900392293930054
7653 33220814 0.9900574088096619
7654 33221439 0.9900760352611542
7655 33222210 0.9900990128517151
7656 33222812 0.9901169538497925
7657 33223444 0.9901357889175415
7658 33224176 0.9901576042175293
7659 33224791 0.9901759326457977
7660 33225385 0.990193635225296
7661 33226041 0.9902131855487823
7662 33226718 0.9902333617210388
7663 33227370 0.9902527928352356
7664 33227975 0.9902708232402802
7665 33228642 0.9902907013893127
7666 33229246 0.9903087019920349
7667 33229859 0.9903269708156586
7668 33230506 0.9903462529182434
7669 33231144 0.9903652667999268
7670 33231719 0.9903824031352997
7671 33232318 0.9904002547264099
7672 33233029 0.9904214441776276
7673 33233609 0.9904387295246124
7674 33234149 0.9904548227787018
7675 33234804 0.9904743432998657
7676 33235391 0.9904918372631073
7677 33235945 0.9905083477497101
7678 33236572 0.9905270338058472
7679 33237173 0.9905449450016022
7680 33237697 0.9905605614185333
7681 33238285 0.9905780851840973
7682 33238950 0.9905979037284851
7683 33239484 0.9906138181686401
7684 33240000 0.9906291961669922
7685 33240584 0.9906466007232666
7686 33241190 0.9906646609306335
7687 33241782 0.9906823039054871
7688 33242345 0.9906990826129913
7689 33242984 0.9907181262969971
7690 33243578 0.9907358288764954
7691 33244092 0.9907511472702026
7692 33244713 0.9907696545124054
7693 33245244 0.9907854795455933
7694 33245721 0.9907996952533722
7695 33246347 0.9908183515071869
7696 33246933 0.9908358156681061
7697 33247467 0.9908517301082611
7698 33248027 0.9908684194087982
7699 33248551 0.9908840358257294
7700 33249055 0.9908990561962128
7701 33249601 0.9909153282642365
7702 33250208 0.9909334182739258
7703 33250711 0.9909484088420868
7704 33251250 0.9909644722938538
7705 33251792 0.9909806251525879
7706 33252358 0.9909974932670593
7707 33252857 0.9910123646259308
7708 33253312 0.9910259246826172
7709 33253886 0.9910430312156677
7710 33254341 0.9910565912723541
7711 33254852 0.9910718202590942
7712 33255382 0.9910876154899597
7713 33255894 0.9911028742790222
7714 33256316 0.9911154508590698
7715 33256820 0.9911304712295532
7716 33257345 0.9911461174488068
7717 33257802 0.9911597371101379
7718 33258298 0.9911745190620422
7719 33258890 0.9911921620368958
7720 33259354 0.9912059903144836
7721 33259852 0.9912208318710327
7722 33260368 0.9912362098693848
7723 33260820 0.991249680519104
7724 33261287 0.9912635982036591
7725 33261768 0.9912779331207275
7726 33262304 0.9912939071655273
7727 33262734 0.991306722164154
7728 33263180 0.991320013999939
7729 33263683 0.9913350045681
7730 33264179 0.9913497865200043
7731 33264628 0.9913631677627563
7732 33265115 0.9913776814937592
7733 33265601 0.9913921654224396
7734 33266031 0.9914049804210663
7735 33266478 0.9914183020591736
7736 33266958 0.9914326071739197
7737 33267369 0.991444855928421
7738 33267808 0.9914579391479492
7739 33268303 0.9914726912975311
7740 33268730 0.9914854168891907
7741 33269162 0.9914982914924622
7742 33269601 0.9915113747119904
7743 33270050 0.9915247559547424
7744 33270492 0.9915379285812378
7745 33270931 0.991551011800766
7746 33271434 0.991566002368927
7747 33271872 0.9915790557861328
7748 33272285 0.9915913641452789
7749 33272745 0.9916050732135773
7750 33273181 0.9916180670261383
7751 33273583 0.9916300475597382
7752 33274006 0.9916426539421082
7753 33274442 0.9916556477546692
7754 33274830 0.9916672110557556
7755 33275219 0.9916788041591644
7756 33275671 0.9916922748088837
7757 33276045 0.9917034208774567
7758 33276469 0.991716057062149
7759 33276885 0.9917284548282623
7760 33277282 0.9917402863502502
7761 33277670 0.9917518496513367
7762 33278073 0.9917638599872589
7763 33278483 0.9917760789394379
7764 33278895 0.9917883574962616
7765 33279264 0.9917993545532227
7766 33279711 0.99181267619133
7767 33280114 0.9918246865272522
7768 33280456 0.9918348789215088
7769 33280871 0.9918472468852997
7770 33281288 0.9918596744537354
7771 33281671 0.9918710887432098
7772 33282083 0.9918833673000336
7773 33282535 0.9918968379497528
7774 33282874 0.9919069409370422
7775 33283242 0.9919179081916809
7776 33283667 0.9919305741786957
7777 33284034 0.991941511631012
7778 33284407 0.9919526278972626
7779 33284807 0.9919645488262177
7780 33285204 0.9919763803482056
7781 33285589 0.9919878542423248
7782 33285952 0.9919986724853516
7783 33286369 0.9920111000537872
7784 33286742 0.9920222163200378
7785 33287126 0.9920336604118347
7786 33287549 0.9920462667942047
7787 33287965 0.992058664560318
7788 33288309 0.9920689165592194
7789 33288659 0.992079347372055
7790 33289069 0.992091566324234
7791 33289422 0.9921020865440369
7792 33289818 0.9921138882637024
7793 33290229 0.9921261370182037
7794 33290580 0.9921365976333618
7795 33290929 0.9921469986438751
7796 33291318 0.9921585917472839
7797 33291702 0.9921700358390808
7798 33292060 0.9921807050704956
7799 33292388 0.9921904802322388
7800 33292774 0.9922019839286804
7801 33293104 0.9922118186950684
7802 33293449 0.9922221004962921
7803 33293820 0.992233157157898
7804 33294159 0.9922432601451874
7805 33294459 0.9922522008419037
7806 33294814 0.9922627806663513
7807 33295211 0.9922746121883392
7808 33295543 0.992284506559372
7809 33295914 0.9922955632209778
7810 33296309 0.9923073351383209
7811 33296647 0.992317408323288
7812 33296969 0.9923270046710968
7813 33297339 0.9923380315303802
7814 33297702 0.992348849773407
7815 33298021 0.9923583567142487
7816 33298390 0.9923693537712097
7817 33298736 0.9923796653747559
7818 33299070 0.9923896193504333
7819 33299410 0.9923997521400452
7820 33299833 0.9924123585224152
7821 33300173 0.992422491312027
7822 33300535 0.9924332797527313
7823 33300885 0.992443710565567
7824 33301240 0.9924542903900146
7825 33301556 0.9924637079238892
7826 33301891 0.992473691701889
7827 33302276 0.9924851655960083
7828 33302567 0.9924938380718231
7829 33302879 0.9925031363964081
7830 33303263 0.992514580488205
7831 33303568 0.9925236701965332
7832 33303893 0.9925333559513092
7833 33304258 0.9925442337989807
7834 33304570 0.9925535321235657
7835 33304898 0.9925633072853088
7836 33305237 0.9925734102725983
7837 33305561 0.9925830662250519
7838 33305880 0.9925925731658936
7839 33306179 0.9926014840602875
7840 33306516 0.9926115274429321
7841 33306855 0.9926216304302216
7842 33307140 0.992630124092102
7843 33307475 0.9926401078701019
7844 33307826 0.99265056848526
7845 33308144 0.9926600456237793
7846 33308407 0.9926678836345673
7847 33308785 0.9926791489124298
7848 33309067 0.9926875531673431
7849 33309332 0.9926954507827759
7850 33309699 0.9927063882350922
7851 33309997 0.9927152693271637
7852 33310310 0.992724597454071
7853 33310645 0.9927345812320709
7854 33310972 0.9927443265914917
7855 33311228 0.992751955986023
7856 33311521 0.9927606880664825
7857 33311848 0.9927704334259033
7858 33312149 0.992779403924942
7859 33312457 0.9927885830402374
7860 33312735 0.9927968680858612
7861 33313059 0.9928065240383148
7862 33313351 0.992815226316452
7863 33313614 0.99282306432724
7864 33313941 0.9928328096866608
7865 33314222 0.9928411841392517
7866 33314486 0.9928490519523621
7867 33314848 0.9928598403930664
7868 33315140 0.9928685426712036
7869 33315410 0.9928765892982483
7870 33315759 0.9928869903087616
7871 33316063 0.9928960502147675
7872 33316313 0.9929035007953644
7873 33316587 0.9929116666316986
7874 33316885 0.9929205477237701
7875 33317156 0.9929286241531372
7876 33317451 0.9929374158382416
7877 33317723 0.992945522069931
7878 33317998 0.9929537177085876
7879 33318251 0.9929612576961517
7880 33318559 0.9929704368114471
7881 33318869 0.9929796755313873
7882 33319116 0.9929870367050171
7883 33319388 0.9929951429367065
7884 33319701 0.9930044710636139
7885 33319948 0.9930118322372437
7886 33320176 0.993018627166748
7887 33320493 0.993028074502945
7888 33320766 0.9930362105369568
7889 33321004 0.9930433034896851
7890 33321273 0.9930513203144073
7891 33321543 0.993059366941452
7892 33321781 0.9930664598941803
7893 33322019 0.9930735528469086
7894 33322306 0.9930821061134338
7895 33322587 0.9930904805660248
7896 33322846 0.9930981993675232
7897 33323117 0.9931062757968903
7898 33323370 0.9931138157844543
7899 33323633 0.9931216537952423
7900 33323881 0.9931290447711945
7901 33324198 0.9931384921073914
7902 33324426 0.9931452870368958
7903 33324667 0.9931524693965912
7904 33324943 0.9931606948375702
7905 33325199 0.9931683242321014
7906 33325454 0.9931759238243103
7907 33325681 0.9931826889514923
7908 33325944 0.9931905269622803
7909 33326194 0.9931979775428772
7910 33326441 0.993205338716507
7911 33326721 0.9932136833667755
7912 33326929 0.9932198822498322
7913 33327160 0.9932267665863037
7914 33327417 0.9932344257831573
7915 33327677 0.9932421743869781
7916 33327904 0.9932489395141602
7917 33328114 0.9932551980018616
7918 33328369 0.9932627975940704
7919 33328578 0.9932690262794495
7920 33328771 0.9932747781276703
7921 33329010 0.993281900882721
7922 33329227 0.9932883679866791
7923 33329422 0.9932941794395447
7924 33329666 0.9933014512062073
7925 33329890 0.9933081269264221
7926 33330087 0.9933139979839325
7927 33330307 0.9933205544948578
7928 33330553 0.9933278858661652
7929 33330754 0.9933338761329651
7930 33330963 0.9933401048183441
7931 33331177 0.9933464825153351
7932 33331408 0.9933533668518066
7933 33331613 0.9933594763278961
7934 33331816 0.9933655261993408
7935 33332028 0.993371844291687
7936 33332242 0.993378221988678
7937 33332463 0.9933848083019257
7938 33332681 0.9933913052082062
7939 33332906 0.9933980107307434
7940 33333088 0.993403434753418
7941 33333318 0.9934102892875671
7942 33333521 0.9934163391590118
7943 33333685 0.9934212267398834
7944 33333907 0.9934278428554535
7945 33334120 0.9934341907501221
7946 33334294 0.9934393763542175
7947 33334505 0.9934456646442413
7948 33334724 0.9934521913528442
7949 33334915 0.9934578835964203
7950 33335120 0.9934639930725098
7951 33335347 0.9934707581996918
7952 33335558 0.9934770464897156
7953 33335743 0.9934825599193573
7954 33335946 0.993488609790802
7955 33336168 0.9934952259063721
7956 33336384 0.9935016632080078
7957 33336580 0.9935075044631958
7958 33336806 0.9935142397880554
7959 33336992 0.9935197830200195
7960 33337181 0.9935254156589508
7961 33337397 0.9935318529605865
7962 33337617 0.9935384094715118
7963 33337788 0.9935435056686401
7964 33337995 0.9935496747493744
7965 33338241 0.9935570061206818
7966 33338408 0.9935619831085205
7967 33338618 0.9935682415962219
7968 33338851 0.9935751855373383
7969 33339030 0.9935805201530457
7970 33339221 0.9935862123966217
7971 33339419 0.9935921132564545
7972 33339608 0.9935977458953857
7973 33339804 0.9936035871505737
7974 33339960 0.9936082363128662
7975 33340187 0.9936150014400482
7976 33340374 0.9936205744743347
7977 33340543 0.9936256110668182
7978 33340796 0.9936331510543823
7979 33340993 0.9936390221118927
7980 33341177 0.993644505739212
7981 33341376 0.9936504364013672
7982 33341586 0.9936566948890686
7983 33341781 0.9936625063419342
7984 33341959 0.9936678111553192
7985 33342176 0.9936742782592773
7986 33342340 0.9936791658401489
7987 33342533 0.9936849176883698
7988 33342737 0.9936909973621368
7989 33342940 0.9936970472335815
7990 33343139 0.9937029778957367
7991 33343353 0.9937093555927277
7992 33343552 0.9937152862548828
7993 33343747 0.9937210977077484
7994 33343934 0.9937266707420349
7995 33344130 0.9937325119972229
7996 33344318 0.9937381148338318
7997 33344495 0.9937433898448944
7998 33344699 0.9937494695186615
7999 33344914 0.9937558770179749
8000 33345100 0.993761420249939
8001 33345280 0.9937667846679688
8002 33345538 0.9937744736671448
8003 33345714 0.993779718875885
8004 33345926 0.9937860369682312
8005 33346150 0.993792712688446
8006 33346340 0.9937983751296997
8007 33346523 0.9938038289546967
8008 33346743 0.993810385465622
8009 33346931 0.9938159883022308
8010 33347134 0.9938220381736755
8011 33347328 0.9938278198242188
8012 33347570 0.9938350319862366
8013 33347751 0.9938404262065887
8014 33347933 0.9938458502292633
8015 33348123 0.993851512670517
8016 33348313 0.9938571751117706
8017 33348469 0.9938618242740631
8018 33348665 0.9938676655292511
8019 33348917 0.9938751757144928
8020 33349064 0.9938795566558838
8021 33349252 0.9938851594924927
8022 33349473 0.9938917458057404
8023 33349637 0.9938966333866119
8024 33349794 0.9939013123512268
8025 33350009 0.9939077198505402
8026 33350187 0.9939130246639252
8027 33350384 0.9939188957214355
8028 33350596 0.9939252138137817
8029 33350790 0.993930995464325
8030 33350983 0.9939367473125458
8031 33351171 0.9939423501491547
8032 33351378 0.9939485192298889
8033 33351576 0.9939544200897217
8034 33351754 0.9939597249031067
8035 33351974 0.993966281414032
8036 33352185 0.9939725697040558
8037 33352385 0.9939785301685333
8038 33352537 0.9939830601215363
8039 33352735 0.993988960981369
8040 33352925 0.9939946234226227
8041 33353092 0.9939996004104614
8042 33353289 0.9940054714679718
8043 33353470 0.994010865688324
8044 33353658 0.9940164685249329
8045 33353863 0.9940225780010223
8046 33354063 0.9940285384654999
8047 33354236 0.994033694267273
8048 33354424 0.9940392971038818
8049 33354631 0.9940454661846161
8050 33354803 0.9940505921840668
8051 33354976 0.9940557479858398
8052 33355159 0.9940612018108368
8053 33355363 0.9940672814846039
8054 33355547 0.9940727651119232
8055 33355721 0.9940779507160187
8056 33355940 0.9940844774246216
8057 33356118 0.9940897822380066
8058 33356297 0.994095116853714
8059 33356514 0.9941015839576721
8060 33356700 0.9941071271896362
8061 33356885 0.994112640619278
8062 33357076 0.994118332862854
8063 33357259 0.994123786687851
8064 33357433 0.9941289722919464
8065 33357603 0.9941340386867523
8066 33357825 0.9941406548023224
8067 33357997 0.9941457808017731
8068 33358186 0.9941514134407043
8069 33358382 0.9941572546958923
8070 33358568 0.9941627979278564
8071 33358752 0.9941682815551758
8072 33358948 0.9941741228103638
8073 33359167 0.9941806495189667
8074 33359362 0.9941864609718323
8075 33359519 0.9941911399364471
8076 33359701 0.9941965639591217
8077 33359878 0.9942018389701843
8078 33360028 0.9942063093185425
8079 33360252 0.9942129850387573
8080 33360439 0.9942185580730438
8081 33360599 0.9942233264446259
8082 33360786 0.9942288994789124
8083 33361020 0.9942358732223511
8084 33361191 0.9942409694194794
8085 33361394 0.9942470192909241
8086 33361593 0.9942529499530792
8087 33361776 0.9942584037780762
8088 33361965 0.9942640364170074
8089 33362136 0.9942691326141357
8090 33362298 0.9942739605903625
8091 33362494 0.9942798018455505
8092 33362673 0.9942851364612579
8093 33362878 0.9942912459373474
8094 33363051 0.9942964017391205
8095 33363243 0.9943021237850189
8096 33363466 0.9943087697029114
8097 33363654 0.9943143725395203
8098 33363823 0.9943194091320038
8099 33364028 0.9943255186080933
8100 33364211 0.9943309724330902
8101 33364399 0.9943365752696991
8102 33364593 0.9943423569202423
8103 33364794 0.9943483471870422
8104 33364952 0.9943530559539795
8105 33365136 0.9943585395812988
8106 33365324 0.9943641424179077
8107 33365519 0.9943699538707733
8108 33365693 0.9943751394748688
8109 33365877 0.9943806231021881
8110 33366082 0.9943867325782776
8111 33366292 0.994392991065979
8112 33366459 0.9943979680538177
8113 33366675 0.9944044053554535
8114 33366860 0.9944099187850952
8115 33367051 0.9944156110286713
8116 33367266 0.9944220185279846
8117 33367457 0.9944277107715607
8118 33367644 0.9944332838058472
8119 33367831 0.9944388568401337
8120 33368017 0.9944444000720978
8121 33368186 0.9944494366645813
8122 33368353 0.99445441365242
8123 33368572 0.994460940361023
8124 33368723 0.9944654405117035
8125 33368892 0.994470477104187
8126 33369104 0.9944767951965332
8127 33369284 0.994482159614563
8128 33369452 0.9944871664047241
8129 33369636 0.9944926500320435
8130 33369845 0.9944988787174225
8131 33370003 0.9945035874843597
8132 33370150 0.9945079684257507
8133 33370333 0.9945134222507477
8134 33370510 0.9945186972618103
8135 33370681 0.9945237934589386
8136 33370877 0.9945296347141266
8137 33371068 0.9945353269577026
8138 33371210 0.9945395588874817
8139 33371382 0.9945446848869324
8140 33371600 0.9945511817932129
8141 33371767 0.9945561587810516
8142 33371927 0.9945609271526337
8143 33372097 0.9945659935474396
8144 33372281 0.9945714771747589
8145 33372444 0.9945763349533081
8146 33372593 0.9945807754993439
8147 33372784 0.9945864677429199
8148 33372946 0.9945912957191467
8149 33373103 0.9945959746837616
8150 33373290 0.9946015477180481
8151 33373485 0.9946073591709137
8152 33373649 0.9946122467517853
8153 33373827 0.9946175515651703
8154 33373996 0.9946225881576538
8155 33374149 0.9946271479129791
8156 33374321 0.9946322739124298
8157 33374512 0.9946379661560059
8158 33374647 0.9946419894695282
8159 33374803 0.9946466386318207
8160 33374988 0.9946521520614624
8161 33375146 0.9946568608283997
8162 33375324 0.9946621656417847
8163 33375480 0.9946668148040771
8164 33375664 0.9946722984313965
8165 33375841 0.9946775734424591
8166 33375998 0.994682252407074
8167 33376159 0.9946870505809784
8168 33376317 0.9946917593479156
8169 33376478 0.9946965575218201
8170 33376651 0.9947017133235931
8171 33376807 0.9947063624858856
8172 33376957 0.9947108328342438
8173 33377141 0.9947163164615631
8174 33377318 0.9947215914726257
8175 33377454 0.9947256445884705
8176 33377614 0.9947304129600525
8177 33377789 0.9947356283664703
8178 33377932 0.9947398900985718
8179 33378104 0.9947450160980225
8180 33378282 0.9947503209114075
8181 33378415 0.994754284620285
8182 33378570 0.9947589039802551
8183 33378732 0.9947637319564819
8184 33378881 0.9947681725025177
8185 33378998 0.9947716593742371
8186 33379151 0.9947762191295624
8187 33379320 0.9947812557220459
8188 33379482 0.9947860836982727
8189 33379642 0.9947908520698547
8190 33379777 0.9947948753833771
8191 33379932 0.9947994947433472
8192 33380071 0.9948036372661591
8193 33380218 0.99480801820755
8194 33380400 0.9948134422302246
8195 33380529 0.9948172867298126
8196 33380683 0.9948218762874603
8197 33380838 0.9948264956474304
8198 33380997 0.9948312342166901
8199 33381141 0.9948355257511139
8200 33381300 0.9948402643203735
8201 33381460 0.9948450326919556
8202 33381624 0.9948499202728271
8203 33381771 0.9948543012142181
8204 33381936 0.9948592185974121
8205 33382091 0.9948638379573822
8206 33382236 0.9948681592941284
8207 33382406 0.9948732256889343
8208 33382556 0.9948776960372925
8209 33382700 0.9948819875717163
8210 33382866 0.9948869347572327
8211 33383027 0.9948917329311371
8212 33383156 0.9948955774307251
8213 33383288 0.9948995113372803
8214 33383474 0.9949050545692444
8215 33383609 0.9949090778827667
8216 33383744 0.9949131011962891
8217 33383910 0.9949180483818054
8218 33384058 0.9949224591255188
8219 33384202 0.9949267506599426
8220 33384352 0.9949312210083008
8221 33384526 0.9949364066123962
8222 33384664 0.9949405193328857
8223 33384815 0.9949450194835663
8224 33384988 0.9949501752853394
8225 33385129 0.994954377412796
8226 33385278 0.9949588179588318
8227 33385419 0.9949630200862885
8228 33385573 0.9949676096439362
8229 33385691 0.9949711263179779
8230 33385815 0.994974821805954
8231 33385988 0.994979977607727
8232 33386118 0.9949838519096375
8233 33386266 0.9949882626533508
8234 33386419 0.9949928224086761
8235 33386565 0.9949971735477448
8236 33386687 0.995000809431076
8237 33386834 0.995005190372467
8238 33386966 0.9950091242790222
8239 33387104 0.9950132369995117
8240 33387256 0.9950177669525146
8241 33387417 0.9950225651264191
8242 33387557 0.9950267374515533
8243 33387695 0.9950308501720428
8244 33387879 0.9950363337993622
8245 33388026 0.9950407147407532
8246 33388176 0.9950451850891113
8247 33388315 0.9950493276119232
8248 33388478 0.9950541853904724
8249 33388614 0.9950582385063171
8250 33388754 0.9950624108314514
8251 33388928 0.9950675964355469
8252 33389053 0.9950713217258453
8253 33389204 0.9950758218765259
8254 33389389 0.9950813353061676
8255 33389552 0.9950861930847168
8256 33389691 0.9950903356075287
8257 33389846 0.9950949549674988
8258 33390008 0.9950997829437256
8259 33390167 0.9951045215129852
8260 33390324 0.9951092004776001
8261 33390474 0.9951136708259583
8262 33390621 0.9951180517673492
8263 33390755 0.9951220452785492
8264 33390919 0.9951269328594208
8265 33391069 0.9951314032077789
8266 33391228 0.9951361417770386
8267 33391341 0.9951395094394684
8268 33391525 0.9951449930667877
8269 33391664 0.9951491355895996
8270 33391796 0.9951530694961548
8271 33391939 0.9951573312282562
8272 33392062 0.9951609969139099
8273 33392214 0.9951655268669128
8274 33392385 0.9951706230640411
8275 33392534 0.9951750636100769
8276 33392691 0.9951797425746918
8277 33392842 0.9951842427253723
8278 33392995 0.9951888024806976
8279 33393137 0.9951930344104767
8280 33393285 0.9951974451541901
8281 33393458 0.9952026009559631
8282 33393621 0.9952074587345123
8283 33393768 0.9952118396759033
8284 33393924 0.9952164888381958
8285 33394099 0.9952217042446136
8286 33394228 0.9952255487442017
8287 33394370 0.9952297806739807
8288 33394539 0.9952348172664642
8289 33394687 0.9952392280101776
8290 33394823 0.9952432811260223
8291 33394971 0.9952476918697357
8292 33395114 0.9952519536018372
8293 33395259 0.9952562749385834
8294 33395399 0.9952604472637177
8295 33395563 0.9952653348445892
8296 33395723 0.9952701032161713
8297 33395862 0.9952742457389832
8298 33396029 0.9952792227268219
8299 33396177 0.9952836334705353
8300 33396326 0.995288074016571
8301 33396473 0.995292454957962
8302 33396631 0.9952971637248993
8303 33396767 0.995301216840744
8304 33396894 0.9953050017356873
8305 33397064 0.9953100681304932
8306 33397204 0.9953142404556274
8307 33397339 0.9953182637691498
8308 33397515 0.99532350897789
8309 33397665 0.9953279793262482
8310 33397797 0.9953319132328033
8311 33397950 0.9953364729881287
8312 33398108 0.9953411817550659
8313 33398285 0.9953464567661285
8314 33398422 0.9953505396842957
8315 33398588 0.995355486869812
8316 33398722 0.995359480381012
8317 33398869 0.995363861322403
8318 33399021 0.9953683912754059
8319 33399169 0.9953728020191193
8320 33399320 0.9953773021697998
8321 33399468 0.9953817129135132
8322 33399629 0.9953865110874176
8323 33399749 0.9953900873661041
8324 33399878 0.9953939318656921
8325 33400041 0.9953987896442413
8326 33400174 0.9954027533531189
8327 33400308 0.9954067468643188
8328 33400446 0.9954108595848083
8329 33400619 0.9954160153865814
8330 33400756 0.9954200983047485
8331 33400924 0.9954251050949097
8332 33401084 0.9954298734664917
8333 33401220 0.9954339265823364
8334 33401362 0.9954381585121155
8335 33401516 0.9954427480697632
8336 33401645 0.9954465925693512
8337 33401798 0.9954511523246765
8338 33401916 0.9954546689987183
8339 33402075 0.9954594075679779
8340 33402207 0.9954633414745331
8341 33402352 0.9954676628112793
8342 33402528 0.9954729080200195
8343 33402660 0.9954768419265747
8344 33402788 0.9954806566238403
8345 33402931 0.9954849183559418
8346 33403086 0.9954895377159119
8347 33403225 0.9954936802387238
8348 33403369 0.9954979717731476
8349 33403507 0.9955020844936371
8350 33403636 0.9955059289932251
8351 33403749 0.9955092966556549
8352 33403902 0.9955138564109802
8353 33404041 0.9955179989337921
8354 33404180 0.995522141456604
8355 33404345 0.995527058839798
8356 33404477 0.9955309927463531
8357 33404588 0.9955343008041382
8358 33404725 0.9955383837223053
8359 33404882 0.9955430626869202
8360 33405014 0.9955469965934753
8361 33405141 0.9955507814884186
8362 33405317 0.9955560266971588
8363 33405457 0.9955601990222931
8364 33405561 0.9955632984638214
8365 33405693 0.9955672323703766
8366 33405826 0.9955711960792542
8367 33405980 0.9955757856369019
8368 33406117 0.995579868555069
8369 33406266 0.9955843091011047
8370 33406387 0.9955879151821136
8371 33406498 0.9955912232398987
8372 33406620 0.99559485912323
8373 33406732 0.9955981969833374
8374 33406865 0.995602160692215
8375 33406980 0.9956055879592896
8376 33407110 0.9956094622612
8377 33407239 0.995613306760788
8378 33407354 0.9956167340278625
8379 33407500 0.9956210851669312
8380 33407637 0.9956251680850983
8381 33407741 0.9956282675266266
8382 33407889 0.99563267827034
8383 33408034 0.9956369996070862
8384 33408172 0.9956411123275757
8385 33408305 0.9956450760364532
8386 33408463 0.9956497848033905
8387 33408581 0.9956533014774323
8388 33408728 0.9956576824188232
8389 33408863 0.9956617057323456
8390 33408964 0.9956647157669067
8391 33409091 0.99566850066185
8392 33409205 0.9956718981266022
8393 33409346 0.9956761002540588
8394 33409467 0.9956797063350677
8395 33409595 0.9956835210323334
8396 33409744 0.9956879615783691
8397 33409851 0.9956911504268646
8398 33409955 0.9956942498683929
8399 33410107 0.9956987798213959
8400 33410243 0.9957028329372406
8401 33410362 0.9957063794136047
8402 33410498 0.9957104325294495
8403 33410661 0.9957152903079987
8404 33410760 0.995718240737915
8405 33410881 0.995721846818924
8406 33411037 0.9957264959812164
8407 33411146 0.9957297444343567
8408 33411250 0.995732843875885
8409 33411358 0.9957360625267029
8410 33411466 0.9957392811775208
8411 33411557 0.995741993188858
8412 33411704 0.995746374130249
8413 33411841 0.9957504570484161
8414 33411970 0.9957543015480042
8415 33412090 0.9957578778266907
8416 33412233 0.9957621395587921
8417 33412369 0.9957661926746368
8418 33412494 0.9957699179649353
8419 33412602 0.9957731366157532
8420 33412749 0.9957775175571442
8421 33412858 0.9957807660102844
8422 33412992 0.9957847595214844
8423 33413143 0.9957892596721649
8424 33413265 0.9957928955554962
8425 33413389 0.9957965910434723
8426 33413513 0.9958002865314484
8427 33413643 0.9958041608333588
8428 33413768 0.9958078861236572
8429 33413887 0.9958114326000214
8430 33414005 0.9958149492740631
8431 33414097 0.9958176910877228
8432 33414212 0.9958211183547974
8433 33414340 0.995824933052063
8434 33414450 0.9958282113075256
8435 33414557 0.9958314001560211
8436 33414694 0.9958354830741882
8437 33414826 0.9958394169807434
8438 33414959 0.995843380689621
8439 33415081 0.9958470165729523
8440 33415207 0.9958507716655731
8441 33415302 0.9958536028862
8442 33415428 0.9958573579788208
8443 33415575 0.9958617389202118
8444 33415668 0.9958645105361938
8445 33415783 0.9958679378032684
8446 33415909 0.9958716928958893
8447 33416007 0.9958746135234833
8448 33416132 0.9958783388137817
8449 33416250 0.9958818554878235
8450 33416368 0.9958853721618652
8451 33416488 0.9958889484405518
8452 33416620 0.9958928823471069
8453 33416745 0.9958966076374054
8454 33416867 0.9959002435207367
8455 33416993 0.9959039986133575
8456 33417094 0.9959070086479187
8457 33417251 0.9959116876125336
8458 33417361 0.9959149658679962
8459 33417468 0.9959181547164917
8460 33417601 0.9959221184253693
8461 33417697 0.9959249794483185
8462 33417820 0.9959286451339722
8463 33417951 0.995932549238205
8464 33418051 0.9959355294704437
8465 33418181 0.9959394037723541
8466 33418315 0.9959433972835541
8467 33418446 0.9959473013877869
8468 33418555 0.9959505498409271
8469 33418677 0.9959541857242584
8470 33418795 0.9959577023983002
8471 33418913 0.9959612190723419
8472 33419026 0.9959645867347717
8473 33419144 0.9959681034088135
8474 33419250 0.9959712624549866
8475 33419367 0.9959747493267059
8476 33419490 0.9959784150123596
8477 33419624 0.9959824085235596
8478 33419718 0.995985209941864
8479 33419819 0.9959882199764252
8480 33419961 0.9959924519062042
8481 33420061 0.995995432138443
8482 33420161 0.9959984123706818
8483 33420287 0.9960021674633026
8484 33420412 0.9960058927536011
8485 33420523 0.9960092008113861
8486 33420633 0.9960124790668488
8487 33420748 0.9960159063339233
8488 33420852 0.9960190057754517
8489 33420948 0.9960218667984009
8490 33421060 0.9960252046585083
8491 33421196 0.996029257774353
8492 33421300 0.9960323572158813
8493 33421410 0.996035635471344
8494 33421539 0.996039479970932
8495 33421646 0.9960426688194275
8496 33421766 0.996046245098114
8497 33421894 0.9960500597953796
8498 33421989 0.9960528910160065
8499 33422091 0.99605593085289
8500 33422220 0.996059775352478
8501 33422322 0.9960628151893616
8502 33422425 0.9960658848285675
8503 33422552 0.9960696697235107
8504 33422675 0.9960733354091644
8505 33422769 0.9960761368274689
8506 33422902 0.9960801005363464
8507 33423040 0.9960842132568359
8508 33423153 0.9960875809192657
8509 33423274 0.9960911870002747
8510 33423379 0.9960943162441254
8511 33423520 0.996098518371582
8512 33423612 0.9961012601852417
8513 33423716 0.99610435962677
8514 33423831 0.9961077868938446
8515 33423925 0.996110588312149
8516 33424027 0.9961136281490326
8517 33424165 0.9961177408695221
8518 33424270 0.9961208701133728
8519 33424385 0.9961242973804474
8520 33424498 0.9961276650428772
8521 33424610 0.9961310029029846
8522 33424711 0.9961340129375458
8523 33424836 0.9961377382278442
8524 33424965 0.9961415827274323
8525 33425077 0.9961449205875397
8526 33425192 0.9961483478546143
8527 33425290 0.9961512684822083
8528 33425406 0.9961547255516052
8529 33425502 0.9961575865745544
8530 33425625 0.9961612522602081
8531 33425756 0.9961651563644409
8532 33425850 0.9961679577827454
8533 33425975 0.9961716830730438
8534 33426082 0.9961748719215393
8535 33426187 0.99617800116539
8536 33426289 0.9961810410022736
8537 33426404 0.9961844682693481
8538 33426526 0.9961881041526794
8539 33426623 0.996190994977951
8540 33426735 0.9961943328380585
8541 33426831 0.9961971938610077
8542 33426939 0.9962004125118256
8543 33427063 0.9962041079998016
8544 33427179 0.9962075650691986
8545 33427276 0.9962104558944702
8546 33427390 0.9962138533592224
8547 33427500 0.9962171316146851
8548 33427615 0.9962205588817596
8549 33427733 0.9962240755558014
8550 33427851 0.9962275922298431
8551 33427967 0.9962310492992401
8552 33428070 0.996234118938446
8553 33428163 0.9962368905544281
8554 33428288 0.9962406158447266
8555 33428397 0.9962438642978668
8556 33428501 0.9962469637393951
8557 33428619 0.9962504804134369
8558 33428728 0.9962537288665771
8559 33428824 0.9962565898895264
8560 33428930 0.9962597489356995
8561 33429064 0.9962637424468994
8562 33429173 0.9962669909000397
8563 33429266 0.9962697625160217
8564 33429377 0.9962730705738068
8565 33429471 0.9962758719921112
8566 33429580 0.9962791204452515
8567 33429676 0.9962819814682007
8568 33429775 0.9962849318981171
8569 33429871 0.9962877929210663
8570 33429968 0.9962906837463379
8571 33430082 0.9962940812110901
8572 33430203 0.996297687292099
8573 33430298 0.9963005185127258
8574 33430418 0.9963040947914124
8575 33430508 0.9963067770004272
8576 33430599 0.9963094890117645
8577 33430710 0.9963127970695496
8578 33430825 0.9963162243366241
8579 33430923 0.9963191449642181
8580 33431006 0.9963216185569763
8581 33431136 0.9963254928588867
8582 33431245 0.996328741312027
8583 33431351 0.9963319003582001
8584 33431453 0.9963349401950836
8585 33431561 0.9963381588459015
8586 33431666 0.9963412880897522
8587 33431761 0.996344119310379
8588 33431885 0.9963478147983551
8589 33431977 0.9963505566120148
8590 33432079 0.9963535964488983
8591 33432187 0.9963568150997162
8592 33432289 0.9963598549365997
8593 33432363 0.9963620603084564
8594 33432473 0.9963653385639191
8595 33432588 0.9963687658309937
8596 33432678 0.9963714480400085
8597 33432787 0.9963746964931488
8598 33432905 0.9963782131671906
8599 33432977 0.9963803589344025
8600 33433085 0.9963835775852203
8601 33433192 0.9963867664337158
8602 33433297 0.9963898956775665
8603 33433395 0.9963928163051605
8604 33433489 0.996395617723465
8605 33433605 0.9963990747928619
8606 33433721 0.9964025318622589
8607 33433818 0.9964054226875305
8608 33433920 0.9964084625244141
8609 33434023 0.99641153216362
8610 33434114 0.9964142441749573
8611 33434209 0.9964170753955841
8612 33434294 0.9964196085929871
8613 33434391 0.9964224994182587
8614 33434490 0.996425449848175
8615 33434593 0.996428519487381
8616 33434687 0.9964313209056854
8617 33434802 0.99643474817276
8618 33434909 0.9964379370212555
8619 33435010 0.9964409470558167
8620 33435123 0.9964443147182465
8621 33435233 0.9964475929737091
8622 33435345 0.9964509308338165
8623 33435432 0.9964535236358643
8624 33435529 0.9964564144611359
8625 33435639 0.9964596927165985
8626 33435742 0.9964627623558044
8627 33435812 0.9964648485183716
8628 33435918 0.9964680075645447
8629 33436010 0.9964707493782043
8630 33436103 0.9964735209941864
8631 33436203 0.9964765012264252
8632 33436302 0.9964794516563416
8633 33436361 0.9964812099933624
8634 33436450 0.9964838624000549
8635 33436558 0.9964870810508728
8636 33436641 0.996489554643631
8637 33436756 0.9964929819107056
8638 33436840 0.9964954853057861
8639 33436942 0.9964985251426697
8640 33437035 0.9965012967586517
8641 33437145 0.9965045750141144
8642 33437248 0.9965076446533203
8643 33437332 0.9965101480484009
8644 33437427 0.9965129792690277
8645 33437529 0.9965160191059113
8646 33437612 0.9965184926986694
8647 33437704 0.9965212345123291
8648 33437812 0.996524453163147
8649 33437901 0.9965271055698395
8650 33437984 0.9965295791625977
8651 33438075 0.9965322911739349
8652 33438181 0.996535450220108
8653 33438256 0.9965376853942871
8654 33438338 0.9965401291847229
8655 33438435 0.9965430200099945
8656 33438530 0.9965458512306213
8657 33438621 0.9965485632419586
8658 33438716 0.9965513944625854
8659 33438816 0.9965543746948242
8660 33438900 0.9965568780899048
8661 33438990 0.9965595602989197
8662 33439082 0.9965623021125793
8663 33439161 0.996564656496048
8664 33439262 0.9965676665306091
8665 33439362 0.9965706467628479
8666 33439443 0.9965730607509613
8667 33439527 0.9965755641460419
8668 33439601 0.9965777695178986
8669 33439693 0.9965805113315582
8670 33439775 0.996582955121994
8671 33439861 0.9965855181217194
8672 33439976 0.996588945388794
8673 33440073 0.9965918362140656
8674 33440177 0.9965949356555939
8675 33440301 0.99659863114357
8676 33440400 0.9966015815734863
8677 33440494 0.9966043829917908
8678 33440589 0.9966072142124176
8679 33440668 0.9966095685958862
8680 33440753 0.9966121017932892
8681 33440847 0.9966149032115936
8682 33440954 0.9966180920600891
8683 33441042 0.9966207146644592
8684 33441120 0.9966230392456055
8685 33441225 0.9966261684894562
8686 33441318 0.9966289401054382
8687 33441406 0.9966315627098083
8688 33441481 0.9966337978839874
8689 33441590 0.9966370463371277
8690 33441686 0.9966399073600769
8691 33441773 0.9966425001621246
8692 33441879 0.9966456592082977
8693 33441958 0.9966480135917664
8694 33442040 0.9966504573822021
8695 33442154 0.9966538548469543
8696 33442241 0.9966564476490021
8697 33442327 0.9966590106487274
8698 33442416 0.9966616630554199
8699 33442511 0.9966644942760468
8700 33442613 0.9966675341129303
8701 33442703 0.9966702163219452
8702 33442791 0.9966728389263153
8703 33442880 0.9966754913330078
8704 33442973 0.9966782629489899
8705 33443043 0.996680349111557
8706 33443136 0.9966831207275391
8707 33443225 0.9966857731342316
8708 33443299 0.9966879785060883
8709 33443383 0.9966904819011688
8710 33443473 0.9966931641101837
8711 33443549 0.9966954290866852
8712 33443640 0.9966981410980225
8713 33443745 0.9967012703418732
8714 33443826 0.9967036843299866
8715 33443913 0.9967062771320343
8716 33443993 0.9967086613178253
8717 33444081 0.9967112839221954
8718 33444150 0.9967133402824402
8719 33444238 0.9967159628868103
8720 33444321 0.9967184364795685
8721 33444410 0.996721088886261
8722 33444506 0.9967239499092102
8723 33444600 0.9967267513275146
8724 33444691 0.9967294633388519
8725 33444783 0.9967322051525116
8726 33444881 0.9967351257801056
8727 33444969 0.9967377483844757
8728 33445058 0.9967404007911682
8729 33445180 0.9967440366744995
8730 33445282 0.9967470765113831
8731 33445366 0.9967495799064636
8732 33445457 0.9967522919178009
8733 33445554 0.9967551827430725
8734 33445639 0.9967577159404755
8735 33445722 0.9967601895332336
8736 33445820 0.9967631101608276
8737 33445897 0.9967654049396515
8738 33445984 0.9967679977416992
8739 33446087 0.9967710673809052
8740 33446183 0.9967739284038544
8741 33446278 0.9967767596244812
8742 33446351 0.9967789351940155
8743 33446439 0.9967815577983856
8744 33446519 0.9967839419841766
8745 33446598 0.9967862963676453
8746 33446696 0.9967892169952393
8747 33446761 0.9967911541461945
8748 33446843 0.9967935979366302
8749 33446925 0.996796041727066
8750 33447013 0.9967986643314362
8751 33447101 0.9968012869358063
8752 33447192 0.9968039989471436
8753 33447276 0.9968065023422241
8754 33447341 0.9968084394931793
8755 33447446 0.99681156873703
8756 33447530 0.9968140721321106
8757 33447615 0.9968166053295135
8758 33447718 0.9968196749687195
8759 33447793 0.9968219101428986
8760 33447871 0.9968242347240448
8761 33447960 0.9968268871307373
8762 33448043 0.9968293607234955
8763 33448131 0.9968319833278656
8764 33448210 0.9968343377113342
8765 33448286 0.9968366026878357
8766 33448394 0.9968398213386536
8767 33448483 0.9968424737453461
8768 33448551 0.9968445003032684
8769 33448647 0.9968473613262177
8770 33448748 0.9968503713607788
8771 33448824 0.9968526363372803
8772 33448891 0.9968546330928802
8773 33448963 0.9968567788600922
8774 33449035 0.9968589246273041
8775 33449115 0.9968613088130951
8776 33449196 0.9968637228012085
8777 33449273 0.9968660175800323
8778 33449365 0.996868759393692
8779 33449443 0.9968710839748383
8780 33449525 0.996873527765274
8781 33449605 0.9968759119510651
8782 33449675 0.9968779981136322
8783 33449743 0.9968800246715546
8784 33449832 0.9968826770782471
8785 33449922 0.996885359287262
8786 33450020 0.996888279914856
8787 33450098 0.9968906044960022
8788 33450183 0.9968931376934052
8789 33450247 0.996895045042038
8790 33450363 0.9968985021114349
8791 33450435 0.9969006478786469
8792 33450522 0.9969032406806946
8793 33450612 0.9969059228897095
8794 33450702 0.9969086050987244
8795 33450780 0.9969109296798706
8796 33450856 0.9969131946563721
8797 33450932 0.9969154596328735
8798 33451006 0.9969176650047302
8799 33451066 0.9969194531440735
8800 33451150 0.996921956539154
8801 33451221 0.9969240725040436
8802 33451294 0.9969262480735779
8803 33451381 0.9969288408756256
8804 33451467 0.996931403875351
8805 33451536 0.9969334602355957
8806 33451630 0.9969362616539001
8807 33451728 0.9969391822814941
8808 33451804 0.9969414472579956
8809 33451881 0.9969437420368195
8810 33451974 0.9969465136528015
8811 33452041 0.9969485104084015
8812 33452127 0.9969510734081268
8813 33452210 0.996953547000885
8814 33452290 0.996955931186676
8815 33452387 0.9969588220119476
8816 33452461 0.9969610273838043
8817 33452545 0.9969635307788849
8818 33452628 0.9969660043716431
8819 33452697 0.9969680607318878
8820 33452780 0.996970534324646
8821 33452872 0.9969732761383057
8822 33452942 0.9969753623008728
8823 33453037 0.9969781935214996
8824 33453128 0.9969809055328369
8825 33453214 0.9969834685325623
8826 33453300 0.9969860315322876
8827 33453395 0.9969888627529144
8828 33453473 0.9969911873340607
8829 33453560 0.9969937801361084
8830 33453641 0.9969961941242218
8831 33453729 0.9969988167285919
8832 33453796 0.9970008134841919
8833 33453879 0.9970032870769501
8834 33453949 0.9970053732395172
8835 33454034 0.9970079064369202
8836 33454108 0.9970101118087769
8837 33454182 0.9970123171806335
8838 33454267 0.9970148503780365
8839 33454329 0.9970166981220245
8840 33454419 0.9970193803310394
8841 33454488 0.9970214366912842
8842 33454567 0.9970237910747528
8843 33454641 0.9970259964466095
8844 33454734 0.9970287680625916
8845 33454806 0.9970309138298035
8846 33454876 0.9970329999923706
8847 33454967 0.9970357120037079
8848 33455036 0.9970377683639526
8849 33455115 0.9970401227474213
8850 33455182 0.9970421195030212
8851 33455269 0.997044712305069
8852 33455347 0.9970470368862152
8853 33455418 0.9970491528511047
8854 33455497 0.9970515072345734
8855 33455582 0.9970540404319763
8856 33455651 0.9970560967922211
8857 33455734 0.9970585703849792
8858 33455822 0.9970611929893494
8859 33455877 0.9970628321170807
8860 33455948 0.9970649480819702
8861 33456046 0.9970678687095642
8862 33456146 0.997070848941803
8863 33456216 0.9970729351043701
8864 33456306 0.997075617313385
8865 33456386 0.997078001499176
8866 33456469 0.9970804750919342
8867 33456558 0.9970831274986267
8868 33456640 0.9970855712890625
8869 33456725 0.9970881044864655
8870 33456806 0.9970905184745789
8871 33456891 0.9970930516719818
8872 33456960 0.9970951080322266
8873 33457045 0.9970976412296295
8874 33457128 0.9971001148223877
8875 33457203 0.9971023499965668
8876 33457281 0.997104674577713
8877 33457371 0.9971073567867279
8878 33457466 0.9971101880073547
8879 33457537 0.9971123039722443
8880 33457625 0.9971149265766144
8881 33457703 0.9971172511577606
8882 33457785 0.9971196949481964
8883 33457875 0.9971223771572113
8884 33457962 0.997124969959259
8885 33458028 0.9971269369125366
8886 33458116 0.9971295595169067
8887 33458203 0.9971321523189545
8888 33458285 0.9971345961093903
8889 33458343 0.9971363246440887
8890 33458405 0.9971381723880768
8891 33458491 0.9971407353878021
8892 33458560 0.9971427917480469
8893 33458643 0.997145265340805
8894 33458718 0.9971475005149841
8895 33458806 0.9971501231193542
8896 33458904 0.9971530437469482
8897 33458986 0.997155487537384
8898 33459075 0.9971581399440765
8899 33459149 0.9971603453159332
8900 33459212 0.9971622228622437
8901 33459297 0.9971647560596466
8902 33459368 0.9971668720245361
8903 33459442 0.9971690773963928
8904 33459530 0.9971717000007629
8905 33459608 0.9971740245819092
8906 33459684 0.9971762895584106
8907 33459757 0.997178465127945
8908 33459847 0.9971811473369598
8909 33459930 0.997183620929718
8910 33460010 0.997186005115509
8911 33460084 0.9971882104873657
8912 33460177 0.9971909821033478
8913 33460267 0.9971936643123627
8914 33460346 0.9971960186958313
8915 33460445 0.9971989691257477
8916 33460523 0.9972012937068939
8917 33460602 0.9972036480903625
8918 33460699 0.9972065389156342
8919 33460765 0.9972085058689117
8920 33460834 0.9972105622291565
8921 33460932 0.9972134828567505
8922 33461004 0.9972156286239624
8923 33461080 0.9972178936004639
8924 33461162 0.9972203373908997
8925 33461241 0.9972226917743683
8926 33461322 0.9972251057624817
8927 33461392 0.9972271919250488
8928 33461487 0.9972300231456757
8929 33461577 0.9972327053546906
8930 33461658 0.997235119342804
8931 33461744 0.9972376823425293
8932 33461847 0.9972407519817352
8933 33461937 0.9972434341907501
8934 33462035 0.9972463548183441
8935 33462119 0.9972488582134247
8936 33462207 0.9972514808177948
8937 33462293 0.9972540438175201
8938 33462389 0.9972569048404694
8939 33462477 0.9972595274448395
8940 33462550 0.9972617030143738
8941 33462638 0.9972643256187439
8942 33462722 0.9972668290138245
8943 33462807 0.9972693622112274
8944 33462883 0.9972716271877289
8945 33462973 0.9972743093967438
8946 33463051 0.99727663397789
8947 33463133 0.9972790777683258
8948 33463223 0.9972817599773407
8949 33463294 0.9972838759422302
8950 33463380 0.9972864389419556
8951 33463473 0.9972892105579376
8952 33463567 0.9972920119762421
8953 33463642 0.9972942471504211
8954 33463718 0.9972965121269226
8955 33463810 0.9972992539405823
8956 33463882 0.9973013997077942
8957 33463968 0.9973039627075195
8958 33464050 0.9973064064979553
8959 33464141 0.9973091185092926
8960 33464201 0.9973109066486359
8961 33464277 0.9973131716251373
8962 33464370 0.9973159432411194
8963 33464458 0.9973185658454895
8964 33464545 0.9973211586475372
8965 33464636 0.9973238706588745
8966 33464727 0.9973265826702118
8967 33464806 0.9973289370536804
8968 33464896 0.9973316192626953
8969 33465008 0.9973349571228027
8970 33465094 0.9973375201225281
8971 33465170 0.9973397850990295
8972 33465270 0.9973427653312683
8973 33465363 0.9973455369472504
8974 33465435 0.9973476827144623
8975 33465549 0.9973510801792145
8976 33465634 0.9973536133766174
8977 33465716 0.9973560571670532
8978 33465805 0.9973587095737457
8979 33465897 0.9973614513874054
8980 33465968 0.9973635673522949
8981 33466055 0.9973661601543427
8982 33466139 0.9973686635494232
8983 33466217 0.9973709881305695
8984 33466302 0.9973735213279724
8985 33466390 0.9973761439323425
8986 33466484 0.997378945350647
8987 33466566 0.9973813891410828
8988 33466642 0.9973836541175842
8989 33466728 0.9973862171173096
8990 33466819 0.9973889291286469
8991 33466901 0.9973913729190826
8992 33466997 0.9973942339420319
8993 33467074 0.9973965287208557
8994 33467157 0.9973990023136139
8995 33467256 0.9974019527435303
8996 33467361 0.997405081987381
8997 33467441 0.997407466173172
8998 33467532 0.9974101781845093
8999 33467627 0.9974130094051361
9000 33467699 0.997415155172348
9001 33467806 0.9974183440208435
9002 33467908 0.997421383857727
9003 33467971 0.9974232614040375
9004 33468044 0.9974254369735718
9005 33468137 0.9974282085895538
9006 33468227 0.9974308907985687
9007 33468339 0.9974342286586761
9008 33468420 0.9974366426467896
9009 33468513 0.9974394142627716
9010 33468596 0.9974418878555298
9011 33468676 0.9974442720413208
9012 33468776 0.9974472522735596
9013 33468887 0.9974505603313446
9014 33468975 0.9974531829357147
9015 33469061 0.9974557459354401
9016 33469141 0.9974581301212311
9017 33469221 0.9974605143070221
9018 33469313 0.9974632561206818
9019 33469414 0.9974662661552429
9020 33469490 0.9974685311317444
9021 33469571 0.9974709451198578
9022 33469645 0.9974731504917145
9023 33469739 0.9974759519100189
9024 33469828 0.9974786043167114
9025 33469902 0.9974808096885681
9026 33469984 0.9974832534790039
9027 33470088 0.9974863529205322
9028 33470172 0.9974888563156128
9029 33470266 0.9974916577339172
9030 33470361 0.9974944889545441
9031 33470452 0.9974972009658813
9032 33470566 0.9975005984306335
9033 33470645 0.9975029528141022
9034 33470738 0.9975057244300842
9035 33470820 0.99750816822052
9036 33470911 0.9975108802318573
9037 33470991 0.9975132644176483
9038 33471095 0.9975163638591766
9039 33471199 0.997519463300705
9040 33471281 0.9975219070911407
9041 33471363 0.9975243508815765
9042 33471436 0.9975265264511108
9043 33471507 0.9975286424160004
9044 33471590 0.9975311160087585
9045 33471662 0.9975332617759705
9046 33471741 0.9975356161594391
9047 33471821 0.9975380003452301
9048 33471896 0.9975402355194092
9049 33471990 0.9975430369377136
9050 33472079 0.9975456893444061
9051 33472141 0.9975475370883942
9052 33472222 0.9975499510765076
9053 33472315 0.9975527226924896
9054 33472420 0.9975558519363403
9055 33472502 0.9975582957267761
9056 33472603 0.9975613057613373
9057 33472676 0.9975634813308716
9058 33472764 0.9975661039352417
9059 33472872 0.9975693225860596
9060 33472946 0.9975715279579163
9061 33473023 0.9975738227367401
9062 33473098 0.9975760579109192
9063 33473174 0.9975783228874207
9064 33473261 0.9975809156894684
9065 33473342 0.9975833296775818
9066 33473427 0.9975858628749847
9067 33473502 0.9975880980491638
9068 33473588 0.9975906610488892
9069 33473663 0.9975928962230682
9070 33473753 0.9975955784320831
9071 33473836 0.9975980520248413
9072 33473932 0.9976009130477905
9073 33474015 0.9976033866405487
9074 33474085 0.9976054728031158
9075 33474160 0.9976077079772949
9076 33474264 0.9976108074188232
9077 33474342 0.9976131319999695
9078 33474441 0.9976160824298859
9079 33474538 0.9976189732551575
9080 33474616 0.9976212978363037
9081 33474683 0.9976232945919037
9082 33474766 0.9976257681846619
9083 33474859 0.9976285398006439
9084 33474945 0.9976311028003693
9085 33475027 0.997633546590805
9086 33475111 0.9976360499858856
9087 33475192 0.997638463973999
9088 33475281 0.9976411163806915
9089 33475363 0.9976435601711273
9090 33475452 0.9976462125778198
9091 33475540 0.9976488351821899
9092 33475620 0.997651219367981
9093 33475707 0.9976538121700287
9094 33475786 0.9976561665534973
9095 33475872 0.9976587295532227
9096 33475957 0.9976612627506256
9097 33476025 0.997663289308548
9098 33476094 0.9976653456687927
9099 33476170 0.9976676106452942
9100 33476248 0.9976699352264404
9101 33476321 0.9976721107959747
9102 33476414 0.9976748824119568
9103 33476504 0.9976775646209717
9104 33476576 0.9976797103881836
9105 33476658 0.9976821541786194
9106 33476752 0.9976849555969238
9107 33476826 0.9976871609687805
9108 33476894 0.9976891875267029
9109 33476966 0.9976913332939148
9110 33477058 0.9976940751075745
9111 33477132 0.9976962804794312
9112 33477208 0.9976985454559326
9113 33477290 0.9977009892463684
9114 33477359 0.9977030456066132
9115 33477441 0.997705489397049
9116 33477514 0.9977076649665833
9117 33477595 0.9977100789546967
9118 33477667 0.9977122247219086
9119 33477745 0.9977145493030548
9120 33477826 0.9977169632911682
9121 33477880 0.9977185726165771
9122 33477956 0.9977208375930786
9123 33478035 0.9977231919765472
9124 33478105 0.9977252781391144
9125 33478166 0.99772709608078
9126 33478247 0.9977295100688934
9127 33478321 0.9977317154407501
9128 33478383 0.9977335631847382
9129 33478444 0.9977353811264038
9130 33478534 0.9977380633354187
9131 33478619 0.9977405965328217
9132 33478680 0.9977424144744873
9133 33478749 0.9977444708347321
9134 33478823 0.9977466762065887
9135 33478894 0.9977487921714783
9136 33478961 0.9977507889270782
9137 33479020 0.9977525472640991
9138 33479085 0.9977544844150543
9139 33479144 0.9977562427520752
9140 33479221 0.997758537530899
9141 33479287 0.9977605044841766
9142 33479354 0.9977625012397766
9143 33479429 0.9977647364139557
9144 33479497 0.997766762971878
9145 33479576 0.9977691173553467
9146 33479648 0.9977712631225586
9147 33479736 0.9977738857269287
9148 33479798 0.9977757334709167
9149 33479863 0.997777670621872
9150 33479931 0.9977796971797943
9151 33479987 0.997781366109848
9152 33480051 0.9977832734584808
9153 33480130 0.9977856278419495
9154 33480201 0.997787743806839
9155 33480263 0.997789591550827
9156 33480324 0.9977914094924927
9157 33480402 0.9977937340736389
9158 33480453 0.9977952539920807
9159 33480507 0.9977968633174896
9160 33480568 0.9977986812591553
9161 33480644 0.9978009462356567
9162 33480695 0.9978024661540985
9163 33480742 0.9978038668632507
9164 33480821 0.9978062212467194
9165 33480874 0.9978078007698059
9166 33480924 0.9978092908859253
9167 33480983 0.9978110492229462
9168 33481037 0.9978126585483551
9169 33481093 0.9978143274784088
9170 33481177 0.9978168308734894
9171 33481249 0.9978189766407013
9172 33481305 0.997820645570755
9173 33481363 0.9978223741054535
9174 33481424 0.9978241920471191
9175 33481486 0.9978260397911072
9176 33481546 0.9978278279304504
9177 33481608 0.9978296756744385
9178 33481675 0.9978316724300385
9179 33481737 0.9978335201740265
9180 33481798 0.9978353381156921
9181 33481864 0.9978373050689697
9182 33481929 0.9978392422199249
9183 33481980 0.9978407621383667
9184 33482041 0.9978425800800323
9185 33482102 0.997844398021698
9186 33482192 0.9978470802307129
9187 33482238 0.9978484511375427
9188 33482292 0.9978500604629517
9189 33482357 0.9978519976139069
9190 33482406 0.9978534579277039
9191 33482461 0.9978550970554352
9192 33482525 0.997857004404068
9193 33482581 0.9978586733341217
9194 33482643 0.9978605210781097
9195 33482711 0.9978625476360321
9196 33482756 0.9978638887405396
9197 33482805 0.9978653490543365
9198 33482864 0.9978671073913574
9199 33482924 0.9978688955307007
9200 33482979 0.997870534658432
9201 33483048 0.9978725910186768
9202 33483111 0.9978744685649872
9203 33483158 0.9978758692741394
9204 33483219 0.997877687215805
9205 33483276 0.9978793859481812
9206 33483330 0.9978809952735901
9207 33483391 0.9978828132152557
9208 33483451 0.997884601354599
9209 33483512 0.9978864192962646
9210 33483568 0.9978880882263184
9211 33483631 0.9978899657726288
9212 33483675 0.9978912770748138
9213 33483732 0.9978929758071899
9214 33483798 0.9978949427604675
9215 33483853 0.9978965818881989
9216 33483912 0.9978983402252197
9217 33483960 0.9978997707366943
9218 33484023 0.9979016482830048
9219 33484075 0.9979031980037689
9220 33484125 0.9979046881198883
9221 33484198 0.9979068636894226
9222 33484258 0.9979086518287659
9223 33484315 0.997910350561142
9224 33484375 0.9979121387004852
9225 33484436 0.9979139566421509
9226 33484493 0.997915655374527
9227 33484542 0.997917115688324
9228 33484611 0.9979191720485687
9229 33484661 0.9979206621646881
9230 33484718 0.9979223608970642
9231 33484788 0.9979244470596313
9232 33484839 0.9979259669780731
9233 33484888 0.9979274272918701
9234 33484940 0.9979289770126343
9235 33484999 0.9979307353496552
9236 33485049 0.9979322254657745
9237 33485106 0.9979339241981506
9238 33485168 0.9979357719421387
9239 33485215 0.9979371726512909
9240 33485265 0.9979386627674103
9241 33485320 0.9979403018951416
9242 33485360 0.9979414939880371
9243 33485428 0.9979435205459595
9244 33485488 0.9979453086853027
9245 33485547 0.9979470670223236
9246 33485592 0.997948408126831
9247 33485640 0.9979498386383057
9248 33485701 0.9979516565799713
9249 33485742 0.9979528784751892
9250 33485792 0.9979543685913086
9251 33485840 0.9979557991027832
9252 33485893 0.9979573786258698
9253 33485944 0.9979588985443115
9254 33485988 0.9979602098464966
9255 33486046 0.9979619383811951
9256 33486104 0.9979636669158936
9257 33486142 0.9979647994041443
9258 33486212 0.9979668855667114
9259 33486264 0.9979684352874756
9260 33486310 0.9979698061943054
9261 33486367 0.9979715049266815
9262 33486444 0.9979737997055054
9263 33486503 0.9979755580425262
9264 33486555 0.9979771077632904
9265 33486632 0.9979794025421143
9266 33486673 0.9979806244373322
9267 33486737 0.997982531785965
9268 33486813 0.9979847967624664
9269 33486869 0.9979864656925201
9270 33486943 0.9979886710643768
9271 33486984 0.9979898929595947
9272 33487051 0.9979918897151947
9273 33487093 0.997993141412735
9274 33487150 0.9979948401451111
9275 33487195 0.9979961812496185
9276 33487248 0.9979977607727051
9277 33487298 0.9979992508888245
9278 33487372 0.9980014562606812
9279 33487437 0.9980033934116364
9280 33487479 0.9980046451091766
9281 33487525 0.9980060160160065
9282 33487588 0.9980078935623169
9283 33487631 0.9980091750621796
9284 33487672 0.9980103969573975
9285 33487746 0.9980126023292542
9286 33487789 0.9980138838291168
9287 33487836 0.998015284538269
9288 33487895 0.9980170428752899
9289 33487960 0.9980189800262451
9290 33488010 0.9980204701423645
9291 33488056 0.9980218410491943
9292 33488115 0.9980235993862152
9293 33488157 0.9980248510837555
9294 33488202 0.9980261921882629
9295 33488267 0.9980281293392181
9296 33488323 0.9980297982692719
9297 33488378 0.9980314373970032
9298 33488434 0.9980331063270569
9299 33488487 0.9980346858501434
9300 33488547 0.9980364739894867
9301 33488593 0.9980378448963165
9302 33488654 0.9980396628379822
9303 33488689 0.9980407059192657
9304 33488735 0.9980420768260956
9305 33488778 0.9980433583259583
9306 33488826 0.9980447888374329
9307 33488885 0.9980465471744537
9308 33488942 0.9980482459068298
9309 33489006 0.9980501532554626
9310 33489055 0.9980516135692596
9311 33489100 0.9980529546737671
9312 33489165 0.9980548918247223
9313 33489218 0.9980564713478088
9314 33489270 0.998058021068573
9315 33489329 0.9980597794055939
9316 33489380 0.9980612993240356
9317 33489425 0.9980626404285431
9318 33489479 0.998064249753952
9319 33489541 0.9980660974979401
9320 33489595 0.998067706823349
9321 33489654 0.9980694651603699
9322 33489718 0.9980713725090027
9323 33489767 0.9980728328227997
9324 33489814 0.9980742335319519
9325 33489875 0.9980760514736176
9326 33489931 0.9980777204036713
9327 33489995 0.9980796277523041
9328 33490038 0.9980809092521667
9329 33490094 0.9980825781822205
9330 33490148 0.9980841875076294
9331 33490201 0.9980857670307159
9332 33490243 0.9980870187282562
9333 33490291 0.9980884492397308
9334 33490340 0.9980899095535278
9335 33490394 0.9980915188789368
9336 33490449 0.9980931580066681
9337 33490496 0.9980945587158203
9338 33490548 0.9980961084365845
9339 33490617 0.9980981647968292
9340 33490683 0.9981001317501068
9341 33490726 0.9981014132499695
9342 33490788 0.9981032609939575
9343 33490832 0.9981045722961426
9344 33490890 0.9981063008308411
9345 33490950 0.9981080889701843
9346 33491001 0.9981096088886261
9347 33491047 0.9981109797954559
9348 33491097 0.9981124699115753
9349 33491154 0.9981141686439514
9350 33491200 0.9981155395507812
9351 33491259 0.9981172978878021
9352 33491309 0.9981187880039215
9353 33491374 0.9981207251548767
9354 33491430 0.9981223940849304
9355 33491465 0.998123437166214
9356 33491528 0.9981253147125244
9357 33491570 0.9981265664100647
9358 33491610 0.9981277585029602
9359 33491671 0.9981295764446259
9360 33491720 0.9981310367584229
9361 33491764 0.9981323480606079
9362 33491813 0.9981338083744049
9363 33491855 0.9981350600719452
9364 33491906 0.998136579990387
9365 33491953 0.9981379806995392
9366 33492008 0.9981396198272705
9367 33492061 0.9981411993503571
9368 33492099 0.9981423318386078
9369 33492165 0.9981442987918854
9370 33492204 0.9981454610824585
9371 33492244 0.998146653175354
9372 33492291 0.9981480538845062
9373 33492337 0.9981494247913361
9374 33492374 0.9981505274772644
9375 33492407 0.9981515109539032
9376 33492466 0.9981532692909241
9377 33492516 0.9981547594070435
9378 33492571 0.9981563985347748
9379 33492630 0.9981581568717957
9380 33492671 0.9981593787670135
9381 33492716 0.998160719871521
9382 33492761 0.9981620609760284
9383 33492813 0.9981636106967926
9384 33492857 0.9981649219989777
9385 33492903 0.9981662929058075
9386 33492959 0.9981679618358612
9387 33492984 0.9981687068939209
9388 33493030 0.9981700778007507
9389 33493073 0.9981713593006134
9390 33493113 0.9981725513935089
9391 33493154 0.9981737732887268
9392 33493205 0.9981752932071686
9393 33493261 0.9981769621372223
9394 33493318 0.9981786608695984
9395 33493361 0.9981799423694611
9396 33493424 0.9981818199157715
9397 33493470 0.9981831908226013
9398 33493526 0.998184859752655
9399 33493568 0.9981861114501953
9400 33493615 0.9981875121593475
9401 33493664 0.9981889724731445
9402 33493718 0.9981905817985535
9403 33493774 0.9981922507286072
9404 33493816 0.9981935024261475
9405 33493864 0.9981949329376221
9406 33493918 0.998196542263031
9407 33493967 0.998198002576828
9408 33494014 0.9981994032859802
9409 33494059 0.9982007443904877
9410 33494117 0.9982024729251862
9411 33494165 0.9982039034366608
9412 33494206 0.9982051253318787
9413 33494268 0.9982069730758667
9414 33494313 0.9982083141803741
9415 33494355 0.9982095658779144
9416 33494410 0.9982112050056458
9417 33494454 0.9982125163078308
9418 33494499 0.9982138574123383
9419 33494554 0.9982154965400696
9420 33494607 0.9982170760631561
9421 33494658 0.9982185959815979
9422 33494694 0.9982196688652039
9423 33494750 0.9982213377952576
9424 33494782 0.998222291469574
9425 33494822 0.9982234835624695
9426 33494871 0.9982249438762665
9427 33494911 0.998226135969162
9428 33494960 0.998227596282959
9429 33494992 0.9982285499572754
9430 33495047 0.9982301890850067
9431 33495090 0.9982314705848694
9432 33495137 0.9982328712940216
9433 33495200 0.998234748840332
9434 33495249 0.998236209154129
9435 33495290 0.9982374310493469
9436 33495345 0.9982390701770782
9437 33495384 0.9982402324676514
9438 33495444 0.9982420206069946
9439 33495487 0.9982433021068573
9440 33495539 0.9982448518276215
9441 33495588 0.9982463121414185
9442 33495638 0.9982478022575378
9443 33495691 0.9982493817806244
9444 33495734 0.9982506632804871
9445 33495771 0.9982517659664154
9446 33495825 0.9982533752918243
9447 33495878 0.9982549548149109
9448 33495927 0.9982564151287079
9449 33495969 0.9982576668262482
9450 33496013 0.9982589781284332
9451 33496050 0.9982600808143616
9452 33496090 0.9982612729072571
9453 33496145 0.9982629120349884
9454 33496201 0.9982645809650421
9455 33496237 0.9982656538486481
9456 33496286 0.9982671141624451
9457 33496341 0.9982687532901764
9458 33496382 0.9982699751853943
9459 33496425 0.998271256685257
9460 33496473 0.9982726871967316
9461 33496520 0.9982740879058838
9462 33496569 0.9982755482196808
9463 33496631 0.9982773959636688
9464 33496683 0.998278945684433
9465 33496728 0.9982802867889404
9466 33496781 0.998281866312027
9467 33496827 0.9982832372188568
9468 33496879 0.998284786939621
9469 33496925 0.9982861578464508
9470 33496963 0.9982872903347015
9471 33496997 0.9982883036136627
9472 33497031 0.9982893168926239
9473 33497084 0.9982908964157104
9474 33497131 0.9982922971248627
9475 33497182 0.9982938170433044
9476 33497223 0.9982950389385223
9477 33497272 0.9982964992523193
9478 33497316 0.9982978105545044
9479 33497355 0.9982989728450775
9480 33497396 0.9983001947402954
9481 33497433 0.9983012974262238
9482 33497478 0.9983026385307312
9483 33497538 0.9983044266700745
9484 33497592 0.9983060359954834
9485 33497646 0.9983076453208923
9486 33497686 0.9983088374137878
9487 33497742 0.9983105063438416
9488 33497785 0.9983117878437042
9489 33497821 0.9983128607273102
9490 33497868 0.9983142614364624
9491 33497921 0.998315840959549
9492 33497966 0.9983171820640564
9493 33498019 0.9983187615871429
9494 33498072 0.9983203411102295
9495 33498112 0.998321533203125
9496 33498156 0.9983228445053101
9497 33498213 0.9983245432376862
9498 33498255 0.9983257949352264
9499 33498292 0.9983268976211548
9500 33498343 0.9983284175395966
9501 33498385 0.9983296692371368
9502 33498423 0.9983308017253876
9503 33498478 0.9983324408531189
9504 33498529 0.9983339607715607
9505 33498570 0.9983351826667786
9506 33498604 0.9983361959457397
9507 33498646 0.99833744764328
9508 33498690 0.9983387589454651
9509 33498723 0.9983397424221039
9510 33498765 0.9983409941196442
9511 33498810 0.9983423352241516
9512 33498851 0.9983435571193695
9513 33498892 0.9983447790145874
9514 33498951 0.9983465373516083
9515 33498984 0.9983475208282471
9516 33499027 0.9983488023281097
9517 33499074 0.998350203037262
9518 33499137 0.9983520805835724
9519 33499187 0.9983535706996918
9520 33499235 0.9983550012111664
9521 33499278 0.998356282711029
9522 33499318 0.9983574748039246
9523 33499377 0.9983592331409454
9524 33499423 0.9983606040477753
9525 33499462 0.9983617663383484
9526 33499508 0.9983631372451782
9527 33499557 0.9983645975589752
9528 33499600 0.9983658790588379
9529 33499639 0.998367041349411
9530 33499685 0.9983684122562408
9531 33499738 0.9983699917793274
9532 33499781 0.9983712732791901
9533 33499813 0.9983722269535065
9534 33499860 0.9983736276626587
9535 33499897 0.998374730348587
9536 33499934 0.9983758330345154
9537 33499970 0.9983769059181213
9538 33500018 0.998378336429596
9539 33500060 0.9983795881271362
9540 33500096 0.9983806610107422
9541 33500151 0.9983823001384735
9542 33500182 0.9983832240104675
9543 33500229 0.9983846247196198
9544 33500265 0.9983856976032257
9545 33500310 0.9983870387077332
9546 33500352 0.9983882904052734
9547 33500393 0.9983895123004913
9548 33500439 0.9983908832073212
9549 33500473 0.9983918964862823
9550 33500514 0.9983931183815002
9551 33500572 0.9983948469161987
9552 33500623 0.9983963668346405
9553 33500669 0.9983977377414703
9554 33500704 0.9983987808227539
9555 33500756 0.9984003305435181
9556 33500801 0.9984016716480255
9557 33500856 0.9984033107757568
9558 33500897 0.9984045326709747
9559 33500921 0.998405247926712
9560 33500966 0.9984065890312195
9561 33501012 0.9984079599380493
9562 33501062 0.9984094500541687
9563 33501106 0.9984107613563538
9564 33501152 0.9984121322631836
9565 33501203 0.9984136521816254
9566 33501240 0.9984147548675537
9567 33501293 0.9984163343906403
9568 33501344 0.998417854309082
9569 33501381 0.9984189569950104
9570 33501429 0.998420387506485
9571 33501475 0.9984217584133148
9572 33501523 0.9984231889247894
9573 33501560 0.9984242916107178
9574 33501614 0.9984259009361267
9575 33501664 0.9984273910522461
9576 33501713 0.9984288513660431
9577 33501761 0.9984302818775177
9578 33501819 0.9984320104122162
9579 33501865 0.998433381319046
9580 33501911 0.9984347522258759
9581 33501959 0.9984361827373505
9582 33502018 0.9984379410743713
9583 33502059 0.9984391629695892
9584 33502097 0.99844029545784
9585 33502139 0.9984415471553802
9586 33502183 0.9984428584575653
9587 33502229 0.9984442293643951
9588 33502287 0.9984459578990936
9589 33502324 0.998447060585022
9590 33502369 0.9984484016895294
9591 33502401 0.9984493553638458
9592 33502452 0.9984508752822876
9593 33502484 0.998451828956604
9594 33502526 0.9984530806541443
9595 33502584 0.9984548091888428
9596 33502620 0.9984558820724487
9597 33502666 0.9984572529792786
9598 33502710 0.9984585642814636
9599 33502769 0.9984603226184845
9600 33502813 0.9984616339206696
9601 33502854 0.9984628558158875
9602 33502902 0.9984642863273621
9603 33502939 0.9984653890132904
9604 33502983 0.9984667003154755
9605 33503034 0.9984682202339172
9606 33503079 0.9984695613384247
9607 33503116 0.998470664024353
9608 33503170 0.998472273349762
9609 33503215 0.9984736144542694
9610 33503275 0.9984754025936127
9611 33503324 0.9984768629074097
9612 33503366 0.99847811460495
9613 33503407 0.9984793365001678
9614 33503444 0.9984804391860962
9615 33503492 0.9984818696975708
9616 33503528 0.9984829425811768
9617 33503562 0.9984839558601379
9618 33503604 0.9984852075576782
9619 33503645 0.9984864294528961
9620 33503686 0.998487651348114
9621 33503725 0.9984888136386871
9622 33503775 0.9984903037548065
9623 33503814 0.9984914660453796
9624 33503857 0.9984927475452423
9625 33503908 0.9984942674636841
9626 33503941 0.9984952509403229
9627 33503988 0.9984966516494751
9628 33504052 0.9984985589981079
9629 33504088 0.9984996318817139
9630 33504136 0.9985010623931885
9631 33504178 0.9985023140907288
9632 33504224 0.9985036849975586
9633 33504263 0.9985048472881317
9634 33504307 0.9985061585903168
9635 33504341 0.998507171869278
9636 33504382 0.9985083937644958
9637 33504426 0.9985097050666809
9638 33504462 0.9985107779502869
9639 33504507 0.9985121190547943
9640 33504549 0.9985133707523346
9641 33504583 0.9985143840312958
9642 33504631 0.9985158145427704
9643 33504680 0.9985172748565674
9644 33504721 0.9985184967517853
9645 33504768 0.9985198974609375
9646 33504820 0.9985214471817017
9647 33504849 0.9985223114490509
9648 33504892 0.9985235929489136
9649 33504937 0.998524934053421
9650 33504987 0.9985264241695404
9651 33505035 0.998527854681015
9652 33505076 0.9985290765762329
9653 33505116 0.9985302686691284
9654 33505160 0.9985315799713135
9655 33505205 0.9985329210758209
9656 33505250 0.9985342621803284
9657 33505289 0.9985354244709015
9658 33505325 0.9985364973545074
9659 33505383 0.9985382258892059
9660 33505433 0.9985397160053253
9661 33505479 0.9985410869121552
9662 33505534 0.9985427260398865
9663 33505582 0.9985441565513611
9664 33505632 0.9985456466674805
9665 33505671 0.9985468089580536
9666 33505717 0.9985481798648834
9667 33505749 0.9985491335391998
9668 33505792 0.9985504150390625
9669 33505843 0.9985519349575043
9670 33505879 0.9985530078411102
9671 33505937 0.9985547363758087
9672 33505988 0.9985562562942505
9673 33506034 0.9985576272010803
9674 33506078 0.9985589385032654
9675 33506120 0.9985601902008057
9676 33506173 0.9985617697238922
9677 33506222 0.9985632300376892
9678 33506249 0.9985640347003937
9679 33506292 0.9985653162002563
9680 33506338 0.9985666871070862
9681 33506377 0.9985678493976593
9682 33506423 0.9985692203044891
9683 33506475 0.9985707700252533
9684 33506527 0.9985723197460175
9685 33506567 0.998573511838913
9686 33506612 0.9985748529434204
9687 33506647 0.998575896024704
9688 33506698 0.9985774159431458
9689 33506748 0.9985789060592651
9690 33506796 0.9985803365707397
9691 33506839 0.9985816180706024
9692 33506896 0.9985833168029785
9693 33506937 0.9985845386981964
9694 33506981 0.9985858500003815
9695 33507031 0.9985873401165009
9696 33507077 0.9985887110233307
9697 33507112 0.9985897541046143
9698 33507155 0.9985910356044769
9699 33507202 0.9985924363136292
9700 33507253 0.9985939562320709
9701 33507289 0.9985950291156769
9702 33507348 0.9985967874526978
9703 33507395 0.99859818816185
9704 33507443 0.9985996186733246
9705 33507478 0.9986006617546082
9706 33507538 0.9986024498939514
9707 33507582 0.9986037611961365
9708 33507638 0.9986054301261902
9709 33507691 0.9986070096492767
9710 33507730 0.9986081719398499
9711 33507762 0.9986091256141663
9712 33507812 0.9986106157302856
9713 33507866 0.9986122250556946
9714 33507911 0.998613566160202
9715 33507955 0.9986148774623871
9716 33508010 0.9986165165901184
9717 33508054 0.9986178278923035
9718 33508096 0.9986190795898438
9719 33508126 0.9986199736595154
9720 33508175 0.9986214339733124
9721 33508213 0.9986225664615631
9722 33508246 0.9986235499382019
9723 33508301 0.9986251890659332
9724 33508338 0.9986262917518616
9725 33508385 0.9986276924610138
9726 33508439 0.9986293017864227
9727 33508479 0.9986304938793182
9728 33508514 0.9986315369606018
9729 33508567 0.9986331164836884
9730 33508615 0.998634546995163
9731 33508651 0.9986356198787689
9732 33508702 0.9986371397972107
9733 33508747 0.9986384809017181
9734 33508795 0.9986399114131927
9735 33508835 0.9986411035060883
9736 33508879 0.9986424148082733
9737 33508926 0.9986438155174255
9738 33508968 0.9986450672149658
9739 33508999 0.9986459910869598
9740 33509044 0.9986473321914673
9741 33509081 0.9986484348773956
9742 33509116 0.9986494779586792
9743 33509172 0.9986511468887329
9744 33509210 0.9986522793769836
9745 33509247 0.998653382062912
9746 33509295 0.9986548125743866
9747 33509334 0.9986559748649597
9748 33509378 0.9986572861671448
9749 33509416 0.9986584186553955
9750 33509454 0.9986595511436462
9751 33509489 0.9986605942249298
9752 33509526 0.9986616969108582
9753 33509580 0.9986633062362671
9754 33509632 0.9986648559570312
9755 33509661 0.9986657202243805
9756 33509706 0.9986670613288879
9757 33509751 0.9986684024333954
9758 33509795 0.9986697137355804
9759 33509837 0.9986709654331207
9760 33509881 0.9986722767353058
9761 33509930 0.9986737370491028
9762 33509976 0.9986751079559326
9763 33510039 0.998676985502243
9764 33510076 0.9986780881881714
9765 33510113 0.9986791908740997
9766 33510153 0.9986803829669952
9767 33510208 0.9986820220947266
9768 33510249 0.9986832439899445
9769 33510290 0.9986844658851624
9770 33510337 0.9986858665943146
9771 33510371 0.9986868798732758
9772 33510413 0.998688131570816
9773 33510467 0.998689740896225
9774 33510510 0.9986910223960876
9775 33510558 0.9986924529075623
9776 33510594 0.9986935257911682
9777 33510648 0.9986951351165771
9778 33510686 0.9986962676048279
9779 33510725 0.998697429895401
9780 33510789 0.9986993372440338
9781 33510823 0.998700350522995
9782 33510854 0.998701274394989
9783 33510895 0.9987024962902069
9784 33510942 0.9987038969993591
9785 33510978 0.9987049698829651
9786 33511025 0.9987063705921173
9787 33511073 0.9987078011035919
9788 33511122 0.9987092614173889
9789 33511169 0.9987106621265411
9790 33511214 0.9987120032310486
9791 33511251 0.9987131059169769
9792 33511299 0.9987145364284515
9793 33511344 0.998715877532959
9794 33511387 0.9987171590328217
9795 33511424 0.99871826171875
9796 33511457 0.9987192451953888
9797 33511508 0.9987207651138306
9798 33511548 0.9987219572067261
9799 33511579 0.9987228810787201
9800 33511621 0.9987241327762604
9801 33511652 0.9987250566482544
9802 33511687 0.998726099729538
9803 33511731 0.998727411031723
9804 33511777 0.9987287819385529
9805 33511811 0.998729795217514
9806 33511856 0.9987311363220215
9807 33511905 0.9987325966358185
9808 33511955 0.9987340867519379
9809 33512001 0.9987354576587677
9810 33512050 0.9987369179725647
9811 33512087 0.998738020658493
9812 33512142 0.9987396597862244
9813 33512182 0.9987408518791199
9814 33512219 0.9987419545650482
9815 33512261 0.9987432062625885
9816 33512291 0.9987441003322601
9817 33512344 0.9987456798553467
9818 33512385 0.9987469017505646
9819 33512425 0.9987480938434601
9820 33512476 0.9987496137619019
9821 33512520 0.9987509250640869
9822 33512556 0.9987519979476929
9823 33512603 0.9987533986568451
9824 33512660 0.9987550973892212
9825 33512710 0.9987565875053406
9826 33512747 0.9987576901912689
9827 33512783 0.9987587630748749
9828 33512833 0.9987602531909943
9829 33512876 0.9987615346908569
9830 33512905 0.9987623989582062
9831 33512954 0.9987638592720032
9832 33512994 0.9987650513648987
9833 33513037 0.9987663328647614
9834 33513080 0.998767614364624
9835 33513122 0.9987688660621643
9836 33513160 0.998769998550415
9837 33513195 0.9987710416316986
9838 33513235 0.9987722337245941
9839 33513275 0.9987734258174896
9840 33513320 0.9987747669219971
9841 33513358 0.9987758994102478
9842 33513394 0.9987769722938538
9843 33513435 0.9987781941890717
9844 33513489 0.9987798035144806
9845 33513537 0.9987812340259552
9846 33513577 0.9987824261188507
9847 33513619 0.998783677816391
9848 33513666 0.9987850785255432
9849 33513709 0.9987863600254059
9850 33513751 0.9987876117229462
9851 33513794 0.9987888932228088
9852 33513845 0.9987904131412506
9853 33513868 0.9987910985946655
9854 33513920 0.9987926483154297
9855 33513964 0.9987939596176147
9856 33513992 0.9987947940826416
9857 33514039 0.9987961947917938
9858 33514089 0.9987976849079132
9859 33514131 0.9987989366054535
9860 33514165 0.9987999498844147
9861 33514221 0.9988016188144684
9862 33514269 0.998803049325943
9863 33514312 0.9988043308258057
9864 33514355 0.9988056123256683
9865 33514397 0.9988068640232086
9866 33514433 0.9988079369068146
9867 33514471 0.9988090693950653
9868 33514509 0.998810201883316
9869 33514547 0.9988113343715668
9870 33514586 0.9988124966621399
9871 33514629 0.9988137781620026
9872 33514672 0.9988150596618652
9873 33514709 0.9988161623477936
9874 33514751 0.9988174140453339
9875 33514797 0.9988187849521637
9876 33514831 0.9988197982311249
9877 33514857 0.998820573091507
9878 33514910 0.9988221526145935
9879 33514948 0.9988232851028442
9880 33514985 0.9988243877887726
9881 33515039 0.9988259971141815
9882 33515068 0.9988268613815308
9883 33515103 0.9988279044628143
9884 33515146 0.998829185962677
9885 33515192 0.9988305568695068
9886 33515232 0.9988317489624023
9887 33515279 0.9988331496715546
9888 33515322 0.9988344311714172
9889 33515380 0.9988361597061157
9890 33515421 0.9988373816013336
9891 33515472 0.9988389015197754
9892 33515515 0.9988401830196381
9893 33515559 0.9988414943218231
9894 33515600 0.998842716217041
9895 33515649 0.998844176530838
9896 33515685 0.998845249414444
9897 33515724 0.9988464117050171
9898 33515763 0.9988475739955902
9899 33515806 0.9988488554954529
9900 33515842 0.9988499283790588
9901 33515884 0.9988511800765991
9902 33515934 0.9988526701927185
9903 33515972 0.9988538026809692
9904 33516016 0.9988551139831543
9905 33516056 0.9988563060760498
9906 33516098 0.9988575577735901
9907 33516143 0.9988588988780975
9908 33516185 0.9988601505756378
9909 33516228 0.9988614320755005
9910 33516274 0.9988628029823303
9911 33516322 0.9988642334938049
9912 33516369 0.9988656342029572
9913 33516395 0.9988664090633392
9914 33516431 0.9988674819469452
9915 33516472 0.9988687038421631
9916 33516506 0.9988697171211243
9917 33516544 0.998870849609375
9918 33516589 0.9988721907138824
9919 33516634 0.9988735318183899
9920 33516670 0.9988746047019958
9921 33516710 0.9988757967948914
9922 33516748 0.9988769292831421
9923 33516780 0.9988778829574585
9924 33516817 0.9988789856433868
9925 33516851 0.998879998922348
9926 33516897 0.9988813698291779
9927 33516928 0.9988822937011719
9928 33516972 0.9988836050033569
9929 33517003 0.998884528875351
9930 33517040 0.9988856315612793
9931 33517073 0.9988866150379181
9932 33517124 0.9988881349563599
9933 33517163 0.998889297246933
9934 33517200 0.9988903999328613
9935 33517259 0.9988921582698822
9936 33517299 0.9988933503627777
9937 33517339 0.9988945424556732
9938 33517388 0.9988960027694702
9939 33517423 0.9988970458507538
9940 33517465 0.9988982975482941
9941 33517509 0.9988996088504791
9942 33517547 0.9989007413387299
9943 33517584 0.9989018440246582
9944 33517635 0.9989033639431
9945 33517686 0.9989048838615417
9946 33517715 0.998905748128891
9947 33517752 0.9989068508148193
9948 33517805 0.9989084303379059
9949 33517857 0.99890998005867
9950 33517897 0.9989111721515656
9951 33517930 0.9989121556282043
9952 33517970 0.9989133477210999
9953 33518000 0.9989142417907715
9954 33518039 0.9989154040813446
9955 33518091 0.9989169538021088
9956 33518133 0.998918205499649
9957 33518172 0.9989193677902222
9958 33518220 0.9989207983016968
9959 33518268 0.9989222288131714
9960 33518306 0.9989233613014221
9961 33518362 0.9989250302314758
9962 33518409 0.998926430940628
9963 33518444 0.9989274740219116
9964 33518476 0.998928427696228
9965 33518511 0.9989294707775116
9966 33518551 0.9989306628704071
9967 33518602 0.9989321827888489
9968 33518636 0.9989331960678101
9969 33518681 0.9989345371723175
9970 33518716 0.9989355802536011
9971 33518746 0.9989364743232727
9972 33518782 0.9989375472068787
9973 33518812 0.9989384412765503
9974 33518857 0.9989397823810577
9975 33518894 0.9989408850669861
9976 33518942 0.9989423155784607
9977 33518982 0.9989435076713562
9978 33519021 0.9989446699619293
9979 33519068 0.9989460706710815
9980 33519115 0.9989474713802338
9981 33519163 0.9989489018917084
9982 33519209 0.9989502727985382
9983 33519251 0.9989515244960785
9984 33519289 0.9989526569843292
9985 33519334 0.9989539980888367
9986 33519377 0.9989552795886993
9987 33519418 0.9989565014839172
9988 33519448 0.9989573955535889
9989 33519507 0.9989591538906097
9990 33519557 0.9989606440067291
9991 33519587 0.9989615380764008
9992 33519626 0.9989627003669739
9993 33519662 0.9989637732505798
9994 33519699 0.9989648759365082
9995 33519744 0.9989662170410156
9996 33519785 0.9989674389362335
9997 33519830 0.998968780040741
9998 33519860 0.9989696741104126
9999 33519907 0.9989710748195648
10000 33519944 0.9989721775054932
10001 33519984 0.9989733695983887
10002 33520025 0.9989745914936066
10003 33520070 0.998975932598114
10004 33520105 0.9989769756793976
10005 33520141 0.9989780485630035
10006 33520173 0.99897900223732
10007 33520201 0.9989798367023468
10008 33520232 0.9989807605743408
10009 33520280 0.9989821910858154
10010 33520322 0.9989834427833557
10011 33520350 0.9989842772483826
10012 33520394 0.9989855885505676
10013 33520434 0.9989867806434631
10014 33520463 0.9989876449108124
10015 33520501 0.9989887773990631
10016 33520541 0.9989899694919586
10017 33520573 0.998990923166275
10018 33520610 0.9989920258522034
10019 33520653 0.998993307352066
10020 33520698 0.9989946484565735
10021 33520728 0.9989955425262451
10022 33520769 0.998996764421463
10023 33520798 0.9989976286888123
10024 33520831 0.998998612165451
10025 33520863 0.9989995658397675
10026 33520913 0.9990010559558868
10027 33520955 0.9990023076534271
10028 33520999 0.9990036189556122
10029 33521027 0.999004453420639
10030 33521071 0.9990057647228241
10031 33521110 0.9990069270133972
10032 33521155 0.9990082681179047
10033 33521196 0.9990094900131226
10034 33521233 0.9990105926990509
10035 33521268 0.9990116357803345
10036 33521317 0.9990130960941315
10037 33521357 0.999014288187027
10038 33521393 0.9990153610706329
10039 33521439 0.9990167319774628
10040 33521472 0.9990177154541016
10041 33521510 0.9990188479423523
10042 33521545 0.9990198910236359
10043 33521581 0.9990209639072418
10044 33521636 0.9990226030349731
10045 33521673 0.9990237057209015
10046 33521718 0.9990250468254089
10047 33521752 0.9990260601043701
10048 33521794 0.9990273118019104
10049 33521835 0.9990285336971283
10050 33521878 0.999029815196991
10051 33521923 0.9990311563014984
10052 33521963 0.9990323483943939
10053 33522008 0.9990336894989014
10054 33522052 0.9990350008010864
10055 33522084 0.9990359544754028
10056 33522115 0.9990368783473969
10057 33522160 0.9990382194519043
10058 33522202 0.9990394711494446
10059 33522238 0.9990405440330505
10060 33522274 0.9990416169166565
10061 33522313 0.9990427792072296
10062 33522346 0.9990437626838684
10063 33522386 0.9990449547767639
10064 33522416 0.9990458488464355
10065 33522451 0.9990468919277191
10066 33522491 0.9990480840206146
10067 33522532 0.9990493059158325
10068 33522570 0.9990504384040833
10069 33522611 0.9990516602993011
10070 33522651 0.9990528523921967
10071 33522689 0.9990539848804474
10072 33522735 0.9990553557872772
10073 33522796 0.9990571737289429
10074 33522840 0.9990584850311279
10075 33522880 0.9990596771240234
10076 33522911 0.9990606009960175
10077 33522952 0.9990618228912354
10078 33522983 0.9990627467632294
10079 33523021 0.9990638792514801
10080 33523074 0.9990654587745667
10081 33523106 0.9990664124488831
10082 33523136 0.9990673065185547
10083 33523174 0.9990684390068054
10084 33523225 0.9990699589252472
10085 33523264 0.9990711212158203
10086 33523299 0.9990721642971039
10087 33523340 0.9990733861923218
10088 33523374 0.999074399471283
10089 33523412 0.9990755319595337
10090 33523455 0.9990768134593964
10091 33523493 0.9990779459476471
10092 33523526 0.9990789294242859
10093 33523566 0.9990801215171814
10094 33523596 0.999081015586853
10095 33523650 0.999082624912262
10096 33523692 0.9990838766098022
10097 33523732 0.9990850687026978
10098 33523781 0.9990865290164948
10099 33523805 0.9990872442722321
10100 33523853 0.9990886747837067
10101 33523895 0.999089926481247
10102 33523931 0.9990909993648529
10103 33523968 0.9990921020507812
10104 33524013 0.9990934431552887
10105 33524050 0.999094545841217
10106 33524080 0.9990954399108887
10107 33524134 0.9990970492362976
10108 33524165 0.9990979731082916
10109 33524197 0.999098926782608
10110 33524242 0.9991002678871155
10111 33524278 0.9991013407707214
10112 33524326 0.999102771282196
10113 33524360 0.9991037845611572
10114 33524400 0.9991049766540527
10115 33524434 0.9991059899330139
10116 33524462 0.9991068243980408
10117 33524511 0.9991082847118378
10118 33524559 0.9991097152233124
10119 33524589 0.999110609292984
10120 33524626 0.9991117119789124
10121 33524662 0.9991127848625183
10122 33524701 0.9991139471530914
10123 33524738 0.9991150498390198
10124 33524786 0.9991164803504944
10125 33524829 0.9991177618503571
10126 33524878 0.999119222164154
10127 33524927 0.999120682477951
10128 33524967 0.9991218745708466
10129 33524995 0.9991227090358734
10130 33525032 0.9991238117218018
10131 33525069 0.9991249144077301
10132 33525102 0.9991258978843689
10133 33525126 0.9991266131401062
10134 33525157 0.9991275370121002
10135 33525194 0.9991286396980286
10136 33525227 0.9991296231746674
10137 33525269 0.9991308748722076
10138 33525302 0.9991318583488464
10139 33525335 0.9991328418254852
10140 33525373 0.999133974313736
10141 33525412 0.9991351366043091
10142 33525453 0.999136358499527
10143 33525488 0.9991374015808105
10144 33525540 0.9991389513015747
10145 33525572 0.9991399049758911
10146 33525604 0.9991408586502075
10147 33525647 0.9991421401500702
10148 33525677 0.9991430342197418
10149 33525705 0.9991438686847687
10150 33525742 0.999144971370697
10151 33525778 0.999146044254303
10152 33525812 0.9991470575332642
10153 33525844 0.9991480112075806
10154 33525893 0.9991494715213776
10155 33525924 0.9991503953933716
10156 33525963 0.9991515576839447
10157 33526007 0.9991528689861298
10158 33526037 0.9991537630558014
10159 33526072 0.999154806137085
10160 33526103 0.999155730009079
10161 33526147 0.999157041311264
10162 33526190 0.9991583228111267
10163 33526229 0.9991594851016998
10164 33526282 0.9991610646247864
10165 33526315 0.9991620481014252
10166 33526344 0.9991629123687744
10167 33526378 0.9991639256477356
10168 33526412 0.9991649389266968
10169 33526448 0.9991660118103027
10170 33526482 0.9991670250892639
10171 33526525 0.9991683065891266
10172 33526546 0.9991689324378967
10173 33526581 0.9991699755191803
10174 33526616 0.9991710186004639
10175 33526640 0.9991717338562012
10176 33526667 0.9991725385189056
10177 33526713 0.9991739094257355
10178 33526761 0.9991753399372101
10179 33526800 0.9991765022277832
10180 33526831 0.9991774260997772
10181 33526866 0.9991784691810608
10182 33526911 0.9991798102855682
10183 33526947 0.9991808831691742
10184 33526983 0.9991819560527802
10185 33527022 0.9991831183433533
10186 33527057 0.9991841614246368
10187 33527099 0.9991854131221771
10188 33527144 0.9991867542266846
10189 33527180 0.9991878271102905
10190 33527212 0.9991887807846069
10191 33527254 0.9991900324821472
10192 33527281 0.9991908371448517
10193 33527310 0.9991917014122009
10194 33527345 0.9991927444934845
10195 33527378 0.9991937279701233
10196 33527420 0.9991949796676636
10197 33527463 0.9991962611675262
10198 33527508 0.9991976022720337
10199 33527538 0.9991984963417053
10200 33527571 0.9991994798183441
10201 33527617 0.999200850725174
10202 33527646 0.9992017149925232
10203 33527684 0.9992028474807739
10204 33527724 0.9992040395736694
10205 33527765 0.9992052614688873
10206 33527808 0.99920654296875
10207 33527842 0.9992075562477112
10208 33527869 0.9992083609104156
10209 33527904 0.9992094039916992
10210 33527945 0.9992106258869171
10211 33527982 0.9992117285728455
10212 33528023 0.9992129504680634
10213 33528064 0.9992141723632812
10214 33528106 0.9992154240608215
10215 33528131 0.9992161691188812
10216 33528179 0.9992175996303558
10217 33528224 0.9992189407348633
10218 33528262 0.999220073223114
10219 33528297 0.9992211163043976
10220 33528324 0.999221920967102
10221 33528361 0.9992230236530304
10222 33528392 0.9992239475250244
10223 33528425 0.9992249310016632
10224 33528455 0.9992258250713348
10225 33528499 0.9992271363735199
10226 33528539 0.9992283284664154
10227 33528572 0.9992293119430542
10228 33528613 0.9992305338382721
10229 33528653 0.9992317259311676
10230 33528682 0.9992325901985168
10231 33528717 0.9992336332798004
10232 33528762 0.9992349743843079
10233 33528797 0.9992360174655914
10234 33528833 0.9992370903491974
10235 33528871 0.9992382228374481
10236 33528908 0.9992393255233765
10237 33528938 0.9992402195930481
10238 33528989 0.9992417395114899
10239 33529029 0.9992429316043854
10240 33529049 0.9992435276508331
10241 33529087 0.9992446601390839
10242 33529124 0.9992457628250122
10243 33529166 0.9992470145225525
10244 33529206 0.999248206615448
10245 33529243 0.9992493093013763
10246 33529277 0.9992503225803375
10247 33529316 0.9992514848709106
10248 33529358 0.9992527365684509
10249 33529388 0.9992536306381226
10250 33529419 0.9992545545101166
10251 33529459 0.9992557466030121
10252 33529500 0.99925696849823
10253 33529533 0.9992579519748688
10254 33529573 0.9992591440677643
10255 33529615 0.9992603957653046
10256 33529655 0.9992615878582001
10257 33529681 0.9992623627185822
10258 33529706 0.9992631077766418
10259 33529744 0.9992642402648926
10260 33529783 0.9992654025554657
10261 33529829 0.9992667734622955
10262 33529864 0.9992678165435791
10263 33529886 0.9992684721946716
10264 33529914 0.9992693066596985
10265 33529951 0.9992704093456268
10266 33529976 0.9992711544036865
10267 33530011 0.9992721974849701
10268 33530052 0.999273419380188
10269 33530080 0.9992742538452148
10270 33530105 0.9992749989032745
10271 33530147 0.9992762506008148
10272 33530186 0.9992774128913879
10273 33530223 0.9992785155773163
10274 33530255 0.9992794692516327
10275 33530295 0.9992806613445282
10276 33530336 0.9992818832397461
10277 33530369 0.9992828667163849
10278 33530399 0.9992837607860565
10279 33530425 0.9992845356464386
10280 33530463 0.9992856681346893
10281 33530490 0.9992864727973938
10282 33530525 0.9992875158786774
10283 33530550 0.9992882609367371
10284 33530565 0.9992887079715729
10285 33530606 0.9992899298667908
10286 33530651 0.9992912709712982
10287 33530696 0.9992926120758057
10288 33530730 0.9992936253547668
10289 33530764 0.999294638633728
10290 33530792 0.9992954730987549
10291 33530830 0.9992966055870056
10292 33530870 0.9992977976799011
10293 33530905 0.9992988407611847
10294 33530938 0.9992998242378235
10295 33530979 0.9993010461330414
10296 33531004 0.9993017911911011
10297 33531039 0.9993028342723846
10298 33531080 0.9993040561676025
10299 33531118 0.9993051886558533
10300 33531153 0.9993062317371368
10301 33531186 0.9993072152137756
10302 33531228 0.9993084669113159
10303 33531255 0.9993092715740204
10304 33531298 0.9993105530738831
10305 33531331 0.9993115365505219
10306 33531365 0.999312549829483
10307 33531403 0.9993136823177338
10308 33531447 0.9993149936199188
10309 33531491 0.9993163049221039
10310 33531526 0.9993173480033875
10311 33531559 0.9993183314800262
10312 33531603 0.9993196427822113
10313 33531643 0.9993208348751068
10314 33531672 0.999321699142456
10315 33531701 0.9993225634098053
10316 33531728 0.9993233680725098
10317 33531759 0.9993242919445038
10318 33531784 0.9993250370025635
10319 33531826 0.9993262887001038
10320 33531866 0.9993274807929993
10321 33531904 0.99932861328125
10322 33531938 0.9993296265602112
10323 33531979 0.9993308484554291
10324 33532004 0.9993315935134888
10325 33532043 0.9993327558040619
10326 33532077 0.9993337690830231
10327 33532108 0.9993346929550171
10328 33532146 0.9993358254432678
10329 33532191 0.9993371665477753
10330 33532225 0.9993381798267365
10331 33532260 0.99933922290802
10332 33532299 0.9993403851985931
10333 33532336 0.9993414878845215
10334 33532359 0.9993421733379364
10335 33532389 0.999343067407608
10336 33532427 0.9993441998958588
10337 33532461 0.99934521317482
10338 33532486 0.9993459582328796
10339 33532516 0.9993468523025513
10340 33532551 0.9993478953838348
10341 33532571 0.9993484914302826
10342 33532614 0.9993497729301453
10343 33532645 0.9993506968021393
10344 33532679 0.9993517100811005
10345 33532711 0.9993526637554169
10346 33532751 0.9993538558483124
10347 33532774 0.9993545413017273
10348 33532806 0.9993554949760437
10349 33532830 0.999356210231781
10350 33532864 0.9993572235107422
10351 33532893 0.9993580877780914
10352 33532925 0.9993590414524078
10353 33532968 0.9993603229522705
10354 33532997 0.9993611872196198
10355 33533026 0.999362051486969
10356 33533074 0.9993634819984436
10357 33533102 0.9993643164634705
10358 33533129 0.9993651211261749
10359 33533167 0.9993662536144257
10360 33533205 0.9993673861026764
10361 33533230 0.9993681311607361
10362 33533267 0.9993692338466644
10363 33533299 0.9993701875209808
10364 33533328 0.9993710517883301
10365 33533361 0.9993720352649689
10366 33533394 0.9993730187416077
10367 33533419 0.9993737637996674
10368 33533454 0.9993748068809509
10369 33533486 0.9993757605552673
10370 33533508 0.9993764162063599
10371 33533539 0.9993773400783539
10372 33533565 0.999378114938736
10373 33533602 0.9993792176246643
10374 33533632 0.9993801116943359
10375 33533655 0.9993807971477509
10376 33533690 0.9993818402290344
10377 33533719 0.9993827044963837
10378 33533744 0.9993834495544434
10379 33533781 0.9993845522403717
10380 33533821 0.9993857443332672
10381 33533852 0.9993866682052612
10382 33533879 0.9993874728679657
10383 33533903 0.999388188123703
10384 33533938 0.9993892312049866
10385 33533971 0.9993902146816254
10386 33534011 0.9993914067745209
10387 33534051 0.9993925988674164
10388 33534082 0.9993935227394104
10389 33534126 0.9993948340415955
10390 33534168 0.9993960857391357
10391 33534204 0.9993971586227417
10392 33534235 0.9993980824947357
10393 33534272 0.9993991851806641
10394 33534300 0.9994000196456909
10395 33534331 0.9994009435176849
10396 33534365 0.9994019567966461
10397 33534397 0.9994029104709625
10398 33534423 0.9994036853313446
10399 33534454 0.9994046092033386
10400 33534497 0.9994058907032013
10401 33534528 0.9994068145751953
10402 33534565 0.9994079172611237
10403 33534591 0.9994086921215057
10404 33534627 0.9994097650051117
10405 33534658 0.9994106888771057
10406 33534704 0.9994120597839355
10407 33534732 0.9994128942489624
10408 33534762 0.999413788318634
10409 33534797 0.9994148313999176
10410 33534828 0.9994157552719116
10411 33534856 0.9994165897369385
10412 33534886 0.9994174838066101
10413 33534926 0.9994186758995056
10414 33534957 0.9994195997714996
10415 33534990 0.9994205832481384
10416 33535029 0.9994217455387115
10417 33535062 0.9994227290153503
10418 33535090 0.9994235634803772
10419 33535128 0.9994246959686279
10420 33535160 0.9994256496429443
10421 33535180 0.9994262456893921
10422 33535211 0.9994271695613861
10423 33535252 0.999428391456604
10424 33535281 0.9994292557239532
10425 33535311 0.9994301497936249
10426 33535344 0.9994311332702637
10427 33535380 0.9994322061538696
10428 33535421 0.9994334280490875
10429 33535452 0.9994343519210815
10430 33535492 0.999435544013977
10431 33535521 0.9994364082813263
10432 33535550 0.9994372725486755
10433 33535585 0.9994383156299591
10434 33535615 0.9994392096996307
10435 33535634 0.9994397759437561
10436 33535670 0.9994408488273621
10437 33535712 0.9994421005249023
10438 33535756 0.9994434118270874
10439 33535800 0.9994447231292725
10440 33535829 0.9994455873966217
10441 33535852 0.9994462728500366
10442 33535880 0.9994471073150635
10443 33535910 0.9994480013847351
10444 33535941 0.9994489252567291
10445 33535970 0.9994497895240784
10446 33536000 0.99945068359375
10447 33536030 0.9994515776634216
10448 33536055 0.9994523227214813
10449 33536082 0.9994531273841858
10450 33536110 0.9994539618492126
10451 33536139 0.9994548261165619
10452 33536156 0.9994553327560425
10453 33536185 0.9994561970233917
10454 33536219 0.9994572103023529
10455 33536250 0.9994581341743469
10456 33536282 0.9994590878486633
10457 33536316 0.9994601011276245
10458 33536332 0.9994605779647827
10459 33536363 0.9994615018367767
10460 33536407 0.9994628131389618
10461 33536436 0.999463677406311
10462 33536454 0.999464213848114
10463 33536483 0.9994650781154633
10464 33536512 0.9994659423828125
10465 33536547 0.9994669854640961
10466 33536586 0.9994681477546692
10467 33536622 0.9994692206382751
10468 33536645 0.9994699060916901
10469 33536672 0.9994707107543945
10470 33536706 0.9994717240333557
10471 33536744 0.9994728565216064
10472 33536768 0.9994735717773438
10473 33536796 0.9994744062423706
10474 33536826 0.9994753003120422
10475 33536854 0.9994761347770691
10476 33536887 0.9994771182537079
10477 33536913 0.99947789311409
10478 33536936 0.9994785785675049
10479 33536956 0.9994791746139526
10480 33536991 0.9994802176952362
10481 33537033 0.9994814693927765
10482 33537067 0.9994824826717377
10483 33537092 0.9994832277297974
10484 33537128 0.9994843006134033
10485 33537158 0.999485194683075
10486 33537184 0.999485969543457
10487 33537207 0.999486654996872
10488 33537245 0.9994877874851227
10489 33537265 0.9994883835315704
10490 33537290 0.9994891285896301
10491 33537316 0.9994899034500122
10492 33537342 0.9994906783103943
10493 33537367 0.999491423368454
10494 33537396 0.9994922876358032
10495 33537426 0.9994931817054749
10496 33537452 0.9994939565658569
10497 33537488 0.9994950294494629
10498 33537513 0.9994957745075226
10499 33537542 0.9994966387748718
10500 33537573 0.9994975626468658
10501 33537599 0.9994983375072479
10502 33537623 0.9994990527629852
10503 33537644 0.9994996786117554
10504 33537679 0.9995007216930389
10505 33537710 0.999501645565033
10506 33537739 0.9995025098323822
10507 33537776 0.9995036125183105
10508 33537805 0.9995044767856598
10509 33537832 0.9995052814483643
10510 33537860 0.9995061159133911
10511 33537896 0.9995071887969971
10512 33537920 0.9995079040527344
10513 33537949 0.9995087683200836
10514 33537977 0.9995096027851105
10515 33538014 0.9995107054710388
10516 33538043 0.9995115697383881
10517 33538075 0.9995125234127045
10518 33538102 0.9995133280754089
10519 33538131 0.9995141923427582
10520 33538154 0.9995148777961731
10521 33538195 0.999516099691391
10522 33538218 0.9995167851448059
10523 33538245 0.9995175898075104
10524 33538274 0.9995184540748596
10525 33538307 0.9995194375514984
10526 33538330 0.9995201230049133
10527 33538352 0.9995207786560059
10528 33538374 0.9995214343070984
10529 33538401 0.9995222389698029
10530 33538424 0.9995229244232178
10531 33538449 0.9995236694812775
10532 33538476 0.9995244741439819
10533 33538505 0.9995253384113312
10534 33538542 0.9995264410972595
10535 33538567 0.9995271861553192
10536 33538587 0.999527782201767
10537 33538613 0.999528557062149
10538 33538644 0.9995294809341431
10539 33538669 0.9995302259922028
10540 33538694 0.9995309710502625
10541 33538721 0.9995317757129669
10542 33538745 0.9995324909687042
10543 33538769 0.9995332062244415
10544 33538801 0.9995341598987579
10545 33538846 0.9995355010032654
10546 33538873 0.9995363056659698
10547 33538897 0.9995370209217072
10548 33538930 0.999538004398346
10549 33538955 0.9995387494564056
10550 33538985 0.9995396435260773
10551 33539009 0.9995403587818146
10552 33539029 0.9995409548282623
10553 33539052 0.9995416402816772
10554 33539071 0.9995422065258026
10555 33539106 0.9995432496070862
10556 33539133 0.9995440542697906
10557 33539157 0.999544769525528
10558 33539187 0.9995456635951996
10559 33539219 0.999546617269516
10560 33539249 0.9995475113391876
10561 33539274 0.9995482563972473
10562 33539298 0.9995489716529846
10563 33539318 0.9995495676994324
10564 33539346 0.9995504021644592
10565 33539376 0.9995512962341309
10566 33539406 0.9995521903038025
10567 33539443 0.9995532929897308
10568 33539464 0.999553918838501
10569 33539492 0.9995547533035278
10570 33539525 0.9995557367801666
10571 33539556 0.9995566606521606
10572 33539586 0.9995575547218323
10573 33539621 0.9995585978031158
10574 33539652 0.9995595216751099
10575 33539678 0.9995602965354919
10576 33539702 0.9995610117912292
10577 33539728 0.9995617866516113
10578 33539754 0.9995625615119934
10579 33539775 0.9995631873607635
10580 33539797 0.9995638430118561
10581 33539828 0.9995647668838501
10582 33539857 0.9995656311511993
10583 33539888 0.9995665550231934
10584 33539916 0.9995673894882202
10585 33539944 0.9995682239532471
10586 33539966 0.9995688796043396
10587 33539992 0.9995696544647217
10588 33540027 0.9995706975460052
10589 33540053 0.9995714724063873
10590 33540073 0.9995720684528351
10591 33540104 0.9995729923248291
10592 33540137 0.9995739758014679
10593 33540164 0.9995747804641724
10594 33540190 0.9995755553245544
10595 33540217 0.9995763599872589
10596 33540236 0.9995769262313843
10597 33540261 0.999577671289444
10598 33540292 0.999578595161438
10599 33540326 0.9995796084403992
10600 33540360 0.9995806217193604
10601 33540381 0.9995812475681305
10602 33540410 0.9995821118354797
10603 33540444 0.9995831251144409
10604 33540468 0.9995838403701782
10605 33540497 0.9995847046375275
10606 33540523 0.9995854794979095
10607 33540547 0.9995861947536469
10608 33540577 0.9995870888233185
10609 33540608 0.9995880126953125
10610 33540628 0.9995886087417603
10611 33540643 0.9995890557765961
10612 33540669 0.9995898306369781
10613 33540687 0.9995903670787811
10614 33540715 0.999591201543808
10615 33540747 0.9995921552181244
10616 33540785 0.9995932877063751
10617 33540806 0.9995939135551453
10618 33540843 0.9995950162410736
10619 33540868 0.9995957612991333
10620 33540894 0.9995965361595154
10621 33540909 0.9995969831943512
10622 33540942 0.99959796667099
10623 33540973 0.999598890542984
10624 33540999 0.9995996654033661
10625 33541021 0.9996003210544586
10626 33541045 0.9996010363101959
10627 33541067 0.9996016919612885
10628 33541092 0.9996024370193481
10629 33541122 0.9996033310890198
10630 33541144 0.9996039867401123
10631 33541168 0.9996047019958496
10632 33541191 0.9996053874492645
10633 33541211 0.9996059834957123
10634 33541233 0.9996066391468048
10635 33541253 0.9996072351932526
10636 33541290 0.9996083378791809
10637 33541309 0.9996089041233063
10638 33541335 0.9996096789836884
10639 33541365 0.99961057305336
10640 33541383 0.999611109495163
10641 33541401 0.9996116459369659
10642 33541423 0.9996123015880585
10643 33541447 0.9996130168437958
10644 33541472 0.9996137619018555
10645 33541503 0.9996146857738495
10646 33541532 0.9996155500411987
10647 33541557 0.9996162950992584
10648 33541579 0.999616950750351
10649 33541605 0.999617725610733
10650 33541625 0.9996183216571808
10651 33541642 0.9996188282966614
10652 33541658 0.9996193051338196
10653 33541675 0.9996198117733002
10654 33541700 0.9996205568313599
10655 33541726 0.9996213316917419
10656 33541753 0.9996221363544464
10657 33541773 0.9996227324008942
10658 33541792 0.9996232986450195
10659 33541815 0.9996239840984344
10660 33541841 0.9996247589588165
10661 33541858 0.9996252655982971
10662 33541881 0.999625951051712
10663 33541896 0.9996263980865479
10664 33541917 0.999627023935318
10665 33541944 0.9996278285980225
10666 33541967 0.9996285140514374
10667 33541993 0.9996292889118195
10668 33542012 0.9996298551559448
10669 33542042 0.9996307492256165
10670 33542066 0.9996314644813538
10671 33542093 0.9996322691440582
10672 33542118 0.9996330142021179
10673 33542140 0.9996336698532104
10674 33542172 0.9996346235275269
10675 33542190 0.9996351599693298
10676 33542215 0.9996359050273895
10677 33542227 0.9996362626552582
10678 33542244 0.9996367692947388
10679 33542271 0.9996375739574432
10680 33542304 0.999638557434082
10681 33542324 0.9996391534805298
10682 33542355 0.9996400773525238
10683 33542379 0.9996407926082611
10684 33542398 0.9996413588523865
10685 33542422 0.9996420741081238
10686 33542459 0.9996431767940521
10687 33542476 0.9996436834335327
10688 33542501 0.9996444284915924
10689 33542532 0.9996453523635864
10690 33542553 0.9996459782123566
10691 33542571 0.9996465146541595
10692 33542595 0.9996472299098969
10693 33542621 0.9996480047702789
10694 33542643 0.9996486604213715
10695 33542671 0.9996494948863983
10696 33542697 0.9996502697467804
10697 33542722 0.9996510148048401
10698 33542740 0.9996515512466431
10699 33542779 0.9996527135372162
10700 33542804 0.9996534585952759
10701 33542824 0.9996540546417236
10702 33542850 0.9996548295021057
10703 33542883 0.9996558129787445
10704 33542908 0.9996565580368042
10705 33542931 0.9996572434902191
10706 33542958 0.9996580481529236
10707 33542986 0.9996588826179504
10708 33543011 0.9996596276760101
10709 33543026 0.999660074710846
10710 33543054 0.9996609091758728
10711 33543069 0.9996613562107086
10712 33543093 0.9996620714664459
10713 33543120 0.9996628761291504
10714 33543147 0.9996636807918549
10715 33543171 0.9996643960475922
10716 33543201 0.9996652901172638
10717 33543218 0.9996657967567444
10718 33543242 0.9996665120124817
10719 33543266 0.999667227268219
10720 33543284 0.999667763710022
10721 33543304 0.9996683597564697
10722 33543329 0.9996691048145294
10723 33543351 0.999669760465622
10724 33543365 0.9996701776981354
10725 33543384 0.9996707439422607
10726 33543406 0.9996713995933533
10727 33543434 0.9996722340583801
10728 33543461 0.9996730387210846
10729 33543482 0.9996736645698547
10730 33543500 0.9996742010116577
10731 33543523 0.9996748864650726
10732 33543546 0.9996755719184875
10733 33543568 0.9996762275695801
10734 33543594 0.9996770024299622
10735 33543622 0.999677836894989
10736 33543642 0.9996784329414368
10737 33543663 0.9996790587902069
10738 33543687 0.9996797740459442
10739 33543708 0.9996803998947144
10740 33543733 0.999681144952774
10741 33543750 0.9996816515922546
10742 33543771 0.9996822774410248
10743 33543785 0.9996826946735382
10744 33543808 0.9996833801269531
10745 33543836 0.99968421459198
10746 33543857 0.9996848404407501
10747 33543872 0.9996852874755859
10748 33543887 0.9996857345104218
10749 33543899 0.9996860921382904
10750 33543922 0.9996867775917053
10751 33543940 0.9996873140335083
10752 33543968 0.9996881484985352
10753 33543984 0.9996886253356934
10754 33544005 0.9996892511844635
10755 33544024 0.9996898174285889
10756 33544048 0.9996905326843262
10757 33544065 0.9996910393238068
10758 33544102 0.9996921420097351
10759 33544118 0.9996926188468933
10760 33544144 0.9996933937072754
10761 33544162 0.9996939301490784
10762 33544183 0.9996945559978485
10763 33544200 0.9996950626373291
10764 33544218 0.9996955990791321
10765 33544239 0.9996962249279022
10766 33544261 0.9996968805789948
10767 33544283 0.9996975362300873
10768 33544308 0.999698281288147
10769 33544327 0.9996988475322723
10770 33544351 0.9996995627880096
10771 33544381 0.9997004568576813
10772 33544398 0.9997009634971619
10773 33544417 0.9997015297412872
10774 33544441 0.9997022449970245
10775 33544460 0.9997028112411499
10776 33544484 0.9997035264968872
10777 33544507 0.9997042119503021
10778 33544523 0.9997046887874603
10779 33544540 0.9997051954269409
10780 33544564 0.9997059106826782
10781 33544582 0.9997064471244812
10782 33544604 0.9997071027755737
10783 33544629 0.9997078478336334
10784 33544649 0.9997084438800812
10785 33544666 0.9997089505195618
10786 33544690 0.9997096657752991
10787 33544707 0.9997101724147797
10788 33544724 0.9997106790542603
10789 33544749 0.99971142411232
10790 33544774 0.9997121691703796
10791 33544797 0.9997128546237946
10792 33544815 0.9997133910655975
10793 33544843 0.9997142255306244
10794 33544861 0.9997147619724274
10795 33544880 0.9997153282165527
10796 33544896 0.9997158050537109
10797 33544924 0.9997166395187378
10798 33544938 0.9997170567512512
10799 33544958 0.999717652797699
10800 33544980 0.9997183084487915
10801 33545002 0.999718964099884
10802 33545025 0.999719649553299
10803 33545047 0.9997203052043915
10804 33545067 0.9997209012508392
10805 33545085 0.9997214376926422
10806 33545106 0.9997220635414124
10807 33545139 0.9997230470180511
10808 33545152 0.9997234344482422
10809 33545169 0.9997239410877228
10810 33545184 0.9997243881225586
10811 33545209 0.9997251331806183
10812 33545223 0.9997255504131317
10813 33545244 0.9997261762619019
10814 33545274 0.9997270703315735
10815 33545294 0.9997276663780212
10816 33545313 0.9997282326221466
10817 33545332 0.999728798866272
10818 33545350 0.999729335308075
10819 33545375 0.9997300803661346
10820 33545393 0.9997306168079376
10821 33545416 0.9997313022613525
10822 33545435 0.9997318685054779
10823 33545453 0.9997324049472809
10824 33545471 0.9997329413890839
10825 33545494 0.9997336268424988
10826 33545510 0.999734103679657
10827 33545521 0.9997344315052032
10828 33545545 0.9997351467609406
10829 33545559 0.999735563993454
10830 33545580 0.9997361898422241
10831 33545607 0.9997369945049286
10832 33545630 0.9997376799583435
10833 33545649 0.9997382462024689
10834 33545668 0.9997388124465942
10835 33545688 0.999739408493042
10836 33545697 0.9997396767139435
10837 33545714 0.9997401833534241
10838 33545733 0.9997407495975494
10839 33545754 0.9997413754463196
10840 33545772 0.9997419118881226
10841 33545795 0.9997425973415375
10842 33545814 0.9997431635856628
10843 33545838 0.9997438788414001
10844 33545859 0.9997445046901703
10845 33545877 0.9997450411319733
10846 33545898 0.9997456669807434
10847 33545913 0.9997461140155792
10848 33545926 0.9997465014457703
10849 33545946 0.999747097492218
10850 33545962 0.9997475743293762
10851 33545981 0.9997481405735016
10852 33545994 0.9997485280036926
10853 33546006 0.9997488856315613
10854 33546025 0.9997494518756866
10855 33546039 0.9997498691082001
10856 33546060 0.9997504949569702
10857 33546075 0.999750941991806
10858 33546095 0.9997515380382538
10859 33546109 0.9997519552707672
10860 33546126 0.9997524619102478
10861 33546143 0.9997529685497284
10862 33546169 0.9997537434101105
10863 33546189 0.9997543394565582
10864 33546216 0.9997551441192627
10865 33546235 0.9997557103633881
10866 33546253 0.999756246805191
10867 33546268 0.9997566938400269
10868 33546285 0.9997572004795074
10869 33546309 0.9997579157352448
10870 33546325 0.999758392572403
10871 33546344 0.9997589588165283
10872 33546358 0.9997593760490417
10873 33546373 0.9997598230838776
10874 33546390 0.9997603297233582
10875 33546407 0.9997608363628387
10876 33546422 0.9997612833976746
10877 33546435 0.9997616708278656
10878 33546451 0.9997621476650238
10879 33546466 0.9997625946998596
10880 33546479 0.9997629821300507
10881 33546506 0.9997637867927551
10882 33546525 0.9997643530368805
10883 33546548 0.9997650384902954
10884 33546570 0.9997656941413879
10885 33546590 0.9997662901878357
10886 33546608 0.9997668266296387
10887 33546625 0.9997673332691193
10888 33546642 0.9997678399085999
10889 33546657 0.9997682869434357
10890 33546677 0.9997688829898834
10891 33546698 0.9997695088386536
10892 33546718 0.9997701048851013
10893 33546731 0.9997704923152924
10894 33546746 0.9997709393501282
10895 33546768 0.9997715950012207
10896 33546783 0.9997720420360565
10897 33546799 0.9997725188732147
10898 33546817 0.9997730553150177
10899 33546832 0.9997735023498535
10900 33546853 0.9997741281986237
10901 33546874 0.9997747540473938
10902 33546888 0.9997751712799072
10903 33546900 0.9997755289077759
10904 33546914 0.9997759461402893
10905 33546928 0.9997763633728027
10906 33546944 0.9997768402099609
10907 33546952 0.99977707862854
10908 33546969 0.9997775852680206
10909 33546988 0.999778151512146
10910 33547003 0.9997785985469818
10911 33547014 0.9997789263725281
10912 33547026 0.9997792840003967
10913 33547042 0.9997797608375549
10914 33547067 0.9997805058956146
10915 33547083 0.9997809827327728
10916 33547100 0.9997814893722534
10917 33547116 0.9997819662094116
10918 33547131 0.9997824132442474
10919 33547141 0.9997827112674713
10920 33547153 0.99978306889534
10921 33547169 0.9997835457324982
10922 33547187 0.9997840821743011
10923 33547199 0.9997844398021698
10924 33547215 0.999784916639328
10925 33547230 0.9997853636741638
10926 33547247 0.9997858703136444
10927 33547270 0.9997865557670593
10928 33547289 0.9997871220111847
10929 33547302 0.9997875094413757
10930 33547321 0.9997880756855011
10931 33547338 0.9997885823249817
10932 33547350 0.9997889399528503
10933 33547372 0.9997895956039429
10934 33547385 0.9997899830341339
10935 33547402 0.9997904896736145
10936 33547419 0.9997909963130951
10937 33547431 0.9997913539409637
10938 33547443 0.9997917115688324
10939 33547466 0.9997923970222473
10940 33547478 0.999792754650116
10941 33547489 0.9997930824756622
10942 33547505 0.9997935593128204
10943 33547517 0.9997939169406891
10944 33547531 0.9997943341732025
10945 33547547 0.9997948110103607
10946 33547553 0.999794989824295
10947 33547566 0.9997953772544861
10948 33547577 0.9997957050800323
10949 33547591 0.9997961223125458
10950 33547601 0.9997964203357697
10951 33547616 0.9997968673706055
10952 33547629 0.9997972548007965
10953 33547640 0.9997975826263428
10954 33547652 0.9997979402542114
10955 33547666 0.9997983574867249
10956 33547683 0.9997988641262054
10957 33547708 0.9997996091842651
10958 33547725 0.9998001158237457
10959 33547744 0.9998006820678711
10960 33547763 0.9998012483119965
10961 33547778 0.9998016953468323
10962 33547792 0.9998021125793457
10963 33547805 0.9998025000095367
10964 33547813 0.9998027384281158
10965 33547830 0.9998032450675964
10966 33547844 0.9998036623001099
10967 33547862 0.9998041987419128
10968 33547876 0.9998046159744263
10969 33547900 0.9998053312301636
10970 33547910 0.9998056292533875
10971 33547920 0.9998059272766113
10972 33547933 0.9998063147068024
10973 33547950 0.999806821346283
10974 33547961 0.9998071491718292
10975 33547976 0.999807596206665
10976 33547988 0.9998079538345337
10977 33548001 0.9998083412647247
10978 33548006 0.9998084902763367
10979 33548017 0.9998088181018829
10980 33548026 0.9998090863227844
10981 33548037 0.9998094141483307
10982 33548052 0.9998098611831665
10983 33548068 0.9998103380203247
10984 33548080 0.9998106956481934
10985 33548092 0.999811053276062
10986 33548104 0.9998114109039307
10987 33548117 0.9998117983341217
10988 33548130 0.9998121857643127
10989 33548144 0.9998126029968262
10990 33548156 0.9998129606246948
10991 33548163 0.9998131692409515
10992 33548174 0.9998134970664978
10993 33548188 0.9998139142990112
10994 33548202 0.9998143315315247
10995 33548214 0.9998146891593933
10996 33548227 0.9998150765895844
10997 33548235 0.9998153150081635
10998 33548248 0.9998157024383545
10999 33548262 0.9998161196708679
11000 33548280 0.9998166561126709
11001 33548293 0.9998170435428619
11002 33548311 0.9998175799846649
11003 33548331 0.9998181760311127
11004 33548338 0.9998183846473694
11005 33548351 0.9998187720775604
11006 33548368 0.999819278717041
11007 33548380 0.9998196363449097
11008 33548387 0.9998198449611664
11009 33548401 0.9998202621936798
11010 33548414 0.9998206496238708
11011 33548430 0.999821126461029
11012 33548449 0.9998216927051544
11013 33548464 0.9998221397399902
11014 33548471 0.999822348356247
11015 33548487 0.9998228251934052
11016 33548497 0.999823123216629
11017 33548507 0.9998234212398529
11018 33548513 0.9998236000537872
11019 33548524 0.9998239278793335
11020 33548539 0.9998243749141693
11021 33548558 0.9998249411582947
11022 33548571 0.9998253285884857
11023 33548592 0.9998259544372559
11024 33548606 0.9998263716697693
11025 33548624 0.9998269081115723
11026 33548639 0.9998273551464081
11027 33548648 0.9998276233673096
11028 33548661 0.9998280107975006
11029 33548673 0.9998283684253693
11030 33548684 0.9998286962509155
11031 33548690 0.9998288750648499
11032 33548709 0.9998294413089752
11033 33548721 0.9998297989368439
11034 33548736 0.9998302459716797
11035 33548750 0.9998306632041931
11036 33548763 0.9998310506343842
11037 33548772 0.9998313188552856
11038 33548784 0.9998316764831543
11039 33548798 0.9998320937156677
11040 33548808 0.9998323917388916
11041 33548823 0.9998328387737274
11042 33548834 0.9998331665992737
11043 33548853 0.999833732843399
11044 33548859 0.9998339116573334
11045 33548869 0.9998342096805573
11046 33548879 0.9998345077037811
11047 33548892 0.9998348951339722
11048 33548902 0.999835193157196
11049 33548912 0.9998354911804199
11050 33548924 0.9998358488082886
11051 33548934 0.9998361468315125
11052 33548940 0.9998363256454468
11053 33548949 0.9998365938663483
11054 33548965 0.9998370707035065
11055 33548971 0.9998372495174408
11056 33548979 0.9998374879360199
11057 33548988 0.9998377561569214
11058 33549000 0.99983811378479
11059 33549003 0.9998382031917572
11060 33549019 0.9998386800289154
11061 33549033 0.9998390972614288
11062 33549048 0.9998395442962646
11063 33549064 0.9998400211334229
11064 33549077 0.9998404085636139
11065 33549081 0.9998405277729034
11066 33549093 0.9998408854007721
11067 33549105 0.9998412430286407
11068 33549121 0.999841719865799
11069 33549133 0.9998420774936676
11070 33549146 0.9998424649238586
11071 33549154 0.9998427033424377
11072 33549164 0.9998430013656616
11073 33549181 0.9998435080051422
11074 33549188 0.9998437166213989
11075 33549202 0.9998441338539124
11076 33549212 0.9998444318771362
11077 33549224 0.9998447895050049
11078 33549234 0.9998450875282288
11079 33549245 0.999845415353775
11080 33549262 0.9998459219932556
11081 33549273 0.9998462498188019
11082 33549281 0.999846488237381
11083 33549296 0.9998469352722168
11084 33549307 0.9998472630977631
11085 33549316 0.9998475313186646
11086 33549324 0.9998477697372437
11087 33549341 0.9998482763767242
11088 33549355 0.9998486936092377
11089 33549364 0.9998489618301392
11090 33549374 0.999849259853363
11091 33549382 0.9998494982719421
11092 33549394 0.9998498558998108
11093 33549408 0.9998502731323242
11094 33549417 0.9998505413532257
11095 33549433 0.9998510181903839
11096 33549447 0.9998514354228973
11097 33549457 0.9998517334461212
11098 33549463 0.9998519122600555
11099 33549468 0.9998520612716675
11100 33549478 0.9998523592948914
11101 33549495 0.999852865934372
11102 33549504 0.9998531341552734
11103 33549515 0.9998534619808197
11104 33549526 0.999853789806366
11105 33549535 0.9998540580272675
11106 33549543 0.9998542964458466
11107 33549555 0.9998546540737152
11108 33549562 0.9998548626899719
11109 33549575 0.999855250120163
11110 33549587 0.9998556077480316
11111 33549595 0.9998558461666107
11112 33549600 0.9998559951782227
11113 33549605 0.9998561441898346
11114 33549613 0.9998563826084137
11115 33549624 0.99985671043396
11116 33549630 0.9998568892478943
11117 33549644 0.9998573064804077
11118 33549655 0.999857634305954
11119 33549660 0.9998577833175659
11120 33549669 0.9998580515384674
11121 33549679 0.9998583495616913
11122 33549690 0.9998586773872375
11123 33549699 0.999858945608139
11124 33549709 0.9998592436313629
11125 33549717 0.999859482049942
11126 33549725 0.9998597204685211
11127 33549737 0.9998600780963898
11128 33549741 0.9998601973056793
11129 33549752 0.9998605251312256
11130 33549764 0.9998608827590942
11131 33549776 0.9998612403869629
11132 33549788 0.9998615980148315
11133 33549797 0.999861866235733
11134 33549804 0.9998620748519897
11135 33549812 0.9998623132705688
11136 33549821 0.9998625814914703
11137 33549831 0.9998628795146942
11138 33549840 0.9998631477355957
11139 33549847 0.9998633563518524
11140 33549855 0.9998635947704315
11141 33549870 0.9998640418052673
11142 33549879 0.9998643100261688
11143 33549891 0.9998646676540375
11144 33549905 0.9998650848865509
11145 33549914 0.9998653531074524
11146 33549919 0.9998655021190643
11147 33549925 0.9998656809329987
11148 33549940 0.9998661279678345
11149 33549954 0.9998665452003479
11150 33549964 0.9998668432235718
11151 33549969 0.9998669922351837
11152 33549974 0.9998671412467957
11153 33549986 0.9998674988746643
11154 33549997 0.9998678267002106
11155 33550006 0.9998680949211121
11156 33550018 0.9998684525489807
11157 33550027 0.9998687207698822
11158 33550043 0.9998691976070404
11159 33550053 0.9998694956302643
11160 33550059 0.9998696744441986
11161 33550079 0.9998702704906464
11162 33550091 0.999870628118515
11163 33550100 0.9998708963394165
11164 33550114 0.9998713135719299
11165 33550120 0.9998714923858643
11166 33550129 0.9998717606067657
11167 33550138 0.9998720288276672
11168 33550149 0.9998723566532135
11169 33550161 0.9998727142810822
11170 33550173 0.9998730719089508
11171 33550184 0.9998733997344971
11172 33550193 0.9998736679553986
11173 33550200 0.9998738765716553
11174 33550213 0.9998742640018463
11175 33550225 0.999874621629715
11176 33550233 0.9998748600482941
11177 33550248 0.9998753070831299
11178 33550257 0.9998755753040314
11179 33550263 0.9998757541179657
11180 33550270 0.9998759627342224
11181 33550280 0.9998762607574463
11182 33550288 0.9998764991760254
11183 33550294 0.9998766779899597
11184 33550302 0.9998769164085388
11185 33550306 0.9998770356178284
11186 33550310 0.9998771548271179
11187 33550313 0.9998772442340851
11188 33550321 0.9998774826526642
11189 33550333 0.9998778402805328
11190 33550345 0.9998781979084015
11191 33550364 0.9998787641525269
11192 33550372 0.999879002571106
11193 33550379 0.9998792111873627
11194 33550390 0.9998795390129089
11195 33550398 0.999879777431488
11196 33550403 0.9998799264431
11197 33550411 0.9998801648616791
11198 33550422 0.9998804926872253
11199 33550436 0.9998809099197388
11200 33550443 0.9998811185359955
11201 33550449 0.9998812973499298
11202 33550457 0.9998815357685089
11203 33550460 0.9998816251754761
11204 33550472 0.9998819828033447
11205 33550479 0.9998821914196014
11206 33550486 0.9998824000358582
11207 33550492 0.9998825788497925
11208 33550498 0.9998827576637268
11209 33550511 0.9998831450939178
11210 33550518 0.9998833537101746
11211 33550532 0.999883770942688
11212 33550539 0.9998839795589447
11213 33550547 0.9998842179775238
11214 33550554 0.9998844265937805
11215 33550558 0.9998845458030701
11216 33550567 0.9998848140239716
11217 33550575 0.9998850524425507
11218 33550584 0.9998853206634521
11219 33550598 0.9998857378959656
11220 33550605 0.9998859465122223
11221 33550610 0.9998860955238342
11222 33550619 0.9998863637447357
11223 33550628 0.9998866319656372
11224 33550633 0.9998867809772491
11225 33550641 0.9998870193958282
11226 33550645 0.9998871386051178
11227 33550649 0.9998872578144073
11228 33550650 0.9998872876167297
11229 33550664 0.9998877048492432
11230 33550670 0.9998878836631775
11231 33550675 0.9998880326747894
11232 33550687 0.9998883903026581
11233 33550697 0.999888688325882
11234 33550704 0.9998888969421387
11235 33550713 0.9998891651630402
11236 33550722 0.9998894333839417
11237 33550733 0.9998897612094879
11238 33550741 0.999889999628067
11239 33550750 0.9998902678489685
11240 33550757 0.9998904764652252
11241 33550763 0.9998906552791595
11242 33550771 0.9998908936977386
11243 33550781 0.9998911917209625
11244 33550785 0.9998913109302521
11245 33550798 0.9998916983604431
11246 33550802 0.9998918175697327
11247 33550811 0.9998920857906342
11248 33550824 0.9998924732208252
11249 33550835 0.9998928010463715
11250 33550838 0.9998928904533386
11251 33550842 0.9998930096626282
11252 33550852 0.999893307685852
11253 33550856 0.9998934268951416
11254 33550864 0.9998936653137207
11255 33550868 0.9998937845230103
11256 33550874 0.9998939633369446
11257 33550879 0.9998941123485565
11258 33550886 0.9998943209648132
11259 33550891 0.9998944699764252
11260 33550896 0.9998946189880371
11261 33550904 0.9998948574066162
11262 33550915 0.9998951852321625
11263 33550922 0.9998953938484192
11264 33550927 0.9998955428600311
11265 33550935 0.9998957812786102
11266 33550942 0.9998959898948669
11267 33550949 0.9998961985111237
11268 33550957 0.9998964369297028
11269 33550968 0.999896764755249
11270 33550976 0.9998970031738281
11271 33550980 0.9998971223831177
11272 33550987 0.9998973309993744
11273 33550995 0.9998975694179535
11274 33551000 0.9998977184295654
11275 33551007 0.9998979270458221
11276 33551017 0.999898225069046
11277 33551025 0.9998984634876251
11278 33551033 0.9998987019062042
11279 33551040 0.9998989105224609
11280 33551046 0.9998990893363953
11281 33551053 0.999899297952652
11282 33551059 0.9998994767665863
11283 33551065 0.9998996555805206
11284 33551076 0.9998999834060669
11285 33551081 0.9999001324176788
11286 33551087 0.9999003112316132
11287 33551094 0.9999005198478699
11288 33551101 0.9999007284641266
11289 33551113 0.9999010860919952
11290 33551117 0.9999012053012848
11291 33551123 0.9999013841152191
11292 33551125 0.9999014437198639
11293 33551131 0.9999016225337982
11294 33551135 0.9999017417430878
11295 33551143 0.9999019801616669
11296 33551152 0.9999022483825684
11297 33551158 0.9999024271965027
11298 33551163 0.9999025762081146
11299 33551175 0.9999029338359833
11300 33551182 0.99990314245224
11301 33551189 0.9999033510684967
11302 33551198 0.9999036192893982
11303 33551208 0.9999039173126221
11304 33551217 0.9999041855335236
11305 33551223 0.9999043643474579
11306 33551228 0.9999045133590698
11307 33551234 0.9999046921730042
11308 33551243 0.9999049603939056
11309 33551251 0.9999051988124847
11310 33551256 0.9999053478240967
11311 33551259 0.9999054372310638
11312 33551266 0.9999056458473206
11313 33551274 0.9999058842658997
11314 33551281 0.9999060928821564
11315 33551284 0.9999061822891235
11316 33551291 0.9999063909053802
11317 33551293 0.999906450510025
11318 33551298 0.999906599521637
11319 33551305 0.9999068081378937
11320 33551312 0.9999070167541504
11321 33551317 0.9999071657657623
11322 33551323 0.9999073445796967
11323 33551326 0.9999074339866638
11324 33551331 0.9999075829982758
11325 33551339 0.9999078214168549
11326 33551350 0.9999081492424011
11327 33551358 0.9999083876609802
11328 33551364 0.9999085664749146
11329 33551372 0.9999088048934937
11330 33551377 0.9999089539051056
11331 33551383 0.9999091327190399
11332 33551384 0.9999091625213623
11333 33551391 0.999909371137619
11334 33551398 0.9999095797538757
11335 33551410 0.9999099373817444
11336 33551422 0.999910295009613
11337 33551428 0.9999104738235474
11338 33551432 0.9999105930328369
11339 33551445 0.999910980463028
11340 33551455 0.9999112784862518
11341 33551459 0.9999113976955414
11342 33551465 0.9999115765094757
11343 33551477 0.9999119341373444
11344 33551483 0.9999121129512787
11345 33551492 0.9999123811721802
11346 33551494 0.999912440776825
11347 33551499 0.9999125897884369
11348 33551507 0.999912828207016
11349 33551509 0.9999128878116608
11350 33551513 0.9999130070209503
11351 33551516 0.9999130964279175
11352 33551520 0.999913215637207
11353 33551524 0.9999133348464966
11354 33551529 0.9999134838581085
11355 33551535 0.9999136626720428
11356 33551543 0.999913901090622
11357 33551550 0.9999141097068787
11358 33551553 0.9999141991138458
11359 33551556 0.999914288520813
11360 33551560 0.9999144077301025
11361 33551566 0.9999145865440369
11362 33551571 0.9999147355556488
11363 33551574 0.999914824962616
11364 33551579 0.9999149739742279
11365 33551586 0.9999151825904846
11366 33551590 0.9999153017997742
11367 33551592 0.999915361404419
11368 33551596 0.9999154806137085
11369 33551600 0.999915599822998
11370 33551603 0.9999156892299652
11371 33551607 0.9999158084392548
11372 33551610 0.9999158978462219
11373 33551617 0.9999161064624786
11374 33551624 0.9999163150787354
11375 33551628 0.9999164342880249
11376 33551636 0.999916672706604
11377 33551641 0.9999168217182159
11378 33551646 0.9999169707298279
11379 33551652 0.9999171495437622
11380 33551658 0.9999173283576965
11381 33551659 0.9999173581600189
11382 33551660 0.9999173879623413
11383 33551663 0.9999174773693085
11384 33551667 0.999917596578598
11385 33551668 0.9999176263809204
11386 33551676 0.9999178647994995
11387 33551682 0.9999180436134338
11388 33551688 0.9999182224273682
11389 33551695 0.9999184310436249
11390 33551702 0.9999186396598816
11391 33551706 0.9999187588691711
11392 33551711 0.9999189078807831
11393 33551715 0.9999190270900726
11394 33551718 0.9999191164970398
11395 33551723 0.9999192655086517
11396 33551728 0.9999194145202637
11397 33551732 0.9999195337295532
11398 33551733 0.9999195635318756
11399 33551737 0.9999196827411652
11400 33551744 0.9999198913574219
11401 33551753 0.9999201595783234
11402 33551757 0.9999202787876129
11403 33551762 0.9999204277992249
11404 33551763 0.9999204576015472
11405 33551768 0.9999206066131592
11406 33551770 0.999920666217804
11407 33551776 0.9999208450317383
11408 33551781 0.9999209940433502
11409 33551785 0.9999211132526398
11410 33551797 0.9999214708805084
11411 33551802 0.9999216198921204
11412 33551808 0.9999217987060547
11413 33551814 0.999921977519989
11414 33551817 0.9999220669269562
11415 33551821 0.9999221861362457
11416 33551826 0.9999223351478577
11417 33551830 0.9999224543571472
11418 33551838 0.9999226927757263
11419 33551845 0.999922901391983
11420 33551852 0.9999231100082397
11421 33551857 0.9999232590198517
11422 33551859 0.9999233186244965
11423 33551867 0.9999235570430756
11424 33551870 0.9999236464500427
11425 33551872 0.9999237060546875
11426 33551875 0.9999237954616547
11427 33551883 0.9999240338802338
11428 33551887 0.9999241530895233
11429 33551890 0.9999242424964905
11430 33551894 0.99992436170578
11431 33551897 0.9999244511127472
11432 33551905 0.9999246895313263
11433 33551908 0.9999247789382935
11434 33551914 0.9999249577522278
11435 33551919 0.9999251067638397
11436 33551923 0.9999252259731293
11437 33551924 0.9999252557754517
11438 33551929 0.9999254047870636
11439 33551936 0.9999256134033203
11440 33551940 0.9999257326126099
11442 33551948 0.999925971031189
11443 33551953 0.9999261200428009
11444 33551957 0.9999262392520905
11445 33551960 0.9999263286590576
11446 33551967 0.9999265372753143
11447 33551973 0.9999267160892487
11448 33551980 0.9999269247055054
11449 33551983 0.9999270141124725
11450 33551987 0.9999271333217621
11451 33551994 0.9999273419380188
11452 33552002 0.9999275803565979
11453 33552006 0.9999276995658875
11454 33552012 0.9999278783798218
11455 33552016 0.9999279975891113
11456 33552019 0.9999280869960785
11457 33552022 0.9999281764030457
11458 33552025 0.9999282658100128
11459 33552028 0.99992835521698
11460 33552032 0.9999284744262695
11461 33552042 0.9999287724494934
11462 33552047 0.9999289214611053
11463 33552053 0.9999291002750397
11464 33552060 0.9999293088912964
11465 33552061 0.9999293386936188
11466 33552065 0.9999294579029083
11467 33552071 0.9999296367168427
11468 33552074 0.9999297261238098
11469 33552080 0.9999299049377441
11470 33552089 0.9999301731586456
11471 33552092 0.9999302625656128
11472 33552096 0.9999303817749023
11473 33552105 0.9999306499958038
11474 33552107 0.9999307096004486
11475 33552111 0.9999308288097382
11476 33552114 0.9999309182167053
11477 33552117 0.9999310076236725
11478 33552124 0.9999312162399292
11479 33552129 0.9999313652515411
11480 33552131 0.9999314248561859
11481 33552133 0.9999314844608307
11482 33552134 0.9999315142631531
11483 33552139 0.999931663274765
11484 33552142 0.9999317526817322
11485 33552148 0.9999319314956665
11486 33552152 0.999932050704956
11487 33552160 0.9999322891235352
11488 33552162 0.9999323487281799
11489 33552167 0.9999324977397919
11490 33552170 0.999932587146759
11491 33552174 0.9999327063560486
11492 33552177 0.9999327957630157
11493 33552182 0.9999329447746277
11494 33552185 0.9999330341815948
11495 33552193 0.999933272600174
11496 33552196 0.9999333620071411
11497 33552200 0.9999334812164307
11498 33552204 0.9999336004257202
11499 33552206 0.999933660030365
11500 33552210 0.9999337792396545
11501 33552214 0.9999338984489441
11502 33552219 0.999934047460556
11503 33552225 0.9999342262744904
11504 33552230 0.9999343752861023
11505 33552233 0.9999344646930695
11506 33552237 0.999934583902359
11507 33552240 0.9999346733093262
11508 33552244 0.9999347925186157
11509 33552247 0.9999348819255829
11510 33552252 0.9999350309371948
11511 33552254 0.9999350905418396
11512 33552258 0.9999352097511292
11513 33552261 0.9999352991580963
11514 33552265 0.9999354183673859
11515 33552273 0.999935656785965
11516 33552287 0.9999360740184784
11517 33552291 0.9999361932277679
11518 33552294 0.9999362826347351
11519 33552299 0.999936431646347
11520 33552300 0.9999364614486694
11521 33552306 0.9999366402626038
11522 33552311 0.9999367892742157
11523 33552315 0.9999369084835052
11524 33552318 0.9999369978904724
11525 33552324 0.9999371767044067
11526 33552329 0.9999373257160187
11527 33552335 0.999937504529953
11528 33552344 0.9999377727508545
11529 33552347 0.9999378621578217
11530 33552350 0.9999379515647888
11531 33552355 0.9999381005764008
11532 33552359 0.9999382197856903
11533 33552361 0.9999382793903351
11534 33552365 0.9999383985996246
11535 33552368 0.9999384880065918
11536 33552373 0.9999386370182037
11537 33552374 0.9999386668205261
11538 33552376 0.9999387264251709
11539 33552380 0.9999388456344604
11540 33552384 0.99993896484375
11541 33552387 0.9999390542507172
11542 33552391 0.9999391734600067
11543 33552394 0.9999392628669739
11544 33552397 0.999939352273941
11545 33552403 0.9999395310878754
11546 33552407 0.9999396502971649
11547 33552412 0.9999397993087769
11548 33552416 0.9999399185180664
11549 33552420 0.999940037727356
11550 33552426 0.9999402165412903
11551 33552428 0.9999402761459351
11552 33552431 0.9999403655529022
11553 33552436 0.9999405145645142
11554 33552439 0.9999406039714813
11555 33552441 0.9999406635761261
11556 33552443 0.9999407231807709
11557 33552447 0.9999408423900604
11558 33552450 0.9999409317970276
11559 33552452 0.9999409914016724
11560 33552454 0.9999410510063171
11561 33552459 0.9999412000179291
11562 33552463 0.9999413192272186
11563 33552469 0.999941498041153
11564 33552472 0.9999415874481201
11565 33552476 0.9999417066574097
11566 33552482 0.999941885471344
11567 33552487 0.9999420344829559
11568 33552496 0.9999423027038574
11569 33552500 0.999942421913147
11570 33552505 0.9999425709247589
11571 33552508 0.9999426603317261
11572 33552512 0.9999427795410156
11573 33552517 0.9999429285526276
11574 33552521 0.9999430477619171
11575 33552525 0.9999431669712067
11576 33552530 0.9999433159828186
11577 33552532 0.9999433755874634
11578 33552538 0.9999435544013977
11579 33552546 0.9999437928199768
11580 33552551 0.9999439418315887
11581 33552555 0.9999440610408783
11582 33552559 0.9999441802501678
11583 33552563 0.9999442994594574
11584 33552571 0.9999445378780365
11585 33552576 0.9999446868896484
11586 33552581 0.9999448359012604
11587 33552587 0.9999450147151947
11588 33552593 0.999945193529129
11589 33552599 0.9999453723430634
11590 33552602 0.9999454617500305
11591 33552607 0.9999456107616425
11592 33552614 0.9999458193778992
11593 33552616 0.999945878982544
11595 33552619 0.9999459683895111
11596 33552624 0.999946117401123
11597 33552628 0.9999462366104126
11598 33552635 0.9999464452266693
11599 33552638 0.9999465346336365
11600 33552640 0.9999465942382812
11601 33552641 0.9999466240406036
11602 33552644 0.9999467134475708
11603 33552649 0.9999468624591827
11604 33552653 0.9999469816684723
11605 33552654 0.9999470114707947
11608 33552659 0.9999471604824066
11609 33552660 0.999947190284729
11610 33552662 0.9999472498893738
11611 33552664 0.9999473094940186
11612 33552665 0.9999473392963409
11613 33552668 0.9999474287033081
11614 33552669 0.9999474585056305
11615 33552670 0.9999474883079529
11618 33552674 0.9999476075172424
11619 33552677 0.9999476969242096
11620 33552682 0.9999478459358215
11621 33552686 0.9999479651451111
11622 33552689 0.9999480545520782
11623 33552690 0.9999480843544006
11624 33552693 0.9999481737613678
11625 33552698 0.9999483227729797
11626 33552699 0.9999483525753021
11627 33552701 0.9999484121799469
11628 33552705 0.9999485313892365
11629 33552707 0.9999485909938812
11630 33552710 0.9999486804008484
11631 33552712 0.9999487400054932
11632 33552715 0.9999488294124603
11633 33552718 0.9999489188194275
11634 33552721 0.9999490082263947
11636 33552722 0.999949038028717
11637 33552726 0.9999491572380066
11638 33552730 0.9999492764472961
11639 33552731 0.9999493062496185
11640 33552733 0.9999493658542633
11641 33552738 0.9999495148658752
11642 33552742 0.9999496340751648
11643 33552747 0.9999497830867767
11644 33552752 0.9999499320983887
11645 33552756 0.9999500513076782
11646 33552761 0.9999502003192902
11647 33552768 0.9999504089355469
11648 33552771 0.999950498342514
11649 33552773 0.9999505579471588
11650 33552775 0.9999506175518036
11651 33552778 0.9999507069587708
11652 33552782 0.9999508261680603
11653 33552784 0.9999508857727051
11654 33552787 0.9999509751796722
11655 33552789 0.999951034784317
11656 33552794 0.999951183795929
11657 33552796 0.9999512434005737
11658 33552804 0.9999514818191528
11659 33552808 0.9999516010284424
11660 33552810 0.9999516606330872
11661 33552811 0.9999516904354095
11662 33552817 0.9999518692493439
11663 33552818 0.9999518990516663
11664 33552819 0.9999519288539886
11665 33552821 0.9999519884586334
11666 33552822 0.9999520182609558
11667 33552823 0.9999520480632782
11668 33552824 0.9999520778656006
11669 33552827 0.9999521672725677
11670 33552829 0.9999522268772125
11673 33552831 0.9999522864818573
11674 33552834 0.9999523758888245
11675 33552835 0.9999524056911469
11676 33552839 0.9999525249004364
11677 33552843 0.999952644109726
11678 33552845 0.9999527037143707
11680 33552849 0.9999528229236603
11681 33552852 0.9999529123306274
11682 33552855 0.9999530017375946
11683 33552860 0.9999531507492065
11684 33552865 0.9999532997608185
11687 33552869 0.999953418970108
11688 33552871 0.9999534785747528
11689 33552873 0.9999535381793976
11690 33552875 0.9999535977840424
11691 33552878 0.9999536871910095
11693 33552883 0.9999538362026215
11695 33552888 0.9999539852142334
11696 33552892 0.999954104423523
11697 33552894 0.9999541640281677
11698 33552896 0.9999542236328125
11699 33552897 0.9999542534351349
11700 33552898 0.9999542832374573
11701 33552900 0.999954342842102
11702 33552902 0.9999544024467468
11703 33552905 0.999954491853714
11705 33552909 0.9999546110630035
11706 33552911 0.9999546706676483
11707 33552913 0.9999547302722931
11708 33552916 0.9999548196792603
11709 33552919 0.9999549090862274
11710 33552924 0.9999550580978394
11711 33552926 0.9999551177024841
11712 33552928 0.9999551773071289
11713 33552931 0.9999552667140961
11714 33552933 0.9999553263187408
11716 33552936 0.999955415725708
11718 33552937 0.9999554455280304
11719 33552939 0.9999555051326752
11720 33552941 0.99995556473732
11721 33552943 0.9999556243419647
11722 33552947 0.9999557435512543
11723 33552950 0.9999558329582214
11724 33552952 0.9999558925628662
11725 33552956 0.9999560117721558
11727 33552958 0.9999560713768005
11728 33552960 0.9999561309814453
11729 33552962 0.9999561905860901
11730 33552964 0.9999562501907349
11731 33552967 0.999956339597702
11732 33552968 0.9999563694000244
11733 33552969 0.9999563992023468
11734 33552976 0.9999566078186035
11735 33552978 0.9999566674232483
11736 33552979 0.9999566972255707
11737 33552981 0.9999567568302155
11738 33552986 0.9999569058418274
11740 33552988 0.9999569654464722
11741 33552991 0.9999570548534393
11742 33552993 0.9999571144580841
11743 33552998 0.999957263469696
11744 33552999 0.9999572932720184
11745 33553000 0.9999573230743408
11747 33553002 0.9999573826789856
11748 33553005 0.9999574720859528
11749 33553008 0.9999575614929199
11750 33553012 0.9999576807022095
11752 33553013 0.9999577105045319
11753 33553015 0.9999577701091766
11754 33553022 0.9999579787254333
11755 33553025 0.9999580681324005
11756 33553027 0.9999581277370453
11757 33553029 0.9999581873416901
11758 33553032 0.9999582767486572
11759 33553037 0.9999584257602692
11760 33553040 0.9999585151672363
11761 33553043 0.9999586045742035
11762 33553044 0.9999586343765259
11763 33553049 0.9999587833881378
11764 33553054 0.9999589323997498
11766 33553057 0.9999590218067169
11767 33553060 0.9999591112136841
11768 33553062 0.9999591708183289
11769 33553063 0.9999592006206512
11770 33553067 0.9999593198299408
11771 33553069 0.9999593794345856
11772 33553071 0.9999594390392303
11773 33553075 0.9999595582485199
11774 33553078 0.9999596476554871
11775 33553079 0.9999596774578094
11776 33553081 0.9999597370624542
11777 33553083 0.999959796667099
11778 33553086 0.9999598860740662
11779 33553089 0.9999599754810333
11780 33553093 0.9999600946903229
11781 33553096 0.99996018409729
11782 33553100 0.9999603033065796
11783 33553102 0.9999603629112244
11784 33553107 0.9999605119228363
11785 33553110 0.9999606013298035
11786 33553111 0.9999606311321259
11787 33553113 0.9999606907367706
11788 33553116 0.9999607801437378
11789 33553120 0.9999608993530273
11790 33553124 0.9999610185623169
11792 33553125 0.9999610483646393
11793 33553126 0.9999610781669617
11794 33553127 0.9999611079692841
11796 33553129 0.9999611675739288
11797 33553130 0.9999611973762512
11798 33553131 0.9999612271785736
11799 33553132 0.999961256980896
11800 33553138 0.9999614357948303
11802 33553140 0.9999614953994751
11803 33553142 0.9999615550041199
11805 33553143 0.9999615848064423
11806 33553144 0.9999616146087646
11808 33553145 0.999961644411087
11809 33553147 0.9999617040157318
11811 33553148 0.9999617338180542
11813 33553152 0.9999618530273438
11814 33553155 0.9999619424343109
11815 33553158 0.9999620318412781
11816 33553160 0.9999620914459229
11818 33553163 0.99996218085289
11819 33553166 0.9999622702598572
11820 33553167 0.9999623000621796
11821 33553173 0.9999624788761139
11822 33553174 0.9999625086784363
11823 33553177 0.9999625980854034
11824 33553180 0.9999626874923706
11825 33553181 0.999962717294693
11826 33553182 0.9999627470970154
11827 33553184 0.9999628067016602
11828 33553191 0.9999630153179169
11829 33553194 0.999963104724884
11830 33553196 0.9999631643295288
11831 33553199 0.999963253736496
11832 33553202 0.9999633431434631
11833 33553205 0.9999634325504303
11834 33553208 0.9999635219573975
11835 33553209 0.9999635517597198
11836 33553210 0.9999635815620422
11837 33553214 0.9999637007713318
11841 33553215 0.9999637305736542
11842 33553218 0.9999638199806213
11844 33553222 0.9999639391899109
11845 33553227 0.9999640882015228
11846 33553228 0.9999641180038452
11847 33553230 0.99996417760849
11848 33553235 0.9999643266201019
11849 33553239 0.9999644458293915
11850 33553241 0.9999645054340363
11851 33553242 0.9999645352363586
11852 33553243 0.999964565038681
11853 33553245 0.9999646246433258
11854 33553246 0.9999646544456482
11855 33553247 0.9999646842479706
11856 33553251 0.9999648034572601
11858 33553252 0.9999648332595825
11859 33553253 0.9999648630619049
11860 33553255 0.9999649226665497
11861 33553259 0.9999650418758392
11862 33553260 0.9999650716781616
11863 33553263 0.9999651610851288
11864 33553264 0.9999651908874512
11865 33553268 0.9999653100967407
11866 33553269 0.9999653398990631
11867 33553270 0.9999653697013855
11869 33553271 0.9999653995037079
11870 33553272 0.9999654293060303
11871 33553275 0.9999655187129974
11872 33553278 0.9999656081199646
11873 33553279 0.999965637922287
11874 33553281 0.9999656975269318
11875 33553282 0.9999657273292542
11877 33553286 0.9999658465385437
11878 33553289 0.9999659359455109
11880 33553292 0.999966025352478
11881 33553295 0.9999661147594452
11882 33553297 0.99996617436409
11883 33553300 0.9999662637710571
11884 33553302 0.9999663233757019
11885 33553305 0.9999664127826691
11886 33553308 0.9999665021896362
11887 33553309 0.9999665319919586
11889 33553310 0.999966561794281
11890 33553312 0.9999666213989258
11891 33553313 0.9999666512012482
11892 33553315 0.9999667108058929
11893 33553316 0.9999667406082153
11894 33553320 0.9999668598175049
11895 33553324 0.9999669790267944
11897 33553326 0.9999670386314392
11898 33553329 0.9999671280384064
11899 33553331 0.9999671876430511
11900 33553334 0.9999672770500183
11901 33553335 0.9999673068523407
11902 33553338 0.9999673962593079
11903 33553339 0.9999674260616302
11904 33553341 0.999967485666275
11905 33553344 0.9999675750732422
11906 33553347 0.9999676644802094
11907 33553349 0.9999677240848541
11908 33553351 0.9999677836894989
11909 33553353 0.9999678432941437
11910 33553355 0.9999679028987885
11911 33553357 0.9999679625034332
11912 33553358 0.9999679923057556
11913 33553359 0.999968022108078
11915 33553363 0.9999681413173676
11916 33553365 0.9999682009220123
11917 33553366 0.9999682307243347
11918 33553367 0.9999682605266571
11919 33553370 0.9999683499336243
11920 33553371 0.9999683797359467
11921 33553372 0.999968409538269
11922 33553376 0.9999685287475586
11923 33553379 0.9999686181545258
11924 33553381 0.9999686777591705
11925 33553385 0.9999687969684601
11926 33553388 0.9999688863754272
11928 33553390 0.999968945980072
11929 33553391 0.9999689757823944
11930 33553393 0.9999690353870392
11932 33553394 0.9999690651893616
11933 33553395 0.999969094991684
11934 33553396 0.9999691247940063
11936 33553401 0.9999692738056183
11937 33553404 0.9999693632125854
11939 33553406 0.9999694228172302
11940 33553407 0.9999694526195526
11941 33553409 0.9999695122241974
11942 33553411 0.9999695718288422
11943 33553412 0.9999696016311646
11944 33553415 0.9999696910381317
11945 33553416 0.9999697208404541
11947 33553418 0.9999697804450989
11949 33553419 0.9999698102474213
11950 33553420 0.9999698400497437
11951 33553422 0.9999698996543884
11953 33553424 0.9999699592590332
11954 33553425 0.9999699890613556
11955 33553426 0.999970018863678
11957 33553428 0.9999700784683228
11958 33553429 0.9999701082706451
11959 33553430 0.9999701380729675
11960 33553432 0.9999701976776123
11962 33553435 0.9999702870845795
11963 33553436 0.9999703168869019
11964 33553437 0.9999703466892242
11965 33553443 0.9999705255031586
11966 33553444 0.999970555305481
11967 33553445 0.9999705851078033
11968 33553447 0.9999706447124481
11969 33553448 0.9999706745147705
11972 33553452 0.9999707937240601
11973 33553453 0.9999708235263824
11975 33553454 0.9999708533287048
11976 33553457 0.999970942735672
11978 33553461 0.9999710619449615
11980 33553462 0.9999710917472839
11981 33553464 0.9999711513519287
11983 33553466 0.9999712109565735
11984 33553468 0.9999712705612183
11985 33553471 0.9999713599681854
11986 33553475 0.999971479177475
11987 33553477 0.9999715387821198
11988 33553478 0.9999715685844421
11990 33553480 0.9999716281890869
11994 33553484 0.9999717473983765
11995 33553486 0.9999718070030212
11996 33553489 0.9999718964099884
11997 33553490 0.9999719262123108
11998 33553491 0.9999719560146332
11999 33553495 0.9999720752239227
12000 33553500 0.9999722242355347
12001 33553502 0.9999722838401794
12003 33553503 0.9999723136425018
12004 33553504 0.9999723434448242
12005 33553507 0.9999724328517914
12007 33553509 0.9999724924564362
12008 33553510 0.9999725222587585
12009 33553511 0.9999725520610809
12010 33553513 0.9999726116657257
12012 33553514 0.9999726414680481
12013 33553519 0.99997279047966
12014 33553520 0.9999728202819824
12015 33553521 0.9999728500843048
12016 33553522 0.9999728798866272
12018 33553525 0.9999729692935944
12019 33553526 0.9999729990959167
12020 33553529 0.9999730885028839
12021 33553532 0.9999731779098511
12022 33553533 0.9999732077121735
12023 33553535 0.9999732673168182
12024 33553536 0.9999732971191406
12026 33553538 0.9999733567237854
12027 33553541 0.9999734461307526
12028 33553542 0.999973475933075
12030 33553545 0.9999735653400421
12031 33553546 0.9999735951423645
12032 33553548 0.9999736547470093
12033 33553550 0.999973714351654
12034 33553554 0.9999738335609436
12035 33553557 0.9999739229679108
12036 33553559 0.9999739825725555
12037 33553561 0.9999740421772003
12038 33553566 0.9999741911888123
12039 33553567 0.9999742209911346
12040 33553572 0.9999743700027466
12042 33553574 0.9999744296073914
12043 33553575 0.9999744594097137
12044 33553577 0.9999745190143585
12045 33553580 0.9999746084213257
12046 33553581 0.9999746382236481
12049 33553582 0.9999746680259705
12051 33553583 0.9999746978282928
12052 33553586 0.99997478723526
12053 33553587 0.9999748170375824
12054 33553588 0.9999748468399048
12055 33553591 0.999974936246872
12057 33553594 0.9999750256538391
12058 33553595 0.9999750554561615
12059 33553596 0.9999750852584839
12060 33553600 0.9999752044677734
12061 33553602 0.9999752640724182
12062 33553604 0.999975323677063
12063 33553605 0.9999753534793854
12064 33553608 0.9999754428863525
12066 33553610 0.9999755024909973
12067 33553612 0.9999755620956421
12068 33553615 0.9999756515026093
12070 33553617 0.999975711107254
12072 33553618 0.9999757409095764
12073 33553621 0.9999758303165436
12076 33553622 0.999975860118866
12078 33553624 0.9999759197235107
12079 33553626 0.9999759793281555
12080 33553627 0.9999760091304779
12081 33553628 0.9999760389328003
12083 33553631 0.9999761283397675
12085 33553633 0.9999761879444122
12087 33553634 0.9999762177467346
12089 33553638 0.9999763369560242
12090 33553640 0.999976396560669
12091 33553641 0.9999764263629913
12092 33553642 0.9999764561653137
12095 33553643 0.9999764859676361
12096 33553645 0.9999765455722809
12097 33553649 0.9999766647815704
12098 33553652 0.9999767541885376
12100 33553653 0.99997678399086
12101 33553655 0.9999768435955048
12102 33553657 0.9999769032001495
12104 33553659 0.9999769628047943
12105 33553660 0.9999769926071167
12106 33553661 0.9999770224094391
12107 33553662 0.9999770522117615
12108 33553666 0.999977171421051
12110 33553669 0.9999772608280182
12112 33553671 0.999977320432663
12115 33553672 0.9999773502349854
12116 33553673 0.9999773800373077
12117 33553675 0.9999774396419525
12118 33553676 0.9999774694442749
12119 33553677 0.9999774992465973
12120 33553679 0.9999775588512421
12122 33553680 0.9999775886535645
12123 33553681 0.9999776184558868
12124 33553682 0.9999776482582092
12126 33553684 0.999977707862854
12127 33553686 0.9999777674674988
12129 33553687 0.9999777972698212
12130 33553688 0.9999778270721436
12131 33553689 0.9999778568744659
12132 33553690 0.9999778866767883
12134 33553693 0.9999779760837555
12135 33553696 0.9999780654907227
12136 33553699 0.9999781548976898
12137 33553702 0.999978244304657
12138 33553703 0.9999782741069794
12140 33553705 0.9999783337116241
12141 33553708 0.9999784231185913
12142 33553710 0.9999784827232361
12143 33553711 0.9999785125255585
12144 33553713 0.9999785721302032
12145 33553716 0.9999786615371704
12146 33553719 0.9999787509441376
12147 33553720 0.99997878074646
12148 33553721 0.9999788105487823
12150 33553723 0.9999788701534271
12151 33553726 0.9999789595603943
12152 33553728 0.9999790191650391
12153 33553729 0.9999790489673615
12155 33553730 0.9999790787696838
12156 33553732 0.9999791383743286
12157 33553734 0.9999791979789734
12159 33553737 0.9999792873859406
12160 33553738 0.9999793171882629
12161 33553739 0.9999793469905853
12162 33553742 0.9999794363975525
12163 33553743 0.9999794661998749
12165 33553745 0.9999795258045197
12167 33553746 0.999979555606842
12168 33553749 0.9999796450138092
12169 33553750 0.9999796748161316
12172 33553751 0.999979704618454
12174 33553752 0.9999797344207764
12175 33553753 0.9999797642230988
12176 33553754 0.9999797940254211
12177 33553755 0.9999798238277435
12178 33553759 0.9999799430370331
12179 33553761 0.9999800026416779
12180 33553763 0.9999800622463226
12181 33553765 0.9999801218509674
12182 33553766 0.9999801516532898
12183 33553767 0.9999801814556122
12185 33553769 0.999980241060257
12186 33553771 0.9999803006649017
12187 33553773 0.9999803602695465
12189 33553774 0.9999803900718689
12191 33553775 0.9999804198741913
12195 33553777 0.9999804794788361
12196 33553778 0.9999805092811584
12197 33553779 0.9999805390834808
12198 33553780 0.9999805688858032
12199 33553781 0.9999805986881256
12200 33553783 0.9999806582927704
12201 33553785 0.9999807178974152
12202 33553786 0.9999807476997375
12203 33553790 0.9999808669090271
12204 33553796 0.9999810457229614
12206 33553797 0.9999810755252838
12209 33553798 0.9999811053276062
12210 33553799 0.9999811351299286
12211 33553800 0.999981164932251
12212 33553801 0.9999811947345734
12213 33553804 0.9999812841415405
12214 33553805 0.9999813139438629
12215 33553806 0.9999813437461853
12216 33553807 0.9999813735485077
12218 33553808 0.9999814033508301
12223 33553812 0.9999815225601196
12224 33553813 0.999981552362442
12228 33553814 0.9999815821647644
12229 33553815 0.9999816119670868
12230 33553816 0.9999816417694092
12233 33553818 0.999981701374054
12234 33553819 0.9999817311763763
12236 33553821 0.9999817907810211
12237 33553822 0.9999818205833435
12238 33553824 0.9999818801879883
12241 33553825 0.9999819099903107
12244 33553826 0.9999819397926331
12245 33553827 0.9999819695949554
12246 33553829 0.9999820291996002
12248 33553831 0.999982088804245
12251 33553832 0.9999821186065674
12252 33553833 0.9999821484088898
12253 33553834 0.9999821782112122
12254 33553836 0.9999822378158569
12255 33553840 0.9999823570251465
12257 33553841 0.9999823868274689
12258 33553842 0.9999824166297913
12259 33553845 0.9999825060367584
12264 33553848 0.9999825954437256
12265 33553849 0.999982625246048
12266 33553852 0.9999827146530151
12267 33553856 0.9999828338623047
12268 33553858 0.9999828934669495
12269 33553860 0.9999829530715942
12270 33553861 0.9999829828739166
12271 33553863 0.9999830424785614
12272 33553864 0.9999830722808838
12273 33553865 0.9999831020832062
12274 33553868 0.9999831914901733
12276 33553869 0.9999832212924957
12277 33553870 0.9999832510948181
12279 33553871 0.9999832808971405
12281 33553872 0.9999833106994629
12282 33553873 0.9999833405017853
12283 33553876 0.9999834299087524
12285 33553877 0.9999834597110748
12286 33553878 0.9999834895133972
12287 33553881 0.9999835789203644
12289 33553882 0.9999836087226868
12293 33553883 0.9999836385250092
12297 33553884 0.9999836683273315
12298 33553887 0.9999837577342987
12300 33553890 0.9999838471412659
12301 33553891 0.9999838769435883
12302 33553892 0.9999839067459106
12304 33553893 0.999983936548233
12311 33553894 0.9999839663505554
12312 33553895 0.9999839961528778
12313 33553897 0.9999840557575226
12314 33553899 0.9999841153621674
12315 33553900 0.9999841451644897
12316 33553902 0.9999842047691345
12317 33553904 0.9999842643737793
12320 33553905 0.9999842941761017
12321 33553906 0.9999843239784241
12322 33553907 0.9999843537807465
12323 33553908 0.9999843835830688
12324 33553909 0.9999844133853912
12325 33553910 0.9999844431877136
12326 33553911 0.999984472990036
12328 33553912 0.9999845027923584
12330 33553914 0.9999845623970032
12331 33553916 0.999984622001648
12335 33553917 0.9999846518039703
12337 33553921 0.9999847710132599
12338 33553922 0.9999848008155823
12339 33553923 0.9999848306179047
12340 33553924 0.999984860420227
12341 33553925 0.9999848902225494
12343 33553927 0.9999849498271942
12344 33553928 0.9999849796295166
12347 33553929 0.999985009431839
12351 33553930 0.9999850392341614
12352 33553932 0.9999850988388062
12353 33553934 0.9999851584434509
12354 33553935 0.9999851882457733
12359 33553937 0.9999852478504181
12360 33553938 0.9999852776527405
12362 33553939 0.9999853074550629
12363 33553941 0.9999853670597076
12364 33553942 0.99998539686203
12365 33553943 0.9999854266643524
12369 33553944 0.9999854564666748
12370 33553946 0.9999855160713196
12371 33553947 0.999985545873642
12372 33553948 0.9999855756759644
12375 33553949 0.9999856054782867
12381 33553951 0.9999856650829315
12384 33553953 0.9999857246875763
12385 33553955 0.9999857842922211
12387 33553957 0.9999858438968658
12390 33553960 0.999985933303833
12392 33553961 0.9999859631061554
12393 33553963 0.9999860227108002
12394 33553965 0.999986082315445
12396 33553966 0.9999861121177673
12397 33553968 0.9999861717224121
12398 33553970 0.9999862313270569
12400 33553971 0.9999862611293793
12401 33553974 0.9999863505363464
12404 33553976 0.9999864101409912
12405 33553979 0.9999864995479584
12407 33553980 0.9999865293502808
12408 33553981 0.9999865591526031
12410 33553982 0.9999865889549255
12411 33553983 0.9999866187572479
12412 33553985 0.9999866783618927
12414 33553986 0.9999867081642151
12415 33553987 0.9999867379665375
12416 33553988 0.9999867677688599
12417 33553989 0.9999867975711823
12419 33553990 0.9999868273735046
12420 33553991 0.999986857175827
12421 33553993 0.9999869167804718
12422 33553994 0.9999869465827942
12424 33553995 0.9999869763851166
12425 33553996 0.999987006187439
12426 33553997 0.9999870359897614
12428 33553998 0.9999870657920837
12429 33553999 0.9999870955944061
12430 33554000 0.9999871253967285
12432 33554001 0.9999871551990509
12434 33554005 0.9999872744083405
12437 33554007 0.9999873340129852
12438 33554009 0.99998739361763
12441 33554010 0.9999874234199524
12442 33554011 0.9999874532222748
12446 33554013 0.9999875128269196
12448 33554014 0.9999875426292419
12451 33554015 0.9999875724315643
12455 33554016 0.9999876022338867
12456 33554017 0.9999876320362091
12457 33554019 0.9999876916408539
12458 33554020 0.9999877214431763
12459 33554022 0.999987781047821
12461 33554024 0.9999878406524658
12462 33554025 0.9999878704547882
12466 33554026 0.9999879002571106
12467 33554027 0.999987930059433
12469 33554028 0.9999879598617554
12474 33554029 0.9999879896640778
12477 33554030 0.9999880194664001
12478 33554032 0.9999880790710449
12479 33554033 0.9999881088733673
12480 33554035 0.9999881684780121
12481 33554037 0.9999882280826569
12484 33554039 0.9999882876873016
12485 33554041 0.9999883472919464
12487 33554042 0.9999883770942688
12490 33554043 0.9999884068965912
12491 33554044 0.9999884366989136
12493 33554045 0.999988466501236
12495 33554046 0.9999884963035583
12496 33554047 0.9999885261058807
12498 33554049 0.9999885857105255
12500 33554050 0.9999886155128479
12501 33554051 0.9999886453151703
12502 33554052 0.9999886751174927
12503 33554054 0.9999887347221375
12505 33554055 0.9999887645244598
12509 33554057 0.9999888241291046
12511 33554058 0.999988853931427
12512 33554060 0.9999889135360718
12513 33554062 0.9999889731407166
12514 33554064 0.9999890327453613
12517 33554065 0.9999890625476837
12519 33554066 0.9999890923500061
12524 33554069 0.9999891817569733
12525 33554070 0.9999892115592957
12527 33554071 0.999989241361618
12536 33554072 0.9999892711639404
12539 33554073 0.9999893009662628
12541 33554076 0.99998939037323
12542 33554077 0.9999894201755524
12543 33554078 0.9999894499778748
12546 33554080 0.9999895095825195
12549 33554081 0.9999895393848419
12550 33554083 0.9999895989894867
12552 33554084 0.9999896287918091
12560 33554085 0.9999896585941315
12561 33554086 0.9999896883964539
12562 33554087 0.9999897181987762
12564 33554088 0.9999897480010986
12565 33554090 0.9999898076057434
12570 33554091 0.9999898374080658
12574 33554092 0.9999898672103882
12575 33554093 0.9999898970127106
12578 33554094 0.999989926815033
12579 33554095 0.9999899566173553
12583 33554096 0.9999899864196777
12585 33554099 0.9999900758266449
12586 33554100 0.9999901056289673
12591 33554102 0.9999901652336121
12592 33554105 0.9999902546405792
12595 33554106 0.9999902844429016
12596 33554107 0.999990314245224
12597 33554108 0.9999903440475464
12599 33554109 0.9999903738498688
12609 33554112 0.9999904632568359
12610 33554114 0.9999905228614807
12618 33554115 0.9999905526638031
12619 33554116 0.9999905824661255
12623 33554117 0.9999906122684479
12637 33554118 0.9999906420707703
12640 33554119 0.9999906718730927
12643 33554120 0.999990701675415
12647 33554121 0.9999907314777374
12649 33554122 0.9999907612800598
12651 33554123 0.9999907910823822
12652 33554124 0.9999908208847046
12658 33554125 0.999990850687027
12667 33554126 0.9999908804893494
12672 33554127 0.9999909102916718
12673 33554129 0.9999909698963165
12675 33554130 0.9999909996986389
12682 33554132 0.9999910593032837
12684 33554133 0.9999910891056061
12688 33554134 0.9999911189079285
12690 33554135 0.9999911487102509
12693 33554136 0.9999911785125732
12695 33554137 0.9999912083148956
12699 33554138 0.999991238117218
12705 33554139 0.9999912679195404
12715 33554140 0.9999912977218628
12722 33554141 0.9999913275241852
12723 33554142 0.9999913573265076
12730 33554143 0.99999138712883
12732 33554144 0.9999914169311523
12738 33554145 0.9999914467334747
12745 33554146 0.9999914765357971
12748 33554147 0.9999915063381195
12751 33554148 0.9999915361404419
12752 33554151 0.9999916255474091
12757 33554153 0.9999916851520538
12763 33554154 0.9999917149543762
12764 33554155 0.9999917447566986
12767 33554157 0.9999918043613434
12771 33554158 0.9999918341636658
12773 33554159 0.9999918639659882
12777 33554160 0.9999918937683105
12779 33554162 0.9999919533729553
12783 33554163 0.9999919831752777
12784 33554164 0.9999920129776001
12786 33554165 0.9999920427799225
12787 33554166 0.9999920725822449
12793 33554168 0.9999921321868896
12799 33554170 0.9999921917915344
12801 33554171 0.9999922215938568
12802 33554172 0.9999922513961792
12804 33554174 0.999992311000824
12805 33554175 0.9999923408031464
12820 33554176 0.9999923706054688
12821 33554177 0.9999924004077911
12824 33554178 0.9999924302101135
12828 33554179 0.9999924600124359
12831 33554180 0.9999924898147583
12834 33554181 0.9999925196170807
12837 33554182 0.9999925494194031
12840 33554183 0.9999925792217255
12842 33554185 0.9999926388263702
12845 33554186 0.9999926686286926
12847 33554187 0.999992698431015
12851 33554188 0.9999927282333374
12852 33554189 0.9999927580356598
12854 33554190 0.9999927878379822
12859 33554191 0.9999928176403046
12862 33554192 0.999992847442627
12870 33554193 0.9999928772449493
12875 33554194 0.9999929070472717
12880 33554196 0.9999929666519165
12890 33554197 0.9999929964542389
12891 33554198 0.9999930262565613
12894 33554199 0.9999930560588837
12897 33554200 0.999993085861206
12898 33554202 0.9999931454658508
12901 33554203 0.9999931752681732
12902 33554204 0.9999932050704956
12905 33554205 0.999993234872818
12910 33554206 0.9999932646751404
12911 33554207 0.9999932944774628
12919 33554208 0.9999933242797852
12927 33554209 0.9999933540821075
12928 33554210 0.9999933838844299
12929 33554211 0.9999934136867523
12937 33554212 0.9999934434890747
12944 33554213 0.9999934732913971
12949 33554214 0.9999935030937195
12951 33554216 0.9999935626983643
12958 33554217 0.9999935925006866
12959 33554218 0.999993622303009
12965 33554219 0.9999936521053314
12969 33554220 0.9999936819076538
12972 33554221 0.9999937117099762
12974 33554222 0.9999937415122986
12982 33554223 0.999993771314621
12990 33554224 0.9999938011169434
12995 33554225 0.9999938309192657
13001 33554226 0.9999938607215881
13008 33554227 0.9999938905239105
13015 33554228 0.9999939203262329
13016 33554229 0.9999939501285553
13017 33554230 0.9999939799308777
13019 33554231 0.9999940097332001
13035 33554233 0.9999940693378448
13037 33554234 0.9999940991401672
13042 33554235 0.9999941289424896
13046 33554236 0.999994158744812
13055 33554237 0.9999941885471344
13071 33554238 0.9999942183494568
13074 33554239 0.9999942481517792
13085 33554240 0.9999942779541016
13093 33554241 0.999994307756424
13103 33554242 0.9999943375587463
13115 33554244 0.9999943971633911
13117 33554246 0.9999944567680359
13127 33554247 0.9999944865703583
13136 33554248 0.9999945163726807
13150 33554249 0.999994546175003
13152 33554250 0.9999945759773254
13178 33554251 0.9999946057796478
13187 33554252 0.9999946355819702
13197 33554253 0.9999946653842926
13199 33554254 0.999994695186615
13202 33554255 0.9999947249889374
13210 33554256 0.9999947547912598
13217 33554257 0.9999947845935822
13235 33554258 0.9999948143959045
13249 33554259 0.9999948441982269
13263 33554260 0.9999948740005493
13294 33554261 0.9999949038028717
13305 33554262 0.9999949336051941
13307 33554263 0.9999949634075165
13338 33554264 0.9999949932098389
13344 33554265 0.9999950230121613
13351 33554267 0.999995082616806
13353 33554268 0.9999951124191284
13369 33554269 0.9999951422214508
13424 33554270 0.9999951720237732
13453 33554271 0.9999952018260956
13465 33554272 0.999995231628418
13475 33554273 0.9999952614307404
13488 33554274 0.9999952912330627
13537 33554275 0.9999953210353851
13558 33554276 0.9999953508377075
13560 33554277 0.9999953806400299
13573 33554279 0.9999954402446747
13580 33554280 0.9999954700469971
13583 33554281 0.9999954998493195
13626 33554282 0.9999955296516418
13645 33554283 0.9999955594539642
13686 33554284 0.9999955892562866
13690 33554285 0.999995619058609
13714 33554286 0.9999956488609314
13750 33554287 0.9999956786632538
13799 33554288 0.9999957084655762
13802 33554289 0.9999957382678986
13886 33554290 0.999995768070221
13887 33554291 0.9999957978725433
13902 33554292 0.9999958276748657
13925 33554293 0.9999958574771881
13929 33554294 0.9999958872795105
13956 33554295 0.9999959170818329
13972 33554296 0.9999959468841553
14066 33554297 0.9999959766864777
14094 33554298 0.9999960064888
14107 33554299 0.9999960362911224
14111 33554300 0.9999960660934448
14115 33554301 0.9999960958957672
14116 33554302 0.9999961256980896
14145 33554303 0.999996155500412
14169 33554304 0.9999961853027344
14170 33554305 0.9999962151050568
14233 33554306 0.9999962449073792
14234 33554307 0.9999962747097015
14235 33554308 0.9999963045120239
14253 33554309 0.9999963343143463
14311 33554310 0.9999963641166687
14320 33554311 0.9999963939189911
14335 33554312 0.9999964237213135
14420 33554313 0.9999964535236359
14445 33554314 0.9999964833259583
14499 33554315 0.9999965131282806
14533 33554316 0.999996542930603
14566 33554317 0.9999965727329254
14593 33554318 0.9999966025352478
14596 33554319 0.9999966323375702
14668 33554320 0.9999966621398926
14801 33554321 0.999996691942215
14817 33554322 0.9999967217445374
14838 33554323 0.9999967515468597
14869 33554324 0.9999967813491821
14913 33554325 0.9999968111515045
15017 33554326 0.9999968409538269
15046 33554327 0.9999968707561493
15052 33554328 0.9999969005584717
15087 33554329 0.9999969303607941
15093 33554330 0.9999969601631165
15218 33554331 0.9999969899654388
15238 33554332 0.9999970197677612
15300 33554333 0.9999970495700836
15426 33554334 0.999997079372406
15446 33554335 0.9999971091747284
15494 33554336 0.9999971389770508
15499 33554337 0.9999971687793732
15569 33554338 0.9999971985816956
15641 33554339 0.9999972283840179
15801 33554340 0.9999972581863403
15899 33554341 0.9999972879886627
15974 33554342 0.9999973177909851
16047 33554343 0.9999973475933075
16058 33554344 0.9999973773956299
16086 33554345 0.9999974071979523
16219 33554347 0.999997466802597
16276 33554348 0.9999974966049194
16370 33554349 0.9999975264072418
16556 33554350 0.9999975562095642
16570 33554351 0.9999975860118866
16584 33554352 0.999997615814209
16604 33554353 0.9999976456165314
16611 33554354 0.9999976754188538
16748 33554355 0.9999977052211761
16761 33554356 0.9999977350234985
16798 33554357 0.9999977648258209
16880 33554358 0.9999977946281433
16977 33554359 0.9999978244304657
17360 33554360 0.9999978542327881
17374 33554361 0.9999978840351105
17495 33554362 0.9999979138374329
17795 33554363 0.9999979436397552
17878 33554364 0.9999979734420776
17920 33554365 0.9999980032444
17928 33554366 0.9999980330467224
17961 33554367 0.9999980628490448
18075 33554368 0.9999980926513672
18154 33554369 0.9999981224536896
18207 33554370 0.999998152256012
18523 33554371 0.9999981820583344
18664 33554372 0.9999982118606567
18882 33554373 0.9999982416629791
18896 33554374 0.9999982714653015
18905 33554375 0.9999983012676239
18964 33554376 0.9999983310699463
19092 33554377 0.9999983608722687
19189 33554378 0.9999983906745911
19193 33554379 0.9999984204769135
19224 33554380 0.9999984502792358
19422 33554381 0.9999984800815582
19560 33554382 0.9999985098838806
19583 33554383 0.999998539686203
19666 33554384 0.9999985694885254
19953 33554385 0.9999985992908478
20261 33554386 0.9999986290931702
20334 33554387 0.9999986588954926
20399 33554388 0.9999986886978149
20470 33554389 0.9999987185001373
20866 33554390 0.9999987483024597
20942 33554391 0.9999987781047821
21037 33554392 0.9999988079071045
21384 33554393 0.9999988377094269
21750 33554394 0.9999988675117493
21778 33554395 0.9999988973140717
21975 33554396 0.999998927116394
22074 33554397 0.9999989569187164
22475 33554398 0.9999989867210388
23033 33554399 0.9999990165233612
23140 33554400 0.9999990463256836
23545 33554401 0.999999076128006
23549 33554402 0.9999991059303284
23683 33554403 0.9999991357326508
23837 33554404 0.9999991655349731
24376 33554405 0.9999991953372955
24869 33554406 0.9999992251396179
25288 33554407 0.9999992549419403
25565 33554408 0.9999992847442627
25666 33554409 0.9999993145465851
25999 33554410 0.9999993443489075
26215 33554411 0.9999993741512299
26337 33554412 0.9999994039535522
26394 33554413 0.9999994337558746
26925 33554414 0.999999463558197
27514 33554415 0.9999994933605194
31390 33554416 0.9999995231628418
31569 33554417 0.9999995529651642
31862 33554418 0.9999995827674866
36349 33554419 0.999999612569809
39092 33554420 0.9999996423721313
39659 33554421 0.9999996721744537
53576 33554422 0.9999997019767761
56568 33554423 0.9999997317790985
97905 33554424 0.9999997615814209
100692 33554425 0.9999997913837433
105491 33554426 0.9999998211860657
111356 33554427 0.9999998509883881
273068 33554428 0.9999998807907104
284807 33554429 0.9999999105930328
482790 33554430 0.9999999403953552
485280 33554431 0.9999999701976776
590094 33554432 1.0
