6058 1 2.9802322387695312e-08
6063 2 5.960464477539063e-08
6069 3 8.940696716308594e-08
6072 4 1.1920928955078125e-07
6080 5 1.4901161193847656e-07
6082 6 1.7881393432617188e-07
6083 7 2.086162567138672e-07
6085 9 2.682209014892578e-07
6087 10 2.980232238769531e-07
6089 13 3.8743019104003906e-07
6090 14 4.172325134277344e-07
6091 15 4.470348358154297e-07
6093 16 4.76837158203125e-07
6094 17 5.066394805908203e-07
6095 18 5.364418029785156e-07
6096 19 5.662441253662109e-07
6100 22 6.556510925292969e-07
6101 24 7.152557373046875e-07
6102 27 8.046627044677734e-07
6105 31 9.238719940185547e-07
6107 33 9.834766387939453e-07
6108 37 1.1026859283447266e-06
6109 41 1.2218952178955078e-06
6110 45 1.341104507446289e-06
6112 48 1.430511474609375e-06
6113 52 1.5497207641601562e-06
6114 55 1.6391277313232422e-06
6115 57 1.6987323760986328e-06
6116 62 1.8477439880371094e-06
6117 65 1.9371509552001953e-06
6118 69 2.0563602447509766e-06
6119 73 2.175569534301758e-06
6120 76 2.2649765014648438e-06
6121 85 2.5331974029541016e-06
6122 94 2.8014183044433594e-06
6123 99 2.950429916381836e-06
6124 102 3.039836883544922e-06
6125 105 3.129243850708008e-06
6126 109 3.248453140258789e-06
6127 114 3.3974647521972656e-06
6128 119 3.546476364135742e-06
6129 128 3.814697265625e-06
6130 138 4.112720489501953e-06
6131 141 4.202127456665039e-06
6132 145 4.32133674621582e-06
6133 153 4.559755325317383e-06
6134 158 4.708766937255859e-06
6135 171 5.0961971282958984e-06
6136 184 5.4836273193359375e-06
6137 192 5.7220458984375e-06
6138 204 6.079673767089844e-06
6139 209 6.22868537902832e-06
6140 225 6.705522537231445e-06
6141 234 6.973743438720703e-06
6142 245 7.3015689849853516e-06
6143 256 7.62939453125e-06
6144 268 7.987022399902344e-06
6145 279 8.314847946166992e-06
6146 292 8.702278137207031e-06
6147 311 9.268522262573242e-06
6148 323 9.626150131225586e-06
6149 331 9.864568710327148e-06
6150 345 1.0281801223754883e-05
6151 357 1.0639429092407227e-05
6152 367 1.093745231628418e-05
6153 386 1.150369644165039e-05
6154 401 1.195073127746582e-05
6155 416 1.239776611328125e-05
6156 435 1.2964010238647461e-05
6157 454 1.3530254364013672e-05
6158 471 1.4036893844604492e-05
6159 490 1.4603137969970703e-05
6160 514 1.531839370727539e-05
6161 536 1.5974044799804688e-05
6162 552 1.6450881958007812e-05
6163 577 1.7195940017700195e-05
6164 597 1.77919864654541e-05
6165 617 1.8388032913208008e-05
6166 647 1.9282102584838867e-05
6167 667 1.9878149032592773e-05
6168 690 2.0563602447509766e-05
6169 720 2.1457672119140625e-05
6170 755 2.250075340270996e-05
6171 783 2.333521842956543e-05
6172 808 2.4080276489257812e-05
6173 838 2.4974346160888672e-05
6174 865 2.5779008865356445e-05
6175 890 2.6524066925048828e-05
6176 923 2.7507543563842773e-05
6177 951 2.8342008590698242e-05
6178 979 2.917647361755371e-05
6179 998 2.9742717742919922e-05
6180 1040 3.0994415283203125e-05
6181 1060 3.159046173095703e-05
6182 1089 3.2454729080200195e-05
6183 1117 3.3289194107055664e-05
6184 1152 3.4332275390625e-05
6185 1178 3.510713577270508e-05
6186 1209 3.603100776672363e-05
6187 1253 3.7342309951782227e-05
6188 1300 3.8743019104003906e-05
6189 1329 3.960728645324707e-05
6190 1372 4.088878631591797e-05
6191 1399 4.169344902038574e-05
6192 1439 4.2885541915893555e-05
6193 1494 4.45246696472168e-05
6194 1548 4.6133995056152344e-05
6195 1600 4.76837158203125e-05
6196 1639 4.884600639343262e-05
6197 1687 5.027651786804199e-05
6198 1729 5.1528215408325195e-05
6199 1778 5.2988529205322266e-05
6200 1827 5.4448843002319336e-05
6201 1881 5.605816841125488e-05
6202 1932 5.7578086853027344e-05
6203 1991 5.933642387390137e-05
6204 2046 6.097555160522461e-05
6205 2105 6.273388862609863e-05
6206 2161 6.440281867980957e-05
6207 2227 6.636977195739746e-05
6208 2285 6.809830665588379e-05
6209 2341 6.976723670959473e-05
6210 2414 7.194280624389648e-05
6211 2473 7.370114326477051e-05
6212 2535 7.554888725280762e-05
6213 2608 7.772445678710938e-05
6214 2672 7.963180541992188e-05
6215 2738 8.159875869750977e-05
6216 2819 8.401274681091309e-05
6217 2912 8.678436279296875e-05
6218 3009 8.96751880645752e-05
6219 3077 9.170174598693848e-05
6220 3159 9.414553642272949e-05
6221 3235 9.641051292419434e-05
6222 3310 9.864568710327148e-05
6223 3385 0.00010088086128234863
6224 3474 0.00010353326797485352
6225 3572 0.00010645389556884766
6226 3659 0.00010904669761657715
6227 3769 0.00011232495307922363
6228 3860 0.0001150369644165039
6229 3954 0.00011783838272094727
6230 4052 0.0001207590103149414
6231 4149 0.00012364983558654785
6232 4269 0.0001272261142730713
6233 4392 0.0001308917999267578
6234 4510 0.00013440847396850586
6235 4618 0.00013762712478637695
6236 4721 0.00014069676399230957
6237 4839 0.00014421343803405762
6238 4981 0.00014844536781311035
6239 5121 0.0001526176929473877
6240 5271 0.000157088041305542
6241 5407 0.00016114115715026855
6242 5545 0.0001652538776397705
6243 5695 0.0001697242259979248
6244 5821 0.00017347931861877441
6245 5966 0.00017780065536499023
6246 6096 0.00018167495727539062
6247 6279 0.00018712878227233887
6248 6426 0.00019150972366333008
6249 6583 0.00019618868827819824
6250 6746 0.00020104646682739258
6251 6943 0.00020691752433776855
6252 7102 0.0002116560935974121
6253 7257 0.00021627545356750488
6254 7444 0.0002218484878540039
6255 7629 0.00022736191749572754
6256 7785 0.000232011079788208
6257 7976 0.0002377033233642578
6258 8165 0.00024333596229553223
6259 8324 0.0002480745315551758
6260 8544 0.00025463104248046875
6261 8766 0.0002612471580505371
6262 8951 0.00026676058769226074
6263 9152 0.0002727508544921875
6264 9412 0.0002804994583129883
6265 9642 0.0002873539924621582
6266 9858 0.0002937912940979004
6267 10105 0.00030115246772766113
6268 10361 0.00030878186225891113
6269 10616 0.00031638145446777344
6270 10841 0.0003230869770050049
6271 11076 0.0003300905227661133
6272 11330 0.0003376603126525879
6273 11613 0.00034609436988830566
6274 11940 0.00035583972930908203
6275 12246 0.0003649592399597168
6276 12522 0.0003731846809387207
6277 12824 0.0003821849822998047
6278 13146 0.0003917813301086426
6279 13387 0.00039896368980407715
6280 13686 0.00040787458419799805
6281 14002 0.00041729211807250977
6282 14286 0.00042575597763061523
6283 14595 0.0004349648952484131
6284 14971 0.0004461705684661865
6285 15323 0.0004566609859466553
6286 15618 0.0004654526710510254
6287 15968 0.00047588348388671875
6288 16334 0.00048679113388061523
6289 16713 0.0004980862140655518
6290 17033 0.0005076229572296143
6291 17454 0.000520169734954834
6292 17820 0.0005310773849487305
6293 18178 0.0005417466163635254
6294 18603 0.0005544126033782959
6295 19008 0.0005664825439453125
6296 19378 0.0005775094032287598
6297 19786 0.0005896687507629395
6298 20288 0.0006046295166015625
6299 20681 0.0006163418292999268
6300 21116 0.0006293058395385742
6301 21643 0.0006450116634368896
6302 22067 0.0006576478481292725
6303 22509 0.0006708204746246338
6304 22996 0.0006853342056274414
6305 23422 0.0006980299949645996
6306 23890 0.000711977481842041
6307 24369 0.0007262527942657471
6308 24902 0.0007421374320983887
6309 25373 0.0007561743259429932
6310 25834 0.0007699131965637207
6311 26370 0.0007858872413635254
6312 26899 0.0008016526699066162
6313 27380 0.0008159875869750977
6314 27882 0.0008309483528137207
6315 28471 0.0008485019207000732
6316 28960 0.0008630752563476562
6317 29472 0.0008783340454101562
6318 30150 0.0008985400199890137
6319 30656 0.0009136199951171875
6320 31204 0.0009299516677856445
6321 31824 0.0009484291076660156
6322 32372 0.0009647607803344727
6323 32912 0.0009808540344238281
6324 33496 0.0009982585906982422
6325 34130 0.001017153263092041
6326 34719 0.0010347068309783936
6327 35288 0.0010516643524169922
6328 35938 0.0010710358619689941
6329 36577 0.0010900795459747314
6330 37182 0.0011081099510192871
6331 37835 0.0011275708675384521
6332 38523 0.0011480748653411865
6333 39145 0.001166611909866333
6334 39779 0.0011855065822601318
6335 40517 0.001207500696182251
6336 41083 0.0012243688106536865
6337 41687 0.0012423694133758545
6338 42403 0.0012637078762054443
6339 43052 0.0012830495834350586
6340 43702 0.0013024210929870605
6341 44389 0.0013228952884674072
6342 45053 0.001342684030532837
6343 45688 0.0013616085052490234
6344 46350 0.0013813376426696777
6345 47095 0.0014035403728485107
6346 47745 0.0014229118824005127
6347 48429 0.0014432966709136963
6348 49143 0.0014645755290985107
6349 49833 0.0014851391315460205
6350 50472 0.0015041828155517578
6351 51132 0.0015238523483276367
6352 51910 0.0015470385551452637
6353 52613 0.0015679895877838135
6354 53273 0.0015876591205596924
6355 54101 0.001612335443496704
6356 54834 0.0016341805458068848
6357 55516 0.001654505729675293
6358 56271 0.001677006483078003
6359 56988 0.0016983747482299805
6360 57691 0.0017193257808685303
6361 58414 0.001740872859954834
6362 59155 0.0017629563808441162
6363 59880 0.0017845630645751953
6364 60554 0.001804649829864502
6365 61342 0.0018281340599060059
6366 62019 0.0018483102321624756
6367 62744 0.0018699169158935547
6368 63462 0.00189131498336792
6369 64230 0.00191420316696167
6370 64890 0.0019338726997375488
6371 65591 0.0019547641277313232
6372 66453 0.0019804537296295166
6373 67146 0.0020011067390441895
6374 67783 0.0020200908184051514
6375 68583 0.0020439326763153076
6376 69283 0.0020647943019866943
6377 69953 0.00208476185798645
6378 70717 0.0021075308322906494
6379 71473 0.002130061388015747
6380 72133 0.002149730920791626
6381 72836 0.0021706819534301758
6382 73577 0.002192765474319458
6383 74236 0.0022124052047729492
6384 74934 0.0022332072257995605
6385 75687 0.002255648374557495
6386 76432 0.002277851104736328
6387 77125 0.002298504114151001
6388 77773 0.0023178160190582275
6389 78543 0.002340763807296753
6390 79194 0.0023601651191711426
6391 79827 0.0023790299892425537
6392 80643 0.002403348684310913
6393 81298 0.0024228692054748535
6394 81867 0.002439826726913452
6395 82573 0.002460867166519165
6396 83259 0.002481311559677124
6397 83893 0.002500206232070923
6398 84545 0.0025196373462677
6399 85331 0.0025430619716644287
6400 85953 0.002561599016189575
6401 86617 0.002581387758255005
6402 87295 0.0026015937328338623
6403 87939 0.002620786428451538
6404 88607 0.0026406943798065186
6405 89219 0.002658933401107788
6406 89879 0.002678602933883667
6407 90503 0.002697199583053589
6408 91105 0.0027151405811309814
6409 91805 0.002736002206802368
6410 92386 0.002753317356109619
6411 92985 0.0027711689472198486
6412 93677 0.002791792154312134
6413 94291 0.0028100907802581787
6414 94848 0.002826690673828125
6415 95502 0.0028461813926696777
6416 96094 0.0028638243675231934
6417 96678 0.0028812289237976074
6418 97246 0.0028981566429138184
6419 97882 0.0029171109199523926
6420 98477 0.0029348433017730713
6421 99064 0.0029523372650146484
6422 99657 0.0029700100421905518
6423 100219 0.0029867589473724365
6424 100725 0.0030018389225006104
6425 101253 0.0030175745487213135
6426 101836 0.00303494930267334
6427 102347 0.003050178289413452
6428 102827 0.003064483404159546
6429 103465 0.0030834972858428955
6430 103995 0.003099292516708374
6431 104498 0.0031142830848693848
6432 105080 0.0031316280364990234
6433 105612 0.0031474828720092773
6434 106100 0.0031620264053344727
6435 106653 0.003178507089614868
6436 107197 0.0031947195529937744
6437 107740 0.003210902214050293
6438 108281 0.003227025270462036
6439 108826 0.00324326753616333
6440 109335 0.003258436918258667
6441 109867 0.003274291753768921
6442 110439 0.0032913386821746826
6443 110972 0.0033072233200073242
6444 111491 0.003322690725326538
6445 111967 0.003336876630783081
6446 112562 0.0033546090126037598
6447 113056 0.0033693313598632812
6448 113528 0.0033833980560302734
6449 114088 0.003400087356567383
6450 114589 0.003415018320083618
6451 115089 0.003429919481277466
6452 115641 0.0034463703632354736
6453 116182 0.003462493419647217
6454 116662 0.0034767985343933105
6455 117182 0.003492295742034912
6456 117731 0.003508657217025757
6457 118196 0.003522515296936035
6458 118683 0.0035370290279388428
6459 119237 0.003553539514541626
6460 119746 0.003568708896636963
6461 120221 0.003582864999771118
6462 120737 0.003598242998123169
6463 121304 0.003615140914916992
6464 121767 0.003628939390182495
6465 122229 0.0036427080631256104
6466 122764 0.0036586523056030273
6467 123282 0.0036740899085998535
6468 123740 0.003687739372253418
6469 124305 0.003704577684402466
6470 124859 0.003721088171005249
6471 125291 0.0037339627742767334
6472 125830 0.003750026226043701
6473 126366 0.003766000270843506
6474 126842 0.003780186176300049
6475 127374 0.0037960410118103027
6476 127896 0.0038115978240966797
6477 128361 0.003825455904006958
6478 128874 0.0038407444953918457
6479 129424 0.003857135772705078
6480 129951 0.0038728415966033936
6481 130481 0.003888636827468872
6482 130953 0.0039027035236358643
6483 131537 0.003920108079910278
6484 132043 0.003935188055038452
6485 132507 0.003949016332626343
6486 133059 0.003965467214584351
6487 133648 0.003983020782470703
6488 134129 0.003997355699539185
6489 134618 0.004011929035186768
6490 135223 0.004029959440231323
6491 135759 0.004045933485031128
6492 136269 0.0040611326694488525
6493 136873 0.0040791332721710205
6494 137363 0.004093736410140991
6495 137884 0.0041092634201049805
6496 138478 0.0041269659996032715
6497 139018 0.004143059253692627
6498 139551 0.0041589438915252686
6499 140130 0.004176199436187744
6500 140754 0.004194796085357666
6501 141301 0.004211097955703735
6502 141829 0.0042268335819244385
6503 142434 0.004244863986968994
6504 142984 0.0042612552642822266
6505 143498 0.004276573657989502
6506 144067 0.004293531179428101
6507 144683 0.004311889410018921
6508 145229 0.0043281614780426025
6509 145790 0.0043448805809021
6510 146512 0.004366397857666016
6511 147063 0.004382818937301636
6512 147646 0.004400193691253662
6513 148278 0.0044190287590026855
6514 148909 0.004437834024429321
6515 149451 0.004453986883163452
6516 150047 0.0044717490673065186
6517 150650 0.004489719867706299
6518 151263 0.004507988691329956
6519 151809 0.004524260759353638
6520 152499 0.0045448243618011475
6521 153105 0.004562884569168091
6522 153691 0.00458034873008728
6523 154352 0.004600048065185547
6524 155000 0.0046193599700927734
6525 155613 0.004637628793716431
6526 156285 0.004657655954360962
6527 157054 0.0046805739402771
6528 157626 0.004697620868682861
6529 158251 0.004716247320175171
6530 158977 0.004737883806228638
6531 159587 0.004756063222885132
6532 160222 0.004774987697601318
6533 160912 0.004795551300048828
6534 161534 0.004814088344573975
6535 162208 0.004834175109863281
6536 162857 0.0048535168170928955
6537 163628 0.004876494407653809
6538 164276 0.004895806312561035
6539 164927 0.004915207624435425
6540 165697 0.00493815541267395
6541 166400 0.0049591064453125
6542 167084 0.004979491233825684
6543 167791 0.005000561475753784
6544 168599 0.005024641752243042
6545 169274 0.005044758319854736
6546 169998 0.005066335201263428
6547 170848 0.005091667175292969
6548 171567 0.005113095045089722
6549 172285 0.005134493112564087
6550 173049 0.005157262086868286
6551 173818 0.005180180072784424
6552 174596 0.005203366279602051
6553 175372 0.005226492881774902
6554 176184 0.005250692367553711
6555 176940 0.005273222923278809
6556 177683 0.005295366048812866
6557 178497 0.00531962513923645
6558 179273 0.005342751741409302
6559 180041 0.005365639925003052
6560 180866 0.0053902268409729
6561 181782 0.005417525768280029
6562 182588 0.005441546440124512
6563 183352 0.005464315414428711
6564 184360 0.005494356155395508
6565 185095 0.005516260862350464
6566 185907 0.0055404603481292725
6567 186953 0.005571633577346802
6568 187798 0.005596816539764404
6569 188641 0.0056219398975372314
6570 189614 0.005650937557220459
6571 190570 0.005679428577423096
6572 191455 0.005705803632736206
6573 192377 0.005733281373977661
6574 193335 0.005761831998825073
6575 194235 0.005788654088973999
6576 195206 0.005817592144012451
6577 196167 0.005846232175827026
6578 197160 0.005875825881958008
6579 198152 0.0059053897857666016
6580 199105 0.005933791399002075
6581 200227 0.005967229604721069
6582 201139 0.0059944093227386475
6583 202102 0.006023108959197998
6584 203277 0.00605812668800354
6585 204300 0.006088614463806152
6586 205323 0.006119102239608765
6587 206525 0.006154924631118774
6588 207681 0.00618937611579895
6589 208752 0.006221294403076172
6590 209890 0.006255209445953369
6591 211156 0.006292939186096191
6592 212260 0.006325840950012207
6593 213477 0.006362110376358032
6594 214760 0.006400346755981445
6595 216050 0.006438791751861572
6596 217199 0.006473034620285034
6597 218491 0.0065115392208099365
6598 219855 0.006552189588546753
6599 221172 0.006591439247131348
6600 222349 0.006626516580581665
6601 223881 0.006672173738479614
6602 225189 0.00671115517616272
6603 226428 0.006748080253601074
6604 228036 0.006796002388000488
6605 229430 0.0068375468254089355
6606 230776 0.0068776607513427734
6607 232267 0.006922096014022827
6608 233830 0.006968677043914795
6609 235370 0.007014572620391846
6610 236884 0.007059693336486816
6611 238620 0.0071114301681518555
6612 240172 0.007157683372497559
6613 241707 0.007203429937362671
6614 243347 0.007252305746078491
6615 245044 0.00730288028717041
6616 246745 0.00735357403755188
6617 248455 0.007404536008834839
6618 250328 0.007460355758666992
6619 252057 0.007511883974075317
6620 253651 0.007559388875961304
6621 255702 0.007620513439178467
6622 257475 0.007673352956771851
6623 259184 0.007724285125732422
6624 261239 0.007785528898239136
6625 263185 0.00784352421760559
6626 264995 0.00789746642112732
6627 267002 0.007957279682159424
6628 269174 0.008022010326385498
6629 271130 0.00808030366897583
6630 273034 0.008137047290802002
6631 275176 0.008200883865356445
6632 277223 0.008261889219284058
6633 279338 0.008324921131134033
6634 281487 0.00838896632194519
6635 283767 0.008456915616989136
6636 285903 0.008520573377609253
6637 287999 0.008583039045333862
6638 290451 0.008656114339828491
6639 292657 0.008721858263015747
6640 294811 0.008786052465438843
6641 297457 0.008864909410476685
6642 299903 0.008937805891036987
6643 302158 0.00900501012802124
6644 304717 0.009081274271011353
6645 307243 0.009156554937362671
6646 309584 0.009226322174072266
6647 312030 0.009299218654632568
6648 314894 0.009384572505950928
6649 317446 0.009460628032684326
6650 320082 0.009539186954498291
6651 322823 0.009620875120162964
6652 325469 0.009699732065200806
6653 328036 0.00977623462677002
6654 330657 0.009854346513748169
6655 333698 0.00994497537612915
6656 336409 0.010025769472122192
6657 338986 0.010102570056915283
6658 342247 0.010199755430221558
6659 345152 0.010286331176757812
6660 347798 0.010365188121795654
6661 350860 0.010456442832946777
6662 353921 0.010547667741775513
6663 356666 0.010629475116729736
6664 359696 0.010719776153564453
6665 362998 0.010818183422088623
6666 365850 0.01090317964553833
6667 368802 0.010991156101226807
6668 372150 0.01109093427658081
6669 375175 0.011181086301803589
6670 378353 0.011275798082351685
6671 381564 0.011371493339538574
6672 384911 0.01147124171257019
6673 388072 0.011565446853637695
6674 391250 0.011660158634185791
6675 394953 0.011770516633987427
6676 398129 0.011865168809890747
6677 401098 0.011953651905059814
6678 404689 0.012060672044754028
6679 408165 0.012164264917373657
6680 411313 0.012258082628250122
6681 414744 0.012360334396362305
6682 418448 0.012470722198486328
6683 421571 0.0125637948513031
6684 424979 0.012665361166000366
6685 428959 0.012783974409103394
6686 432184 0.012880086898803711
6687 435689 0.012984544038772583
6688 439292 0.01309192180633545
6689 442840 0.013197660446166992
6690 446295 0.01330062747001648
6691 449828 0.013405919075012207
6692 453663 0.013520210981369019
6693 457157 0.013624340295791626
6694 460542 0.013725221157073975
6695 464372 0.013839364051818848
6696 468125 0.013951212167739868
6697 471492 0.014051556587219238
6698 475161 0.014160901308059692
6699 479141 0.01427951455116272
6700 482488 0.014379262924194336
6701 486104 0.014487028121948242
6702 490319 0.014612644910812378
6703 493782 0.014715850353240967
6704 497373 0.01482287049293518
6705 501433 0.014943867921829224
6706 505084 0.0150526762008667
6707 508737 0.01516154408454895
6708 512470 0.015272796154022217
6709 516296 0.015386819839477539
6710 519939 0.015495389699935913
6711 523563 0.015603393316268921
6712 527627 0.015724509954452515
6713 531412 0.01583731174468994
6714 534930 0.015942156314849854
6715 538850 0.01605898141860962
6716 542825 0.016177445650100708
6717 546390 0.016283690929412842
6718 550125 0.016395002603530884
6719 554247 0.016517847776412964
6720 557616 0.01661825180053711
6721 561320 0.016728639602661133
6722 565617 0.01685670018196106
6723 569190 0.016963183879852295
6724 572789 0.01707044243812561
6725 576863 0.01719185709953308
6726 580728 0.017307043075561523
6727 584435 0.01741752028465271
6728 588185 0.017529278993606567
6729 592177 0.017648249864578247
6730 595865 0.017758160829544067
6731 599498 0.017866432666778564
6732 603529 0.017986565828323364
6733 607293 0.01809874176979065
6734 610790 0.01820296049118042
6735 614440 0.018311738967895508
6736 618500 0.01843273639678955
6737 621896 0.018533945083618164
6738 625530 0.01864224672317505
6739 629844 0.018770813941955566
6740 633291 0.018873542547225952
6741 636914 0.018981516361236572
6742 641092 0.019106030464172363
6743 644711 0.019213885068893433
6744 648278 0.019320189952850342
6745 651906 0.0194283127784729
6746 655760 0.019543170928955078
6747 659464 0.0196535587310791
6748 663135 0.01976296305656433
6749 667372 0.019889235496520996
6750 671151 0.020001858472824097
6751 674706 0.020107805728912354
6752 678544 0.020222187042236328
6753 682435 0.02033814787864685
6754 685974 0.020443618297576904
6755 689614 0.020552098751068115
6756 693885 0.020679384469985962
6757 697445 0.020785480737686157
6758 701078 0.020893752574920654
6759 705551 0.021027058362960815
6760 709234 0.021136820316314697
6761 713055 0.02125069499015808
6762 717194 0.021374046802520752
6763 721235 0.02149447798728943
6764 724995 0.021606534719467163
6765 729000 0.021725893020629883
6766 733324 0.021854758262634277
6767 737189 0.02196994423866272
6768 740972 0.02208268642425537
6769 745264 0.02221059799194336
6770 749582 0.022339284420013428
6771 753575 0.022458285093307495
6772 757813 0.022584587335586548
6773 762590 0.02272695302963257
6774 766697 0.022849351167678833
6775 770777 0.02297094464302063
6776 776233 0.023133546113967896
6777 780352 0.023256301879882812
6778 784771 0.023387998342514038
6779 789944 0.023542165756225586
6780 794607 0.02368113398551941
6781 799323 0.02382168173789978
6782 804418 0.023973524570465088
6783 809693 0.02413073182106018
6784 814531 0.02427491545677185
6785 819530 0.02442389726638794
6786 825212 0.024593234062194824
6787 830399 0.0247478187084198
6788 835688 0.02490544319152832
6789 841422 0.025076329708099365
6790 847374 0.025253713130950928
6791 852943 0.025419682264328003
6792 858566 0.025587260723114014
6793 865276 0.02578723430633545
6794 870969 0.0259568989276886
6795 876705 0.02612784504890442
6796 883726 0.026337087154388428
6797 889941 0.026522308588027954
6798 896124 0.026706576347351074
6799 903287 0.026920050382614136
6800 910318 0.02712959051132202
6801 917140 0.02733290195465088
6802 924224 0.027544021606445312
6803 932281 0.027784138917922974
6804 939472 0.02799844741821289
6805 946915 0.028220266103744507
6806 955208 0.028467416763305664
6807 963404 0.028711676597595215
6808 971393 0.028949767351150513
6809 979815 0.029200762510299683
6810 989208 0.029480695724487305
6811 997526 0.029728591442108154
6812 1005699 0.029972165822982788
6813 1016196 0.030285000801086426
6814 1024949 0.030545860528945923
6815 1033618 0.030804216861724854
6816 1044419 0.03112611174583435
6817 1054279 0.031419962644577026
6818 1063776 0.03170299530029297
6819 1074538 0.032023727893829346
6820 1085692 0.0323561429977417
6821 1095906 0.03266054391860962
6822 1106566 0.03297823667526245
6823 1118635 0.033337920904159546
6824 1129726 0.033668458461761475
6825 1141078 0.03400677442550659
6826 1153057 0.034363776445388794
6827 1165680 0.03473997116088867
6828 1177460 0.03509104251861572
6829 1189409 0.035447150468826294
6830 1203604 0.03587019443511963
6831 1216212 0.03624594211578369
6832 1228246 0.03660458326339722
6833 1243448 0.03705763816833496
6834 1256916 0.03745901584625244
6835 1269986 0.03784853219985962
6836 1284865 0.03829196095466614
6837 1299820 0.03873765468597412
6838 1313522 0.03914600610733032
6839 1328305 0.03958657383918762
6840 1345228 0.04009091854095459
6841 1359963 0.04053005576133728
6842 1375240 0.0409853458404541
6843 1391890 0.04148155450820923
6844 1408315 0.041971057653427124
6845 1424284 0.04244697093963623
6846 1440549 0.042931705713272095
6847 1458941 0.04347983002662659
6848 1476001 0.04398825764656067
6849 1492330 0.044474899768829346
6850 1512629 0.04507985711097717
6851 1530187 0.04560312628746033
6852 1546885 0.046100765466690063
6853 1566966 0.04669922590255737
6854 1586613 0.04728475213050842
6855 1604271 0.04781100153923035
6856 1624931 0.04842671751976013
6857 1646239 0.049061745405197144
6858 1665040 0.0496220588684082
6859 1685310 0.05022615194320679
6860 1707735 0.050894469022750854
6861 1728600 0.05151629447937012
6862 1749758 0.052146852016448975
6863 1771958 0.05280846357345581
6864 1795128 0.05349898338317871
6865 1817365 0.05416169762611389
6866 1839275 0.054814666509628296
6867 1865576 0.05559849739074707
6868 1889111 0.05629989504814148
6869 1911575 0.05696937441825867
6870 1938607 0.05777499079704285
6871 1964194 0.05853754281997681
6872 1987496 0.05923199653625488
6873 2014644 0.060041069984436035
6874 2042904 0.060883283615112305
6875 2068142 0.06163543462753296
6876 2095001 0.06243589520454407
6877 2126294 0.06336849927902222
6878 2153450 0.06417781114578247
6879 2182328 0.06503844261169434
6880 2213622 0.06597107648849487
6881 2244282 0.06688481569290161
6882 2274870 0.06779640913009644
6883 2305334 0.06870430707931519
6884 2340406 0.06974953413009644
6885 2372717 0.07071247696876526
6886 2404151 0.07164928317070007
6887 2441994 0.07277709245681763
6888 2477618 0.07383877038955688
6889 2510933 0.07483163475990295
6890 2549661 0.07598581910133362
6891 2589466 0.07717210054397583
6892 2624729 0.07822301983833313
6893 2664077 0.07939568161964417
6894 2708650 0.08072406053543091
6895 2746361 0.08184793591499329
6896 2788392 0.08310055732727051
6897 2834811 0.08448395133018494
6898 2877433 0.08575418591499329
6899 2922268 0.0870903730392456
6900 2968808 0.08847737312316895
6901 3018133 0.08994737267494202
6902 3065547 0.0913604199886322
6903 3112420 0.09275734424591064
6904 3168647 0.09443303942680359
6905 3219639 0.09595271944999695
6906 3269297 0.09743264317512512
6907 3327400 0.09916424751281738
6908 3385152 0.10088539123535156
6909 3438182 0.10246580839157104
6910 3497801 0.10424259305000305
6911 3564206 0.10622161626815796
6912 3620896 0.1079111099243164
6913 3682643 0.10975131392478943
6914 3755108 0.11191093921661377
6915 3817052 0.11375701427459717
6916 3883966 0.11575120687484741
6917 3958033 0.11795857548713684
6918 4029900 0.12010037899017334
6919 4101859 0.1222449243068695
6920 4175000 0.12442469596862793
6921 4257644 0.12688767910003662
6922 4335245 0.12920036911964417
6923 4410603 0.1314462125301361
6924 4500160 0.13411521911621094
6925 4585334 0.1366536021232605
6926 4666096 0.13906049728393555
6927 4755779 0.14173325896263123
6928 4853357 0.14464130997657776
6929 4939154 0.14719825983047485
6930 5030652 0.1499251127243042
6931 5140184 0.15318942070007324
6932 5230079 0.1558685004711151
6933 5327829 0.15878167748451233
6934 5439733 0.16211667656898499
6935 5540560 0.16512155532836914
6936 5645144 0.16823840141296387
6937 5755660 0.1715320348739624
6938 5871513 0.17498472332954407
6939 5982450 0.17829090356826782
6940 6091915 0.1815532147884369
6941 6221679 0.18542048335075378
6942 6339453 0.1889304220676422
6943 6454405 0.19235625863075256
6944 6584582 0.19623583555221558
6945 6717734 0.20020407438278198
6946 6837867 0.20378431677818298
6947 6967393 0.2076444923877716
6948 7117261 0.21211090683937073
6949 7243914 0.2158854603767395
6950 7375945 0.2198202908039093
6951 7536008 0.22459053993225098
6952 7669907 0.228581041097641
6953 7810368 0.23276710510253906
6954 7965497 0.23739030957221985
6955 8115407 0.24185797572135925
6956 8262951 0.24625512957572937
6957 8414766 0.25077956914901733
6958 8583000 0.25579333305358887
6959 8738084 0.2604151964187622
6960 8891981 0.26500168442726135
6961 9065467 0.27017197012901306
6962 9234122 0.2751982808113098
6963 9390915 0.2798710763454437
6964 9559164 0.2848852872848511
6965 9747016 0.2904837131500244
6966 9908971 0.2953103482723236
6967 10074184 0.3002340793609619
6968 10280327 0.3063776195049286
6969 10446267 0.31132301688194275
6970 10618216 0.31644749641418457
6971 10820399 0.32247301936149597
6972 10999666 0.32781559228897095
6973 11179428 0.33317291736602783
6974 11372346 0.33892232179641724
6975 11568173 0.34475842118263245
6976 11753744 0.35028886795043945
6977 11940701 0.3558606207370758
6978 12151431 0.36214086413383484
6979 12345042 0.3679109215736389
6980 12534753 0.373564749956131
6981 12737455 0.3796057403087616
6982 12949637 0.38592925667762756
6983 13139346 0.39158302545547485
6984 13332696 0.39734530448913574
6985 13562147 0.4041834771633148
6986 13752922 0.4098690152168274
6987 13944849 0.4155888855457306
6988 14180026 0.4225977063179016
6989 14377574 0.42848509550094604
6990 14574338 0.4343491196632385
6991 14796929 0.440982848405838
6992 15008689 0.44729378819465637
6993 15209441 0.453276664018631
6994 15417490 0.4594770073890686
6995 15644437 0.4662405550479889
6996 15847342 0.4722875952720642
6997 16051525 0.478372722864151
6998 16272963 0.4849720895290375
6999 16486696 0.49134182929992676
7000 16688571 0.49735817313194275
7001 16895275 0.5035184323787689
7002 17125177 0.5103700459003448
7003 17322511 0.5162510573863983
7004 17514644 0.5219770669937134
7005 17757714 0.5292211174964905
7006 17950692 0.5349723100662231
7007 18143341 0.5407136976718903
7008 18370248 0.547476053237915
7009 18572571 0.5535057485103607
7010 18764697 0.5592315495014191
7011 18971847 0.5654051005840302
7012 19181925 0.5716659128665924
7013 19373407 0.5773725211620331
7014 19566020 0.5831128358840942
7015 19776921 0.5893981754779816
7016 19966628 0.5950518846511841
7017 20153979 0.6006353795528412
7018 20346726 0.6063796877861023
7019 20546171 0.6123236119747162
7020 20725962 0.6176818013191223
7021 20900565 0.6228853762149811
7022 21106085 0.6290103495121002
7023 21277314 0.6341133713722229
7024 21441691 0.6390121877193451
7025 21640205 0.644928365945816
7026 21809173 0.6499640047550201
7027 21968570 0.6547144055366516
7028 22148330 0.6600716710090637
7029 22320431 0.6652006804943085
7030 22475571 0.6698242127895355
7031 22636440 0.6746184825897217
7032 22809417 0.679773598909378
7033 22957726 0.6841935515403748
7034 23106849 0.688637763261795
7035 23263579 0.6933086812496185
7036 23412770 0.6977549195289612
7037 23554314 0.7019732594490051
7038 23694143 0.7061404883861542
7039 23845888 0.710662841796875
7040 23978412 0.7146123647689819
7041 24101671 0.7182857692241669
7042 24252363 0.7227767407894135
7043 24375116 0.7264350652694702
7044 24490812 0.729883074760437
7045 24624698 0.733873188495636
7046 24746334 0.7374982237815857
7047 24855321 0.7407462894916534
7048 24973128 0.7442572116851807
7049 25093230 0.7478365302085876
7050 25196157 0.750903993844986
7051 25301104 0.7540316581726074
7052 25413044 0.757367730140686
7053 25511251 0.7602945268154144
7054 25608155 0.7631824910640717
7055 25704759 0.7660615146160126
7056 25802259 0.7689672410488129
7057 25892498 0.7716565728187561
7058 25976174 0.7741503119468689
7059 26073050 0.7770374417304993
7060 26155179 0.7794850766658783
7061 26230161 0.7817197144031525
7062 26318679 0.7843577563762665
7063 26396360 0.786672830581665
7064 26465771 0.7887414395809174
7065 26542631 0.7910320460796356
7066 26617283 0.7932568490505219
7067 26681808 0.7951798439025879
7068 26748553 0.7971689999103546
7069 26821333 0.7993380129337311
7070 26881545 0.801132470369339
7071 26942603 0.8029521405696869
7072 27005747 0.8048339784145355
7073 27064399 0.8065819442272186
7074 27120018 0.8082395195960999
7075 27174545 0.8098645508289337
7076 27232421 0.811589390039444
7077 27284015 0.8131270110607147
7078 27330998 0.8145272135734558
7079 27386677 0.8161865770816803
7080 27434510 0.8176121115684509
7081 27477122 0.8188820481300354
7082 27526040 0.8203399181365967
7083 27572433 0.821722537279129
7084 27612169 0.8229067623615265
7085 27654749 0.8241757452487946
7086 27700136 0.8255283832550049
7087 27737865 0.8266527950763702
7088 27776528 0.8278050422668457
7089 27818090 0.8290436863899231
7090 27854599 0.8301317393779755
7091 27890492 0.831201434135437
7092 27927091 0.8322921693325043
7093 27963319 0.8333718478679657
7094 27997100 0.8343786001205444
7095 28028625 0.8353181183338165
7096 28064768 0.836395263671875
7097 28096671 0.8373460471630096
7098 28125633 0.8382091820240021
7099 28159363 0.839214414358139
7100 28190835 0.8401523530483246
7101 28218725 0.8409835398197174
7102 28249396 0.8418976068496704
7103 28280870 0.8428356051445007
7104 28307363 0.8436251580715179
7105 28334917 0.8444463312625885
7106 28366355 0.8453832566738129
7107 28391950 0.8461460471153259
7108 28418625 0.8469410240650177
7109 28447151 0.8477911651134491
7110 28473831 0.8485862910747528
7111 28499464 0.8493502140045166
7112 28525083 0.850113719701767
7113 28552963 0.8509446084499359
7114 28577837 0.8516859114170074
7115 28601387 0.8523877561092377
7116 28628886 0.8532072901725769
7117 28654264 0.8539636135101318
7118 28677203 0.8546472489833832
7119 28702921 0.8554137051105499
7120 28729119 0.8561944663524628
7121 28751417 0.8568589985370636
7122 28775588 0.8575793504714966
7123 28802870 0.8583924174308777
7124 28824667 0.8590420186519623
7125 28847956 0.8597360849380493
7126 28874054 0.8605138659477234
7127 28897000 0.8611977100372314
7128 28919932 0.8618811368942261
7129 28944067 0.8626004159450531
7130 28968219 0.8633202016353607
7131 28991277 0.8640073835849762
7132 29013567 0.8646716773509979
7133 29039310 0.8654388785362244
7134 29062088 0.8661177158355713
7135 29083869 0.8667668402194977
7136 29108068 0.8674880266189575
7137 29132438 0.8682143092155457
7138 29153741 0.8688491880893707
7139 29176582 0.8695299029350281
7140 29202276 0.8702956438064575
7141 29223271 0.8709213435649872
7142 29245342 0.871579110622406
7143 29271291 0.8723524510860443
7144 29292666 0.8729894757270813
7145 29314906 0.8736522793769836
7146 29338938 0.8743684887886047
7147 29361987 0.8750554025173187
7148 29384436 0.8757244348526001
7149 29406675 0.87638720870018
7150 29430952 0.8771107196807861
7151 29453074 0.8777700066566467
7152 29474624 0.8784122467041016
7153 29498895 0.8791355788707733
7154 29522028 0.8798249959945679
7155 29542977 0.8804493248462677
7156 29565594 0.8811233639717102
7157 29590091 0.8818534314632416
7158 29611079 0.8824789226055145
7159 29632409 0.8831146061420441
7160 29658384 0.8838887214660645
7161 29678946 0.8845015168190002
7162 29700462 0.8851427435874939
7163 29725315 0.8858834207057953
7164 29746634 0.8865187764167786
7165 29768181 0.8871609270572662
7166 29791006 0.8878411650657654
7167 29813801 0.8885205090045929
7168 29835286 0.8891608119010925
7169 29856383 0.8897895514965057
7170 29880320 0.8905029296875
7171 29901938 0.8911471962928772
7172 29922832 0.8917698860168457
7173 29945216 0.8924369812011719
7174 29968237 0.893123060464859
7175 29988212 0.8937183618545532
7176 30009218 0.8943443894386292
7177 30034064 0.8950848579406738
7178 30053737 0.895671159029007
7179 30073682 0.8962655663490295
7180 30097897 0.8969872295856476
7181 30117759 0.897579163312912
7182 30137883 0.898178905248642
7183 30159933 0.8988360464572906
7184 30180859 0.8994596898555756
7185 30200731 0.9000519216060638
7186 30221100 0.9006589651107788
7187 30243043 0.901312917470932
7188 30262910 0.9019050002098083
7189 30282418 0.9024863839149475
7190 30304061 0.9031313955783844
7191 30324753 0.9037480652332306
7192 30343495 0.9043066203594208
7193 30363355 0.9048984944820404
7194 30385027 0.9055443704128265
7195 30403487 0.9060945212841034
7196 30422060 0.9066480398178101
7197 30444803 0.9073258340358734
7198 30462662 0.9078580737113953
7199 30480715 0.9083960950374603
7200 30502302 0.9090394377708435
7201 30521017 0.9095971882343292
7202 30539085 0.9101356565952301
7203 30558311 0.9107086360454559
7204 30578139 0.9112995564937592
7205 30596179 0.9118371903896332
7206 30614104 0.9123713970184326
7207 30634264 0.9129722118377686
7208 30652163 0.9135056436061859
7209 30669728 0.9140291213989258
7210 30688147 0.9145780503749847
7211 30706914 0.9151373505592346
7212 30723840 0.9156417846679688
7213 30740748 0.9161456823348999
7214 30760565 0.9167362749576569
7215 30776807 0.9172203242778778
7216 30792626 0.9176917672157288
7217 30812867 0.9182949960231781
7218 30828960 0.9187746047973633
7219 30844823 0.9192473590373993
7220 30863015 0.9197895228862762
7221 30880176 0.9203009605407715
7222 30895987 0.9207721650600433
7223 30912634 0.9212682843208313
7224 30930461 0.9217995703220367
7225 30946227 0.9222694337368011
7226 30962003 0.9227395951747894
7227 30978970 0.9232452511787415
7228 30995101 0.9237259924411774
7229 31010495 0.9241847693920135
7230 31026388 0.9246584177017212
7231 31043832 0.9251782894134521
7232 31058838 0.9256255030632019
7233 31073257 0.9260552227497101
7234 31091514 0.9265993237495422
7235 31106192 0.9270367622375488
7236 31120177 0.9274535477161407
7237 31136936 0.9279530048370361
7238 31152164 0.928406834602356
7239 31166492 0.9288338422775269
7240 31181931 0.9292939603328705
7241 31197811 0.9297672212123871
7242 31211888 0.9301867485046387
7243 31226618 0.9306257367134094
7244 31242488 0.9310986995697021
7245 31256644 0.9315205812454224
7246 31270698 0.931939423084259
7247 31285308 0.9323748350143433
7248 31300124 0.9328163862228394
7249 31314030 0.9332308173179626
7250 31327601 0.9336352646350861
7251 31343370 0.9341052174568176
7252 31356864 0.9345073699951172
7253 31369644 0.9348882436752319
7254 31385424 0.9353585243225098
7255 31399205 0.9357692301273346
7256 31411821 0.9361452162265778
7257 31426651 0.9365871846675873
7258 31440849 0.9370103180408478
7259 31453499 0.9373873174190521
7260 31466975 0.9377889335155487
7261 31481665 0.938226729631424
7262 31494120 0.9385979175567627
7263 31507257 0.9389894306659698
7264 31521108 0.9394022226333618
7265 31534315 0.9397958219051361
7266 31547208 0.9401800632476807
7267 31559967 0.9405603110790253
7268 31573606 0.940966784954071
7269 31586167 0.9413411319255829
7270 31598089 0.941696435213089
7271 31612550 0.9421274065971375
7272 31624910 0.9424957633018494
7273 31636762 0.9428489804267883
7274 31650443 0.9432567059993744
7275 31663059 0.9436326920986176
7276 31674705 0.9439797699451447
7277 31687449 0.9443595707416534
7278 31700658 0.9447532296180725
7279 31711833 0.945086270570755
7280 31724100 0.9454518556594849
7281 31737175 0.945841521024704
7282 31748931 0.9461918771266937
7283 31760712 0.9465429782867432
7284 31772937 0.9469073116779327
7285 31785133 0.9472707808017731
7286 31796541 0.9476107656955719
7287 31807572 0.9479395151138306
7288 31820602 0.9483278393745422
7289 31831819 0.948662132024765
7290 31842550 0.9489819407463074
7291 31855192 0.9493587017059326
7292 31866832 0.9497056007385254
7293 31877294 0.9500173926353455
7294 31889031 0.9503671824932098
7295 31900795 0.9507177770137787
7296 31911062 0.9510237574577332
7297 31922308 0.9513589143753052
7298 31934614 0.9517256617546082
7299 31944844 0.9520305395126343
7300 31955639 0.9523522555828094
7301 31966980 0.9526902437210083
7302 31977732 0.9530106782913208
7303 31988492 0.9533313512802124
7304 31998879 0.9536409080028534
7305 32010231 0.9539792239665985
7306 32020405 0.9542824327945709
7307 32030094 0.9545711874961853
7308 32041725 0.9549178183078766
7309 32052059 0.955225795507431
7310 32061543 0.9555084407329559
7311 32072256 0.9558277130126953
7312 32082883 0.9561444222927094
7313 32092135 0.9564201533794403
7314 32101970 0.9567132592201233
7315 32113037 0.9570430815219879
7316 32122245 0.9573175013065338
7317 32131663 0.9575981795787811
7318 32142079 0.9579086005687714
7319 32151405 0.958186537027359
7320 32160999 0.9584724605083466
7321 32170691 0.9587613046169281
7322 32180400 0.9590506553649902
7323 32189769 0.9593298733234406
7324 32198614 0.9595934748649597
7325 32208843 0.9598983228206635
7326 32218086 0.9601737856864929
7327 32226512 0.9604249000549316
7328 32236208 0.9607138633728027
7329 32245743 0.9609980285167694
7330 32253938 0.9612422585487366
7331 32262840 0.9615075588226318
7332 32272460 0.9617942571640015
7333 32280456 0.9620325565338135
7334 32288900 0.9622842073440552
7335 32298665 0.962575227022171
7336 32306409 0.9628060162067413
7337 32314571 0.9630492627620697
7338 32323386 0.9633119702339172
7339 32331825 0.963563472032547
7340 32340001 0.9638071358203888
7341 32348253 0.9640530645847321
7342 32356859 0.9643095433712006
7343 32364841 0.9645474255084991
7344 32372484 0.9647752046585083
7345 32380980 0.9650284051895142
7346 32388825 0.9652622044086456
7347 32396159 0.965480774641037
7348 32404153 0.9657190144062042
7349 32412410 0.9659650921821594
7350 32419455 0.9661750495433807
7351 32426834 0.9663949608802795
7352 32435221 0.9666449129581451
7353 32442032 0.9668478965759277
7354 32448954 0.9670541882514954
7355 32456880 0.9672904014587402
7356 32463772 0.9674957990646362
7357 32470741 0.9677034914493561
7358 32477877 0.9679161608219147
7359 32485025 0.9681291878223419
7360 32491770 0.9683302044868469
7361 32498178 0.9685211777687073
7362 32505577 0.9687416851520538
7363 32512233 0.9689400494098663
7364 32518326 0.9691216349601746
7365 32525112 0.9693238735198975
7366 32531867 0.9695251882076263
7367 32537925 0.969705730676651
7368 32544182 0.9698922038078308
7369 32551144 0.970099687576294
7370 32556892 0.9702709913253784
7371 32562936 0.9704511165618896
7372 32569928 0.9706594944000244
7373 32575680 0.9708309173583984
7374 32581466 0.9710033535957336
7375 32587869 0.9711941778659821
7376 32593762 0.9713698029518127
7377 32599581 0.9715432226657867
7378 32605412 0.9717170000076294
7379 32611519 0.971899002790451
7380 32616883 0.9720588624477386
7381 32622227 0.9722181260585785
7382 32628167 0.9723951518535614
7383 32633823 0.9725637137889862
7384 32639107 0.9727211892604828
7385 32644636 0.9728859663009644
7386 32650490 0.9730604290962219
7387 32655437 0.9732078611850739
7388 32660465 0.9733577072620392
7389 32666455 0.9735362231731415
7390 32671328 0.9736814498901367
7391 32676212 0.9738270044326782
7392 32681813 0.9739939272403717
7393 32686633 0.9741375744342804
7394 32691276 0.9742759466171265
7395 32696399 0.9744286239147186
7396 32701474 0.9745798707008362
7397 32706309 0.9747239649295807
7398 32710972 0.9748629331588745
7399 32716229 0.9750196039676666
7400 32720902 0.9751588702201843
7401 32725416 0.9752933979034424
7402 32730193 0.9754357635974884
7403 32735042 0.9755802750587463
7404 32739281 0.9757066071033478
7405 32743767 0.975840300321579
7406 32748723 0.9759880006313324
7407 32752809 0.9761097729206085
7408 32757008 0.9762349128723145
7409 32762002 0.9763837456703186
7410 32766006 0.9765030741691589
7411 32770120 0.9766256809234619
7412 32774623 0.9767598807811737
7413 32778868 0.9768863916397095
7414 32782781 0.9770030081272125
7415 32786861 0.9771246016025543
7416 32791099 0.9772509038448334
7417 32795055 0.9773688018321991
7418 32798936 0.9774844646453857
7419 32803020 0.9776061773300171
7420 32807009 0.9777250587940216
7421 32810675 0.9778343141078949
7422 32814410 0.9779456257820129
7423 32818427 0.9780653417110443
7424 32821896 0.9781687259674072
7425 32825335 0.9782712161540985
7426 32829549 0.9783968031406403
7427 32832865 0.9784956276416779
7428 32836236 0.9785960912704468
7429 32840228 0.9787150621414185
7430 32843739 0.9788196980953217
7431 32847149 0.9789213240146637
7432 32850700 0.9790271520614624
7433 32854259 0.9791332185268402
7434 32857439 0.9792279899120331
7435 32860770 0.9793272614479065
7436 32864429 0.9794363081455231
7437 32867723 0.9795344769954681
7438 32870846 0.9796275496482849
7439 32874118 0.9797250628471375
7440 32877529 0.9798267185688019
7441 32880600 0.9799182415008545
7442 32883522 0.9800053238868713
7443 32887119 0.9801125228404999
7444 32889966 0.9801973700523376
7445 32892732 0.980279803276062
7446 32896179 0.9803825318813324
7447 32899051 0.9804681241512299
7448 32901894 0.9805528521537781
7449 32905065 0.9806473553180695
7450 32908129 0.9807386696338654
7451 32910925 0.9808219969272614
7452 32913803 0.9809077680110931
7453 32916927 0.9810008704662323
7454 32919647 0.9810819327831268
7455 32922425 0.9811647236347198
7456 32925364 0.9812523126602173
7457 32928291 0.9813395440578461
7458 32931019 0.9814208447933197
7459 32933783 0.9815032184123993
7460 32936744 0.9815914630889893
7461 32939387 0.9816702306270599
7462 32941869 0.9817441999912262
7463 32944961 0.981836348772049
7464 32947569 0.9819140732288361
7465 32950015 0.9819869697093964
7466 32952921 0.982073575258255
7467 32955603 0.9821535050868988
7468 32958000 0.9822249412536621
7469 32960619 0.9823029935359955
7470 32963237 0.9823810160160065
7471 32965513 0.9824488461017609
7472 32967928 0.9825208187103271
7473 32970662 0.9826022982597351
7474 32973099 0.9826749265193939
7475 32975562 0.9827483296394348
7476 32978100 0.9828239679336548
7477 32980660 0.9829002618789673
7478 32983048 0.9829714298248291
7479 32985231 0.9830364882946014
7480 32987929 0.9831168949604034
7481 32990301 0.9831875860691071
7482 32992425 0.9832508862018585
7483 32995095 0.9833304584026337
7484 32997469 0.9834012091159821
7485 32999675 0.9834669530391693
7486 33002186 0.9835417866706848
7487 33004680 0.9836161136627197
7488 33006730 0.9836772084236145
7489 33008976 0.9837441444396973
7490 33011568 0.9838213920593262
7491 33013724 0.983885645866394
7492 33015860 0.9839493036270142
7493 33018213 0.9840194284915924
7494 33020422 0.9840852618217468
7495 33022605 0.9841503202915192
7496 33024815 0.984216183423996
7497 33027154 0.9842858910560608
7498 33029251 0.9843483865261078
7499 33031197 0.9844063818454742
7500 33033640 0.9844791889190674
7501 33035714 0.9845409989356995
7502 33037635 0.9845982491970062
7503 33039922 0.9846664071083069
7504 33042063 0.9847302138805389
7505 33043817 0.984782487154007
7506 33045867 0.9848435819149017
7507 33048041 0.9849083721637726
7508 33049957 0.9849654734134674
7509 33052016 0.9850268363952637
7510 33054165 0.9850908815860748
7511 33056119 0.9851491153240204
7512 33058039 0.9852063357830048
7513 33059992 0.9852645397186279
7514 33061998 0.9853243231773376
7515 33063897 0.9853809177875519
7516 33065705 0.9854348003864288
7517 33067811 0.9854975640773773
7518 33069689 0.9855535328388214
7519 33071428 0.9856053590774536
7520 33073481 0.9856665432453156
7521 33075450 0.9857252240180969
7522 33077145 0.9857757389545441
7523 33079091 0.9858337342739105
7524 33081069 0.9858926832675934
7525 33082758 0.9859430193901062
7526 33084542 0.9859961867332458
7527 33086566 0.9860565066337585
7528 33088255 0.9861068427562714
7529 33090018 0.9861593842506409
7530 33091904 0.9862155914306641
7531 33093555 0.9862647950649261
7532 33095275 0.986316055059433
7533 33097011 0.986367791891098
7534 33098831 0.9864220321178436
7535 33100519 0.9864723384380341
7536 33102114 0.9865198731422424
7537 33103944 0.9865744113922119
7538 33105652 0.9866253137588501
7539 33107169 0.9866705238819122
7540 33108884 0.9867216348648071
7541 33110677 0.9867750704288483
7542 33112204 0.9868205785751343
7543 33113729 0.9868660271167755
7544 33115532 0.9869197607040405
7545 33116965 0.9869624674320221
7546 33118515 0.987008661031723
7547 33120284 0.9870613813400269
7548 33121869 0.9871086180210114
7549 33123379 0.9871536195278168
7550 33125019 0.9872024953365326
7551 33126556 0.9872483015060425
7552 33128023 0.9872920215129852
7553 33129538 0.9873371720314026
7554 33131156 0.9873853921890259
7555 33132591 0.9874281585216522
7556 33133957 0.9874688684940338
7557 33135527 0.9875156581401825
7558 33137080 0.9875619411468506
7559 33138396 0.9876011610031128
7560 33139922 0.9876466393470764
7561 33141448 0.98769211769104
7562 33142732 0.9877303838729858
7563 33144160 0.9877729415893555
7564 33145755 0.9878204762935638
7565 33146987 0.9878571927547455
7566 33148311 0.9878966510295868
7567 33149772 0.9879401922225952
7568 33151143 0.9879810512065887
7569 33152474 0.9880207180976868
7570 33153802 0.9880602955818176
7571 33155177 0.9881012737751007
7572 33156442 0.9881389737129211
7573 33157655 0.9881751239299774
7574 33159005 0.9882153570652008
7575 33160242 0.9882522225379944
7576 33161363 0.988285630941391
7577 33162623 0.9883231818675995
7578 33163946 0.9883626103401184
7579 33165060 0.9883958101272583
7580 33166179 0.9884291589260101
7581 33167592 0.988471269607544
7582 33168624 0.988502025604248
7583 33169774 0.9885362982749939
7584 33171120 0.9885764122009277
7585 33172227 0.9886094033718109
7586 33173337 0.9886424839496613
7587 33174541 0.988678365945816
7588 33175674 0.9887121319770813
7589 33176748 0.9887441396713257
7590 33177795 0.9887753427028656
7591 33179060 0.988813042640686
7592 33180078 0.9888433814048767
7593 33181071 0.9888729751110077
7594 33182210 0.9889069199562073
7595 33183350 0.9889408946037292
7596 33184324 0.9889699220657349
7597 33185368 0.9890010356903076
7598 33186517 0.9890352785587311
7599 33187468 0.9890636205673218
7600 33188425 0.9890921413898468
7601 33189578 0.9891265034675598
7602 33190491 0.9891537129878998
7603 33191469 0.989182859659195
7604 33192514 0.9892140030860901
7605 33193464 0.9892423152923584
7606 33194413 0.9892705976963043
7607 33195319 0.9892975986003876
7608 33196303 0.9893269240856171
7609 33197152 0.9893522262573242
7610 33197974 0.9893767237663269
7611 33198916 0.9894047975540161
7612 33199861 0.9894329607486725
7613 33200695 0.9894578158855438
7614 33201573 0.9894839823246002
7615 33202468 0.9895106554031372
7616 33203241 0.9895336925983429
7617 33204083 0.9895587861537933
7618 33205098 0.9895890355110168
7619 33205857 0.9896116554737091
7620 33206624 0.9896345138549805
7621 33207474 0.98965984582901
7622 33208260 0.9896832704544067
7623 33209066 0.9897072911262512
7624 33209855 0.9897308051586151
7625 33210672 0.9897551536560059
7626 33211417 0.9897773563861847
7627 33212193 0.9898004829883575
7628 33213010 0.9898248314857483
7629 33213743 0.9898466765880585
7630 33214436 0.9898673295974731
7631 33215221 0.9898907244205475
7632 33215995 0.9899137914180756
7633 33216674 0.9899340271949768
7634 33217335 0.9899537265300751
7635 33218134 0.9899775385856628
7636 33218812 0.9899977445602417
7637 33219428 0.9900161027908325
7638 33220244 0.9900404214859009
7639 33220860 0.9900587797164917
7640 33221551 0.9900793731212616
7641 33222271 0.9901008307933807
7642 33222951 0.9901210963726044
7643 33223537 0.9901385605335236
7644 33224184 0.9901578426361084
7645 33224938 0.9901803135871887
7646 33225523 0.9901977479457855
7647 33226163 0.9902168214321136
7648 33226845 0.9902371466159821
7649 33227449 0.9902551472187042
7650 33228034 0.990272581577301
7651 33228650 0.9902909398078918
7652 33229294 0.9903101325035095
7653 33229877 0.9903275072574615
7654 33230440 0.9903442859649658
7655 33231078 0.9903632998466492
7656 33231635 0.9903798997402191
7657 33232159 0.9903955161571503
7658 33232837 0.9904157221317291
7659 33233400 0.9904325008392334
7660 33233934 0.9904484152793884
7661 33234517 0.9904657900333405
7662 33235055 0.990481823682785
7663 33235578 0.9904974102973938
7664 33236126 0.9905137419700623
7665 33236737 0.9905319511890411
7666 33237270 0.9905478358268738
7667 33237791 0.9905633628368378
7668 33238359 0.990580290555954
7669 33238903 0.9905965030193329
7670 33239401 0.990611344575882
7671 33239893 0.9906260073184967
7672 33240460 0.9906429052352905
7673 33240963 0.9906578958034515
7674 33241440 0.9906721115112305
7675 33242042 0.9906900525093079
7676 33242539 0.9907048642635345
7677 33242998 0.9907185435295105
7678 33243518 0.9907340407371521
7679 33244081 0.9907508194446564
7680 33244581 0.9907657206058502
7681 33245097 0.9907810986042023
7682 33245616 0.9907965660095215
7683 33246087 0.9908106029033661
7684 33246537 0.9908240139484406
7685 33247061 0.9908396303653717
7686 33247528 0.9908535480499268
7687 33247981 0.9908670485019684
7688 33248471 0.9908816516399384
7689 33249003 0.9908975064754486
7690 33249461 0.9909111559391022
7691 33249876 0.9909235239028931
7692 33250429 0.9909400045871735
7693 33250882 0.9909535050392151
7694 33251306 0.9909661412239075
7695 33251820 0.9909814596176147
7696 33252328 0.9909965991973877
7697 33252768 0.9910097122192383
7698 33253271 0.9910247027873993
7699 33253761 0.9910393059253693
7700 33254189 0.9910520613193512
7701 33254620 0.9910649061203003
7702 33255114 0.9910796284675598
7703 33255569 0.9910931885242462
7704 33256046 0.9911074042320251
7705 33256498 0.9911208748817444
7706 33256916 0.9911333322525024
7707 33257355 0.9911464154720306
7708 33257778 0.9911590218544006
7709 33258249 0.9911730587482452
7710 33258696 0.9911863803863525
7711 33259120 0.9911990165710449
7712 33259653 0.9912149012088776
7713 33260099 0.9912281930446625
7714 33260515 0.9912405908107758
7715 33260958 0.9912537932395935
7716 33261414 0.9912673830986023
7717 33261832 0.9912798404693604
7718 33262261 0.9912926256656647
7719 33262778 0.9913080334663391
7720 33263161 0.9913194477558136
7721 33263590 0.9913322329521179
7722 33264005 0.9913446009159088
7723 33264428 0.9913572072982788
7724 33264854 0.991369903087616
7725 33265245 0.9913815557956696
7726 33265716 0.9913955926895142
7727 33266075 0.9914062917232513
7728 33266483 0.9914184510707855
7729 33266965 0.9914328157901764
7730 33267369 0.991444855928421
7731 33267720 0.9914553165435791
7732 33268154 0.9914682507514954
7733 33268585 0.9914810955524445
7734 33268901 0.991490513086319
7735 33269301 0.991502434015274
7736 33269760 0.99151611328125
7737 33270161 0.9915280640125275
7738 33270528 0.9915390014648438
7739 33270987 0.9915526807308197
7740 33271364 0.9915639162063599
7741 33271795 0.991576761007309
7742 33272202 0.9915888905525208
7743 33272584 0.9916002750396729
7744 33272968 0.9916117191314697
7745 33273321 0.9916222393512726
7746 33273791 0.9916362464427948
7747 33274148 0.9916468858718872
7748 33274537 0.991658478975296
7749 33274979 0.9916716516017914
7750 33275375 0.9916834533214569
7751 33275740 0.9916943311691284
7752 33276121 0.9917056858539581
7753 33276562 0.9917188286781311
7754 33276948 0.9917303323745728
7755 33277306 0.9917410016059875
7756 33277744 0.9917540550231934
7757 33278117 0.991765171289444
7758 33278505 0.9917767345905304
7759 33278928 0.9917893409729004
7760 33279340 0.9918016195297241
7761 33279723 0.9918130338191986
7762 33280106 0.9918244481086731
7763 33280542 0.9918374419212341
7764 33280928 0.9918489456176758
7765 33281269 0.99185910820961
7766 33281679 0.9918713271617889
7767 33282057 0.9918825924396515
7768 33282421 0.9918934404850006
7769 33282829 0.9919055998325348
7770 33283236 0.9919177293777466
7771 33283573 0.9919277727603912
7772 33283934 0.9919385313987732
7773 33284343 0.9919507205486298
7774 33284719 0.9919619262218475
7775 33285079 0.9919726550579071
7776 33285494 0.991985023021698
7777 33285863 0.9919960200786591
7778 33286212 0.9920064210891724
7779 33286614 0.9920184016227722
7780 33286985 0.992029458284378
7781 33287352 0.9920403957366943
7782 33287702 0.99205082654953
7783 33288097 0.9920625984668732
7784 33288450 0.992073118686676
7785 33288796 0.9920834302902222
7786 33289198 0.992095410823822
7787 33289609 0.9921076595783234
7788 33289935 0.9921173751354218
7789 33290321 0.9921288788318634
7790 33290746 0.9921415448188782
7791 33291109 0.9921523630619049
7792 33291456 0.9921627044677734
7793 33291845 0.9921742975711823
7794 33292168 0.9921839237213135
7795 33292510 0.9921941161155701
7796 33292853 0.992204338312149
7797 33293167 0.9922136962413788
7798 33293494 0.9922234416007996
7799 33293871 0.9922346770763397
7800 33294224 0.9922451972961426
7801 33294578 0.9922557473182678
7802 33294929 0.9922662079334259
7803 33295324 0.992277979850769
7804 33295678 0.9922885298728943
7805 33296012 0.9922984838485718
7806 33296400 0.9923100471496582
7807 33296795 0.9923218190670013
7808 33297150 0.992332398891449
7809 33297474 0.9923420548439026
7810 33297865 0.9923537075519562
7811 33298163 0.9923625886440277
7812 33298473 0.9923718273639679
7813 33298852 0.9923831224441528
7814 33299152 0.9923920631408691
7815 33299489 0.9924021065235138
7816 33299817 0.992411881685257
7817 33300159 0.9924220740795135
7818 33300463 0.9924311339855194
7819 33300788 0.9924408197402954
7820 33301113 0.9924505054950714
7821 33301440 0.9924602508544922
7822 33301764 0.9924699068069458
7823 33302091 0.9924796521663666
7824 33302428 0.9924896955490112
7825 33302726 0.9924985766410828
7826 33303054 0.9925083518028259
7827 33303454 0.992520272731781
7828 33303761 0.992529422044754
7829 33304076 0.9925388097763062
7830 33304452 0.9925500154495239
7831 33304748 0.9925588369369507
7832 33305023 0.9925670325756073
7833 33305382 0.9925777316093445
7834 33305686 0.9925867915153503
7835 33305988 0.9925957918167114
7836 33306332 0.9926060438156128
7837 33306702 0.9926170706748962
7838 33307046 0.9926273226737976
7839 33307355 0.9926365315914154
7840 33307697 0.992646723985672
7841 33308014 0.9926561713218689
7842 33308294 0.9926645159721375
7843 33308589 0.9926733076572418
7844 33308932 0.9926835298538208
7845 33309225 0.9926922619342804
7846 33309496 0.9927003383636475
7847 33309861 0.992711216211319
7848 33310129 0.9927192032337189
7849 33310401 0.9927273094654083
7850 33310739 0.9927373826503754
7851 33311039 0.9927463233470917
7852 33311319 0.9927546679973602
7853 33311620 0.9927636384963989
7854 33311906 0.9927721619606018
7855 33312193 0.9927807152271271
7856 33312490 0.9927895665168762
7857 33312796 0.9927986860275269
7858 33313086 0.9928073287010193
7859 33313379 0.9928160607814789
7860 33313670 0.9928247332572937
7861 33313952 0.992833137512207
7862 33314231 0.9928414523601532
7863 33314519 0.9928500354290009
7864 33314855 0.9928600490093231
7865 33315114 0.9928677678108215
7866 33315389 0.9928759634494781
7867 33315697 0.9928851425647736
7868 33315972 0.9928933382034302
7869 33316240 0.9929013252258301
7870 33316527 0.9929098784923553
7871 33316787 0.9929176270961761
7872 33317040 0.9929251670837402
7873 33317311 0.9929332435131073
7874 33317628 0.9929426908493042
7875 33317886 0.9929503798484802
7876 33318152 0.9929583072662354
7877 33318411 0.9929660260677338
7878 33318677 0.9929739534854889
7879 33318926 0.9929813742637634
7880 33319205 0.9929896891117096
7881 33319505 0.9929986298084259
7882 33319763 0.9930063188076019
7883 33319994 0.9930132031440735
7884 33320303 0.9930224120616913
7885 33320535 0.9930293262004852
7886 33320778 0.9930365681648254
7887 33321056 0.9930448532104492
7888 33321321 0.993052750825882
7889 33321570 0.9930601716041565
7890 33321823 0.9930677115917206
7891 33322069 0.993075042963028
7892 33322285 0.9930814802646637
7893 33322517 0.9930883944034576
7894 33322787 0.9930964410305023
7895 33323024 0.9931035041809082
7896 33323270 0.9931108355522156
7897 33323503 0.9931177794933319
7898 33323769 0.993125706911087
7899 33324036 0.9931336641311646
7900 33324260 0.9931403398513794
7901 33324536 0.9931485652923584
7902 33324790 0.9931561350822449
7903 33324966 0.9931613802909851
7904 33325236 0.9931694269180298
7905 33325480 0.9931766986846924
7906 33325714 0.9931836724281311
7907 33325971 0.9931913316249847
7908 33326232 0.9931991100311279
7909 33326449 0.9932055771350861
7910 33326662 0.9932119250297546
7911 33326912 0.9932193756103516
7912 33327143 0.9932262599468231
7913 33327388 0.9932335615158081
7914 33327603 0.9932399690151215
7915 33327831 0.9932467639446259
7916 33328040 0.9932529926300049
7917 33328261 0.9932595789432526
7918 33328482 0.9932661652565002
7919 33328710 0.9932729601860046
7920 33328923 0.9932793080806732
7921 33329151 0.9932861030101776
7922 33329368 0.9932925701141357
7923 33329560 0.9932982921600342
7924 33329804 0.9933055639266968
7925 33330033 0.9933123886585236
7926 33330214 0.9933177828788757
7927 33330423 0.9933240115642548
7928 33330641 0.9933305084705353
7929 33330831 0.9933361709117889
7930 33331047 0.9933426082134247
7931 33331226 0.9933479428291321
7932 33331475 0.9933553636074066
7933 33331681 0.9933615028858185
7934 33331883 0.9933675229549408
7935 33332105 0.9933741390705109
7936 33332321 0.9933805763721466
7937 33332518 0.993386447429657
7938 33332741 0.9933930933475494
7939 33332977 0.9934001266956329
7940 33333163 0.993405669927597
7941 33333387 0.9934123456478119
7942 33333601 0.9934187233448029
7943 33333803 0.9934247434139252
7944 33333992 0.9934303760528564
7945 33334218 0.9934371113777161
7946 33334402 0.9934425950050354
7947 33334596 0.9934483766555786
7948 33334832 0.9934554100036621
7949 33335003 0.9934605062007904
7950 33335189 0.9934660494327545
7951 33335392 0.9934720993041992
7952 33335596 0.9934781789779663
7953 33335782 0.9934837222099304
7954 33335975 0.9934894740581512
7955 33336202 0.9934962391853333
7956 33336406 0.9935023188591003
7957 33336593 0.9935078918933868
7958 33336823 0.993514746427536
7959 33336995 0.9935198724269867
7960 33337168 0.9935250282287598
7961 33337378 0.9935312867164612
7962 33337582 0.9935373663902283
7963 33337765 0.9935428202152252
7964 33337925 0.9935475885868073
7965 33338119 0.9935533702373505
7966 33338269 0.9935578405857086
7967 33338443 0.9935630261898041
7968 33338640 0.9935688972473145
7969 33338817 0.9935741722583771
7970 33339017 0.9935801327228546
7971 33339206 0.9935857653617859
7972 33339402 0.9935916066169739
7973 33339581 0.9935969412326813
7974 33339771 0.9936026036739349
7975 33339939 0.9936076104640961
7976 33340108 0.9936126470565796
7977 33340284 0.9936178922653198
7978 33340484 0.9936238527297974
7979 33340681 0.9936297237873077
7980 33340844 0.9936345815658569
7981 33341023 0.9936399161815643
7982 33341216 0.9936456680297852
7983 33341385 0.9936507046222687
7984 33341555 0.9936557710170746
7985 33341743 0.9936613738536835
7986 33341897 0.9936659634113312
7987 33342059 0.993670791387558
7988 33342230 0.9936758875846863
7989 33342400 0.9936809539794922
7990 33342556 0.9936856031417847
7991 33342745 0.9936912357807159
7992 33342929 0.9936967194080353
7993 33343107 0.9937020242214203
7994 33343265 0.9937067329883575
7995 33343448 0.9937121868133545
7996 33343620 0.9937173128128052
7997 33343789 0.9937223494052887
7998 33343998 0.9937285780906677
7999 33344199 0.9937345683574677
8000 33344357 0.9937392771244049
8001 33344532 0.9937444925308228
8002 33344745 0.9937508404254913
8003 33344908 0.9937556982040405
8004 33345089 0.9937610924243927
8005 33345282 0.9937668442726135
8006 33345437 0.9937714636325836
8007 33345613 0.9937767088413239
8008 33345801 0.9937823116779327
8009 33345966 0.9937872290611267
8010 33346155 0.993792861700058
8011 33346315 0.99379763007164
8012 33346527 0.9938039481639862
8013 33346689 0.993808776140213
8014 33346830 0.9938129782676697
8015 33347010 0.9938183426856995
8016 33347200 0.9938240051269531
8017 33347372 0.9938291311264038
8018 33347541 0.9938341677188873
8019 33347740 0.9938400983810425
8020 33347882 0.9938443303108215
8021 33348050 0.9938493371009827
8022 33348251 0.9938553273677826
8023 33348412 0.993860125541687
8024 33348577 0.993865042924881
8025 33348766 0.9938706755638123
8026 33348937 0.9938757717609406
8027 33349109 0.9938808977603912
8028 33349266 0.9938855767250061
8029 33349457 0.9938912689685822
8030 33349633 0.9938965141773224
8031 33349779 0.993900865316391
8032 33349962 0.9939063191413879
8033 33350150 0.9939119219779968
8034 33350330 0.9939172863960266
8035 33350499 0.9939223229885101
8036 33350696 0.9939281940460205
8037 33350862 0.9939331412315369
8038 33351024 0.9939379692077637
8039 33351244 0.993944525718689
8040 33351413 0.9939495623111725
8041 33351577 0.9939544498920441
8042 33351784 0.9939606189727783
8043 33351997 0.9939669668674469
8044 33352169 0.9939720928668976
8045 33352372 0.9939781427383423
8046 33352555 0.9939835965633392
8047 33352752 0.9939894676208496
8048 33352892 0.9939936399459839
8049 33353095 0.9939996898174286
8050 33353266 0.9940047860145569
8051 33353458 0.9940105080604553
8052 33353644 0.9940160512924194
8053 33353834 0.9940217137336731
8054 33353984 0.9940261840820312
8055 33354178 0.9940319657325745
8056 33354376 0.9940378665924072
8057 33354544 0.9940428733825684
8058 33354690 0.994047224521637
8059 33354911 0.9940538108348846
8060 33355077 0.994058758020401
8061 33355264 0.9940643310546875
8062 33355442 0.9940696358680725
8063 33355639 0.9940755069255829
8064 33355793 0.9940800964832306
8065 33355958 0.9940850138664246
8066 33356123 0.9940899312496185
8067 33356299 0.9940951764583588
8068 33356491 0.9941008985042572
8069 33356677 0.9941064417362213
8070 33356843 0.9941113889217377
8071 33357036 0.9941171407699585
8072 33357204 0.9941221475601196
8073 33357386 0.9941275715827942
8074 33357563 0.9941328465938568
8075 33357730 0.9941378235816956
8076 33357917 0.9941433966159821
8077 33358074 0.9941480755805969
8078 33358223 0.9941525161266327
8079 33358392 0.9941575527191162
8080 33358568 0.9941627979278564
8081 33358741 0.9941679537296295
8082 33358919 0.9941732585430145
8083 33359111 0.994178980588913
8084 33359274 0.9941838383674622
8085 33359436 0.994188666343689
8086 33359649 0.9941950142383575
8087 33359827 0.9942003190517426
8088 33360018 0.9942060112953186
8089 33360188 0.9942110776901245
8090 33360385 0.9942169487476349
8091 33360551 0.9942218959331512
8092 33360732 0.9942272901535034
8093 33360928 0.9942331314086914
8094 33361088 0.9942378997802734
8095 33361269 0.9942432940006256
8096 33361474 0.9942494034767151
8097 33361661 0.9942549765110016
8098 33361822 0.994259774684906
8099 33362017 0.9942655861377716
8100 33362183 0.994270533323288
8101 33362345 0.9942753612995148
8102 33362541 0.9942812025547028
8103 33362714 0.9942863583564758
8104 33362888 0.9942915439605713
8105 33363062 0.9942967295646667
8106 33363255 0.9943024814128876
8107 33363430 0.9943076968193054
8108 33363581 0.994312196969986
8109 33363748 0.9943171739578247
8110 33363948 0.9943231344223022
8111 33364140 0.9943288564682007
8112 33364307 0.9943338334560394
8113 33364493 0.9943393766880035
8114 33364683 0.9943450391292572
8115 33364832 0.994349479675293
8116 33365037 0.9943555891513824
8117 33365218 0.9943609833717346
8118 33365366 0.994365394115448
8119 33365552 0.9943709373474121
8120 33365723 0.9943760335445404
8121 33365850 0.9943798184394836
8122 33366037 0.9943853914737701
8123 33366241 0.9943914711475372
8124 33366424 0.9943969249725342
8125 33366594 0.9944019913673401
8126 33366768 0.9944071769714355
8127 33366934 0.9944121241569519
8128 33367108 0.9944173097610474
8129 33367256 0.9944217205047607
8130 33367436 0.9944270849227905
8131 33367611 0.9944323003292084
8132 33367788 0.994437575340271
8133 33367963 0.9944427907466888
8134 33368124 0.9944475889205933
8135 33368279 0.9944522082805634
8136 33368465 0.9944577515125275
8137 33368633 0.9944627583026886
8138 33368789 0.9944674074649811
8139 33368950 0.9944722056388855
8140 33369150 0.994478166103363
8141 33369325 0.9944833815097809
8142 33369495 0.9944884479045868
8143 33369683 0.9944940507411957
8144 33369845 0.9944988787174225
8145 33370010 0.9945037961006165
8146 33370198 0.9945093989372253
8147 33370389 0.9945150911808014
8148 33370572 0.9945205450057983
8149 33370742 0.9945256114006042
8150 33370934 0.9945313334465027
8151 33371086 0.9945358633995056
8152 33371240 0.9945404529571533
8153 33371394 0.994545042514801
8154 33371587 0.9945507943630219
8155 33371728 0.9945549964904785
8156 33371904 0.9945602416992188
8157 33372079 0.9945654571056366
8158 33372257 0.9945707619190216
8159 33372417 0.9945755302906036
8160 33372606 0.9945811629295349
8161 33372767 0.9945859611034393
8162 33372934 0.9945909380912781
8163 33373092 0.9945956468582153
8164 33373264 0.994600772857666
8165 33373420 0.9946054220199585
8166 33373576 0.994610071182251
8167 33373762 0.9946156144142151
8168 33373929 0.9946205914020538
8169 33374074 0.9946249127388
8170 33374245 0.9946300089359283
8171 33374410 0.9946349263191223
8172 33374546 0.994638979434967
8173 33374696 0.9946434497833252
8174 33374862 0.9946483969688416
8175 33375015 0.9946529567241669
8176 33375167 0.9946574866771698
8177 33375330 0.994662344455719
8178 33375477 0.99466672539711
8179 33375621 0.9946710169315338
8180 33375799 0.9946763217449188
8181 33375961 0.9946811497211456
8182 33376100 0.9946852922439575
8183 33376253 0.9946898519992828
8184 33376433 0.9946952164173126
8185 33376601 0.9947002232074738
8186 33376744 0.9947044849395752
8187 33376899 0.9947091042995453
8188 33377072 0.9947142601013184
8189 33377212 0.9947184324264526
8190 33377378 0.994723379611969
8191 33377535 0.9947280585765839
8192 33377679 0.9947323501110077
8193 33377825 0.9947367012500763
8194 33377978 0.9947412610054016
8195 33378109 0.9947451651096344
8196 33378255 0.994749516248703
8197 33378428 0.9947546720504761
8198 33378573 0.9947589933872223
8199 33378710 0.9947630763053894
8200 33378881 0.9947681725025177
8201 33379038 0.9947728514671326
8202 33379183 0.9947771728038788
8203 33379305 0.9947808086872101
8204 33379455 0.9947852790355682
8205 33379605 0.9947897493839264
8206 33379742 0.9947938323020935
8207 33379899 0.9947985112667084
8208 33380063 0.99480339884758
8209 33380208 0.9948077201843262
8210 33380321 0.994811087846756
8211 33380494 0.994816243648529
8212 33380635 0.9948204457759857
8213 33380771 0.9948244988918304
8214 33380941 0.9948295652866364
8215 33381072 0.9948334693908691
8216 33381220 0.9948378801345825
8217 33381379 0.9948426187038422
8218 33381531 0.9948471486568451
8219 33381666 0.9948511719703674
8220 33381824 0.9948558807373047
8221 33381981 0.9948605597019196
8222 33382128 0.9948649406433105
8223 33382280 0.9948694705963135
8224 33382440 0.9948742389678955
8225 33382592 0.9948787689208984
8226 33382724 0.9948827028274536
8227 33382857 0.9948866665363312
8228 33383024 0.9948916435241699
8229 33383147 0.9948953092098236
8230 33383290 0.994899570941925
8231 33383450 0.9949043393135071
8232 33383560 0.9949076175689697
8233 33383687 0.994911402463913
8234 33383824 0.9949154853820801
8235 33383971 0.9949198663234711
8236 33384106 0.9949238896369934
8237 33384244 0.9949280023574829
8238 33384401 0.9949326813220978
8239 33384541 0.9949368536472321
8240 33384675 0.994940847158432
8241 33384832 0.9949455261230469
8242 33384968 0.9949495792388916
8243 33385108 0.9949537515640259
8244 33385250 0.9949579834938049
8245 33385400 0.9949624538421631
8246 33385536 0.9949665069580078
8247 33385650 0.99496990442276
8248 33385830 0.9949752688407898
8249 33385973 0.9949795305728912
8250 33386091 0.994983047246933
8251 33386272 0.9949884414672852
8252 33386420 0.9949928522109985
8253 33386575 0.9949974715709686
8254 33386727 0.9950020015239716
8255 33386865 0.9950061142444611
8256 33387002 0.9950101971626282
8257 33387134 0.9950141310691833
8258 33387277 0.9950183928012848
8259 33387412 0.9950224161148071
8260 33387565 0.9950269758701324
8261 33387744 0.9950323104858398
8262 33387880 0.9950363636016846
8263 33388023 0.995040625333786
8264 33388131 0.9950438439846039
8265 33388285 0.9950484335422516
8266 33388415 0.995052307844162
8267 33388543 0.9950561225414276
8268 33388698 0.9950607419013977
8269 33388848 0.9950652122497559
8270 33388955 0.9950684010982513
8271 33389124 0.9950734376907349
8272 33389244 0.9950770139694214
8273 33389369 0.9950807392597198
8274 33389499 0.9950846135616302
8275 33389641 0.9950888454914093
8276 33389764 0.995092511177063
8277 33389915 0.9950970113277435
8278 33390047 0.9951009452342987
8279 33390188 0.9951051473617554
8280 33390341 0.9951097071170807
8281 33390476 0.995113730430603
8282 33390623 0.995118111371994
8283 33390765 0.9951223433017731
8284 33390891 0.9951260983943939
8285 33391067 0.9951313436031342
8286 33391206 0.995135486125946
8287 33391325 0.9951390326023102
8288 33391481 0.9951436817646027
8289 33391609 0.9951474964618683
8290 33391749 0.9951516687870026
8291 33391901 0.9951561987400055
8292 33392036 0.9951602220535278
8293 33392164 0.9951640367507935
8294 33392296 0.9951679706573486
8295 33392443 0.9951723515987396
8296 33392559 0.9951758086681366
8297 33392688 0.9951796531677246
8298 33392844 0.9951843023300171
8299 33392974 0.9951881766319275
8300 33393112 0.995192289352417
8301 33393248 0.9951963424682617
8302 33393390 0.9952005743980408
8303 33393552 0.9952054023742676
8304 33393662 0.9952086806297302
8305 33393827 0.9952135980129242
8306 33393958 0.995217502117157
8307 33394096 0.9952216148376465
8308 33394241 0.9952259361743927
8309 33394402 0.9952307343482971
8310 33394534 0.9952346682548523
8311 33394700 0.9952396154403687
8312 33394853 0.995244175195694
8313 33394998 0.9952484965324402
8314 33395121 0.9952521622180939
8315 33395271 0.995256632566452
8316 33395411 0.9952608048915863
8317 33395533 0.9952644407749176
8318 33395681 0.995268851518631
8319 33395821 0.9952730238437653
8320 33395951 0.9952768981456757
8321 33396079 0.9952807128429413
8322 33396245 0.9952856600284576
8323 33396370 0.9952893853187561
8324 33396496 0.995293140411377
8325 33396667 0.9952982366085052
8326 33396802 0.9953022599220276
8327 33396908 0.9953054189682007
8328 33397071 0.9953102767467499
8329 33397210 0.9953144192695618
8330 33397347 0.9953185021877289
8331 33397473 0.9953222572803497
8332 33397643 0.9953273236751556
8333 33397762 0.9953308701515198
8334 33397898 0.9953349232673645
8335 33398033 0.9953389465808868
8336 33398167 0.9953429400920868
8337 33398270 0.9953460097312927
8338 33398430 0.9953507781028748
8339 33398582 0.9953553080558777
8340 33398694 0.9953586459159851
8341 33398805 0.9953619539737701
8342 33398994 0.9953675866127014
8343 33399127 0.995371550321579
8344 33399257 0.9953754246234894
8345 33399399 0.9953796565532684
8346 33399556 0.9953843355178833
8347 33399698 0.9953885674476624
8348 33399841 0.9953928291797638
8349 33399995 0.9953974187374115
8350 33400109 0.9954008162021637
8351 33400247 0.9954049289226532
8352 33400379 0.9954088628292084
8353 33400516 0.9954129457473755
8354 33400636 0.995416522026062
8355 33400774 0.9954206347465515
8356 33400929 0.9954252541065216
8357 33401062 0.9954292178153992
8358 33401178 0.9954326748847961
8359 33401347 0.9954377114772797
8360 33401482 0.995441734790802
8361 33401617 0.9954457581043243
8362 33401777 0.9954505264759064
8363 33401914 0.9954546093940735
8364 33402041 0.9954583942890167
8365 33402168 0.99546217918396
8366 33402329 0.9954669773578644
8367 33402433 0.9954700767993927
8368 33402564 0.9954739809036255
8369 33402702 0.995478093624115
8370 33402824 0.9954817295074463
8371 33402960 0.995485782623291
8372 33403093 0.9954897463321686
8373 33403220 0.9954935312271118
8374 33403335 0.9954969584941864
8375 33403452 0.9955004453659058
8376 33403577 0.9955041706562042
8377 33403718 0.9955083727836609
8378 33403827 0.9955116212368011
8379 33403983 0.9955162703990936
8380 33404109 0.9955200254917145
8381 33404250 0.9955242276191711
8382 33404390 0.9955283999443054
8383 33404533 0.9955326616764069
8384 33404658 0.9955363869667053
8385 33404792 0.9955403804779053
8386 33404949 0.9955450594425201
8387 33405065 0.9955485165119171
8388 33405185 0.9955520927906036
8389 33405358 0.9955572485923767
8390 33405468 0.9955605268478394
8391 33405599 0.9955644309520721
8392 33405721 0.9955680668354034
8393 33405850 0.9955719113349915
8394 33405982 0.9955758452415466
8395 33406097 0.9955792725086212
8396 33406245 0.9955836832523346
8397 33406391 0.9955880343914032
8398 33406523 0.9955919682979584
8399 33406646 0.9955956339836121
8400 33406762 0.995599091053009
8401 33406856 0.9956018924713135
8402 33406962 0.9956050515174866
8403 33407108 0.9956094026565552
8404 33407208 0.995612382888794
8405 33407325 0.9956158697605133
8406 33407470 0.9956201910972595
8407 33407566 0.9956230521202087
8408 33407673 0.9956262409687042
8409 33407793 0.9956298172473907
8410 33407922 0.9956336617469788
8411 33408056 0.9956376552581787
8412 33408178 0.99564129114151
8413 33408333 0.9956459105014801
8414 33408475 0.9956501424312592
8415 33408604 0.9956539869308472
8416 33408745 0.9956581890583038
8417 33408853 0.9956614077091217
8418 33408973 0.9956649839878082
8419 33409111 0.9956690967082977
8420 33409235 0.9956727921962738
8421 33409351 0.9956762492656708
8422 33409463 0.9956795871257782
8423 33409608 0.9956839084625244
8424 33409724 0.9956873655319214
8425 33409850 0.9956911206245422
8426 33409976 0.9956948757171631
8427 33410083 0.9956980645656586
8428 33410189 0.9957012236118317
8429 33410319 0.9957050979137421
8430 33410450 0.9957090020179749
8431 33410573 0.9957126677036285
8432 33410684 0.9957159757614136
8433 33410813 0.9957198202610016
8434 33410940 0.9957236051559448
8435 33411068 0.9957274198532104
8436 33411197 0.9957312643527985
8437 33411326 0.9957351088523865
8438 33411435 0.9957383573055267
8439 33411540 0.9957414865493774
8440 33411704 0.995746374130249
8441 33411806 0.9957494139671326
8442 33411916 0.9957526922225952
8443 33412067 0.9957571923732758
8444 33412171 0.9957602918148041
8445 33412281 0.9957635700702667
8446 33412436 0.9957681894302368
8447 33412551 0.9957716166973114
8448 33412652 0.9957746267318726
8449 33412794 0.9957788586616516
8450 33412911 0.995782345533371
8451 33413024 0.9957857131958008
8452 33413130 0.9957888722419739
8453 33413239 0.9957921206951141
8454 33413354 0.9957955479621887
8455 33413444 0.9957982301712036
8456 33413560 0.9958016872406006
8457 33413706 0.9958060383796692
8458 33413812 0.9958091974258423
8459 33413920 0.9958124160766602
8460 33414053 0.9958163797855377
8461 33414158 0.9958195090293884
8462 33414269 0.9958228170871735
8463 33414399 0.9958266913890839
8464 33414524 0.9958304166793823
8465 33414658 0.9958344101905823
8466 33414771 0.9958377778530121
8467 33414904 0.9958417415618896
8468 33415010 0.9958449006080627
8469 33415113 0.9958479702472687
8470 33415229 0.9958514273166656
8471 33415348 0.9958549737930298
8472 33415472 0.9958586692810059
8473 33415576 0.9958617687225342
8474 33415688 0.9958651065826416
8475 33415804 0.9958685636520386
8476 33415898 0.995871365070343
8477 33416008 0.9958746433258057
8478 33416109 0.9958776533603668
8479 33416213 0.9958807528018951
8480 33416333 0.9958843290805817
8481 33416438 0.9958874583244324
8482 33416552 0.9958908557891846
8483 33416685 0.9958948194980621
8484 33416796 0.9958981275558472
8485 33416918 0.9959017634391785
8486 33417020 0.995904803276062
8487 33417129 0.9959080517292023
8488 33417254 0.9959117770195007
8489 33417366 0.9959151148796082
8490 33417478 0.9959184527397156
8491 33417601 0.9959221184253693
8492 33417718 0.9959256052970886
8493 33417834 0.9959290623664856
8494 33417949 0.9959324896335602
8495 33418068 0.9959360361099243
8496 33418198 0.9959399104118347
8497 33418333 0.9959439337253571
8498 33418425 0.9959466755390167
8499 33418510 0.9959492087364197
8500 33418656 0.9959535598754883
8501 33418776 0.9959571361541748
8502 33418874 0.9959600567817688
8503 33419014 0.9959642291069031
8504 33419125 0.9959675371646881
8505 33419246 0.995971143245697
8506 33419380 0.995975136756897
8507 33419499 0.9959786832332611
8508 33419615 0.9959821403026581
8509 33419736 0.995985746383667
8510 33419855 0.9959892928600311
8511 33419983 0.9959931075572968
8512 33420070 0.9959957003593445
8513 33420183 0.9959990680217743
8514 33420314 0.9960029721260071
8515 33420420 0.9960061311721802
8516 33420527 0.9960093200206757
8517 33420667 0.9960134923458099
8518 33420770 0.9960165619850159
8519 33420861 0.9960192739963531
8520 33420981 0.9960228502750397
8521 33421075 0.9960256516933441
8522 33421187 0.9960289895534515
8523 33421319 0.9960329234600067
8524 33421437 0.9960364401340485
8525 33421548 0.9960397481918335
8526 33421658 0.9960430264472961
8527 33421782 0.9960467219352722
8528 33421883 0.9960497319698334
8529 33421971 0.9960523545742035
8530 33422079 0.9960555732250214
8531 33422176 0.996058464050293
8532 33422294 0.9960619807243347
8533 33422400 0.9960651397705078
8534 33422510 0.9960684180259705
8535 33422607 0.9960713088512421
8536 33422709 0.9960743486881256
8537 33422813 0.9960774481296539
8538 33422928 0.9960808753967285
8539 33423028 0.9960838556289673
8540 33423153 0.9960875809192657
8541 33423263 0.9960908591747284
8542 33423365 0.9960938990116119
8543 33423482 0.9960973858833313
8544 33423594 0.9961007237434387
8545 33423694 0.9961037039756775
8546 33423809 0.9961071312427521
8547 33423912 0.996110200881958
8548 33424020 0.9961134195327759
8549 33424116 0.9961162805557251
8550 33424219 0.996119350194931
8551 33424331 0.9961226880550385
8552 33424436 0.9961258172988892
8553 33424534 0.9961287379264832
8554 33424649 0.9961321651935577
8555 33424755 0.9961353242397308
8556 33424866 0.9961386322975159
8557 33424967 0.996141642332077
8558 33425068 0.9961446523666382
8559 33425181 0.996148020029068
8560 33425282 0.9961510300636292
8561 33425395 0.996154397726059
8562 33425498 0.9961574673652649
8563 33425622 0.996161162853241
8564 33425731 0.9961644113063812
8565 33425815 0.9961669147014618
8566 33425931 0.9961703717708588
8567 33426038 0.9961735606193542
8568 33426140 0.9961766004562378
8569 33426253 0.9961799681186676
8570 33426343 0.9961826503276825
8571 33426449 0.9961858093738556
8572 33426544 0.9961886405944824
8573 33426646 0.996191680431366
8574 33426750 0.9961947798728943
8575 33426861 0.9961980879306793
8576 33426959 0.9962010085582733
8577 33427074 0.9962044358253479
8578 33427186 0.9962077736854553
8579 33427271 0.9962103068828583
8580 33427390 0.9962138533592224
8581 33427498 0.9962170720100403
8582 33427615 0.9962205588817596
8583 33427701 0.996223121881485
8584 33427835 0.9962271153926849
8585 33427915 0.996229499578476
8586 33428002 0.9962320923805237
8587 33428097 0.9962349236011505
8588 33428221 0.9962386190891266
8589 33428311 0.9962413012981415
8590 33428398 0.9962438941001892
8591 33428507 0.9962471425533295
8592 33428616 0.9962503910064697
8593 33428699 0.9962528645992279
8594 33428799 0.9962558448314667
8595 33428930 0.9962597489356995
8596 33429031 0.9962627589702606
8597 33429125 0.9962655603885651
8598 33429241 0.996269017457962
8599 33429333 0.9962717592716217
8600 33429431 0.9962746798992157
8601 33429530 0.9962776303291321
8602 33429615 0.996280163526535
8603 33429714 0.9962831139564514
8604 33429834 0.9962866902351379
8605 33429947 0.9962900578975677
8606 33430056 0.996293306350708
8607 33430155 0.9962962567806244
8608 33430263 0.9962994754314423
8609 33430349 0.9963020384311676
8610 33430445 0.9963048994541168
8611 33430556 0.9963082075119019
8612 33430661 0.9963113367557526
8613 33430764 0.9963144063949585
8614 33430866 0.996317446231842
8615 33430967 0.9963204562664032
8616 33431072 0.9963235855102539
8617 33431165 0.996326357126236
8618 33431267 0.9963293969631195
8619 33431359 0.9963321387767792
8620 33431470 0.9963354468345642
8621 33431562 0.9963381886482239
8622 33431660 0.9963411092758179
8623 33431753 0.9963438808917999
8624 33431860 0.9963470697402954
8625 33431965 0.9963501989841461
8626 33432056 0.9963529109954834
8627 33432150 0.9963557124137878
8628 33432236 0.9963582754135132
8629 33432342 0.9963614344596863
8630 33432424 0.9963638782501221
8631 33432528 0.9963669776916504
8632 33432641 0.9963703453540802
8633 33432735 0.9963731467723846
8634 33432818 0.9963756203651428
8635 33432942 0.9963793158531189
8636 33433038 0.9963821768760681
8637 33433128 0.996384859085083
8638 33433213 0.996387392282486
8639 33433324 0.996390700340271
8640 33433415 0.9963934123516083
8641 33433513 0.9963963329792023
8642 33433627 0.9963997304439545
8643 33433730 0.9964028000831604
8644 33433830 0.9964057803153992
8645 33433940 0.9964090585708618
8646 33434013 0.9964112341403961
8647 33434116 0.996414303779602
8648 33434218 0.9964173436164856
8649 33434308 0.9964200258255005
8650 33434406 0.9964229464530945
8651 33434486 0.9964253306388855
8652 33434602 0.9964287877082825
8653 33434693 0.9964314997196198
8654 33434775 0.9964339435100555
8655 33434866 0.9964366555213928
8656 33434953 0.9964392483234406
8657 33435045 0.9964419901371002
8658 33435158 0.99644535779953
8659 33435247 0.9964480102062225
8660 33435333 0.9964505732059479
8661 33435437 0.9964536726474762
8662 33435538 0.9964566826820374
8663 33435630 0.996459424495697
8664 33435715 0.9964619576931
8665 33435811 0.9964648187160492
8666 33435919 0.9964680373668671
8667 33436011 0.9964707791805267
8668 33436095 0.9964732825756073
8669 33436198 0.9964763522148132
8670 33436301 0.9964794218540192
8671 33436388 0.9964820146560669
8672 33436501 0.9964853823184967
8673 33436574 0.996487557888031
8674 33436659 0.996490091085434
8675 33436757 0.996493011713028
8676 33436843 0.9964955747127533
8677 33436943 0.9964985549449921
8678 33437051 0.9965017735958099
8679 33437154 0.9965048432350159
8680 33437240 0.9965074062347412
8681 33437326 0.9965099692344666
8682 33437414 0.9965125918388367
8683 33437502 0.9965152144432068
8684 33437568 0.9965171813964844
8685 33437652 0.9965196847915649
8686 33437765 0.9965230524539948
8687 33437852 0.9965256452560425
8688 33437933 0.9965280592441559
8689 33438036 0.9965311288833618
8690 33438103 0.9965331256389618
8691 33438212 0.996536374092102
8692 33438307 0.9965392053127289
8693 33438395 0.996541827917099
8694 33438487 0.9965445697307587
8695 33438586 0.996547520160675
8696 33438676 0.9965502023696899
8697 33438759 0.9965526759624481
8698 33438838 0.9965550303459167
8699 33438934 0.996557891368866
8700 33439018 0.9965603947639465
8701 33439108 0.9965630769729614
8702 33439194 0.9965656399726868
8703 33439278 0.9965681433677673
8704 33439378 0.9965711236000061
8705 33439460 0.9965735673904419
8706 33439570 0.9965768456459045
8707 33439655 0.9965793788433075
8708 33439738 0.9965818524360657
8709 33439841 0.9965849220752716
8710 33439913 0.9965870678424835
8711 33439995 0.9965895116329193
8712 33440100 0.99659264087677
8713 33440199 0.9965955913066864
8714 33440276 0.9965978860855103
8715 33440365 0.9966005384922028
8716 33440457 0.9966032803058624
8717 33440544 0.9966058731079102
8718 33440619 0.9966081082820892
8719 33440717 0.9966110289096832
8720 33440805 0.9966136515140533
8721 33440874 0.9966157078742981
8722 33440966 0.9966184496879578
8723 33441071 0.9966215789318085
8724 33441157 0.9966241419315338
8725 33441239 0.9966265857219696
8726 33441337 0.9966295063495636
8727 33441430 0.9966322779655457
8728 33441517 0.9966348707675934
8729 33441621 0.9966379702091217
8730 33441709 0.9966405928134918
8731 33441786 0.9966428875923157
8732 33441888 0.9966459274291992
8733 33441972 0.9966484308242798
8734 33442070 0.9966513514518738
8735 33442147 0.9966536462306976
8736 33442247 0.9966566264629364
8737 33442337 0.9966593086719513
8738 33442430 0.9966620802879333
8739 33442519 0.9966647326946259
8740 33442613 0.9966675341129303
8741 33442712 0.9966704845428467
8742 33442785 0.996672660112381
8743 33442879 0.9966754615306854
8744 33442963 0.996677964925766
8745 33443039 0.9966802299022675
8746 33443146 0.9966834187507629
8747 33443242 0.9966862797737122
8748 33443336 0.9966890811920166
8749 33443423 0.9966916739940643
8750 33443512 0.9966943264007568
8751 33443600 0.996696949005127
8752 33443682 0.9966993927955627
8753 33443788 0.9967025518417358
8754 33443871 0.996705025434494
8755 33443951 0.996707409620285
8756 33444043 0.9967101514339447
8757 33444152 0.996713399887085
8758 33444232 0.996715784072876
8759 33444318 0.9967183470726013
8760 33444410 0.996721088886261
8761 33444500 0.9967237710952759
8762 33444572 0.9967259168624878
8763 33444668 0.996728777885437
8764 33444747 0.9967311322689056
8765 33444819 0.9967332780361176
8766 33444904 0.9967358112335205
8767 33444995 0.9967385232448578
8768 33445071 0.9967407882213593
8769 33445154 0.9967432618141174
8770 33445259 0.9967463910579681
8771 33445337 0.9967487156391144
8772 33445431 0.9967515170574188
8773 33445525 0.9967543184757233
8774 33445615 0.9967570006847382
8775 33445698 0.9967594742774963
8776 33445794 0.9967623353004456
8777 33445889 0.9967651665210724
8778 33445960 0.9967672824859619
8779 33446025 0.9967692196369171
8780 33446105 0.9967716038227081
8781 33446184 0.9967739582061768
8782 33446257 0.9967761337757111
8783 33446344 0.9967787265777588
8784 33446438 0.9967815279960632
8785 33446515 0.9967838227748871
8786 33446602 0.9967864155769348
8787 33446692 0.9967890977859497
8788 33446755 0.9967909753322601
8789 33446838 0.9967934489250183
8790 33446927 0.9967961013317108
8791 33446989 0.9967979490756989
8792 33447061 0.9968000948429108
8793 33447157 0.99680295586586
8794 33447244 0.9968055486679077
8795 33447318 0.9968077540397644
8796 33447414 0.9968106150627136
8797 33447511 0.9968135058879852
8798 33447591 0.9968158900737762
8799 33447669 0.9968182146549225
8800 33447760 0.9968209266662598
8801 33447841 0.9968233406543732
8802 33447920 0.9968256950378418
8803 33448004 0.9968281984329224
8804 33448090 0.9968307614326477
8805 33448156 0.9968327283859253
8806 33448232 0.9968349933624268
8807 33448331 0.9968379437923431
8808 33448405 0.9968401491641998
8809 33448485 0.9968425333499908
8810 33448574 0.9968451857566833
8811 33448638 0.9968470931053162
8812 33448710 0.9968492388725281
8813 33448775 0.9968511760234833
8814 33448857 0.9968536198139191
8815 33448951 0.9968564212322235
8816 33449030 0.9968587756156921
8817 33449105 0.9968610107898712
8818 33449199 0.9968638122081757
8819 33449274 0.9968660473823547
8820 33449382 0.9968692660331726
8821 33449456 0.9968714714050293
8822 33449527 0.9968735873699188
8823 33449613 0.9968761503696442
8824 33449693 0.9968785345554352
8825 33449760 0.9968805313110352
8826 33449830 0.9968826174736023
8827 33449907 0.9968849122524261
8828 33449994 0.9968875050544739
8829 33450085 0.9968902170658112
8830 33450154 0.9968922734260559
8831 33450226 0.9968944191932678
8832 33450304 0.9968967437744141
8833 33450387 0.9968992173671722
8834 33450480 0.9969019889831543
8835 33450558 0.9969043135643005
8836 33450619 0.9969061315059662
8837 33450707 0.9969087541103363
8838 33450775 0.9969107806682587
8839 33450855 0.9969131648540497
8840 33450937 0.9969156086444855
8841 33451020 0.9969180822372437
8842 33451099 0.9969204366207123
8843 33451172 0.9969226121902466
8844 33451261 0.9969252645969391
8845 33451322 0.9969270825386047
8846 33451402 0.9969294667243958
8847 33451496 0.9969322681427002
8848 33451568 0.9969344139099121
8849 33451630 0.9969362616539001
8850 33451729 0.9969392120838165
8851 33451814 0.9969417452812195
8852 33451886 0.9969438910484314
8853 33451958 0.9969460368156433
8854 33452037 0.9969483911991119
8855 33452118 0.9969508051872253
8856 33452192 0.996953010559082
8857 33452272 0.996955394744873
8858 33452326 0.996957004070282
8859 33452402 0.9969592690467834
8860 33452473 0.996961385011673
8861 33452562 0.9969640374183655
8862 33452645 0.9969665110111237
8863 33452708 0.9969683885574341
8864 33452807 0.9969713389873505
8865 33452882 0.9969735741615295
8866 33452941 0.9969753324985504
8867 33453023 0.9969777762889862
8868 33453102 0.9969801306724548
8869 33453179 0.9969824254512787
8870 33453266 0.9969850182533264
8871 33453338 0.9969871640205383
8872 33453411 0.9969893395900726
8873 33453488 0.9969916343688965
8874 33453572 0.996994137763977
8875 33453664 0.9969968795776367
8876 33453749 0.9969994127750397
8877 33453830 0.9970018267631531
8878 33453911 0.9970042407512665
8879 33453984 0.9970064163208008
8880 33454060 0.9970086812973022
8881 33454153 0.9970114529132843
8882 33454216 0.9970133304595947
8883 33454298 0.9970157742500305
8884 33454380 0.9970182180404663
8885 33454444 0.9970201253890991
8886 33454518 0.9970223307609558
8887 33454593 0.9970245659351349
8888 33454674 0.9970269799232483
8889 33454747 0.9970291554927826
8890 33454818 0.9970312714576721
8891 33454914 0.9970341324806213
8892 33455006 0.997036874294281
8893 33455079 0.9970390498638153
8894 33455166 0.997041642665863
8895 33455248 0.9970440864562988
8896 33455340 0.9970468282699585
8897 33455418 0.9970491528511047
8898 33455507 0.9970518052577972
8899 33455598 0.9970545172691345
8900 33455667 0.9970565736293793
8901 33455767 0.997059553861618
8902 33455840 0.9970617294311523
8903 33455918 0.9970640540122986
8904 33456012 0.997066855430603
8905 33456093 0.9970692694187164
8906 33456177 0.997071772813797
8907 33456251 0.9970739781856537
8908 33456331 0.9970763623714447
8909 33456416 0.9970788955688477
8910 33456496 0.9970812797546387
8911 33456581 0.9970838129520416
8912 33456659 0.9970861375331879
8913 33456749 0.9970888197422028
8914 33456842 0.9970915913581848
8915 33456937 0.9970944225788116
8916 33457010 0.997096598148346
8917 33457088 0.9970989227294922
8918 33457192 0.9971020221710205
8919 33457285 0.9971047937870026
8920 33457391 0.9971079528331757
8921 33457500 0.9971112012863159
8922 33457556 0.9971128702163696
8923 33457626 0.9971149563789368
8924 33457710 0.9971174597740173
8925 33457777 0.9971194565296173
8926 33457851 0.997121661901474
8927 33457929 0.9971239864826202
8928 33458017 0.9971266090869904
8929 33458099 0.9971290528774261
8930 33458160 0.9971308708190918
8931 33458223 0.9971327483654022
8932 33458294 0.9971348643302917
8933 33458370 0.9971371293067932
8934 33458434 0.997139036655426
8935 33458508 0.9971412420272827
8936 33458578 0.9971433281898499
8937 33458667 0.9971459805965424
8938 33458759 0.997148722410202
8939 33458833 0.9971509277820587
8940 33458914 0.9971533417701721
8941 33459000 0.9971559047698975
8942 33459078 0.9971582293510437
8943 33459159 0.9971606433391571
8944 33459244 0.9971631765365601
8945 33459319 0.9971654117107391
8946 33459390 0.9971675276756287
8947 33459473 0.9971700012683868
8948 33459569 0.9971728622913361
8949 33459668 0.9971758127212524
8950 33459742 0.9971780180931091
8951 33459827 0.9971805512905121
8952 33459914 0.9971831440925598
8953 33459989 0.9971853792667389
8954 33460057 0.9971874058246613
8955 33460152 0.9971902370452881
8956 33460236 0.9971927404403687
8957 33460327 0.9971954524517059
8958 33460430 0.9971985220909119
8959 33460500 0.997200608253479
8960 33460555 0.9972022473812103
8961 33460651 0.9972051084041595
8962 33460765 0.9972085058689117
8963 33460829 0.9972104132175446
8964 33460908 0.9972127676010132
8965 33461007 0.9972157180309296
8966 33461078 0.9972178339958191
8967 33461167 0.9972204864025116
8968 33461243 0.9972227513790131
8969 33461317 0.9972249567508698
8970 33461386 0.9972270131111145
8971 33461479 0.9972297847270966
8972 33461548 0.9972318410873413
8973 33461630 0.9972342848777771
8974 33461703 0.9972364604473114
8975 33461805 0.997239500284195
8976 33461886 0.9972419142723083
8977 33461973 0.9972445070743561
8978 33462044 0.9972466230392456
8979 33462126 0.9972490668296814
8980 33462207 0.9972514808177948
8981 33462282 0.9972537159919739
8982 33462367 0.9972562491893768
8983 33462446 0.9972586035728455
8984 33462538 0.9972613453865051
8985 33462627 0.9972639977931976
8986 33462698 0.9972661137580872
8987 33462771 0.9972682893276215
8988 33462841 0.9972703754901886
8989 33462929 0.9972729980945587
8990 33463005 0.9972752630710602
8991 33463086 0.9972776770591736
8992 33463175 0.9972803294658661
8993 33463250 0.9972825646400452
8994 33463319 0.9972846210002899
8995 33463417 0.9972875416278839
8996 33463500 0.9972900152206421
8997 33463576 0.9972922801971436
8998 33463663 0.9972948729991913
8999 33463754 0.9972975850105286
9000 33463829 0.9972998201847076
9001 33463917 0.9973024427890778
9002 33464008 0.997305154800415
9003 33464102 0.9973079562187195
9004 33464185 0.9973104298114777
9005 33464263 0.9973127543926239
9006 33464356 0.997315526008606
9007 33464452 0.9973183870315552
9008 33464538 0.9973209500312805
9009 33464631 0.9973237216472626
9010 33464717 0.9973262846469879
9011 33464784 0.9973282814025879
9012 33464884 0.9973312616348267
9013 33464981 0.9973341524600983
9014 33465041 0.9973359405994415
9015 33465122 0.9973383545875549
9016 33465210 0.997340977191925
9017 33465298 0.9973435997962952
9018 33465387 0.9973462522029877
9019 33465465 0.9973485767841339
9020 33465541 0.9973508417606354
9021 33465612 0.9973529577255249
9022 33465695 0.9973554313182831
9023 33465772 0.9973577260971069
9024 33465840 0.9973597526550293
9025 33465908 0.9973617792129517
9026 33465997 0.9973644316196442
9027 33466076 0.9973667860031128
9028 33466160 0.9973692893981934
9029 33466254 0.9973720908164978
9030 33466337 0.997374564409256
9031 33466429 0.9973773062229156
9032 33466516 0.9973798990249634
9033 33466614 0.9973828196525574
9034 33466690 0.9973850846290588
9035 33466781 0.9973877966403961
9036 33466872 0.9973905086517334
9037 33466950 0.9973928332328796
9038 33467032 0.9973952770233154
9039 33467133 0.9973982870578766
9040 33467217 0.9974007904529572
9041 33467304 0.9974033832550049
9042 33467370 0.9974053502082825
9043 33467470 0.9974083304405212
9044 33467559 0.9974109828472137
9045 33467642 0.9974134564399719
9046 33467733 0.9974161684513092
9047 33467806 0.9974183440208435
9048 33467889 0.9974208176136017
9049 33467975 0.997423380613327
9050 33468067 0.9974261224269867
9051 33468167 0.9974291026592255
9052 33468272 0.9974322319030762
9053 33468371 0.9974351823329926
9054 33468454 0.9974376559257507
9055 33468543 0.9974403083324432
9056 33468657 0.9974437057971954
9057 33468743 0.9974462687969208
9058 33468822 0.9974486231803894
9059 33468921 0.9974515736103058
9060 33468997 0.9974538385868073
9061 33469070 0.9974560141563416
9062 33469165 0.9974588453769684
9063 33469262 0.99746173620224
9064 33469344 0.9974641799926758
9065 33469420 0.9974664449691772
9066 33469534 0.9974698424339294
9067 33469634 0.9974728226661682
9068 33469714 0.9974752068519592
9069 33469794 0.9974775910377502
9070 33469885 0.9974803030490875
9071 33469949 0.9974822103977203
9072 33470023 0.997484415769577
9073 33470101 0.9974867403507233
9074 33470182 0.9974891543388367
9075 33470256 0.9974913597106934
9076 33470371 0.9974947869777679
9077 33470450 0.9974971413612366
9078 33470529 0.9974994957447052
9079 33470599 0.9975015819072723
9080 33470687 0.9975042045116425
9081 33470784 0.9975070953369141
9082 33470875 0.9975098073482513
9083 33470968 0.9975125789642334
9084 33471052 0.997515082359314
9085 33471121 0.9975171387195587
9086 33471219 0.9975200593471527
9087 33471322 0.9975231289863586
9088 33471406 0.9975256323814392
9089 33471501 0.997528463602066
9090 33471603 0.9975315034389496
9091 33471695 0.9975342452526093
9092 33471771 0.9975365102291107
9093 33471875 0.997539609670639
9094 33471949 0.9975418150424957
9095 33472026 0.9975441098213196
9096 33472114 0.9975467324256897
9097 33472195 0.9975491464138031
9098 33472270 0.9975513815879822
9099 33472351 0.9975537955760956
9100 33472435 0.9975562989711761
9101 33472511 0.9975585639476776
9102 33472594 0.9975610375404358
9103 33472682 0.9975636601448059
9104 33472769 0.9975662529468536
9105 33472833 0.9975681602954865
9106 33472915 0.9975706040859222
9107 33473009 0.9975734055042267
9108 33473089 0.9975757896900177
9109 33473166 0.9975780844688416
9110 33473258 0.9975808262825012
9111 33473341 0.9975832998752594
9112 33473422 0.9975857138633728
9113 33473523 0.997588723897934
9114 33473606 0.9975911974906921
9115 33473670 0.997593104839325
9116 33473748 0.9975954294204712
9117 33473834 0.9975979924201965
9118 33473895 0.9975998103618622
9119 33473979 0.9976023137569427
9120 33474066 0.9976049065589905
9121 33474146 0.9976072907447815
9122 33474243 0.9976101815700531
9123 33474329 0.9976127445697784
9124 33474421 0.9976154863834381
9125 33474496 0.9976177215576172
9126 33474567 0.9976198375225067
9127 33474627 0.99762162566185
9128 33474712 0.9976241588592529
9129 33474789 0.9976264536380768
9130 33474885 0.997629314661026
9131 33474954 0.9976313710212708
9132 33475008 0.9976329803466797
9133 33475087 0.9976353347301483
9134 33475168 0.9976377487182617
9135 33475250 0.9976401925086975
9136 33475330 0.9976425766944885
9137 33475432 0.9976456165313721
9138 33475501 0.9976476728916168
9139 33475579 0.9976499974727631
9140 33475661 0.9976524412631989
9141 33475730 0.9976544976234436
9142 33475804 0.9976567029953003
9143 33475876 0.9976588487625122
9144 33475957 0.9976612627506256
9145 33476025 0.997663289308548
9146 33476110 0.9976658225059509
9147 33476194 0.9976683259010315
9148 33476263 0.9976703822612762
9149 33476333 0.9976724684238434
9150 33476403 0.9976745545864105
9151 33476475 0.9976767003536224
9152 33476548 0.9976788759231567
9153 33476636 0.9976814985275269
9154 33476708 0.9976836442947388
9155 33476774 0.9976856112480164
9156 33476842 0.9976876378059387
9157 33476922 0.9976900219917297
9158 33476990 0.9976920485496521
9159 33477057 0.9976940453052521
9160 33477131 0.9976962506771088
9161 33477202 0.9976983666419983
9162 33477265 0.9977002441883087
9163 33477320 0.99770188331604
9164 33477397 0.9977041780948639
9165 33477451 0.9977057874202728
9166 33477498 0.997707188129425
9167 33477572 0.9977093935012817
9168 33477649 0.9977116882801056
9169 33477716 0.9977136850357056
9170 33477791 0.9977159202098846
9171 33477854 0.9977177977561951
9172 33477907 0.9977193772792816
9173 33477981 0.9977215826511383
9174 33478069 0.9977242052555084
9175 33478122 0.997725784778595
9176 33478194 0.9977279305458069
9177 33478250 0.9977295994758606
9178 33478309 0.9977313578128815
9179 33478374 0.9977332949638367
9180 33478436 0.9977351427078247
9181 33478505 0.9977371990680695
9182 33478572 0.9977391958236694
9183 33478646 0.9977414011955261
9184 33478709 0.9977432787418365
9185 33478780 0.9977453947067261
9186 33478838 0.9977471232414246
9187 33478908 0.9977492094039917
9188 33478962 0.9977508187294006
9189 33479007 0.9977521598339081
9190 33479064 0.9977538585662842
9191 33479125 0.9977556765079498
9192 33479186 0.9977574944496155
9193 33479244 0.997759222984314
9194 33479314 0.9977613091468811
9195 33479372 0.9977630376815796
9196 33479437 0.9977649748325348
9197 33479512 0.9977672100067139
9198 33479571 0.9977689683437347
9199 33479634 0.9977708458900452
9200 33479693 0.997772604227066
9201 33479757 0.9977745115756989
9202 33479822 0.997776448726654
9203 33479889 0.997778445482254
9204 33479962 0.9977806210517883
9205 33480015 0.9977822005748749
9206 33480063 0.9977836310863495
9207 33480124 0.9977854490280151
9208 33480196 0.997787594795227
9209 33480247 0.9977891147136688
9210 33480292 0.9977904558181763
9211 33480354 0.9977923035621643
9212 33480401 0.9977937042713165
9213 33480467 0.9977956712245941
9214 33480532 0.9977976083755493
9215 33480587 0.9977992475032806
9216 33480633 0.9978006184101105
9217 33480682 0.9978020787239075
9218 33480740 0.997803807258606
9219 33480795 0.9978054463863373
9220 33480845 0.9978069365024567
9221 33480903 0.9978086650371552
9222 33480955 0.9978102147579193
9223 33481013 0.9978119432926178
9224 33481076 0.9978138208389282
9225 33481132 0.9978154897689819
9226 33481186 0.9978170990943909
9227 33481251 0.9978190362453461
9228 33481310 0.9978207945823669
9229 33481359 0.9978222548961639
9230 33481417 0.9978239834308624
9231 33481476 0.9978257417678833
9232 33481535 0.9978275001049042
9233 33481578 0.9978287816047668
9234 33481633 0.9978304207324982
9235 33481674 0.9978316426277161
9236 33481723 0.9978331029415131
9237 33481776 0.9978346824645996
9238 33481840 0.9978365898132324
9239 33481892 0.9978381395339966
9240 33481939 0.9978395402431488
9241 33481993 0.9978411495685577
9242 33482037 0.9978424608707428
9243 33482079 0.9978437125682831
9244 33482138 0.997845470905304
9245 33482190 0.9978470206260681
9246 33482231 0.997848242521286
9247 33482272 0.9978494644165039
9248 33482318 0.9978508353233337
9249 33482372 0.9978524446487427
9250 33482431 0.9978542029857635
9251 33482487 0.9978558719158173
9252 33482534 0.9978572726249695
9253 33482590 0.9978589415550232
9254 33482639 0.9978604018688202
9255 33482688 0.9978618621826172
9256 33482744 0.9978635311126709
9257 33482810 0.9978654980659485
9258 33482867 0.9978671967983246
9259 33482913 0.9978685677051544
9260 33482963 0.9978700578212738
9261 33483024 0.9978718757629395
9262 33483076 0.9978734254837036
9263 33483125 0.9978748857975006
9264 33483173 0.9978763163089752
9265 33483236 0.9978781938552856
9266 33483285 0.9978796541690826
9267 33483339 0.9978812634944916
9268 33483389 0.997882753610611
9269 33483445 0.9978844225406647
9270 33483510 0.9978863596916199
9271 33483558 0.9978877902030945
9272 33483618 0.9978895783424377
9273 33483657 0.9978907406330109
9274 33483713 0.9978924095630646
9275 33483766 0.9978939890861511
9276 33483819 0.9978955686092377
9277 33483875 0.9978972375392914
9278 33483931 0.9978989064693451
9279 33483984 0.9979004859924316
9280 33484021 0.99790158867836
9281 33484074 0.9979031682014465
9282 33484132 0.997904896736145
9283 33484189 0.9979065954685211
9284 33484242 0.9979081749916077
9285 33484317 0.9979104101657867
9286 33484376 0.9979121685028076
9287 33484433 0.9979138672351837
9288 33484489 0.9979155361652374
9289 33484544 0.9979171752929688
9290 33484586 0.997918426990509
9291 33484629 0.9979197084903717
9292 33484694 0.9979216456413269
9293 33484748 0.9979232549667358
9294 33484785 0.9979243576526642
9295 33484856 0.9979264736175537
9296 33484900 0.9979277849197388
9297 33484943 0.9979290664196014
9298 33485003 0.9979308545589447
9299 33485053 0.9979323446750641
9300 33485099 0.9979337155818939
9301 33485152 0.9979352951049805
9302 33485211 0.9979370534420013
9303 33485255 0.9979383647441864
9304 33485307 0.9979399144649506
9305 33485374 0.9979419112205505
9306 33485418 0.9979432225227356
9307 33485475 0.9979449212551117
9308 33485532 0.9979466199874878
9309 33485568 0.9979476928710938
9310 33485619 0.9979492127895355
9311 33485666 0.9979506134986877
9312 33485720 0.9979522228240967
9313 33485755 0.9979532659053802
9314 33485802 0.9979546666145325
9315 33485854 0.9979562163352966
9316 33485909 0.997957855463028
9317 33485964 0.9979594945907593
9318 33486017 0.9979610741138458
9319 33486086 0.9979631304740906
9320 33486126 0.9979643225669861
9321 33486178 0.9979658722877502
9322 33486226 0.9979673027992249
9323 33486290 0.9979692101478577
9324 33486346 0.9979708790779114
9325 33486410 0.9979727864265442
9326 33486463 0.9979743659496307
9327 33486513 0.9979758560657501
9328 33486562 0.9979773163795471
9329 33486615 0.9979788959026337
9330 33486664 0.9979803562164307
9331 33486727 0.9979822337627411
9332 33486793 0.9979842007160187
9333 33486846 0.9979857802391052
9334 33486882 0.9979868531227112
9335 33486956 0.9979890584945679
9336 33487008 0.997990608215332
9337 33487060 0.9979921579360962
9338 33487104 0.9979934692382812
9339 33487163 0.9979952275753021
9340 33487194 0.9979961514472961
9341 33487228 0.9979971647262573
9342 33487293 0.9979991018772125
9343 33487356 0.998000979423523
9344 33487420 0.9980028867721558
9345 33487472 0.9980044364929199
9346 33487524 0.9980059862136841
9347 33487572 0.9980074167251587
9348 33487628 0.9980090856552124
9349 33487688 0.9980108737945557
9350 33487747 0.9980126321315765
9351 33487790 0.9980139136314392
9352 33487843 0.9980154931545258
9353 33487900 0.9980171918869019
9354 33487944 0.9980185031890869
9355 33487996 0.9980200529098511
9356 33488057 0.9980218708515167
9357 33488106 0.9980233311653137
9358 33488142 0.9980244040489197
9359 33488211 0.9980264604091644
9360 33488253 0.9980277121067047
9361 33488305 0.9980292618274689
9362 33488368 0.9980311393737793
9363 33488426 0.9980328679084778
9364 33488471 0.9980342090129852
9365 33488528 0.9980359077453613
9366 33488576 0.9980373382568359
9367 33488623 0.9980387389659882
9368 33488678 0.9980403780937195
9369 33488721 0.9980416595935822
9370 33488769 0.9980430901050568
9371 33488810 0.9980443120002747
9372 33488855 0.9980456531047821
9373 33488907 0.9980472028255463
9374 33488949 0.9980484545230865
9375 33488990 0.9980496764183044
9376 33489044 0.9980512857437134
9377 33489087 0.998052567243576
9378 33489133 0.9980539381504059
9379 33489194 0.9980557560920715
9380 33489245 0.9980572760105133
9381 33489286 0.9980584979057312
9382 33489341 0.9980601370334625
9383 33489388 0.9980615377426147
9384 33489445 0.9980632364749908
9385 33489487 0.9980644881725311
9386 33489536 0.9980659484863281
9387 33489579 0.9980672299861908
9388 33489627 0.9980686604976654
9389 33489677 0.9980701506137848
9390 33489730 0.9980717301368713
9391 33489779 0.9980731904506683
9392 33489825 0.9980745613574982
9393 33489887 0.9980764091014862
9394 33489927 0.9980776011943817
9395 33489978 0.9980791211128235
9396 33490039 0.9980809390544891
9397 33490088 0.9980823993682861
9398 33490140 0.9980839490890503
9399 33490177 0.9980850517749786
9400 33490216 0.9980862140655518
9401 33490263 0.998087614774704
9402 33490308 0.9980889558792114
9403 33490369 0.9980907738208771
9404 33490417 0.9980922043323517
9405 33490472 0.998093843460083
9406 33490531 0.9980956017971039
9407 33490576 0.9980969429016113
9408 33490620 0.9980982542037964
9409 33490674 0.9980998635292053
9410 33490736 0.9981017112731934
9411 33490780 0.9981030225753784
9412 33490821 0.9981042444705963
9413 33490872 0.9981057643890381
9414 33490921 0.9981072247028351
9415 33490961 0.9981084167957306
9416 33491017 0.9981100857257843
9417 33491064 0.9981114864349365
9418 33491117 0.9981130659580231
9419 33491166 0.9981145262718201
9420 33491220 0.998116135597229
9421 33491270 0.9981176257133484
9422 33491324 0.9981192350387573
9423 33491376 0.9981207847595215
9424 33491425 0.9981222450733185
9425 33491484 0.9981240034103394
9426 33491534 0.9981254935264587
9427 33491582 0.9981269240379333
9428 33491630 0.998128354549408
9429 33491686 0.9981300234794617
9430 33491735 0.9981314837932587
9431 33491774 0.9981326460838318
9432 33491816 0.9981338977813721
9433 33491870 0.998135507106781
9434 33491921 0.9981370270252228
9435 33491958 0.9981381297111511
9436 33492001 0.9981394112110138
9437 33492044 0.9981406927108765
9438 33492092 0.9981421232223511
9439 33492141 0.9981435835361481
9440 33492215 0.9981457889080048
9441 33492258 0.9981470704078674
9442 33492300 0.9981483221054077
9443 33492354 0.9981499314308167
9444 33492394 0.9981511235237122
9445 33492440 0.998152494430542
9446 33492487 0.9981538951396942
9447 33492539 0.9981554448604584
9448 33492584 0.9981567859649658
9449 33492623 0.9981579482555389
9450 33492669 0.9981593191623688
9451 33492711 0.9981605708599091
9452 33492751 0.9981617629528046
9453 33492810 0.9981635212898254
9454 33492853 0.9981648027896881
9455 33492891 0.9981659352779388
9456 33492937 0.9981673061847687
9457 33492992 0.9981689453125
9458 33493033 0.9981701672077179
9459 33493075 0.9981714189052582
9460 33493113 0.9981725513935089
9461 33493166 0.9981741309165955
9462 33493195 0.9981749951839447
9463 33493244 0.9981764554977417
9464 33493287 0.9981777369976044
9465 33493343 0.9981794059276581
9466 33493388 0.9981807470321655
9467 33493438 0.9981822371482849
9468 33493483 0.9981835782527924
9469 33493522 0.9981847405433655
9470 33493581 0.9981864988803864
9471 33493620 0.9981876611709595
9472 33493665 0.9981890022754669
9473 33493710 0.9981903433799744
9474 33493756 0.9981917142868042
9475 33493798 0.9981929659843445
9476 33493839 0.9981941878795624
9477 33493906 0.9981961846351624
9478 33493943 0.9981972873210907
9479 33493985 0.998198539018631
9480 33494036 0.9982000589370728
9481 33494073 0.9982011616230011
9482 33494122 0.9982026219367981
9483 33494163 0.998203843832016
9484 33494213 0.9982053339481354
9485 33494263 0.9982068240642548
9486 33494308 0.9982081651687622
9487 33494351 0.9982094466686249
9488 33494393 0.9982106983661652
9489 33494440 0.9982120990753174
9490 33494491 0.9982136189937592
9491 33494530 0.9982147812843323
9492 33494574 0.9982160925865173
9493 33494610 0.9982171654701233
9494 33494667 0.9982188642024994
9495 33494732 0.9982208013534546
9496 33494769 0.9982219040393829
9497 33494823 0.9982235133647919
9498 33494866 0.9982247948646545
9499 33494909 0.9982260763645172
9500 33494971 0.9982279241085052
9501 33495009 0.998229056596756
9502 33495043 0.9982300698757172
9503 33495085 0.9982313215732574
9504 33495129 0.9982326328754425
9505 33495164 0.9982336759567261
9506 33495213 0.9982351362705231
9507 33495263 0.9982366263866425
9508 33495312 0.9982380867004395
9509 33495351 0.9982392489910126
9510 33495396 0.99824059009552
9511 33495446 0.9982420802116394
9512 33495491 0.9982434213161469
9513 33495533 0.9982446730136871
9514 33495587 0.9982462823390961
9515 33495638 0.9982478022575378
9516 33495682 0.9982491135597229
9517 33495716 0.9982501268386841
9518 33495751 0.9982511699199677
9519 33495795 0.9982524812221527
9520 33495839 0.9982537925243378
9521 33495887 0.9982552230358124
9522 33495932 0.9982565641403198
9523 33495976 0.9982578754425049
9524 33496026 0.9982593655586243
9525 33496067 0.9982605874538422
9526 33496112 0.9982619285583496
9527 33496163 0.9982634484767914
9528 33496220 0.9982651472091675
9529 33496260 0.998266339302063
9530 33496302 0.9982675909996033
9531 33496354 0.9982691407203674
9532 33496399 0.9982704818248749
9533 33496443 0.9982717931270599
9534 33496490 0.9982731938362122
9535 33496537 0.9982745945453644
9536 33496597 0.9982763826847076
9537 33496645 0.9982778131961823
9538 33496687 0.9982790648937225
9539 33496742 0.9982807040214539
9540 33496787 0.9982820451259613
9541 33496827 0.9982832372188568
9542 33496866 0.9982843995094299
9543 33496922 0.9982860684394836
9544 33496980 0.9982877969741821
9545 33497024 0.9982891082763672
9546 33497075 0.998290628194809
9547 33497120 0.9982919692993164
9548 33497170 0.9982934594154358
9549 33497212 0.9982947111129761
9550 33497255 0.9982959926128387
9551 33497315 0.998297780752182
9552 33497365 0.9982992708683014
9553 33497411 0.9983006417751312
9554 33497459 0.9983020722866058
9555 33497500 0.9983032941818237
9556 33497541 0.9983045160770416
9557 33497583 0.9983057677745819
9558 33497631 0.9983071982860565
9559 33497683 0.9983087480068207
9560 33497734 0.9983102679252625
9561 33497801 0.9983122646808624
9562 33497843 0.9983135163784027
9563 33497898 0.998315155506134
9564 33497942 0.9983164668083191
9565 33497998 0.9983181357383728
9566 33498044 0.9983195066452026
9567 33498082 0.9983206391334534
9568 33498131 0.9983220994472504
9569 33498170 0.9983232617378235
9570 33498209 0.9983244240283966
9571 33498267 0.9983261525630951
9572 33498305 0.9983272850513458
9573 33498347 0.9983285367488861
9574 33498388 0.998329758644104
9575 33498439 0.9983312785625458
9576 33498480 0.9983325004577637
9577 33498527 0.9983339011669159
9578 33498568 0.9983351230621338
9579 33498608 0.9983363151550293
9580 33498642 0.9983373284339905
9581 33498677 0.998338371515274
9582 33498716 0.9983395338058472
9583 33498753 0.9983406364917755
9584 33498819 0.9983426034450531
9585 33498872 0.9983441829681396
9586 33498922 0.998345673084259
9587 33498955 0.9983466565608978
9588 33499008 0.9983482360839844
9589 33499053 0.9983495771884918
9590 33499094 0.9983507990837097
9591 33499140 0.9983521699905396
9592 33499186 0.9983535408973694
9593 33499234 0.998354971408844
9594 33499291 0.9983566701412201
9595 33499350 0.998358428478241
9596 33499399 0.998359888792038
9597 33499457 0.9983616173267365
9598 33499509 0.9983631670475006
9599 33499557 0.9983645975589752
9600 33499612 0.9983662366867065
9601 33499663 0.9983677566051483
9602 33499713 0.9983692467212677
9603 33499757 0.9983705580234528
9604 33499794 0.9983716607093811
9605 33499838 0.9983729720115662
9606 33499884 0.998374342918396
9607 33499935 0.9983758628368378
9608 33499993 0.9983775913715363
9609 33500030 0.9983786940574646
9610 33500079 0.9983801543712616
9611 33500130 0.9983816742897034
9612 33500178 0.998383104801178
9613 33500222 0.998384416103363
9614 33500273 0.9983859360218048
9615 33500334 0.9983877539634705
9616 33500374 0.998388946056366
9617 33500417 0.9983902275562286
9618 33500464 0.9983916282653809
9619 33500504 0.9983928203582764
9620 33500549 0.9983941614627838
9621 33500589 0.9983953535556793
9622 33500639 0.9983968436717987
9623 33500679 0.9983980357646942
9624 33500726 0.9983994364738464
9625 33500772 0.9984008073806763
9626 33500817 0.9984021484851837
9627 33500853 0.9984032213687897
9628 33500909 0.9984048902988434
9629 33500961 0.9984064400196075
9630 33501011 0.9984079301357269
9631 33501059 0.9984093606472015
9632 33501103 0.9984106719493866
9633 33501147 0.9984119832515717
9634 33501191 0.9984132945537567
9635 33501250 0.9984150528907776
9636 33501285 0.9984160959720612
9637 33501328 0.9984173774719238
9638 33501381 0.9984189569950104
9639 33501419 0.9984200894832611
9640 33501463 0.9984214007854462
9641 33501506 0.9984226822853088
9642 33501546 0.9984238743782043
9643 33501598 0.9984254240989685
9644 33501638 0.998426616191864
9645 33501699 0.9984284341335297
9646 33501738 0.9984295964241028
9647 33501787 0.9984310567378998
9648 33501848 0.9984328746795654
9649 33501899 0.9984343945980072
9650 33501941 0.9984356462955475
9651 33501972 0.9984365701675415
9652 33502034 0.9984384179115295
9653 33502079 0.998439759016037
9654 33502122 0.9984410405158997
9655 33502166 0.9984423518180847
9656 33502219 0.9984439313411713
9657 33502271 0.9984454810619354
9658 33502311 0.9984466731548309
9659 33502361 0.9984481632709503
9660 33502409 0.9984495937824249
9661 33502450 0.9984508156776428
9662 33502499 0.9984522759914398
9663 33502551 0.998453825712204
9664 33502599 0.9984552562236786
9665 33502649 0.998456746339798
9666 33502703 0.9984583556652069
9667 33502748 0.9984596967697144
9668 33502789 0.9984609186649323
9669 33502844 0.9984625577926636
9670 33502891 0.9984639585018158
9671 33502944 0.9984655380249023
9672 33502984 0.9984667301177979
9673 33503038 0.9984683394432068
9674 33503084 0.9984697103500366
9675 33503132 0.9984711408615112
9676 33503181 0.9984726011753082
9677 33503223 0.9984738528728485
9678 33503269 0.9984752237796783
9679 33503319 0.9984767138957977
9680 33503359 0.9984779059886932
9681 33503404 0.9984792470932007
9682 33503453 0.9984807074069977
9683 33503506 0.9984822869300842
9684 33503556 0.9984837770462036
9685 33503602 0.9984851479530334
9686 33503654 0.9984866976737976
9687 33503699 0.998488038778305
9688 33503748 0.998489499092102
9689 33503801 0.9984910786151886
9690 33503854 0.9984926581382751
9691 33503905 0.9984941780567169
9692 33503954 0.9984956383705139
9693 33504009 0.9984972774982452
9694 33504061 0.9984988272190094
9695 33504104 0.9985001087188721
9696 33504159 0.9985017478466034
9697 33504202 0.9985030293464661
9698 33504237 0.9985040724277496
9699 33504279 0.9985053241252899
9700 33504327 0.9985067546367645
9701 33504368 0.9985079765319824
9702 33504411 0.9985092580318451
9703 33504470 0.998511016368866
9704 33504508 0.9985121488571167
9705 33504540 0.9985131025314331
9706 33504584 0.9985144138336182
9707 33504618 0.9985154271125793
9708 33504666 0.998516857624054
9709 33504723 0.99851855635643
9710 33504765 0.9985198080539703
9711 33504818 0.9985213875770569
9712 33504858 0.9985225796699524
9713 33504904 0.9985239505767822
9714 33504946 0.9985252022743225
9715 33504996 0.9985266923904419
9716 33505050 0.9985283017158508
9717 33505100 0.9985297918319702
9718 33505137 0.9985308945178986
9719 33505185 0.9985323250293732
9720 33505233 0.9985337555408478
9721 33505276 0.9985350370407104
9722 33505315 0.9985361993312836
9723 33505368 0.9985377788543701
9724 33505417 0.9985392391681671
9725 33505473 0.9985409080982208
9726 33505512 0.998542070388794
9727 33505552 0.9985432624816895
9728 33505588 0.9985443353652954
9729 33505627 0.9985454976558685
9730 33505666 0.9985466599464417
9731 33505706 0.9985478520393372
9732 33505755 0.9985493123531342
9733 33505796 0.998550534248352
9734 33505843 0.9985519349575043
9735 33505881 0.998553067445755
9736 33505938 0.9985547661781311
9737 33505978 0.9985559582710266
9738 33506013 0.9985570013523102
9739 33506051 0.9985581338405609
9740 33506092 0.9985593557357788
9741 33506132 0.9985605478286743
9742 33506164 0.9985615015029907
9743 33506218 0.9985631108283997
9744 33506255 0.998564213514328
9745 33506287 0.9985651671886444
9746 33506339 0.9985667169094086
9747 33506382 0.9985679984092712
9748 33506431 0.9985694587230682
9749 33506477 0.9985708296298981
9750 33506517 0.9985720217227936
9751 33506567 0.998573511838913
9752 33506611 0.998574823141098
9753 33506654 0.9985761046409607
9754 33506686 0.9985770583152771
9755 33506721 0.9985781013965607
9756 33506769 0.9985795319080353
9757 33506815 0.9985809028148651
9758 33506865 0.9985823929309845
9759 33506906 0.9985836148262024
9760 33506954 0.998585045337677
9761 33506993 0.9985862076282501
9762 33507037 0.9985875189304352
9763 33507083 0.998588889837265
9764 33507126 0.9985901713371277
9765 33507170 0.9985914826393127
9766 33507235 0.9985934197902679
9767 33507267 0.9985943734645844
9768 33507309 0.9985956251621246
9769 33507350 0.9985968470573425
9770 33507395 0.99859818816185
9771 33507441 0.9985995590686798
9772 33507490 0.9986010193824768
9773 33507534 0.9986023306846619
9774 33507576 0.9986035823822021
9775 33507626 0.9986050724983215
9776 33507671 0.998606413602829
9777 33507710 0.9986075758934021
9778 33507755 0.9986089169979095
9779 33507786 0.9986098408699036
9780 33507845 0.9986115992069244
9781 33507891 0.9986129701137543
9782 33507938 0.9986143708229065
9783 33507994 0.9986160397529602
9784 33508036 0.9986172914505005
9785 33508078 0.9986185431480408
9786 33508130 0.9986200928688049
9787 33508199 0.9986221492290497
9788 33508245 0.9986235201358795
9789 33508282 0.9986246228218079
9790 33508345 0.9986265003681183
9791 33508381 0.9986275732517242
9792 33508427 0.9986289441585541
9793 33508480 0.9986305236816406
9794 33508521 0.9986317455768585
9795 33508571 0.9986332356929779
9796 33508612 0.9986344575881958
9797 33508665 0.9986360371112823
9798 33508711 0.9986374080181122
9799 33508739 0.998638242483139
9800 33508802 0.9986401200294495
9801 33508843 0.9986413419246674
9802 33508891 0.998642772436142
9803 33508934 0.9986440539360046
9804 33508982 0.9986454844474792
9805 33509021 0.9986466467380524
9806 33509062 0.9986478686332703
9807 33509100 0.998649001121521
9808 33509147 0.9986504018306732
9809 33509192 0.9986517429351807
9810 33509232 0.9986529350280762
9811 33509284 0.9986544847488403
9812 33509342 0.9986562132835388
9813 33509388 0.9986575841903687
9814 33509430 0.9986588358879089
9815 33509469 0.9986599981784821
9816 33509505 0.998661071062088
9817 33509554 0.998662531375885
9818 33509605 0.9986640512943268
9819 33509646 0.9986652731895447
9820 33509702 0.9986669421195984
9821 33509739 0.9986680448055267
9822 33509777 0.9986691772937775
9823 33509820 0.9986704587936401
9824 33509873 0.9986720383167267
9825 33509912 0.9986732006072998
9826 33509945 0.9986741840839386
9827 33509978 0.9986751675605774
9828 33510012 0.9986761808395386
9829 33510049 0.9986772835254669
9830 33510097 0.9986787140369415
9831 33510134 0.9986798167228699
9832 33510165 0.9986807405948639
9833 33510196 0.9986816644668579
9834 33510234 0.9986827969551086
9835 33510270 0.9986838698387146
9836 33510304 0.9986848831176758
9837 33510350 0.9986862540245056
9838 33510398 0.9986876845359802
9839 33510444 0.9986890554428101
9840 33510496 0.9986906051635742
9841 33510539 0.9986918866634369
9842 33510580 0.9986931085586548
9843 33510623 0.9986943900585175
9844 33510671 0.9986958205699921
9845 33510711 0.9986970126628876
9846 33510750 0.9986981749534607
9847 33510785 0.9986992180347443
9848 33510842 0.9987009167671204
9849 33510884 0.9987021684646606
9850 33510933 0.9987036287784576
9851 33510969 0.9987047016620636
9852 33511008 0.9987058639526367
9853 33511048 0.9987070560455322
9854 33511091 0.9987083375453949
9855 33511123 0.9987092912197113
9856 33511162 0.9987104535102844
9857 33511207 0.9987117946147919
9858 33511258 0.9987133145332336
9859 33511307 0.9987147748470306
9860 33511357 0.99871626496315
9861 33511400 0.9987175464630127
9862 33511427 0.9987183511257172
9863 33511482 0.9987199902534485
9864 33511522 0.998721182346344
9865 33511570 0.9987226128578186
9866 33511608 0.9987237453460693
9867 33511652 0.9987250566482544
9868 33511689 0.9987261593341827
9869 33511738 0.9987276196479797
9870 33511777 0.9987287819385529
9871 33511823 0.9987301528453827
9872 33511869 0.9987315237522125
9873 33511911 0.9987327754497528
9874 33511970 0.9987345337867737
9875 33512024 0.9987361431121826
9876 33512059 0.9987371861934662
9877 33512102 0.9987384676933289
9878 33512147 0.9987398087978363
9879 33512186 0.9987409710884094
9880 33512225 0.9987421333789825
9881 33512274 0.9987435936927795
9882 33512310 0.9987446665763855
9883 33512350 0.998745858669281
9884 33512395 0.9987471997737885
9885 33512434 0.9987483620643616
9886 33512471 0.9987494647502899
9887 33512504 0.9987504482269287
9888 33512569 0.9987523853778839
9889 33512613 0.998753696680069
9890 33512652 0.9987548589706421
9891 33512705 0.9987564384937286
9892 33512750 0.9987577795982361
9893 33512796 0.9987591505050659
9894 33512844 0.9987605810165405
9895 33512896 0.9987621307373047
9896 33512935 0.9987632930278778
9897 33512972 0.9987643957138062
9898 33513034 0.9987662434577942
9899 33513069 0.9987672865390778
9900 33513118 0.9987687468528748
9901 33513150 0.9987697005271912
9902 33513187 0.9987708032131195
9903 33513235 0.9987722337245941
9904 33513282 0.9987736344337463
9905 33513323 0.9987748563289642
9906 33513363 0.9987760484218597
9907 33513403 0.9987772405147552
9908 33513455 0.9987787902355194
9909 33513494 0.9987799525260925
9910 33513538 0.9987812638282776
9911 33513587 0.9987827241420746
9912 33513640 0.9987843036651611
9913 33513684 0.9987856149673462
9914 33513723 0.9987867772579193
9915 33513776 0.9987883567810059
9916 33513818 0.9987896084785461
9917 33513857 0.9987907707691193
9918 33513902 0.9987921118736267
9919 33513955 0.9987936913967133
9920 33514002 0.9987950921058655
9921 33514055 0.998796671628952
9922 33514095 0.9987978637218475
9923 33514129 0.9987988770008087
9924 33514173 0.9988001883029938
9925 33514226 0.9988017678260803
9926 33514258 0.9988027215003967
9927 33514295 0.9988038241863251
9928 33514331 0.998804897069931
9929 33514375 0.9988062083721161
9930 33514406 0.9988071322441101
9931 33514446 0.9988083243370056
9932 33514493 0.9988097250461578
9933 33514524 0.9988106489181519
9934 33514557 0.9988116323947906
9935 33514606 0.9988130927085876
9936 33514647 0.9988143146038055
9937 33514689 0.9988155663013458
9938 33514733 0.9988168776035309
9939 33514765 0.9988178312778473
9940 33514801 0.9988189041614532
9941 33514841 0.9988200962543488
9942 33514884 0.9988213777542114
9943 33514930 0.9988227486610413
9944 33514973 0.9988240301609039
9945 33515019 0.9988254010677338
9946 33515056 0.9988265037536621
9947 33515108 0.9988280534744263
9948 33515140 0.9988290071487427
9949 33515183 0.9988302886486053
9950 33515227 0.9988315999507904
9951 33515259 0.9988325536251068
9952 33515305 0.9988339245319366
9953 33515328 0.9988346099853516
9954 33515373 0.998835951089859
9955 33515415 0.9988372027873993
9956 33515451 0.9988382756710052
9957 33515500 0.9988397359848022
9958 33515551 0.998841255903244
9959 33515592 0.9988424777984619
9960 33515620 0.9988433122634888
9961 33515661 0.9988445341587067
9962 33515708 0.9988459348678589
9963 33515741 0.9988469183444977
9964 33515783 0.998848170042038
9965 33515824 0.9988493919372559
9966 33515867 0.9988506734371185
9967 33515906 0.9988518357276917
9968 33515954 0.9988532662391663
9969 33515994 0.9988544583320618
9970 33516048 0.9988560676574707
9971 33516085 0.998857170343399
9972 33516142 0.9988588690757751
9973 33516182 0.9988600611686707
9974 33516212 0.9988609552383423
9975 33516249 0.9988620579242706
9976 33516295 0.9988634288311005
9977 33516328 0.9988644123077393
9978 33516365 0.9988655149936676
9979 33516402 0.998866617679596
9980 33516441 0.9988677799701691
9981 33516483 0.9988690316677094
9982 33516522 0.9988701939582825
9983 33516562 0.998871386051178
9984 33516606 0.998872697353363
9985 33516651 0.9988740384578705
9986 33516690 0.9988752007484436
9987 33516729 0.9988763630390167
9988 33516767 0.9988774955272675
9989 33516811 0.9988788068294525
9990 33516849 0.9988799393177032
9991 33516885 0.9988810122013092
9992 33516929 0.9988823235034943
9993 33516972 0.9988836050033569
9994 33517010 0.9988847374916077
9995 33517055 0.9988860785961151
9996 33517104 0.9988875389099121
9997 33517148 0.9988888502120972
9998 33517198 0.9988903403282166
9999 33517258 0.9988921284675598
10000 33517290 0.9988930821418762
10001 33517336 0.998894453048706
10002 33517384 0.9988958835601807
10003 33517430 0.9988972544670105
10004 33517469 0.9988984167575836
10005 33517509 0.9988996088504791
10006 33517552 0.9989008903503418
10007 33517578 0.9989016652107239
10008 33517618 0.9989028573036194
10009 33517659 0.9989040791988373
10010 33517705 0.9989054501056671
10011 33517750 0.9989067912101746
10012 33517800 0.998908281326294
10013 33517856 0.9989099502563477
10014 33517909 0.9989115297794342
10015 33517943 0.9989125430583954
10016 33517989 0.9989139139652252
10017 33518030 0.9989151358604431
10018 33518086 0.9989168047904968
10019 33518121 0.9989178478717804
10020 33518164 0.9989191293716431
10021 33518199 0.9989201724529266
10022 33518225 0.9989209473133087
10023 33518265 0.9989221394062042
10024 33518308 0.9989234209060669
10025 33518350 0.9989246726036072
10026 33518396 0.998926043510437
10027 33518437 0.9989272654056549
10028 33518466 0.9989281296730042
10029 33518511 0.9989294707775116
10030 33518562 0.9989309906959534
10031 33518588 0.9989317655563354
10032 33518637 0.9989332258701324
10033 33518682 0.9989345669746399
10034 33518719 0.9989356696605682
10035 33518762 0.9989369511604309
10036 33518824 0.998938798904419
10037 33518869 0.9989401400089264
10038 33518900 0.9989410638809204
10039 33518939 0.9989422261714935
10040 33518971 0.9989431798458099
10041 33519008 0.9989442825317383
10042 33519034 0.9989450573921204
10043 33519072 0.9989461898803711
10044 33519119 0.9989475905895233
10045 33519163 0.9989489018917084
10046 33519202 0.9989500641822815
10047 33519243 0.9989512860774994
10048 33519280 0.9989523887634277
10049 33519331 0.9989539086818695
10050 33519368 0.9989550113677979
10051 33519393 0.9989557564258575
10052 33519440 0.9989571571350098
10053 33519491 0.9989586770534515
10054 33519527 0.9989597499370575
10055 33519571 0.9989610612392426
10056 33519603 0.998962014913559
10057 33519639 0.9989630877971649
10058 33519676 0.9989641904830933
10059 33519723 0.9989655911922455
10060 33519761 0.9989667236804962
10061 33519788 0.9989675283432007
10062 33519831 0.9989688098430634
10063 33519890 0.9989705681800842
10064 33519934 0.9989718794822693
10065 33519969 0.9989729225635529
10066 33520019 0.9989744126796722
10067 33520051 0.9989753663539886
10068 33520091 0.9989765584468842
10069 33520137 0.998977929353714
10070 33520164 0.9989787340164185
10071 33520211 0.9989801347255707
10072 33520261 0.9989816248416901
10073 33520312 0.9989831447601318
10074 33520356 0.9989844560623169
10075 33520409 0.9989860355854034
10076 33520448 0.9989871978759766
10077 33520487 0.9989883601665497
10078 33520535 0.9989897906780243
10079 33520576 0.9989910125732422
10080 33520619 0.9989922940731049
10081 33520650 0.9989932179450989
10082 33520682 0.9989941716194153
10083 33520719 0.9989952743053436
10084 33520761 0.9989965260028839
10085 33520796 0.9989975690841675
10086 33520836 0.998998761177063
10087 33520880 0.999000072479248
10088 33520919 0.9990012347698212
10089 33520960 0.9990024566650391
10090 33521017 0.9990041553974152
10091 33521053 0.9990052282810211
10092 33521097 0.9990065395832062
10093 33521140 0.9990078210830688
10094 33521173 0.9990088045597076
10095 33521209 0.9990098774433136
10096 33521241 0.99901083111763
10097 33521272 0.999011754989624
10098 33521324 0.9990133047103882
10099 33521367 0.9990145862102509
10100 33521426 0.9990163445472717
10101 33521466 0.9990175366401672
10102 33521501 0.9990185797214508
10103 33521535 0.999019593000412
10104 33521570 0.9990206360816956
10105 33521609 0.9990217983722687
10106 33521652 0.9990230798721313
10107 33521701 0.9990245401859283
10108 33521733 0.9990254938602448
10109 33521766 0.9990264773368835
10110 33521808 0.9990277290344238
10111 33521837 0.9990285933017731
10112 33521882 0.9990299344062805
10113 33521925 0.9990312159061432
10114 33521965 0.9990324079990387
10115 33521995 0.9990333020687103
10116 33522035 0.9990344941616058
10117 33522079 0.9990358054637909
10118 33522121 0.9990370571613312
10119 33522165 0.9990383684635162
10120 33522208 0.9990396499633789
10121 33522248 0.9990408420562744
10122 33522279 0.9990417659282684
10123 33522317 0.9990428984165192
10124 33522363 0.999044269323349
10125 33522402 0.9990454316139221
10126 33522447 0.9990467727184296
10127 33522503 0.9990484416484833
10128 33522548 0.9990497827529907
10129 33522578 0.9990506768226624
10130 33522621 0.999051958322525
10131 33522662 0.9990531802177429
10132 33522700 0.9990543127059937
10133 33522738 0.9990554451942444
10134 33522772 0.9990564584732056
10135 33522809 0.9990575611591339
10136 33522838 0.9990584254264832
10137 33522884 0.999059796333313
10138 33522923 0.9990609586238861
10139 33522965 0.9990622103214264
10140 33522995 0.999063104391098
10141 33523051 0.9990647733211517
10142 33523084 0.9990657567977905
10143 33523134 0.9990672469139099
10144 33523172 0.9990683794021606
10145 33523201 0.9990692436695099
10146 33523224 0.9990699291229248
10147 33523272 0.9990713596343994
10148 33523314 0.9990726113319397
10149 33523354 0.9990738034248352
10150 33523398 0.9990751147270203
10151 33523436 0.999076247215271
10152 33523477 0.9990774691104889
10153 33523523 0.9990788400173187
10154 33523569 0.9990802109241486
10155 33523611 0.9990814626216888
10156 33523659 0.9990828931331635
10157 33523705 0.9990842640399933
10158 33523744 0.9990854263305664
10159 33523774 0.999086320400238
10160 33523813 0.9990874826908112
10161 33523852 0.9990886449813843
10162 33523880 0.9990894794464111
10163 33523921 0.999090701341629
10164 33523969 0.9990921318531036
10165 33523999 0.9990930259227753
10166 33524036 0.9990941286087036
10167 33524080 0.9990954399108887
10168 33524130 0.9990969300270081
10169 33524163 0.9990979135036469
10170 33524198 0.9990989565849304
10171 33524232 0.9990999698638916
10172 33524261 0.9991008341312408
10173 33524296 0.9991018772125244
10174 33524335 0.9991030395030975
10175 33524376 0.9991042613983154
10176 33524417 0.9991054832935333
10177 33524461 0.9991067945957184
10178 33524509 0.999108225107193
10179 33524544 0.9991092681884766
10180 33524589 0.999110609292984
10181 33524640 0.9991121292114258
10182 33524677 0.9991132318973541
10183 33524709 0.9991141855716705
10184 33524751 0.9991154372692108
10185 33524782 0.9991163611412048
10186 33524817 0.9991174042224884
10187 33524862 0.9991187453269958
10188 33524899 0.9991198480129242
10189 33524925 0.9991206228733063
10190 33524963 0.999121755361557
10191 33525005 0.9991230070590973
10192 33525044 0.9991241693496704
10193 33525075 0.9991250932216644
10194 33525110 0.999126136302948
10195 33525144 0.9991271495819092
10196 33525181 0.9991282522678375
10197 33525214 0.9991292357444763
10198 33525251 0.9991303384304047
10199 33525287 0.9991314113140106
10200 33525324 0.999132513999939
10201 33525378 0.9991341233253479
10202 33525434 0.9991357922554016
10203 33525475 0.9991370141506195
10204 33525515 0.999138206243515
10205 33525547 0.9991391599178314
10206 33525588 0.9991403818130493
10207 33525627 0.9991415441036224
10208 33525662 0.999142587184906
10209 33525705 0.9991438686847687
10210 33525736 0.9991447925567627
10211 33525769 0.9991457760334015
10212 33525818 0.9991472363471985
10213 33525852 0.9991482496261597
10214 33525877 0.9991489946842194
10215 33525919 0.9991502463817596
10216 33525958 0.9991514086723328
10217 33525992 0.999152421951294
10218 33526034 0.9991536736488342
10219 33526072 0.999154806137085
10220 33526100 0.9991556406021118
10221 33526157 0.9991573393344879
10222 33526203 0.9991587102413177
10223 33526248 0.9991600513458252
10224 33526293 0.9991613924503326
10225 33526330 0.999162495136261
10226 33526366 0.9991635680198669
10227 33526397 0.999164491891861
10228 33526428 0.999165415763855
10229 33526461 0.9991663992404938
10230 33526504 0.9991676807403564
10231 33526542 0.9991688132286072
10232 33526589 0.9991702139377594
10233 33526627 0.9991713464260101
10234 33526655 0.999172180891037
10235 33526699 0.999173492193222
10236 33526743 0.9991748034954071
10237 33526769 0.9991755783557892
10238 33526812 0.9991768598556519
10239 33526843 0.9991777837276459
10240 33526880 0.9991788864135742
10241 33526926 0.999180257320404
10242 33526954 0.9991810917854309
10243 33526989 0.9991821348667145
10244 33527031 0.9991833865642548
10245 33527081 0.9991848766803741
10246 33527116 0.9991859197616577
10247 33527156 0.9991871118545532
10248 33527200 0.9991884231567383
10249 33527236 0.9991894960403442
10250 33527267 0.9991904199123383
10251 33527304 0.9991915225982666
10252 33527347 0.9991928040981293
10253 33527378 0.9991937279701233
10254 33527409 0.9991946518421173
10255 33527442 0.9991956353187561
10256 33527488 0.9991970062255859
10257 33527517 0.9991978704929352
10258 33527557 0.9991990625858307
10259 33527594 0.999200165271759
10260 33527644 0.9992016553878784
10261 33527687 0.9992029368877411
10262 33527740 0.9992045164108276
10263 33527773 0.9992054998874664
10264 33527816 0.9992067813873291
10265 33527860 0.9992080926895142
10266 33527891 0.9992090165615082
10267 33527931 0.9992102086544037
10268 33527977 0.9992115795612335
10269 33528004 0.999212384223938
10270 33528047 0.9992136657238007
10271 33528101 0.9992152750492096
10272 33528140 0.9992164373397827
10273 33528174 0.9992174506187439
10274 33528201 0.9992182552814484
10275 33528247 0.9992196261882782
10276 33528287 0.9992208182811737
10277 33528334 0.9992222189903259
10278 33528378 0.999223530292511
10279 33528416 0.9992246627807617
10280 33528442 0.9992254376411438
10281 33528479 0.9992265403270721
10282 33528523 0.9992278516292572
10283 33528557 0.9992288649082184
10284 33528593 0.9992299377918243
10285 33528632 0.9992311000823975
10286 33528665 0.9992320835590363
10287 33528701 0.9992331564426422
10288 33528740 0.9992343187332153
10289 33528771 0.9992352426052094
10290 33528800 0.9992361068725586
10291 33528838 0.9992372393608093
10292 33528876 0.9992383718490601
10293 33528915 0.9992395341396332
10294 33528951 0.9992406070232391
10295 33528989 0.9992417395114899
10296 33529039 0.9992432296276093
10297 33529066 0.9992440342903137
10298 33529108 0.999245285987854
10299 33529149 0.9992465078830719
10300 33529187 0.9992476403713226
10301 33529229 0.9992488920688629
10302 33529270 0.9992501139640808
10303 33529303 0.9992510974407196
10304 33529333 0.9992519915103912
10305 33529366 0.99925297498703
10306 33529403 0.9992540776729584
10307 33529439 0.9992551505565643
10308 33529468 0.9992560148239136
10309 33529510 0.9992572665214539
10310 33529539 0.9992581307888031
10311 33529579 0.9992593228816986
10312 33529622 0.9992606043815613
10313 33529657 0.9992616474628448
10314 33529687 0.9992625415325165
10315 33529717 0.9992634356021881
10316 33529752 0.9992644786834717
10317 33529777 0.9992652237415314
10318 33529819 0.9992664754390717
10319 33529866 0.9992678761482239
10320 33529899 0.9992688596248627
10321 33529936 0.999269962310791
10322 33529979 0.9992712438106537
10323 33530016 0.999272346496582
10324 33530054 0.9992734789848328
10325 33530088 0.999274492263794
10326 33530132 0.999275803565979
10327 33530172 0.9992769956588745
10328 33530198 0.9992777705192566
10329 33530237 0.9992789328098297
10330 33530264 0.9992797374725342
10331 33530301 0.9992808401584625
10332 33530343 0.9992820918560028
10333 33530381 0.9992832243442535
10334 33530409 0.9992840588092804
10335 33530442 0.9992850422859192
10336 33530481 0.9992862045764923
10337 33530515 0.9992872178554535
10338 33530557 0.9992884695529938
10339 33530610 0.9992900490760803
10340 33530647 0.9992911517620087
10341 33530681 0.9992921650409698
10342 33530714 0.9992931485176086
10343 33530745 0.9992940723896027
10344 33530775 0.9992949664592743
10345 33530805 0.9992958605289459
10346 33530847 0.9992971122264862
10347 33530870 0.9992977976799011
10348 33530901 0.9992987215518951
10349 33530946 0.9993000626564026
10350 33530982 0.9993011355400085
10351 33531015 0.9993021190166473
10352 33531045 0.999303013086319
10353 33531074 0.9993038773536682
10354 33531109 0.9993049204349518
10355 33531142 0.9993059039115906
10356 33531177 0.9993069469928741
10357 33531207 0.9993078410625458
10358 33531235 0.9993086755275726
10359 33531286 0.9993101954460144
10360 33531315 0.9993110597133636
10361 33531355 0.9993122518062592
10362 33531392 0.9993133544921875
10363 33531420 0.9993141889572144
10364 33531456 0.9993152618408203
10365 33531485 0.9993161261081696
10366 33531525 0.9993173182010651
10367 33531556 0.9993182420730591
10368 33531578 0.9993188977241516
10369 33531628 0.999320387840271
10370 33531664 0.999321460723877
10371 33531698 0.9993224740028381
10372 33531730 0.9993234276771545
10373 33531765 0.9993244707584381
10374 33531801 0.9993255436420441
10375 33531840 0.9993267059326172
10376 33531888 0.9993281364440918
10377 33531920 0.9993290901184082
10378 33531962 0.9993303418159485
10379 33532012 0.9993318319320679
10380 33532048 0.9993329048156738
10381 33532077 0.9993337690830231
10382 33532107 0.9993346631526947
10383 33532146 0.9993358254432678
10384 33532178 0.9993367791175842
10385 33532211 0.999337762594223
10386 33532252 0.9993389844894409
10387 33532280 0.9993398189544678
10388 33532321 0.9993410408496857
10389 33532356 0.9993420839309692
10390 33532393 0.9993431866168976
10391 33532426 0.9993441700935364
10392 33532455 0.9993450343608856
10393 33532495 0.9993462264537811
10394 33532531 0.9993472993373871
10395 33532556 0.9993480443954468
10396 33532590 0.999349057674408
10397 33532622 0.9993500113487244
10398 33532649 0.9993508160114288
10399 33532682 0.9993517994880676
10400 33532713 0.9993527233600616
10401 33532754 0.9993539452552795
10402 33532784 0.9993548393249512
10403 33532819 0.9993558824062347
10404 33532867 0.9993573129177094
10405 33532902 0.9993583559989929
10406 33532935 0.9993593394756317
10407 33532964 0.999360203742981
10408 33532994 0.9993610978126526
10409 33533019 0.9993618428707123
10410 33533057 0.999362975358963
10411 33533087 0.9993638694286346
10412 33533120 0.9993648529052734
10413 33533150 0.9993657469749451
10414 33533179 0.9993666112422943
10415 33533208 0.9993674755096436
10416 33533242 0.9993684887886047
10417 33533289 0.999369889497757
10418 33533319 0.9993707835674286
10419 33533354 0.9993718266487122
10420 33533403 0.9993732869625092
10421 33533434 0.9993742108345032
10422 33533462 0.99937504529953
10423 33533502 0.9993762373924255
10424 33533539 0.9993773400783539
10425 33533569 0.9993782341480255
10426 33533602 0.9993792176246643
10427 33533632 0.9993801116943359
10428 33533664 0.9993810653686523
10429 33533690 0.9993818402290344
10430 33533715 0.9993825852870941
10431 33533753 0.9993837177753448
10432 33533782 0.9993845820426941
10433 33533818 0.9993856549263
10434 33533850 0.9993866086006165
10435 33533880 0.9993875026702881
10436 33533906 0.9993882775306702
10437 33533951 0.9993896186351776
10438 33533983 0.999390572309494
10439 33534009 0.9993913471698761
10440 33534051 0.9993925988674164
10441 33534080 0.9993934631347656
10442 33534110 0.9993943572044373
10443 33534152 0.9993956089019775
10444 33534190 0.9993967413902283
10445 33534222 0.9993976950645447
10446 33534254 0.9993986487388611
10447 33534289 0.9993996918201447
10448 33534317 0.9994005262851715
10449 33534347 0.9994014203548431
10450 33534378 0.9994023442268372
10451 33534408 0.9994032382965088
10452 33534440 0.9994041919708252
10453 33534461 0.9994048178195953
10454 33534507 0.9994061887264252
10455 33534536 0.9994070529937744
10456 33534569 0.9994080364704132
10457 33534620 0.999409556388855
10458 33534646 0.9994103312492371
10459 33534677 0.9994112551212311
10460 33534721 0.9994125664234161
10461 33534747 0.9994133412837982
10462 33534780 0.999414324760437
10463 33534815 0.9994153678417206
10464 33534849 0.9994163811206818
10465 33534883 0.9994173943996429
10466 33534905 0.9994180500507355
10467 33534948 0.9994193315505981
10468 33534977 0.9994201958179474
10469 33535006 0.9994210600852966
10470 33535034 0.9994218945503235
10471 33535067 0.9994228780269623
10472 33535092 0.999423623085022
10473 33535128 0.9994246959686279
10474 33535152 0.9994254112243652
10475 33535183 0.9994263350963593
10476 33535214 0.9994272589683533
10477 33535250 0.9994283318519592
10478 33535271 0.9994289577007294
10479 33535305 0.9994299709796906
10480 33535337 0.999430924654007
10481 33535375 0.9994320571422577
10482 33535408 0.9994330406188965
10483 33535430 0.999433696269989
10484 33535460 0.9994345903396606
10485 33535497 0.999435693025589
10486 33535532 0.9994367361068726
10487 33535564 0.999437689781189
10488 33535590 0.999438464641571
10489 33535615 0.9994392096996307
10490 33535636 0.9994398355484009
10491 33535673 0.9994409382343292
10492 33535700 0.9994417428970337
10493 33535729 0.9994426071643829
10494 33535757 0.9994434416294098
10495 33535782 0.9994441866874695
10496 33535818 0.9994452595710754
10497 33535847 0.9994461238384247
10498 33535871 0.999446839094162
10499 33535906 0.9994478821754456
10500 33535942 0.9994489550590515
10501 33535970 0.9994497895240784
10502 33536003 0.9994507730007172
10503 33536035 0.9994517266750336
10504 33536071 0.9994527995586395
10505 33536101 0.9994536936283112
10506 33536136 0.9994547367095947
10507 33536171 0.9994557797908783
10508 33536201 0.9994566738605499
10509 33536222 0.9994572997093201
10510 33536252 0.9994581937789917
10511 33536281 0.9994590580463409
10512 33536300 0.9994596242904663
10513 33536330 0.9994605183601379
10514 33536371 0.9994617402553558
10515 33536407 0.9994628131389618
10516 33536433 0.9994635879993439
10517 33536458 0.9994643330574036
10518 33536484 0.9994651079177856
10519 33536513 0.9994659721851349
10520 33536536 0.9994666576385498
10521 33536567 0.9994675815105438
10522 33536587 0.9994681775569916
10523 33536620 0.9994691610336304
10524 33536659 0.9994703233242035
10525 33536689 0.9994712173938751
10526 33536725 0.9994722902774811
10527 33536768 0.9994735717773438
10528 33536799 0.9994744956493378
10529 33536827 0.9994753301143646
10530 33536852 0.9994760751724243
10531 33536888 0.9994771480560303
10532 33536914 0.9994779229164124
10533 33536938 0.9994786381721497
10534 33536969 0.9994795620441437
10535 33536994 0.9994803071022034
10536 33537033 0.9994814693927765
10537 33537063 0.9994823634624481
10538 33537089 0.9994831383228302
10539 33537115 0.9994839131832123
10540 33537141 0.9994846880435944
10541 33537168 0.9994854927062988
10542 33537198 0.9994863867759705
10543 33537229 0.9994873106479645
10544 33537267 0.9994884431362152
10545 33537296 0.9994893074035645
10546 33537318 0.999489963054657
10547 33537341 0.9994906485080719
10548 33537371 0.9994915425777435
10549 33537402 0.9994924664497375
10550 33537422 0.9994930624961853
10551 33537458 0.9994941353797913
10552 33537491 0.99949511885643
10553 33537520 0.9994959831237793
10554 33537556 0.9994970560073853
10555 33537585 0.9994979202747345
10556 33537611 0.9994986951351166
10557 33537644 0.9994996786117554
10558 33537680 0.9995007514953613
10559 33537709 0.9995016157627106
10560 33537741 0.999502569437027
10561 33537764 0.9995032548904419
10562 33537788 0.9995039701461792
10563 33537811 0.9995046555995941
10564 33537831 0.9995052516460419
10565 33537867 0.9995063245296478
10566 33537889 0.9995069801807404
10567 33537919 0.999507874250412
10568 33537946 0.9995086789131165
10569 33537982 0.9995097517967224
10570 33538008 0.9995105266571045
10571 33538041 0.9995115101337433
10572 33538065 0.9995122253894806
10573 33538091 0.9995130002498627
10574 33538117 0.9995137751102448
10575 33538150 0.9995147585868835
10576 33538178 0.9995155930519104
10577 33538199 0.9995162189006805
10578 33538225 0.9995169937610626
10579 33538256 0.9995179176330566
10580 33538285 0.9995187819004059
10581 33538319 0.9995197951793671
10582 33538348 0.9995206594467163
10583 33538380 0.9995216131210327
10584 33538402 0.9995222687721252
10585 33538449 0.9995236694812775
10586 33538478 0.9995245337486267
10587 33538510 0.9995254874229431
10588 33538541 0.9995264112949371
10589 33538567 0.9995271861553192
10590 33538609 0.9995284378528595
10591 33538638 0.9995293021202087
10592 33538666 0.9995301365852356
10593 33538694 0.9995309710502625
10594 33538725 0.9995318949222565
10595 33538746 0.9995325207710266
10596 33538773 0.9995333254337311
10597 33538801 0.9995341598987579
10598 33538825 0.9995348751544952
10599 33538869 0.9995361864566803
10600 33538900 0.9995371103286743
10601 33538932 0.9995380640029907
10602 33538957 0.9995388090610504
10603 33538987 0.999539703130722
10604 33539012 0.9995404481887817
10605 33539046 0.9995414614677429
10606 33539069 0.9995421469211578
10607 33539098 0.9995430111885071
10608 33539128 0.9995439052581787
10609 33539154 0.9995446801185608
10610 33539173 0.9995452463626862
10611 33539208 0.9995462894439697
10612 33539243 0.9995473325252533
10613 33539264 0.9995479583740234
10614 33539293 0.9995488226413727
10615 33539314 0.9995494484901428
10616 33539340 0.9995502233505249
10617 33539370 0.9995511174201965
10618 33539397 0.999551922082901
10619 33539427 0.9995528161525726
10620 33539456 0.9995536804199219
10621 33539479 0.9995543658733368
10622 33539511 0.9995553195476532
10623 33539532 0.9995559453964233
10624 33539554 0.9995566010475159
10625 33539579 0.9995573461055756
10626 33539602 0.9995580315589905
10627 33539632 0.9995589256286621
10628 33539657 0.9995596706867218
10629 33539687 0.9995605647563934
10630 33539720 0.9995615482330322
10631 33539750 0.9995624423027039
10632 33539773 0.9995631277561188
10633 33539800 0.9995639324188232
10634 33539826 0.9995647072792053
10635 33539851 0.999565452337265
10636 33539887 0.999566525220871
10637 33539912 0.9995672702789307
10638 33539947 0.9995683133602142
10639 33539984 0.9995694160461426
10640 33540020 0.9995704889297485
10641 33540041 0.9995711147785187
10642 33540072 0.9995720386505127
10643 33540098 0.9995728135108948
10644 33540115 0.9995733201503754
10645 33540152 0.9995744228363037
10646 33540178 0.9995751976966858
10647 33540205 0.9995760023593903
10648 33540235 0.9995768964290619
10649 33540262 0.9995777010917664
10650 33540289 0.9995785057544708
10651 33540319 0.9995793998241425
10652 33540353 0.9995804131031036
10653 33540382 0.9995812773704529
10654 33540403 0.999581903219223
10655 33540424 0.9995825290679932
10656 33540448 0.9995832443237305
10657 33540476 0.9995840787887573
10658 33540494 0.9995846152305603
10659 33540519 0.99958536028862
10660 33540550 0.999586284160614
10661 33540568 0.999586820602417
10662 33540597 0.9995876848697662
10663 33540623 0.9995884597301483
10664 33540642 0.9995890259742737
10665 33540674 0.9995899796485901
10666 33540701 0.9995907843112946
10667 33540725 0.9995914995670319
10668 33540756 0.9995924234390259
10669 33540779 0.9995931088924408
10670 33540808 0.99959397315979
10671 33540834 0.9995947480201721
10672 33540860 0.9995955228805542
10673 33540884 0.9995962381362915
10674 33540909 0.9995969831943512
10675 33540930 0.9995976090431213
10676 33540956 0.9995983839035034
10677 33540981 0.9995991289615631
10678 33541009 0.99959996342659
10679 33541034 0.9996007084846497
10680 33541053 0.999601274728775
10681 33541073 0.9996018707752228
10682 33541094 0.9996024966239929
10683 33541120 0.999603271484375
10684 33541139 0.9996038377285004
10685 33541170 0.9996047616004944
10686 33541201 0.9996056854724884
10687 33541225 0.9996064007282257
10688 33541242 0.9996069073677063
10689 33541269 0.9996077120304108
10690 33541290 0.9996083378791809
10691 33541318 0.9996091723442078
10692 33541344 0.9996099472045898
10693 33541375 0.9996108710765839
10694 33541398 0.9996115565299988
10695 33541425 0.9996123611927032
10696 33541464 0.9996135234832764
10697 33541481 0.999614030122757
10698 33541508 0.9996148347854614
10699 33541537 0.9996156990528107
10700 33541567 0.9996165931224823
10701 33541593 0.9996173679828644
10702 33541622 0.9996182322502136
10703 33541650 0.9996190667152405
10704 33541674 0.9996197819709778
10705 33541701 0.9996205866336823
10706 33541727 0.9996213614940643
10707 33541751 0.9996220767498016
10708 33541780 0.9996229410171509
10709 33541800 0.9996235370635986
10710 33541835 0.9996245801448822
10711 33541869 0.9996255934238434
10712 33541901 0.9996265470981598
10713 33541934 0.9996275305747986
10714 33541960 0.9996283054351807
10715 33541976 0.9996287822723389
10716 33542001 0.9996295273303986
10717 33542025 0.9996302425861359
10718 33542051 0.9996310174465179
10719 33542065 0.9996314346790314
10720 33542087 0.9996320903301239
10721 33542106 0.9996326565742493
10722 33542129 0.9996333420276642
10723 33542157 0.999634176492691
10724 33542181 0.9996348917484283
10725 33542202 0.9996355175971985
10726 33542234 0.9996364712715149
10727 33542253 0.9996370375156403
10728 33542285 0.9996379911899567
10729 33542311 0.9996387660503387
10730 33542340 0.999639630317688
10731 33542360 0.9996402263641357
10732 33542385 0.9996409714221954
10733 33542414 0.9996418356895447
10734 33542440 0.9996426105499268
10735 33542465 0.9996433556079865
10736 33542489 0.9996440708637238
10737 33542515 0.9996448457241058
10738 33542539 0.9996455609798431
10739 33542568 0.9996464252471924
10740 33542598 0.999647319316864
10741 33542621 0.9996480047702789
10742 33542640 0.9996485710144043
10743 33542669 0.9996494352817535
10744 33542691 0.9996500909328461
10745 33542717 0.9996508657932281
10746 33542741 0.9996515810489655
10747 33542762 0.9996522068977356
10748 33542782 0.9996528029441833
10749 33542805 0.9996534883975983
10750 33542834 0.9996543526649475
10751 33542859 0.9996550977230072
10752 33542891 0.9996560513973236
10753 33542919 0.9996568858623505
10754 33542951 0.9996578395366669
10755 33542971 0.9996584355831146
10756 33542998 0.9996592402458191
10757 33543022 0.9996599555015564
10758 33543041 0.9996605217456818
10759 33543060 0.9996610879898071
10760 33543083 0.999661773443222
10761 33543104 0.9996623992919922
10762 33543133 0.9996632635593414
10763 33543162 0.9996641278266907
10764 33543184 0.9996647834777832
10765 33543209 0.9996655285358429
10766 33543233 0.9996662437915802
10767 33543257 0.9996669590473175
10768 33543282 0.9996677041053772
10769 33543301 0.9996682703495026
10770 33543323 0.9996689260005951
10771 33543348 0.9996696710586548
10772 33543371 0.9996703565120697
10773 33543396 0.9996711015701294
10774 33543419 0.9996717870235443
10775 33543438 0.9996723532676697
10776 33543459 0.9996729791164398
10777 33543491 0.9996739327907562
10778 33543512 0.9996745586395264
10779 33543534 0.9996752142906189
10780 33543559 0.9996759593486786
10781 33543579 0.9996765553951263
10782 33543598 0.9996771216392517
10783 33543618 0.9996777176856995
10784 33543647 0.9996785819530487
10785 33543670 0.9996792674064636
10786 33543689 0.999679833650589
10787 33543714 0.9996805787086487
10788 33543736 0.9996812343597412
10789 33543750 0.9996816515922546
10790 33543781 0.9996825754642487
10791 33543804 0.9996832609176636
10792 33543826 0.9996839165687561
10793 33543844 0.9996844530105591
10794 33543867 0.999685138463974
10795 33543883 0.9996856153011322
10796 33543899 0.9996860921382904
10797 33543915 0.9996865689754486
10798 33543930 0.9996870160102844
10799 33543951 0.9996876418590546
10800 33543973 0.9996882975101471
10801 33543995 0.9996889531612396
10802 33544022 0.9996897578239441
10803 33544040 0.9996902942657471
10804 33544062 0.9996909499168396
10805 33544082 0.9996915459632874
10806 33544106 0.9996922612190247
10807 33544127 0.9996928870677948
10808 33544151 0.9996936023235321
10809 33544182 0.9996945261955261
10810 33544206 0.9996952414512634
10811 33544239 0.9996962249279022
10812 33544271 0.9996971786022186
10813 33544287 0.9996976554393768
10814 33544310 0.9996983408927917
10815 33544323 0.9996987283229828
10816 33544342 0.9996992945671082
10817 33544375 0.999700278043747
10818 33544394 0.9997008442878723
10819 33544413 0.9997014105319977
10820 33544439 0.9997021853923798
10821 33544453 0.9997026026248932
10822 33544479 0.9997033774852753
10823 33544498 0.9997039437294006
10824 33544518 0.9997045397758484
10825 33544539 0.9997051656246185
10826 33544553 0.999705582857132
10827 33544583 0.9997064769268036
10828 33544613 0.9997073709964752
10829 33544633 0.999707967042923
10830 33544657 0.9997086822986603
10831 33544675 0.9997092187404633
10832 33544699 0.9997099339962006
10833 33544715 0.9997104108333588
10834 33544735 0.9997110068798065
10835 33544752 0.9997115135192871
10836 33544770 0.9997120499610901
10837 33544784 0.9997124671936035
10838 33544801 0.9997129738330841
10839 33544835 0.9997139871120453
10840 33544858 0.9997146725654602
10841 33544883 0.9997154176235199
10842 33544907 0.9997161328792572
10843 33544926 0.9997166991233826
10844 33544954 0.9997175335884094
10845 33544973 0.9997180998325348
10846 33544988 0.9997185468673706
10847 33545001 0.9997189342975616
10848 33545029 0.9997197687625885
10849 33545046 0.9997202754020691
10850 33545061 0.9997207224369049
10851 33545079 0.9997212588787079
10852 33545096 0.9997217655181885
10853 33545108 0.9997221231460571
10854 33545133 0.9997228682041168
10855 33545154 0.999723494052887
10856 33545175 0.9997241199016571
10857 33545201 0.9997248947620392
10858 33545222 0.9997255206108093
10859 33545239 0.9997260272502899
10860 33545256 0.9997265338897705
10861 33545288 0.9997274875640869
10862 33545306 0.9997280240058899
10863 33545326 0.9997286200523376
10864 33545347 0.9997292459011078
10865 33545364 0.9997297525405884
10866 33545376 0.999730110168457
10867 33545392 0.9997305870056152
10868 33545414 0.9997312426567078
10869 33545432 0.9997317790985107
10870 33545447 0.9997322261333466
10871 33545466 0.9997327923774719
10872 33545487 0.9997334182262421
10873 33545503 0.9997338950634003
10874 33545524 0.9997345209121704
10875 33545546 0.9997351765632629
10876 33545563 0.9997356832027435
10877 33545586 0.9997363686561584
10878 33545609 0.9997370541095734
10879 33545620 0.9997373819351196
10880 33545644 0.9997380971908569
10881 33545660 0.9997385740280151
10882 33545675 0.999739021062851
10883 33545704 0.9997398853302002
10884 33545719 0.999740332365036
10885 33545742 0.9997410178184509
10886 33545754 0.9997413754463196
10887 33545779 0.9997421205043793
10888 33545805 0.9997428953647614
10889 33545829 0.9997436106204987
10890 33545849 0.9997442066669464
10891 33545865 0.9997446835041046
10892 33545895 0.9997455775737762
10893 33545914 0.9997461438179016
10894 33545936 0.9997467994689941
10895 33545958 0.9997474551200867
10896 33545979 0.9997480809688568
10897 33545994 0.9997485280036926
10898 33546013 0.999749094247818
10899 33546039 0.9997498691082001
10900 33546047 0.9997501075267792
10901 33546067 0.9997507035732269
10902 33546084 0.9997512102127075
10903 33546100 0.9997516870498657
10904 33546115 0.9997521340847015
10905 33546133 0.9997526705265045
10906 33546152 0.9997532367706299
10907 33546168 0.9997537136077881
10908 33546201 0.9997546970844269
10909 33546224 0.9997553825378418
10910 33546237 0.9997557699680328
10911 33546254 0.9997562766075134
10912 33546276 0.999756932258606
10913 33546297 0.9997575581073761
10914 33546319 0.9997582137584686
10915 33546346 0.9997590184211731
10916 33546368 0.9997596740722656
10917 33546385 0.9997601807117462
10918 33546404 0.9997607469558716
10919 33546421 0.9997612535953522
10920 33546434 0.9997616410255432
10921 33546451 0.9997621476650238
10922 33546476 0.9997628927230835
10923 33546499 0.9997635781764984
10924 33546511 0.9997639358043671
10925 33546527 0.9997644126415253
10926 33546553 0.9997651875019073
10927 33546566 0.9997655749320984
10928 33546580 0.9997659921646118
10929 33546592 0.9997663497924805
10930 33546610 0.9997668862342834
10931 33546629 0.9997674524784088
10932 33546648 0.9997680187225342
10933 33546667 0.9997685849666595
10934 33546689 0.9997692406177521
10935 33546708 0.9997698068618774
10936 33546720 0.9997701644897461
10937 33546736 0.9997706413269043
10938 33546757 0.9997712671756744
10939 33546768 0.9997715950012207
10940 33546777 0.9997718632221222
10941 33546793 0.9997723400592804
10942 33546811 0.9997728765010834
10943 33546827 0.9997733533382416
10944 33546840 0.9997737407684326
10945 33546863 0.9997744262218475
10946 33546875 0.9997747838497162
10947 33546885 0.9997750818729401
10948 33546902 0.9997755885124207
10949 33546917 0.9997760355472565
10950 33546934 0.9997765421867371
10951 33546950 0.9997770190238953
10952 33546968 0.9997775554656982
10953 33546980 0.9997779130935669
10954 33546997 0.9997784197330475
10955 33547015 0.9997789561748505
10956 33547032 0.999779462814331
10957 33547049 0.9997799694538116
10958 33547066 0.9997804760932922
10959 33547084 0.9997810125350952
10960 33547099 0.999781459569931
10961 33547113 0.9997818768024445
10962 33547128 0.9997823238372803
10963 33547139 0.9997826516628265
10964 33547157 0.9997831881046295
10965 33547172 0.9997836351394653
10966 33547190 0.9997841715812683
10967 33547204 0.9997845888137817
10968 33547225 0.9997852146625519
10969 33547236 0.9997855424880981
10970 33547250 0.9997859597206116
10971 33547267 0.9997864663600922
10972 33547279 0.9997868239879608
10973 33547301 0.9997874796390533
10974 33547317 0.9997879564762115
10975 33547333 0.9997884333133698
10976 33547354 0.9997890591621399
10977 33547370 0.9997895359992981
10978 33547386 0.9997900128364563
10979 33547411 0.999790757894516
10980 33547427 0.9997912347316742
10981 33547448 0.9997918605804443
10982 33547466 0.9997923970222473
10983 33547480 0.9997928142547607
10984 33547493 0.9997932016849518
10985 33547512 0.9997937679290771
10986 33547528 0.9997942447662354
10987 33547538 0.9997945427894592
10988 33547547 0.9997948110103607
10989 33547561 0.9997952282428741
10990 33547572 0.9997955560684204
10991 33547593 0.9997961819171906
10992 33547613 0.9997967779636383
10993 33547631 0.9997973144054413
10994 33547648 0.9997978210449219
10995 33547665 0.9997983276844025
10996 33547681 0.9997988045215607
10997 33547700 0.999799370765686
10998 33547715 0.9997998178005219
10999 33547730 0.9998002648353577
11000 33547736 0.999800443649292
11001 33547753 0.9998009502887726
11002 33547772 0.999801516532898
11003 33547785 0.999801903963089
11004 33547801 0.9998023808002472
11005 33547818 0.9998028874397278
11006 33547829 0.999803215265274
11007 33547840 0.9998035430908203
11008 33547854 0.9998039603233337
11009 33547862 0.9998041987419128
11010 33547880 0.9998047351837158
11011 33547897 0.9998052418231964
11012 33547909 0.9998055994510651
11013 33547919 0.9998058974742889
11014 33547933 0.9998063147068024
11015 33547947 0.9998067319393158
11016 33547963 0.999807208776474
11017 33547976 0.999807596206665
11018 33547995 0.9998081624507904
11019 33548011 0.9998086392879486
11020 33548024 0.9998090267181396
11021 33548031 0.9998092353343964
11022 33548044 0.9998096227645874
11023 33548053 0.9998098909854889
11024 33548069 0.9998103678226471
11025 33548078 0.9998106360435486
11026 33548095 0.9998111426830292
11027 33548105 0.999811440706253
11028 33548128 0.999812126159668
11029 33548138 0.9998124241828918
11030 33548157 0.9998129904270172
11031 33548170 0.9998133778572083
11032 33548193 0.9998140633106232
11033 33548202 0.9998143315315247
11034 33548214 0.9998146891593933
11035 33548226 0.999815046787262
11036 33548241 0.9998154938220978
11037 33548252 0.999815821647644
11038 33548263 0.9998161494731903
11039 33548274 0.9998164772987366
11040 33548287 0.9998168647289276
11041 33548297 0.9998171627521515
11042 33548306 0.999817430973053
11043 33548314 0.9998176693916321
11044 33548325 0.9998179972171783
11045 33548340 0.9998184442520142
11046 33548357 0.9998189508914948
11047 33548371 0.9998193681240082
11048 33548383 0.9998197257518768
11049 33548396 0.9998201131820679
11050 33548416 0.9998207092285156
11051 33548427 0.9998210370540619
11052 33548442 0.9998214840888977
11053 33548456 0.9998219013214111
11054 33548473 0.9998224079608917
11055 33548482 0.9998226761817932
11056 33548496 0.9998230934143066
11057 33548507 0.9998234212398529
11058 33548520 0.999823808670044
11059 33548539 0.9998243749141693
11060 33548556 0.9998248815536499
11061 33548568 0.9998252391815186
11062 33548573 0.9998253881931305
11063 33548589 0.9998258650302887
11064 33548603 0.9998262822628021
11065 33548612 0.9998265504837036
11066 33548623 0.9998268783092499
11067 33548636 0.9998272657394409
11068 33548644 0.99982750415802
11069 33548659 0.9998279511928558
11070 33548669 0.9998282492160797
11071 33548681 0.9998286068439484
11072 33548689 0.9998288452625275
11073 33548699 0.9998291432857513
11074 33548706 0.9998293519020081
11075 33548718 0.9998297095298767
11076 33548730 0.9998300671577454
11077 33548743 0.9998304545879364
11078 33548758 0.9998309016227722
11079 33548770 0.9998312592506409
11080 33548783 0.9998316466808319
11081 33548789 0.9998318254947662
11082 33548800 0.9998321533203125
11083 33548814 0.9998325705528259
11084 33548826 0.9998329281806946
11085 33548840 0.999833345413208
11086 33548850 0.9998336434364319
11087 33548865 0.9998340904712677
11088 33548875 0.9998343884944916
11089 33548889 0.999834805727005
11090 33548904 0.9998352527618408
11091 33548920 0.999835729598999
11092 33548930 0.9998360276222229
11093 33548946 0.9998365044593811
11094 33548957 0.9998368322849274
11095 33548970 0.9998372197151184
11096 33548982 0.9998375773429871
11097 33548994 0.9998379349708557
11098 33549009 0.9998383820056915
11099 33549023 0.999838799238205
11100 33549040 0.9998393058776855
11101 33549052 0.9998396635055542
11102 33549061 0.9998399317264557
11103 33549071 0.9998402297496796
11104 33549088 0.9998407363891602
11105 33549101 0.9998411238193512
11106 33549114 0.9998415112495422
11107 33549125 0.9998418390750885
11108 33549134 0.99984210729599
11109 33549149 0.9998425543308258
11110 33549163 0.9998429715633392
11111 33549177 0.9998433887958527
11112 33549194 0.9998438954353333
11113 33549204 0.9998441934585571
11114 33549212 0.9998444318771362
11115 33549219 0.9998446404933929
11116 33549232 0.999845027923584
11117 33549244 0.9998453855514526
11118 33549251 0.9998455941677094
11119 33549268 0.9998461008071899
11120 33549278 0.9998463988304138
11121 33549286 0.9998466372489929
11122 33549299 0.999847024679184
11123 33549310 0.9998473525047302
11124 33549323 0.9998477399349213
11125 33549334 0.9998480677604675
11126 33549345 0.9998483955860138
11127 33549351 0.9998485743999481
11128 33549362 0.9998489022254944
11129 33549375 0.9998492896556854
11130 33549391 0.9998497664928436
11131 33549401 0.9998500645160675
11132 33549416 0.9998505115509033
11133 33549424 0.9998507499694824
11134 33549435 0.9998510777950287
11135 33549444 0.9998513460159302
11136 33549450 0.9998515248298645
11137 33549460 0.9998518228530884
11138 33549473 0.9998522102832794
11139 33549481 0.9998524487018585
11140 33549487 0.9998526275157928
11141 33549504 0.9998531341552734
11142 33549514 0.9998534321784973
11143 33549525 0.9998537600040436
11144 33549541 0.9998542368412018
11145 33549548 0.9998544454574585
11146 33549557 0.99985471367836
11147 33549565 0.9998549520969391
11148 33549576 0.9998552799224854
11149 33549587 0.9998556077480316
11150 33549595 0.9998558461666107
11151 33549610 0.9998562932014465
11152 33549619 0.999856561422348
11153 33549628 0.9998568296432495
11154 33549635 0.9998570382595062
11155 33549645 0.9998573362827301
11156 33549654 0.9998576045036316
11157 33549670 0.9998580813407898
11158 33549683 0.9998584687709808
11159 33549689 0.9998586475849152
11160 33549699 0.999858945608139
11161 33549711 0.9998593032360077
11162 33549719 0.9998595416545868
11163 33549732 0.9998599290847778
11164 33549742 0.9998602271080017
11165 33549750 0.9998604655265808
11166 33549757 0.9998606741428375
11167 33549764 0.9998608827590942
11168 33549779 0.99986132979393
11169 33549789 0.9998616278171539
11170 33549794 0.9998617768287659
11171 33549803 0.9998620450496674
11172 33549815 0.999862402677536
11173 33549830 0.9998628497123718
11174 33549838 0.9998630881309509
11175 33549849 0.9998634159564972
11176 33549856 0.9998636245727539
11177 33549866 0.9998639225959778
11178 33549877 0.999864250421524
11179 33549890 0.9998646378517151
11180 33549899 0.9998649060726166
11181 33549911 0.9998652637004852
11182 33549918 0.9998654723167419
11183 33549922 0.9998655915260315
11184 33549930 0.9998658299446106
11185 33549940 0.9998661279678345
11186 33549953 0.9998665153980255
11187 33549967 0.9998669326305389
11188 33549978 0.9998672604560852
11189 33549991 0.9998676478862762
11190 33550001 0.9998679459095001
11191 33550007 0.9998681247234344
11192 33550021 0.9998685419559479
11193 33550032 0.9998688697814941
11194 33550038 0.9998690485954285
11195 33550049 0.9998693764209747
11196 33550053 0.9998694956302643
11197 33550059 0.9998696744441986
11198 33550078 0.999870240688324
11199 33550087 0.9998705089092255
11200 33550099 0.9998708665370941
11201 33550109 0.999871164560318
11202 33550118 0.9998714327812195
11203 33550127 0.999871701002121
11204 33550138 0.9998720288276672
11205 33550149 0.9998723566532135
11206 33550157 0.9998725950717926
11207 33550166 0.9998728632926941
11208 33550175 0.9998731315135956
11209 33550183 0.9998733699321747
11210 33550190 0.9998735785484314
11211 33550198 0.9998738169670105
11212 33550212 0.9998742341995239
11213 33550221 0.9998745024204254
11214 33550229 0.9998747408390045
11215 33550243 0.9998751580715179
11216 33550258 0.9998756051063538
11217 33550266 0.9998758435249329
11218 33550279 0.9998762309551239
11219 33550289 0.9998765289783478
11220 33550298 0.9998767971992493
11221 33550308 0.9998770952224731
11222 33550316 0.9998773336410522
11223 33550324 0.9998775720596313
11224 33550330 0.9998777508735657
11225 33550337 0.9998779594898224
11226 33550350 0.9998783469200134
11227 33550356 0.9998785257339478
11228 33550367 0.999878853559494
11229 33550372 0.999879002571106
11230 33550381 0.9998792707920074
11231 33550392 0.9998795986175537
11232 33550403 0.9998799264431
11233 33550410 0.9998801350593567
11234 33550415 0.9998802840709686
11235 33550424 0.9998805522918701
11236 33550431 0.9998807609081268
11237 33550438 0.9998809695243835
11238 33550444 0.9998811483383179
11239 33550456 0.9998815059661865
11240 33550466 0.9998818039894104
11241 33550474 0.9998820424079895
11242 33550488 0.9998824596405029
11243 33550495 0.9998826682567596
11244 33550500 0.9998828172683716
11245 33550511 0.9998831450939178
11246 33550516 0.9998832941055298
11247 33550527 0.999883621931076
11248 33550533 0.9998838007450104
11249 33550541 0.9998840391635895
11250 33550558 0.9998845458030701
11251 33550566 0.9998847842216492
11252 33550573 0.9998849928379059
11253 33550588 0.9998854398727417
11254 33550598 0.9998857378959656
11255 33550608 0.9998860359191895
11256 33550613 0.9998861849308014
11257 33550620 0.9998863935470581
11258 33550633 0.9998867809772491
11259 33550646 0.9998871684074402
11260 33550655 0.9998874366283417
11261 33550659 0.9998875558376312
11262 33550667 0.9998877942562103
11263 33550675 0.9998880326747894
11264 33550682 0.9998882412910461
11265 33550692 0.99988853931427
11266 33550700 0.9998887777328491
11267 33550706 0.9998889565467834
11268 33550713 0.9998891651630402
11269 33550720 0.9998893737792969
11270 33550729 0.9998896420001984
11271 33550732 0.9998897314071655
11272 33550747 0.9998901784420013
11273 33550752 0.9998903274536133
11274 33550759 0.99989053606987
11275 33550773 0.9998909533023834
11276 33550782 0.9998912215232849
11277 33550792 0.9998915195465088
11278 33550796 0.9998916387557983
11279 33550806 0.9998919367790222
11280 33550811 0.9998920857906342
11281 33550821 0.999892383813858
11282 33550829 0.9998926222324371
11283 33550840 0.9998929500579834
11284 33550852 0.999893307685852
11285 33550862 0.9998936057090759
11286 33550870 0.999893844127655
11287 33550880 0.9998941421508789
11288 33550888 0.999894380569458
11289 33550900 0.9998947381973267
11290 33550905 0.9998948872089386
11291 33550915 0.9998951852321625
11292 33550920 0.9998953342437744
11293 33550927 0.9998955428600311
11294 33550940 0.9998959302902222
11295 33550947 0.9998961389064789
11296 33550962 0.9998965859413147
11297 33550967 0.9998967349529266
11298 33550975 0.9998969733715057
11299 33550981 0.9998971521854401
11300 33550985 0.9998972713947296
11301 33550991 0.9998974502086639
11302 33551000 0.9998977184295654
11303 33551005 0.9998978674411774
11304 33551015 0.9998981654644012
11305 33551018 0.9998982548713684
11306 33551022 0.999898374080658
11307 33551030 0.9998986124992371
11308 33551038 0.9998988509178162
11309 33551043 0.9998989999294281
11310 33551048 0.99989914894104
11311 33551051 0.9998992383480072
11312 33551062 0.9998995661735535
11313 33551072 0.9998998641967773
11314 33551082 0.9999001622200012
11315 33551090 0.9999004006385803
11316 33551094 0.9999005198478699
11317 33551099 0.9999006688594818
11318 33551105 0.9999008476734161
11319 33551114 0.9999011158943176
11320 33551124 0.9999014139175415
11321 33551134 0.9999017119407654
11322 33551137 0.9999018013477325
11323 33551145 0.9999020397663116
11324 33551153 0.9999022781848907
11325 33551160 0.9999024868011475
11326 33551164 0.999902606010437
11327 33551167 0.9999026954174042
11328 33551173 0.9999028742313385
11329 33551177 0.999902993440628
11330 33551184 0.9999032020568848
11331 33551192 0.9999034404754639
11332 33551197 0.9999035894870758
11333 33551209 0.9999039471149445
11334 33551215 0.9999041259288788
11335 33551220 0.9999042749404907
11336 33551233 0.9999046623706818
11337 33551242 0.9999049305915833
11338 33551251 0.9999051988124847
11339 33551266 0.9999056458473206
11340 33551274 0.9999058842658997
11341 33551276 0.9999059438705444
11342 33551280 0.999906063079834
11343 33551286 0.9999062418937683
11344 33551292 0.9999064207077026
11345 33551300 0.9999066591262817
11346 33551306 0.9999068379402161
11347 33551312 0.9999070167541504
11348 33551323 0.9999073445796967
11349 33551326 0.9999074339866638
11350 33551333 0.9999076426029205
11351 33551344 0.9999079704284668
11352 33551349 0.9999081194400787
11353 33551364 0.9999085664749146
11354 33551367 0.9999086558818817
11355 33551372 0.9999088048934937
11356 33551381 0.9999090731143951
11357 33551391 0.999909371137619
11358 33551398 0.9999095797538757
11359 33551406 0.9999098181724548
11360 33551407 0.9999098479747772
11361 33551413 0.9999100267887115
11362 33551420 0.9999102354049683
11363 33551432 0.9999105930328369
11364 33551436 0.9999107122421265
11365 33551439 0.9999108016490936
11366 33551446 0.9999110102653503
11367 33551454 0.9999112486839294
11368 33551459 0.9999113976955414
11369 33551465 0.9999115765094757
11371 33551472 0.9999117851257324
11372 33551477 0.9999119341373444
11373 33551485 0.9999121725559235
11374 33551492 0.9999123811721802
11375 33551499 0.9999125897884369
11376 33551502 0.999912679195404
11377 33551511 0.9999129474163055
11378 33551517 0.9999131262302399
11379 33551524 0.9999133348464966
11380 33551528 0.9999134540557861
11381 33551536 0.9999136924743652
11382 33551539 0.9999137818813324
11383 33551544 0.9999139308929443
11384 33551547 0.9999140202999115
11385 33551555 0.9999142587184906
11386 33551562 0.9999144673347473
11387 33551572 0.9999147653579712
11388 33551576 0.9999148845672607
11389 33551579 0.9999149739742279
11390 33551583 0.9999150931835175
11391 33551588 0.9999152421951294
11392 33551593 0.9999153912067413
11393 33551598 0.9999155402183533
11394 33551603 0.9999156892299652
11395 33551612 0.9999159574508667
11396 33551620 0.9999161958694458
11397 33551622 0.9999162554740906
11398 33551632 0.9999165534973145
11399 33551638 0.9999167323112488
11400 33551643 0.9999168813228607
11401 33551651 0.9999171197414398
11402 33551658 0.9999173283576965
11403 33551666 0.9999175667762756
11404 33551670 0.9999176859855652
11405 33551674 0.9999178051948547
11406 33551677 0.9999178946018219
11407 33551683 0.9999180734157562
11408 33551688 0.9999182224273682
11409 33551691 0.9999183118343353
11410 33551698 0.999918520450592
11411 33551706 0.9999187588691711
11412 33551709 0.9999188482761383
11413 33551722 0.9999192357063293
11414 33551729 0.9999194443225861
11415 33551736 0.9999196529388428
11416 33551741 0.9999198019504547
11417 33551745 0.9999199211597443
11418 33551749 0.9999200403690338
11419 33551753 0.9999201595783234
11420 33551760 0.9999203681945801
11421 33551768 0.9999206066131592
11422 33551775 0.9999208152294159
11423 33551777 0.9999208748340607
11424 33551781 0.9999209940433502
11425 33551786 0.9999211430549622
11426 33551787 0.9999211728572845
11427 33551791 0.9999212920665741
11428 33551792 0.9999213218688965
11429 33551797 0.9999214708805084
11430 33551801 0.999921590089798
11431 33551811 0.9999218881130219
11432 33551815 0.9999220073223114
11433 33551819 0.999922126531601
11434 33551824 0.9999222755432129
11435 33551828 0.9999223947525024
11436 33551829 0.9999224245548248
11437 33551831 0.9999224841594696
11438 33551836 0.9999226331710815
11439 33551841 0.9999227821826935
11440 33551848 0.9999229907989502
11441 33551858 0.9999232888221741
11442 33551863 0.999923437833786
11443 33551868 0.999923586845398
11444 33551875 0.9999237954616547
11445 33551879 0.9999239146709442
11446 33551887 0.9999241530895233
11447 33551891 0.9999242722988129
11448 33551899 0.999924510717392
11449 33551904 0.9999246597290039
11450 33551909 0.9999248087406158
11451 33551913 0.9999249279499054
11452 33551916 0.9999250173568726
11453 33551919 0.9999251067638397
11454 33551922 0.9999251961708069
11455 33551928 0.9999253749847412
11456 33551938 0.9999256730079651
11457 33551943 0.999925822019577
11458 33551947 0.9999259412288666
11459 33551954 0.9999261498451233
11460 33551959 0.9999262988567352
11461 33551962 0.9999263882637024
11462 33551967 0.9999265372753143
11463 33551974 0.999926745891571
11464 33551982 0.9999269843101501
11465 33551989 0.9999271929264069
11466 33551994 0.9999273419380188
11467 33552001 0.9999275505542755
11468 33552005 0.9999276697635651
11469 33552011 0.9999278485774994
11470 33552018 0.9999280571937561
11471 33552023 0.999928206205368
11472 33552027 0.9999283254146576
11473 33552031 0.9999284446239471
11474 33552036 0.9999285936355591
11475 33552040 0.9999287128448486
11476 33552045 0.9999288618564606
11477 33552047 0.9999289214611053
11478 33552049 0.9999289810657501
11479 33552052 0.9999290704727173
11480 33552057 0.9999292194843292
11481 33552064 0.9999294281005859
11482 33552068 0.9999295473098755
11483 33552075 0.9999297559261322
11484 33552079 0.9999298751354218
11485 33552080 0.9999299049377441
11486 33552086 0.9999300837516785
11487 33552089 0.9999301731586456
11488 33552094 0.9999303221702576
11489 33552097 0.9999304115772247
11490 33552102 0.9999305605888367
11491 33552107 0.9999307096004486
11492 33552112 0.9999308586120605
11493 33552115 0.9999309480190277
11494 33552116 0.9999309778213501
11495 33552121 0.999931126832962
11496 33552126 0.999931275844574
11497 33552132 0.9999314546585083
11498 33552138 0.9999316334724426
11499 33552143 0.9999317824840546
11500 33552151 0.9999320209026337
11501 33552159 0.9999322593212128
11502 33552165 0.9999324381351471
11503 33552170 0.999932587146759
11504 33552174 0.9999327063560486
11505 33552182 0.9999329447746277
11506 33552187 0.9999330937862396
11507 33552193 0.999933272600174
11508 33552199 0.9999334514141083
11509 33552205 0.9999336302280426
11510 33552207 0.9999336898326874
11511 33552211 0.9999338090419769
11512 33552215 0.9999339282512665
11513 33552222 0.9999341368675232
11514 33552228 0.9999343156814575
11515 33552232 0.9999344348907471
11516 33552235 0.9999345242977142
11517 33552242 0.999934732913971
11518 33552249 0.9999349415302277
11519 33552251 0.9999350011348724
11520 33552256 0.9999351501464844
11521 33552259 0.9999352395534515
11522 33552263 0.9999353587627411
11523 33552266 0.9999354481697083
11524 33552269 0.9999355375766754
11525 33552272 0.9999356269836426
11526 33552275 0.9999357163906097
11527 33552279 0.9999358355998993
11528 33552281 0.9999358952045441
11529 33552284 0.9999359846115112
11530 33552287 0.9999360740184784
11531 33552292 0.9999362230300903
11532 33552293 0.9999362528324127
11533 33552300 0.9999364614486694
11534 33552304 0.999936580657959
11535 33552309 0.9999367296695709
11536 33552314 0.9999368786811829
11537 33552321 0.9999370872974396
11538 33552325 0.9999372065067291
11539 33552330 0.9999373555183411
11540 33552344 0.9999377727508545
11541 33552346 0.9999378323554993
11542 33552352 0.9999380111694336
11543 33552354 0.9999380707740784
11544 33552355 0.9999381005764008
11545 33552359 0.9999382197856903
11546 33552363 0.9999383389949799
11547 33552368 0.9999384880065918
11548 33552371 0.999938577413559
11549 33552378 0.9999387860298157
11550 33552381 0.9999388754367828
11551 33552386 0.9999390244483948
11552 33552393 0.9999392330646515
11553 33552398 0.9999393820762634
11554 33552403 0.9999395310878754
11555 33552410 0.9999397397041321
11556 33552411 0.9999397695064545
11557 33552415 0.999939888715744
11558 33552419 0.9999400079250336
11559 33552420 0.999940037727356
11560 33552421 0.9999400675296783
11561 33552425 0.9999401867389679
11562 33552430 0.9999403357505798
11563 33552432 0.9999403953552246
11564 33552435 0.9999404847621918
11565 33552441 0.9999406635761261
11566 33552446 0.999940812587738
11567 33552454 0.9999410510063171
11568 33552456 0.9999411106109619
11569 33552463 0.9999413192272186
11570 33552464 0.999941349029541
11571 33552465 0.9999413788318634
11572 33552468 0.9999414682388306
11573 33552472 0.9999415874481201
11574 33552473 0.9999416172504425
11575 33552479 0.9999417960643768
11576 33552482 0.999941885471344
11577 33552485 0.9999419748783112
11578 33552487 0.9999420344829559
11579 33552490 0.9999421238899231
11580 33552493 0.9999422132968903
11581 33552497 0.9999423325061798
11582 33552504 0.9999425411224365
11583 33552506 0.9999426007270813
11584 33552510 0.9999427199363708
11585 33552511 0.9999427497386932
11586 33552516 0.9999428987503052
11587 33552518 0.99994295835495
11588 33552519 0.9999429881572723
11589 33552522 0.9999430775642395
11590 33552527 0.9999432265758514
11591 33552532 0.9999433755874634
11592 33552536 0.9999434947967529
11593 33552540 0.9999436140060425
11594 33552543 0.9999437034130096
11595 33552547 0.9999438226222992
11596 33552552 0.9999439716339111
11597 33552553 0.9999440014362335
11599 33552556 0.9999440908432007
11600 33552562 0.999944269657135
11601 33552564 0.9999443292617798
11602 33552566 0.9999443888664246
11603 33552567 0.999944418668747
11604 33552570 0.9999445080757141
11605 33552575 0.999944657087326
11606 33552577 0.9999447166919708
11607 33552579 0.9999447762966156
11608 33552582 0.9999448657035828
11609 33552587 0.9999450147151947
11610 33552590 0.9999451041221619
11611 33552591 0.9999451339244843
11612 33552595 0.9999452531337738
11613 33552598 0.999945342540741
11614 33552600 0.9999454021453857
11616 33552601 0.9999454319477081
11617 33552602 0.9999454617500305
11618 33552603 0.9999454915523529
11619 33552609 0.9999456703662872
11621 33552610 0.9999457001686096
11623 33552613 0.9999457895755768
11624 33552614 0.9999458193778992
11625 33552616 0.999945878982544
11626 33552617 0.9999459087848663
11627 33552623 0.9999460875988007
11628 33552628 0.9999462366104126
11629 33552633 0.9999463856220245
11630 33552638 0.9999465346336365
11631 33552645 0.9999467432498932
11632 33552648 0.9999468326568604
11633 33552649 0.9999468624591827
11634 33552652 0.9999469518661499
11635 33552654 0.9999470114707947
11636 33552656 0.9999470710754395
11637 33552662 0.9999472498893738
11638 33552665 0.9999473392963409
11639 33552667 0.9999473989009857
11640 33552677 0.9999476969242096
11641 33552680 0.9999477863311768
11642 33552684 0.9999479055404663
11643 33552686 0.9999479651451111
11644 33552687 0.9999479949474335
11645 33552689 0.9999480545520782
11646 33552696 0.999948263168335
11647 33552699 0.9999483525753021
11648 33552700 0.9999483823776245
11649 33552705 0.9999485313892365
11650 33552710 0.9999486804008484
11651 33552714 0.9999487996101379
11652 33552715 0.9999488294124603
11653 33552720 0.9999489784240723
11654 33552721 0.9999490082263947
11655 33552727 0.999949187040329
11656 33552730 0.9999492764472961
11657 33552734 0.9999493956565857
11658 33552736 0.9999494552612305
11659 33552738 0.9999495148658752
11660 33552742 0.9999496340751648
11661 33552744 0.9999496936798096
11662 33552747 0.9999497830867767
11663 33552749 0.9999498426914215
11664 33552754 0.9999499917030334
11665 33552759 0.9999501407146454
11666 33552764 0.9999502897262573
11667 33552766 0.9999503493309021
11668 33552770 0.9999504685401917
11669 33552775 0.9999506175518036
11670 33552778 0.9999507069587708
11671 33552782 0.9999508261680603
11672 33552787 0.9999509751796722
11673 33552793 0.9999511539936066
11674 33552797 0.9999512732028961
11675 33552799 0.9999513328075409
11676 33552801 0.9999513924121857
11677 33552805 0.9999515116214752
11678 33552808 0.9999516010284424
11679 33552812 0.9999517202377319
11680 33552815 0.9999518096446991
11681 33552820 0.999951958656311
11682 33552824 0.9999520778656006
11683 33552826 0.9999521374702454
11684 33552832 0.9999523162841797
11685 33552834 0.9999523758888245
11686 33552837 0.9999524652957916
11687 33552839 0.9999525249004364
11688 33552840 0.9999525547027588
11689 33552843 0.999952644109726
11690 33552844 0.9999526739120483
11691 33552845 0.9999527037143707
11692 33552846 0.9999527335166931
11693 33552850 0.9999528527259827
11694 33552853 0.9999529421329498
11695 33552854 0.9999529719352722
11696 33552857 0.9999530613422394
11697 33552859 0.9999531209468842
11698 33552860 0.9999531507492065
11699 33552864 0.9999532699584961
11700 33552867 0.9999533593654633
11701 33552869 0.999953418970108
11702 33552870 0.9999534487724304
11703 33552871 0.9999534785747528
11704 33552873 0.9999535381793976
11705 33552874 0.99995356798172
11706 33552876 0.9999536275863647
11707 33552878 0.9999536871910095
11708 33552880 0.9999537467956543
11709 33552881 0.9999537765979767
11710 33552886 0.9999539256095886
11711 33552888 0.9999539852142334
11712 33552890 0.9999540448188782
11713 33552892 0.999954104423523
11714 33552895 0.9999541938304901
11715 33552899 0.9999543130397797
11716 33552901 0.9999543726444244
11717 33552902 0.9999544024467468
11718 33552903 0.9999544322490692
11719 33552905 0.999954491853714
11720 33552910 0.9999546408653259
11721 33552913 0.9999547302722931
11722 33552916 0.9999548196792603
11723 33552918 0.999954879283905
11724 33552921 0.9999549686908722
11725 33552924 0.9999550580978394
11726 33552926 0.9999551177024841
11727 33552928 0.9999551773071289
11728 33552932 0.9999552965164185
11730 33552935 0.9999553859233856
11731 33552937 0.9999554455280304
11732 33552940 0.9999555349349976
11733 33552942 0.9999555945396423
11734 33552944 0.9999556541442871
11735 33552945 0.9999556839466095
11736 33552947 0.9999557435512543
11737 33552949 0.999955803155899
11738 33552951 0.9999558627605438
11739 33552953 0.9999559223651886
11740 33552956 0.9999560117721558
11741 33552957 0.9999560415744781
11743 33552960 0.9999561309814453
11744 33552964 0.9999562501907349
11745 33552966 0.9999563097953796
11746 33552970 0.9999564290046692
11747 33552972 0.999956488609314
11748 33552975 0.9999565780162811
11749 33552976 0.9999566078186035
11750 33552982 0.9999567866325378
11751 33552986 0.9999569058418274
11752 33552989 0.9999569952487946
11753 33552993 0.9999571144580841
11754 33552997 0.9999572336673737
11756 33553001 0.9999573528766632
11757 33553004 0.9999574422836304
11758 33553007 0.9999575316905975
11759 33553008 0.9999575614929199
11761 33553009 0.9999575912952423
11762 33553013 0.9999577105045319
11763 33553016 0.999957799911499
11764 33553018 0.9999578595161438
11765 33553020 0.9999579191207886
11766 33553022 0.9999579787254333
11767 33553024 0.9999580383300781
11768 33553026 0.9999580979347229
11769 33553027 0.9999581277370453
11770 33553028 0.9999581575393677
11771 33553031 0.9999582469463348
11772 33553033 0.9999583065509796
11773 33553035 0.9999583661556244
11775 33553038 0.9999584555625916
11776 33553041 0.9999585449695587
11777 33553043 0.9999586045742035
11778 33553044 0.9999586343765259
11779 33553045 0.9999586641788483
11780 33553051 0.9999588429927826
11781 33553052 0.999958872795105
11782 33553056 0.9999589920043945
11783 33553057 0.9999590218067169
11784 33553060 0.9999591112136841
11785 33553063 0.9999592006206512
11786 33553066 0.9999592900276184
11787 33553067 0.9999593198299408
11788 33553068 0.9999593496322632
11789 33553072 0.9999594688415527
11790 33553073 0.9999594986438751
11791 33553074 0.9999595284461975
11793 33553075 0.9999595582485199
11794 33553076 0.9999595880508423
11795 33553077 0.9999596178531647
11796 33553078 0.9999596476554871
11797 33553081 0.9999597370624542
11798 33553082 0.9999597668647766
11799 33553083 0.999959796667099
11800 33553085 0.9999598562717438
11801 33553090 0.9999600052833557
11802 33553092 0.9999600648880005
11803 33553097 0.9999602138996124
11804 33553100 0.9999603033065796
11806 33553101 0.999960333108902
11807 33553102 0.9999603629112244
11808 33553103 0.9999603927135468
11809 33553106 0.9999604821205139
11810 33553107 0.9999605119228363
11811 33553109 0.9999605715274811
11812 33553111 0.9999606311321259
11813 33553114 0.999960720539093
11814 33553115 0.9999607503414154
11815 33553116 0.9999607801437378
11818 33553119 0.999960869550705
11819 33553121 0.9999609291553497
11820 33553123 0.9999609887599945
11821 33553127 0.9999611079692841
11822 33553128 0.9999611377716064
11823 33553132 0.999961256980896
11824 33553133 0.9999612867832184
11825 33553134 0.9999613165855408
11826 33553136 0.9999613761901855
11827 33553139 0.9999614655971527
11828 33553141 0.9999615252017975
11829 33553143 0.9999615848064423
11830 33553144 0.9999616146087646
11831 33553146 0.9999616742134094
11832 33553147 0.9999617040157318
11833 33553150 0.999961793422699
11834 33553154 0.9999619126319885
11835 33553155 0.9999619424343109
11836 33553157 0.9999620020389557
11837 33553158 0.9999620318412781
11838 33553161 0.9999621212482452
11839 33553164 0.9999622106552124
11840 33553165 0.9999622404575348
11841 33553166 0.9999622702598572
11842 33553169 0.9999623596668243
11843 33553173 0.9999624788761139
11844 33553175 0.9999625384807587
11845 33553178 0.9999626278877258
11846 33553179 0.9999626576900482
11847 33553180 0.9999626874923706
11848 33553184 0.9999628067016602
11849 33553186 0.9999628663063049
11850 33553187 0.9999628961086273
11851 33553189 0.9999629557132721
11852 33553190 0.9999629855155945
11853 33553191 0.9999630153179169
11854 33553195 0.9999631345272064
11855 33553197 0.9999631941318512
11856 33553199 0.999963253736496
11857 33553201 0.9999633133411407
11859 33553202 0.9999633431434631
11860 33553203 0.9999633729457855
11861 33553206 0.9999634623527527
11862 33553207 0.9999634921550751
11863 33553208 0.9999635219573975
11864 33553212 0.999963641166687
11865 33553213 0.9999636709690094
11867 33553217 0.999963790178299
11868 33553218 0.9999638199806213
11869 33553220 0.9999638795852661
11870 33553225 0.999964028596878
11871 33553228 0.9999641180038452
11874 33553233 0.9999642670154572
11875 33553235 0.9999643266201019
11877 33553236 0.9999643564224243
11878 33553238 0.9999644160270691
11879 33553239 0.9999644458293915
11882 33553242 0.9999645352363586
11883 33553245 0.9999646246433258
11884 33553246 0.9999646544456482
11885 33553251 0.9999648034572601
11886 33553254 0.9999648928642273
11887 33553257 0.9999649822711945
11888 33553261 0.999965101480484
11889 33553263 0.9999651610851288
11890 33553264 0.9999651908874512
11891 33553269 0.9999653398990631
11892 33553270 0.9999653697013855
11893 33553271 0.9999653995037079
11894 33553273 0.9999654591083527
11895 33553275 0.9999655187129974
11896 33553277 0.9999655783176422
11897 33553280 0.9999656677246094
11898 33553281 0.9999656975269318
11899 33553283 0.9999657571315765
11901 33553286 0.9999658465385437
11902 33553288 0.9999659061431885
11904 33553289 0.9999659359455109
11905 33553294 0.9999660849571228
11906 33553298 0.9999662041664124
11908 33553301 0.9999662935733795
11909 33553302 0.9999663233757019
11910 33553305 0.9999664127826691
11911 33553306 0.9999664425849915
11912 33553307 0.9999664723873138
11913 33553308 0.9999665021896362
11914 33553309 0.9999665319919586
11915 33553314 0.9999666810035706
11916 33553317 0.9999667704105377
11918 33553319 0.9999668300151825
11919 33553320 0.9999668598175049
11920 33553323 0.999966949224472
11921 33553325 0.9999670088291168
11922 33553326 0.9999670386314392
11923 33553327 0.9999670684337616
11925 33553329 0.9999671280384064
11926 33553331 0.9999671876430511
11927 33553333 0.9999672472476959
11928 33553335 0.9999673068523407
11929 33553337 0.9999673664569855
11930 33553339 0.9999674260616302
11931 33553340 0.9999674558639526
11932 33553343 0.9999675452709198
11933 33553347 0.9999676644802094
11934 33553348 0.9999676942825317
11935 33553351 0.9999677836894989
11936 33553353 0.9999678432941437
11937 33553355 0.9999679028987885
11938 33553359 0.999968022108078
11939 33553360 0.9999680519104004
11940 33553362 0.9999681115150452
11941 33553363 0.9999681413173676
11942 33553367 0.9999682605266571
11943 33553370 0.9999683499336243
11944 33553373 0.9999684393405914
11945 33553374 0.9999684691429138
11946 33553375 0.9999684989452362
11947 33553378 0.9999685883522034
11949 33553380 0.9999686479568481
11950 33553382 0.9999687075614929
11951 33553383 0.9999687373638153
11952 33553384 0.9999687671661377
11953 33553387 0.9999688565731049
11954 33553388 0.9999688863754272
11955 33553389 0.9999689161777496
11956 33553393 0.9999690353870392
11957 33553394 0.9999690651893616
11958 33553396 0.9999691247940063
11959 33553399 0.9999692142009735
11960 33553400 0.9999692440032959
11961 33553403 0.9999693334102631
11962 33553406 0.9999694228172302
11964 33553407 0.9999694526195526
11965 33553409 0.9999695122241974
11967 33553411 0.9999695718288422
11968 33553412 0.9999696016311646
11969 33553414 0.9999696612358093
11970 33553415 0.9999696910381317
11971 33553417 0.9999697506427765
11972 33553419 0.9999698102474213
11973 33553422 0.9999698996543884
11974 33553424 0.9999699592590332
11975 33553428 0.9999700784683228
11976 33553430 0.9999701380729675
11978 33553434 0.9999702572822571
11979 33553437 0.9999703466892242
11980 33553438 0.9999703764915466
11981 33553442 0.9999704957008362
11982 33553445 0.9999705851078033
11983 33553446 0.9999706149101257
11984 33553448 0.9999706745147705
11986 33553450 0.9999707341194153
11987 33553454 0.9999708533287048
11990 33553455 0.9999708831310272
11991 33553458 0.9999709725379944
11992 33553462 0.9999710917472839
11993 33553463 0.9999711215496063
11994 33553465 0.9999711811542511
11995 33553467 0.9999712407588959
11996 33553468 0.9999712705612183
11997 33553470 0.999971330165863
11998 33553471 0.9999713599681854
11999 33553472 0.9999713897705078
12000 33553473 0.9999714195728302
12002 33553475 0.999971479177475
12003 33553478 0.9999715685844421
12004 33553479 0.9999715983867645
12005 33553481 0.9999716579914093
12006 33553483 0.9999717175960541
12007 33553485 0.9999717772006989
12008 33553487 0.9999718368053436
12009 33553488 0.999971866607666
12010 33553490 0.9999719262123108
12011 33553491 0.9999719560146332
12013 33553492 0.9999719858169556
12014 33553494 0.9999720454216003
12015 33553495 0.9999720752239227
12016 33553497 0.9999721348285675
12017 33553498 0.9999721646308899
12018 33553500 0.9999722242355347
12020 33553501 0.9999722540378571
12021 33553504 0.9999723434448242
12022 33553505 0.9999723732471466
12023 33553507 0.9999724328517914
12024 33553509 0.9999724924564362
12026 33553510 0.9999725222587585
12029 33553511 0.9999725520610809
12030 33553513 0.9999726116657257
12031 33553515 0.9999726712703705
12032 33553517 0.9999727308750153
12033 33553519 0.99997279047966
12036 33553520 0.9999728202819824
12037 33553521 0.9999728500843048
12038 33553522 0.9999728798866272
12039 33553523 0.9999729096889496
12040 33553525 0.9999729692935944
12041 33553526 0.9999729990959167
12042 33553527 0.9999730288982391
12043 33553529 0.9999730885028839
12045 33553532 0.9999731779098511
12046 33553535 0.9999732673168182
12047 33553539 0.9999733865261078
12050 33553540 0.9999734163284302
12051 33553541 0.9999734461307526
12052 33553542 0.999973475933075
12053 33553543 0.9999735057353973
12055 33553545 0.9999735653400421
12056 33553548 0.9999736547470093
12057 33553549 0.9999736845493317
12059 33553551 0.9999737441539764
12061 33553552 0.9999737739562988
12062 33553555 0.999973863363266
12063 33553557 0.9999739229679108
12064 33553559 0.9999739825725555
12066 33553561 0.9999740421772003
12067 33553564 0.9999741315841675
12069 33553565 0.9999741613864899
12070 33553567 0.9999742209911346
12071 33553568 0.999974250793457
12072 33553572 0.9999743700027466
12073 33553573 0.999974399805069
12074 33553574 0.9999744296073914
12075 33553575 0.9999744594097137
12076 33553576 0.9999744892120361
12077 33553577 0.9999745190143585
12078 33553580 0.9999746084213257
12079 33553581 0.9999746382236481
12080 33553585 0.9999747574329376
12082 33553587 0.9999748170375824
12083 33553590 0.9999749064445496
12084 33553593 0.9999749958515167
12086 33553595 0.9999750554561615
12087 33553596 0.9999750852584839
12088 33553597 0.9999751150608063
12089 33553598 0.9999751448631287
12090 33553601 0.9999752342700958
12091 33553602 0.9999752640724182
12092 33553604 0.999975323677063
12093 33553605 0.9999753534793854
12094 33553607 0.9999754130840302
12095 33553608 0.9999754428863525
12096 33553610 0.9999755024909973
12098 33553611 0.9999755322933197
12099 33553613 0.9999755918979645
12100 33553614 0.9999756217002869
12101 33553618 0.9999757409095764
12103 33553619 0.9999757707118988
12104 33553621 0.9999758303165436
12105 33553622 0.999975860118866
12106 33553624 0.9999759197235107
12107 33553625 0.9999759495258331
12109 33553626 0.9999759793281555
12110 33553628 0.9999760389328003
12111 33553631 0.9999761283397675
12112 33553633 0.9999761879444122
12113 33553634 0.9999762177467346
12115 33553635 0.999976247549057
12117 33553636 0.9999762773513794
12118 33553637 0.9999763071537018
12119 33553640 0.999976396560669
12120 33553641 0.9999764263629913
12121 33553643 0.9999764859676361
12122 33553644 0.9999765157699585
12123 33553646 0.9999765753746033
12124 33553649 0.9999766647815704
12125 33553650 0.9999766945838928
12126 33553652 0.9999767541885376
12127 33553654 0.9999768137931824
12128 33553655 0.9999768435955048
12129 33553657 0.9999769032001495
12130 33553658 0.9999769330024719
12131 33553660 0.9999769926071167
12133 33553661 0.9999770224094391
12135 33553662 0.9999770522117615
12137 33553664 0.9999771118164062
12138 33553665 0.9999771416187286
12139 33553666 0.999977171421051
12140 33553668 0.9999772310256958
12141 33553670 0.9999772906303406
12144 33553672 0.9999773502349854
12146 33553675 0.9999774396419525
12147 33553678 0.9999775290489197
12148 33553679 0.9999775588512421
12150 33553680 0.9999775886535645
12151 33553682 0.9999776482582092
12153 33553683 0.9999776780605316
12154 33553685 0.9999777376651764
12156 33553687 0.9999777972698212
12157 33553689 0.9999778568744659
12159 33553690 0.9999778866767883
12160 33553691 0.9999779164791107
12161 33553694 0.9999780058860779
12162 33553695 0.9999780356884003
12163 33553697 0.999978095293045
12164 33553699 0.9999781548976898
12165 33553700 0.9999781847000122
12166 33553702 0.999978244304657
12167 33553703 0.9999782741069794
12168 33553705 0.9999783337116241
12170 33553708 0.9999784231185913
12172 33553710 0.9999784827232361
12173 33553711 0.9999785125255585
12174 33553712 0.9999785423278809
12175 33553713 0.9999785721302032
12176 33553715 0.999978631734848
12179 33553716 0.9999786615371704
12181 33553717 0.9999786913394928
12182 33553718 0.9999787211418152
12183 33553719 0.9999787509441376
12184 33553720 0.99997878074646
12185 33553722 0.9999788403511047
12186 33553723 0.9999788701534271
12187 33553725 0.9999789297580719
12188 33553726 0.9999789595603943
12190 33553727 0.9999789893627167
12191 33553730 0.9999790787696838
12193 33553733 0.999979168176651
12194 33553734 0.9999791979789734
12195 33553735 0.9999792277812958
12196 33553736 0.9999792575836182
12198 33553737 0.9999792873859406
12199 33553739 0.9999793469905853
12200 33553741 0.9999794065952301
12203 33553744 0.9999794960021973
12205 33553745 0.9999795258045197
12206 33553746 0.999979555606842
12209 33553747 0.9999795854091644
12211 33553748 0.9999796152114868
12212 33553749 0.9999796450138092
12213 33553751 0.999979704618454
12214 33553752 0.9999797344207764
12215 33553754 0.9999797940254211
12216 33553755 0.9999798238277435
12218 33553760 0.9999799728393555
12220 33553761 0.9999800026416779
12221 33553762 0.9999800324440002
12223 33553763 0.9999800622463226
12224 33553764 0.999980092048645
12225 33553767 0.9999801814556122
12226 33553770 0.9999802708625793
12227 33553771 0.9999803006649017
12229 33553774 0.9999803900718689
12231 33553777 0.9999804794788361
12232 33553778 0.9999805092811584
12235 33553781 0.9999805986881256
12236 33553783 0.9999806582927704
12237 33553784 0.9999806880950928
12238 33553785 0.9999807178974152
12239 33553786 0.9999807476997375
12242 33553787 0.9999807775020599
12243 33553788 0.9999808073043823
12245 33553789 0.9999808371067047
12246 33553791 0.9999808967113495
12247 33553792 0.9999809265136719
12248 33553793 0.9999809563159943
12249 33553794 0.9999809861183167
12250 33553797 0.9999810755252838
12251 33553801 0.9999811947345734
12253 33553803 0.9999812543392181
12254 33553805 0.9999813139438629
12255 33553806 0.9999813437461853
12256 33553808 0.9999814033508301
12257 33553810 0.9999814629554749
12259 33553811 0.9999814927577972
12261 33553812 0.9999815225601196
12264 33553813 0.999981552362442
12265 33553814 0.9999815821647644
12268 33553815 0.9999816119670868
12269 33553816 0.9999816417694092
12270 33553818 0.999981701374054
12272 33553819 0.9999817311763763
12273 33553821 0.9999817907810211
12275 33553823 0.9999818503856659
12276 33553824 0.9999818801879883
12277 33553827 0.9999819695949554
12278 33553828 0.9999819993972778
12280 33553829 0.9999820291996002
12281 33553830 0.9999820590019226
12284 33553832 0.9999821186065674
12285 33553833 0.9999821484088898
12288 33553835 0.9999822080135345
12289 33553839 0.9999823272228241
12290 33553841 0.9999823868274689
12291 33553844 0.999982476234436
12293 33553846 0.9999825358390808
12295 33553847 0.9999825656414032
12297 33553849 0.999982625246048
12298 33553850 0.9999826550483704
12299 33553853 0.9999827444553375
12300 33553854 0.9999827742576599
12301 33553855 0.9999828040599823
12302 33553857 0.9999828636646271
12303 33553859 0.9999829232692719
12305 33553860 0.9999829530715942
12306 33553861 0.9999829828739166
12307 33553863 0.9999830424785614
12308 33553865 0.9999831020832062
12309 33553866 0.9999831318855286
12312 33553868 0.9999831914901733
12313 33553869 0.9999832212924957
12318 33553871 0.9999832808971405
12319 33553872 0.9999833106994629
12320 33553874 0.9999833703041077
12321 33553875 0.99998340010643
12322 33553878 0.9999834895133972
12323 33553880 0.999983549118042
12324 33553881 0.9999835789203644
12325 33553882 0.9999836087226868
12327 33553883 0.9999836385250092
12328 33553885 0.9999836981296539
12332 33553887 0.9999837577342987
12333 33553888 0.9999837875366211
12334 33553889 0.9999838173389435
12335 33553890 0.9999838471412659
12336 33553892 0.9999839067459106
12339 33553893 0.999983936548233
12340 33553896 0.9999840259552002
12341 33553897 0.9999840557575226
12342 33553898 0.999984085559845
12343 33553899 0.9999841153621674
12345 33553902 0.9999842047691345
12347 33553903 0.9999842345714569
12349 33553905 0.9999842941761017
12350 33553907 0.9999843537807465
12355 33553908 0.9999843835830688
12359 33553910 0.9999844431877136
12362 33553912 0.9999845027923584
12363 33553914 0.9999845623970032
12364 33553915 0.9999845921993256
12366 33553918 0.9999846816062927
12368 33553919 0.9999847114086151
12373 33553921 0.9999847710132599
12374 33553923 0.9999848306179047
12375 33553924 0.999984860420227
12377 33553925 0.9999848902225494
12379 33553926 0.9999849200248718
12381 33553927 0.9999849498271942
12382 33553929 0.999985009431839
12383 33553933 0.9999851286411285
12384 33553934 0.9999851584434509
12388 33553935 0.9999851882457733
12389 33553938 0.9999852776527405
12390 33553939 0.9999853074550629
12394 33553940 0.9999853372573853
12397 33553942 0.99998539686203
12399 33553943 0.9999854266643524
12400 33553944 0.9999854564666748
12402 33553946 0.9999855160713196
12403 33553947 0.999985545873642
12404 33553949 0.9999856054782867
12405 33553951 0.9999856650829315
12406 33553952 0.9999856948852539
12407 33553953 0.9999857246875763
12410 33553955 0.9999857842922211
12412 33553956 0.9999858140945435
12413 33553957 0.9999858438968658
12414 33553958 0.9999858736991882
12415 33553960 0.999985933303833
12417 33553962 0.9999859929084778
12421 33553964 0.9999860525131226
12424 33553965 0.999986082315445
12425 33553966 0.9999861121177673
12426 33553967 0.9999861419200897
12427 33553968 0.9999861717224121
12428 33553969 0.9999862015247345
12429 33553970 0.9999862313270569
12430 33553971 0.9999862611293793
12431 33553972 0.9999862909317017
12433 33553973 0.999986320734024
12435 33553974 0.9999863505363464
12439 33553975 0.9999863803386688
12440 33553976 0.9999864101409912
12441 33553977 0.9999864399433136
12442 33553978 0.999986469745636
12445 33553980 0.9999865293502808
12446 33553982 0.9999865889549255
12447 33553983 0.9999866187572479
12451 33553986 0.9999867081642151
12454 33553987 0.9999867379665375
12455 33553989 0.9999867975711823
12456 33553990 0.9999868273735046
12457 33553992 0.9999868869781494
12459 33553993 0.9999869167804718
12460 33553994 0.9999869465827942
12461 33553995 0.9999869763851166
12463 33553996 0.999987006187439
12465 33553998 0.9999870657920837
12466 33553999 0.9999870955944061
12467 33554000 0.9999871253967285
12468 33554001 0.9999871551990509
12471 33554002 0.9999871850013733
12472 33554003 0.9999872148036957
12476 33554004 0.9999872446060181
12477 33554006 0.9999873042106628
12478 33554008 0.9999873638153076
12479 33554009 0.99998739361763
12482 33554011 0.9999874532222748
12483 33554012 0.9999874830245972
12484 33554014 0.9999875426292419
12485 33554015 0.9999875724315643
12487 33554018 0.9999876618385315
12488 33554019 0.9999876916408539
12489 33554020 0.9999877214431763
12491 33554022 0.999987781047821
12492 33554023 0.9999878108501434
12493 33554026 0.9999879002571106
12494 33554027 0.999987930059433
12496 33554029 0.9999879896640778
12497 33554030 0.9999880194664001
12498 33554031 0.9999880492687225
12501 33554032 0.9999880790710449
12502 33554034 0.9999881386756897
12503 33554035 0.9999881684780121
12505 33554036 0.9999881982803345
12507 33554037 0.9999882280826569
12513 33554038 0.9999882578849792
12514 33554039 0.9999882876873016
12516 33554040 0.999988317489624
12517 33554042 0.9999883770942688
12522 33554043 0.9999884068965912
12523 33554045 0.999988466501236
12528 33554046 0.9999884963035583
12529 33554047 0.9999885261058807
12530 33554048 0.9999885559082031
12533 33554049 0.9999885857105255
12534 33554050 0.9999886155128479
12535 33554051 0.9999886453151703
12539 33554052 0.9999886751174927
12540 33554053 0.9999887049198151
12542 33554055 0.9999887645244598
12543 33554056 0.9999887943267822
12545 33554057 0.9999888241291046
12552 33554058 0.999988853931427
12555 33554060 0.9999889135360718
12556 33554061 0.9999889433383942
12557 33554062 0.9999889731407166
12559 33554063 0.9999890029430389
12560 33554064 0.9999890327453613
12562 33554065 0.9999890625476837
12564 33554067 0.9999891221523285
12566 33554068 0.9999891519546509
12567 33554069 0.9999891817569733
12569 33554071 0.999989241361618
12570 33554072 0.9999892711639404
12574 33554073 0.9999893009662628
12577 33554074 0.9999893307685852
12578 33554075 0.9999893605709076
12582 33554076 0.99998939037323
12588 33554077 0.9999894201755524
12590 33554078 0.9999894499778748
12591 33554080 0.9999895095825195
12592 33554082 0.9999895691871643
12600 33554083 0.9999895989894867
12604 33554084 0.9999896287918091
12605 33554085 0.9999896585941315
12606 33554086 0.9999896883964539
12607 33554088 0.9999897480010986
12610 33554090 0.9999898076057434
12612 33554091 0.9999898374080658
12622 33554092 0.9999898672103882
12623 33554093 0.9999898970127106
12627 33554095 0.9999899566173553
12628 33554096 0.9999899864196777
12629 33554097 0.9999900162220001
12630 33554098 0.9999900460243225
12632 33554099 0.9999900758266449
12635 33554100 0.9999901056289673
12638 33554101 0.9999901354312897
12640 33554102 0.9999901652336121
12641 33554103 0.9999901950359344
12647 33554104 0.9999902248382568
12648 33554105 0.9999902546405792
12650 33554106 0.9999902844429016
12655 33554107 0.999990314245224
12656 33554110 0.9999904036521912
12661 33554111 0.9999904334545135
12665 33554112 0.9999904632568359
12667 33554113 0.9999904930591583
12670 33554114 0.9999905228614807
12671 33554115 0.9999905526638031
12675 33554116 0.9999905824661255
12676 33554117 0.9999906122684479
12680 33554118 0.9999906420707703
12685 33554119 0.9999906718730927
12686 33554120 0.999990701675415
12687 33554121 0.9999907314777374
12688 33554123 0.9999907910823822
12690 33554125 0.999990850687027
12692 33554127 0.9999909102916718
12697 33554128 0.9999909400939941
12698 33554129 0.9999909698963165
12699 33554131 0.9999910295009613
12706 33554132 0.9999910593032837
12717 33554134 0.9999911189079285
12718 33554135 0.9999911487102509
12722 33554138 0.999991238117218
12724 33554139 0.9999912679195404
12727 33554140 0.9999912977218628
12729 33554141 0.9999913275241852
12731 33554142 0.9999913573265076
12736 33554143 0.99999138712883
12737 33554144 0.9999914169311523
12739 33554145 0.9999914467334747
12751 33554146 0.9999914765357971
12752 33554148 0.9999915361404419
12754 33554149 0.9999915659427643
12761 33554151 0.9999916255474091
12768 33554153 0.9999916851520538
12774 33554154 0.9999917149543762
12775 33554155 0.9999917447566986
12776 33554156 0.999991774559021
12779 33554157 0.9999918043613434
12780 33554158 0.9999918341636658
12786 33554159 0.9999918639659882
12801 33554160 0.9999918937683105
12805 33554161 0.9999919235706329
12806 33554162 0.9999919533729553
12807 33554163 0.9999919831752777
12815 33554165 0.9999920427799225
12829 33554166 0.9999920725822449
12833 33554167 0.9999921023845673
12834 33554168 0.9999921321868896
12835 33554169 0.999992161989212
12836 33554170 0.9999921917915344
12837 33554172 0.9999922513961792
12838 33554173 0.9999922811985016
12839 33554174 0.999992311000824
12841 33554175 0.9999923408031464
12844 33554176 0.9999923706054688
12850 33554177 0.9999924004077911
12851 33554178 0.9999924302101135
12854 33554179 0.9999924600124359
12859 33554180 0.9999924898147583
12860 33554181 0.9999925196170807
12868 33554184 0.9999926090240479
12869 33554186 0.9999926686286926
12872 33554187 0.999992698431015
12875 33554188 0.9999927282333374
12877 33554189 0.9999927580356598
12887 33554190 0.9999927878379822
12891 33554191 0.9999928176403046
12896 33554192 0.999992847442627
12904 33554193 0.9999928772449493
12911 33554194 0.9999929070472717
12912 33554195 0.9999929368495941
12913 33554196 0.9999929666519165
12914 33554197 0.9999929964542389
12915 33554199 0.9999930560588837
12921 33554200 0.999993085861206
12932 33554201 0.9999931156635284
12938 33554202 0.9999931454658508
12943 33554203 0.9999931752681732
12950 33554204 0.9999932050704956
12960 33554205 0.999993234872818
12962 33554207 0.9999932944774628
12968 33554209 0.9999933540821075
12971 33554210 0.9999933838844299
12972 33554211 0.9999934136867523
12974 33554212 0.9999934434890747
12980 33554213 0.9999934732913971
12981 33554214 0.9999935030937195
12983 33554215 0.9999935328960419
13002 33554216 0.9999935626983643
13005 33554217 0.9999935925006866
13010 33554218 0.999993622303009
13015 33554219 0.9999936521053314
13022 33554220 0.9999936819076538
13034 33554221 0.9999937117099762
13036 33554222 0.9999937415122986
13053 33554224 0.9999938011169434
13073 33554225 0.9999938309192657
13074 33554226 0.9999938607215881
13092 33554227 0.9999938905239105
13096 33554228 0.9999939203262329
13099 33554229 0.9999939501285553
13106 33554231 0.9999940097332001
13118 33554232 0.9999940395355225
13126 33554233 0.9999940693378448
13134 33554234 0.9999940991401672
13137 33554235 0.9999941289424896
13141 33554236 0.999994158744812
13153 33554237 0.9999941885471344
13161 33554238 0.9999942183494568
13162 33554239 0.9999942481517792
13172 33554240 0.9999942779541016
13176 33554242 0.9999943375587463
13180 33554243 0.9999943673610687
13193 33554244 0.9999943971633911
13194 33554245 0.9999944269657135
13198 33554246 0.9999944567680359
13204 33554247 0.9999944865703583
13225 33554248 0.9999945163726807
13234 33554249 0.999994546175003
13239 33554250 0.9999945759773254
13248 33554251 0.9999946057796478
13256 33554252 0.9999946355819702
13258 33554253 0.9999946653842926
13264 33554254 0.999994695186615
13269 33554255 0.9999947249889374
13279 33554256 0.9999947547912598
13293 33554257 0.9999947845935822
13296 33554258 0.9999948143959045
13297 33554259 0.9999948441982269
13310 33554260 0.9999948740005493
13320 33554261 0.9999949038028717
13333 33554262 0.9999949336051941
13343 33554263 0.9999949634075165
13345 33554264 0.9999949932098389
13350 33554265 0.9999950230121613
13359 33554266 0.9999950528144836
13361 33554267 0.999995082616806
13363 33554268 0.9999951124191284
13379 33554269 0.9999951422214508
13384 33554270 0.9999951720237732
13393 33554271 0.9999952018260956
13394 33554272 0.999995231628418
13411 33554273 0.9999952614307404
13418 33554274 0.9999952912330627
13425 33554275 0.9999953210353851
13426 33554276 0.9999953508377075
13427 33554277 0.9999953806400299
13462 33554278 0.9999954104423523
13463 33554279 0.9999954402446747
13487 33554280 0.9999954700469971
13493 33554281 0.9999954998493195
13510 33554282 0.9999955296516418
13517 33554283 0.9999955594539642
13519 33554285 0.999995619058609
13526 33554286 0.9999956488609314
13548 33554287 0.9999956786632538
13553 33554288 0.9999957084655762
13568 33554289 0.9999957382678986
13584 33554290 0.999995768070221
13600 33554291 0.9999957978725433
13607 33554292 0.9999958276748657
13617 33554293 0.9999958574771881
13619 33554294 0.9999958872795105
13631 33554295 0.9999959170818329
13670 33554296 0.9999959468841553
13687 33554297 0.9999959766864777
13698 33554298 0.9999960064888
13711 33554299 0.9999960362911224
13725 33554300 0.9999960660934448
13764 33554301 0.9999960958957672
13818 33554302 0.9999961256980896
13820 33554303 0.999996155500412
13867 33554304 0.9999961853027344
13882 33554305 0.9999962151050568
13914 33554306 0.9999962449073792
13927 33554307 0.9999962747097015
13968 33554308 0.9999963045120239
13977 33554309 0.9999963343143463
14057 33554310 0.9999963641166687
14082 33554311 0.9999963939189911
14084 33554312 0.9999964237213135
14114 33554313 0.9999964535236359
14129 33554314 0.9999964833259583
14153 33554315 0.9999965131282806
14174 33554316 0.999996542930603
14181 33554317 0.9999965727329254
14183 33554318 0.9999966025352478
14185 33554319 0.9999966323375702
14212 33554320 0.9999966621398926
14298 33554321 0.999996691942215
14328 33554322 0.9999967217445374
14357 33554323 0.9999967515468597
14400 33554324 0.9999967813491821
14407 33554325 0.9999968111515045
14411 33554326 0.9999968409538269
14485 33554327 0.9999968707561493
14528 33554328 0.9999969005584717
14537 33554329 0.9999969303607941
14598 33554330 0.9999969601631165
14622 33554331 0.9999969899654388
14662 33554332 0.9999970197677612
14666 33554333 0.9999970495700836
14668 33554334 0.999997079372406
14699 33554335 0.9999971091747284
14739 33554336 0.9999971389770508
14976 33554337 0.9999971687793732
15009 33554338 0.9999971985816956
15080 33554339 0.9999972283840179
15086 33554340 0.9999972581863403
15098 33554342 0.9999973177909851
15275 33554343 0.9999973475933075
15351 33554344 0.9999973773956299
15358 33554345 0.9999974071979523
15430 33554346 0.9999974370002747
15452 33554347 0.999997466802597
15455 33554348 0.9999974966049194
15489 33554349 0.9999975264072418
15504 33554350 0.9999975562095642
15516 33554351 0.9999975860118866
15551 33554352 0.999997615814209
15563 33554353 0.9999976456165314
15638 33554354 0.9999976754188538
15749 33554355 0.9999977052211761
15880 33554356 0.9999977350234985
16437 33554357 0.9999977648258209
16637 33554358 0.9999977946281433
16670 33554359 0.9999978244304657
16674 33554360 0.9999978542327881
16802 33554361 0.9999978840351105
16851 33554362 0.9999979138374329
16977 33554363 0.9999979436397552
17062 33554364 0.9999979734420776
17076 33554365 0.9999980032444
17140 33554366 0.9999980330467224
17254 33554367 0.9999980628490448
17294 33554368 0.9999980926513672
17322 33554369 0.9999981224536896
17371 33554370 0.999998152256012
17482 33554371 0.9999981820583344
17654 33554372 0.9999982118606567
17691 33554373 0.9999982416629791
17747 33554374 0.9999982714653015
17848 33554375 0.9999983012676239
18051 33554376 0.9999983310699463
18160 33554377 0.9999983608722687
18567 33554378 0.9999983906745911
18845 33554379 0.9999984204769135
19009 33554380 0.9999984502792358
19397 33554381 0.9999984800815582
19429 33554382 0.9999985098838806
19535 33554383 0.999998539686203
19631 33554384 0.9999985694885254
20187 33554385 0.9999985992908478
20239 33554386 0.9999986290931702
20305 33554387 0.9999986588954926
20540 33554388 0.9999986886978149
20746 33554389 0.9999987185001373
20805 33554390 0.9999987483024597
21006 33554391 0.9999987781047821
21475 33554392 0.9999988079071045
21580 33554393 0.9999988377094269
21893 33554394 0.9999988675117493
22350 33554395 0.9999988973140717
22688 33554396 0.999998927116394
22857 33554397 0.9999989569187164
23233 33554398 0.9999989867210388
23272 33554399 0.9999990165233612
23335 33554400 0.9999990463256836
23539 33554401 0.999999076128006
23681 33554402 0.9999991059303284
23780 33554403 0.9999991357326508
24238 33554404 0.9999991655349731
24252 33554405 0.9999991953372955
24712 33554406 0.9999992251396179
25078 33554407 0.9999992549419403
25254 33554408 0.9999992847442627
25338 33554409 0.9999993145465851
25998 33554410 0.9999993443489075
26243 33554411 0.9999993741512299
26500 33554412 0.9999994039535522
26575 33554413 0.9999994337558746
26680 33554414 0.999999463558197
26914 33554415 0.9999994933605194
26998 33554416 0.9999995231628418
27028 33554417 0.9999995529651642
27273 33554418 0.9999995827674866
27309 33554419 0.999999612569809
32732 33554420 0.9999996423721313
33810 33554421 0.9999996721744537
40784 33554422 0.9999997019767761
55306 33554423 0.9999997317790985
57023 33554424 0.9999997615814209
90048 33554425 0.9999997913837433
116433 33554426 0.9999998211860657
121645 33554427 0.9999998509883881
211852 33554428 0.9999998807907104
281377 33554429 0.9999999105930328
447292 33554430 0.9999999403953552
459043 33554431 0.9999999701976776
610699 33554432 1.0
