6082 1 2.9802322387695312e-08
6086 2 5.960464477539063e-08
6092 3 8.940696716308594e-08
6094 4 1.1920928955078125e-07
6099 5 1.4901161193847656e-07
6101 6 1.7881393432617188e-07
6104 7 2.086162567138672e-07
6105 10 2.980232238769531e-07
6106 13 3.8743019104003906e-07
6108 15 4.470348358154297e-07
6112 16 4.76837158203125e-07
6113 19 5.662441253662109e-07
6115 20 5.960464477539062e-07
6116 21 6.258487701416016e-07
6117 24 7.152557373046875e-07
6118 27 8.046627044677734e-07
6119 29 8.642673492431641e-07
6120 30 8.940696716308594e-07
6121 33 9.834766387939453e-07
6122 35 1.043081283569336e-06
6124 37 1.1026859283447266e-06
6125 41 1.2218952178955078e-06
6126 42 1.2516975402832031e-06
6127 44 1.3113021850585938e-06
6128 47 1.4007091522216797e-06
6129 51 1.519918441772461e-06
6130 56 1.6689300537109375e-06
6131 59 1.7583370208740234e-06
6132 62 1.8477439880371094e-06
6133 68 2.0265579223632812e-06
6134 71 2.115964889526367e-06
6135 74 2.205371856689453e-06
6136 79 2.3543834686279297e-06
6137 86 2.562999725341797e-06
6138 92 2.7418136596679688e-06
6139 95 2.8312206268310547e-06
6140 103 3.069639205932617e-06
6141 107 3.1888484954833984e-06
6142 112 3.337860107421875e-06
6143 118 3.516674041748047e-06
6144 123 3.6656856536865234e-06
6145 128 3.814697265625e-06
6146 135 4.023313522338867e-06
6147 141 4.202127456665039e-06
6148 149 4.4405460357666016e-06
6149 162 4.827976226806641e-06
6150 174 5.185604095458984e-06
6151 180 5.364418029785156e-06
6152 193 5.751848220825195e-06
6153 200 5.9604644775390625e-06
6154 206 6.139278411865234e-06
6155 212 6.318092346191406e-06
6156 224 6.67572021484375e-06
6157 235 7.0035457611083984e-06
6158 246 7.331371307373047e-06
6159 258 7.68899917602539e-06
6160 270 8.046627044677734e-06
6161 281 8.374452590942383e-06
6162 289 8.612871170043945e-06
6163 300 8.940696716308594e-06
6164 313 9.328126907348633e-06
6165 326 9.715557098388672e-06
6166 341 1.0162591934204102e-05
6167 351 1.0460615158081055e-05
6168 365 1.0877847671508789e-05
6169 381 1.1354684829711914e-05
6170 397 1.1831521987915039e-05
6171 408 1.2159347534179688e-05
6172 427 1.2725591659545898e-05
6173 441 1.3142824172973633e-05
6174 456 1.3589859008789062e-05
6175 469 1.3977289199829102e-05
6176 484 1.4424324035644531e-05
6177 508 1.5139579772949219e-05
6178 526 1.5676021575927734e-05
6179 539 1.6063451766967773e-05
6180 558 1.6629695892333984e-05
6181 578 1.722574234008789e-05
6182 589 1.755356788635254e-05
6183 611 1.8209218978881836e-05
6184 635 1.8924474716186523e-05
6185 655 1.952052116394043e-05
6186 681 2.0295381546020508e-05
6187 710 2.1159648895263672e-05
6188 730 2.1755695343017578e-05
6189 752 2.2411346435546875e-05
6190 775 2.3096799850463867e-05
6191 806 2.4020671844482422e-05
6192 827 2.4646520614624023e-05
6193 851 2.536177635192871e-05
6194 881 2.625584602355957e-05
6195 906 2.7000904083251953e-05
6196 936 2.7894973754882812e-05
6197 961 2.8640031814575195e-05
6198 991 2.9534101486206055e-05
6199 1011 3.013014793395996e-05
6200 1047 3.120303153991699e-05
6201 1079 3.215670585632324e-05
6202 1116 3.325939178466797e-05
6203 1142 3.403425216674805e-05
6204 1176 3.504753112792969e-05
6205 1214 3.618001937866211e-05
6206 1241 3.698468208312988e-05
6207 1278 3.808736801147461e-05
6208 1318 3.927946090698242e-05
6209 1353 4.032254219055176e-05
6210 1396 4.1604042053222656e-05
6211 1433 4.270672798156738e-05
6212 1474 4.392862319946289e-05
6213 1521 4.532933235168457e-05
6214 1567 4.6700239181518555e-05
6215 1622 4.83393669128418e-05
6216 1663 4.9561262130737305e-05
6217 1712 5.1021575927734375e-05
6218 1756 5.233287811279297e-05
6219 1803 5.373358726501465e-05
6220 1846 5.501508712768555e-05
6221 1893 5.6415796279907227e-05
6222 1945 5.796551704406738e-05
6223 2016 6.008148193359375e-05
6224 2082 6.204843521118164e-05
6225 2133 6.35683536529541e-05
6226 2198 6.55055046081543e-05
6227 2257 6.726384162902832e-05
6228 2315 6.899237632751465e-05
6229 2371 7.066130638122559e-05
6230 2443 7.280707359313965e-05
6231 2502 7.456541061401367e-05
6232 2579 7.686018943786621e-05
6233 2648 7.891654968261719e-05
6234 2722 8.112192153930664e-05
6235 2791 8.317828178405762e-05
6236 2868 8.547306060791016e-05
6237 2964 8.83340835571289e-05
6238 3054 9.101629257202148e-05
6239 3125 9.313225746154785e-05
6240 3209 9.563565254211426e-05
6241 3293 9.813904762268066e-05
6242 3367 0.00010034441947937012
6243 3455 0.0001029670238494873
6244 3561 0.00010612607002258301
6245 3654 0.00010889768600463867
6246 3749 0.00011172890663146973
6247 3864 0.00011515617370605469
6248 3970 0.00011831521987915039
6249 4075 0.0001214444637298584
6250 4175 0.00012442469596862793
6251 4287 0.0001277625560760498
6252 4411 0.00013145804405212402
6253 4534 0.00013512372970581055
6254 4671 0.0001392066478729248
6255 4806 0.00014322996139526367
6256 4937 0.00014713406562805176
6257 5075 0.0001512467861175537
6258 5205 0.0001551210880279541
6259 5346 0.00015932321548461914
6260 5509 0.00016418099403381348
6261 5687 0.00016948580741882324
6262 5840 0.00017404556274414062
6263 6020 0.00017940998077392578
6264 6192 0.00018453598022460938
6265 6371 0.00018987059593200684
6266 6551 0.000195235013961792
6267 6739 0.0002008378505706787
6268 6938 0.00020676851272583008
6269 7129 0.00021246075630187988
6270 7342 0.00021880865097045898
6271 7581 0.00022593140602111816
6272 7820 0.00023305416107177734
6273 8009 0.00023868680000305176
6274 8261 0.000246196985244751
6275 8481 0.00025275349617004395
6276 8705 0.0002594292163848877
6277 8974 0.00026744604110717773
6278 9254 0.0002757906913757324
6279 9505 0.00028327107429504395
6280 9772 0.0002912282943725586
6281 10082 0.00030046701431274414
6282 10337 0.00030806660652160645
6283 10645 0.0003172457218170166
6284 10977 0.00032714009284973145
6285 11289 0.0003364384174346924
6286 11588 0.0003453493118286133
6287 11894 0.00035446882247924805
6288 12217 0.00036409497261047363
6289 12530 0.00037342309951782227
6290 12831 0.00038239359855651855
6291 13205 0.0003935396671295166
6292 13515 0.00040277838706970215
6293 13846 0.0004126429557800293
6294 14233 0.0004241764545440674
6295 14629 0.0004359781742095947
6296 14954 0.0004456639289855957
6297 15321 0.0004566013813018799
6298 15736 0.00046896934509277344
6299 16082 0.000479280948638916
6300 16471 0.0004908740520477295
6301 16907 0.0005038678646087646
6302 17305 0.0005157291889190674
6303 17774 0.0005297064781188965
6304 18201 0.0005424320697784424
6305 18630 0.0005552172660827637
6306 19121 0.0005698502063751221
6307 19593 0.0005839169025421143
6308 20133 0.0006000101566314697
6309 20606 0.0006141066551208496
6310 21076 0.0006281137466430664
6311 21619 0.000644296407699585
6312 22116 0.0006591081619262695
6313 22538 0.000671684741973877
6314 23082 0.0006878972053527832
6315 23645 0.0007046759128570557
6316 24147 0.0007196366786956787
6317 24664 0.0007350444793701172
6318 25364 0.0007559061050415039
6319 25881 0.0007713139057159424
6320 26437 0.000787883996963501
6321 27080 0.0008070468902587891
6322 27652 0.0008240938186645508
6323 28266 0.0008423924446105957
6324 28925 0.0008620321750640869
6325 29589 0.0008818209171295166
6326 30189 0.0008997023105621338
6327 30800 0.0009179115295410156
6328 31501 0.00093880295753479
6329 32177 0.0009589493274688721
6330 32817 0.000978022813796997
6331 33458 0.0009971261024475098
6332 34157 0.0010179579257965088
6333 34786 0.0010367035865783691
6334 35447 0.0010564029216766357
6335 36243 0.0010801255702972412
6336 36894 0.0010995268821716309
6337 37550 0.001119077205657959
6338 38314 0.0011418461799621582
6339 38977 0.0011616051197052002
6340 39640 0.0011813640594482422
6341 40436 0.0012050867080688477
6342 41181 0.0012272894382476807
6343 41893 0.0012485086917877197
6344 42584 0.0012691020965576172
6345 43345 0.0012917816638946533
6346 44023 0.0013119876384735107
6347 44725 0.0013329088687896729
6348 45488 0.0013556480407714844
6349 46264 0.001378774642944336
6350 47011 0.0014010369777679443
6351 47745 0.0014229118824005127
6352 48632 0.0014493465423583984
6353 49310 0.0014695525169372559
6354 49980 0.0014895200729370117
6355 50904 0.0015170574188232422
6356 51606 0.0015379786491394043
6357 52335 0.0015597045421600342
6358 53160 0.0015842914581298828
6359 53937 0.001607447862625122
6360 54660 0.0016289949417114258
6361 55459 0.0016528069972991943
6362 56285 0.0016774237155914307
6363 57047 0.0017001330852508545
6364 57843 0.00172385573387146
6365 58707 0.0017496049404144287
6366 59424 0.0017709732055664062
6367 60179 0.0017934739589691162
6368 60934 0.0018159747123718262
6369 61714 0.0018392205238342285
6370 62471 0.0018617808818817139
6371 63241 0.0018847286701202393
6372 64083 0.0019098222255706787
6373 64818 0.0019317269325256348
6374 65520 0.0019526481628417969
6375 66451 0.001980394124984741
6376 67174 0.002001941204071045
6377 67905 0.00202372670173645
6378 68745 0.0020487606525421143
6379 69518 0.0020717978477478027
6380 70243 0.002093404531478882
6381 71026 0.0021167397499084473
6382 71870 0.002141892910003662
6383 72596 0.002163529396057129
6384 73315 0.002184957265853882
6385 74091 0.0022080838680267334
6386 74844 0.002230525016784668
6387 75582 0.002252519130706787
6388 76257 0.0022726356983184814
6389 77060 0.0022965669631958008
6390 77754 0.0023172497749328613
6391 78437 0.0023376047611236572
6392 79233 0.0023613274097442627
6393 79945 0.0023825466632843018
6394 80616 0.0024025440216064453
6395 81395 0.00242576003074646
6396 82095 0.0024466216564178467
6397 82778 0.0024669766426086426
6398 83479 0.002487868070602417
6399 84172 0.00250852108001709
6400 84804 0.0025273561477661133
6401 85466 0.0025470852851867676
6402 86210 0.002569258213043213
6403 86801 0.002586871385574341
6404 87480 0.002607107162475586
6405 88170 0.0026276707649230957
6406 88876 0.0026487112045288086
6407 89521 0.002667933702468872
6408 90123 0.0026858747005462646
6409 90862 0.0027078986167907715
6410 91485 0.0027264654636383057
6411 92131 0.002745717763900757
6412 92788 0.0027652978897094727
6413 93419 0.0027841031551361084
6414 93992 0.002801179885864258
6415 94651 0.002820819616317749
6416 95269 0.0028392374515533447
6417 95835 0.0028561055660247803
6418 96432 0.0028738975524902344
6419 97106 0.002893984317779541
6420 97670 0.002910792827606201
6421 98258 0.002928316593170166
6422 98839 0.002945631742477417
6423 99432 0.0029633045196533203
6424 99984 0.002979755401611328
6425 100508 0.0029953718185424805
6426 101154 0.0030146241188049316
6427 101733 0.0030318796634674072
6428 102240 0.0030469894409179688
6429 102861 0.0030654966831207275
6430 103429 0.0030824244022369385
6431 103939 0.003097623586654663
6432 104498 0.0031142830848693848
6433 105031 0.0031301677227020264
6434 105531 0.003145068883895874
6435 106050 0.003160536289215088
6436 106692 0.0031796693801879883
6437 107186 0.0031943917274475098
6438 107674 0.003208935260772705
6439 108253 0.0032261908054351807
6440 108818 0.0032430291175842285
6441 109338 0.00325852632522583
6442 109871 0.0032744109630584717
6443 110435 0.003291219472885132
6444 110944 0.0033063888549804688
6445 111428 0.0033208131790161133
6446 112050 0.0033393502235412598
6447 112566 0.0033547282218933105
6448 113038 0.0033687949180603027
6449 113565 0.003384500741958618
6450 114064 0.003399372100830078
6451 114536 0.0034134387969970703
6452 115053 0.003428846597671509
6453 115603 0.003445237874984741
6454 116025 0.0034578144550323486
6455 116493 0.00347176194190979
6456 117032 0.003487825393676758
6457 117507 0.003501981496810913
6458 117999 0.003516644239425659
6459 118525 0.003532320261001587
6460 119028 0.0035473108291625977
6461 119533 0.003562361001968384
6462 119982 0.003575742244720459
6463 120550 0.00359266996383667
6464 121030 0.0036069750785827637
6465 121476 0.0036202669143676758
6466 122018 0.0036364197731018066
6467 122522 0.003651440143585205
6468 122969 0.003664761781692505
6469 123526 0.003681361675262451
6470 124071 0.003697603940963745
6471 124490 0.0037100911140441895
6472 125028 0.0037261247634887695
6473 125576 0.0037424564361572266
6474 126042 0.0037563443183898926
6475 126570 0.0037720799446105957
6476 127088 0.003787517547607422
6477 127573 0.003801971673965454
6478 128038 0.0038158297538757324
6479 128547 0.0038309991359710693
6480 129041 0.003845721483230591
6481 129543 0.003860682249069214
6482 130004 0.0038744211196899414
6483 130580 0.003891587257385254
6484 131109 0.003907352685928345
6485 131598 0.003921926021575928
6486 132105 0.003937035799026489
6487 132629 0.003952652215957642
6488 133087 0.003966301679611206
6489 133604 0.0039817094802856445
6490 134183 0.00399896502494812
6491 134640 0.004012584686279297
6492 135119 0.004026859998703003
6493 135685 0.0040437281131744385
6494 136159 0.004057854413986206
6495 136637 0.004072099924087524
6496 137204 0.004088997840881348
6497 137708 0.004104018211364746
6498 138191 0.004118412733078003
6499 138662 0.004132449626922607
6500 139208 0.004148721694946289
6501 139735 0.0041644275188446045
6502 140173 0.004177480936050415
6503 140730 0.004194080829620361
6504 141267 0.004210084676742554
6505 141786 0.004225552082061768
6506 142295 0.0042407214641571045
6507 142871 0.004257887601852417
6508 143333 0.004271656274795532
6509 143846 0.00428694486618042
6510 144517 0.0043069422245025635
6511 144998 0.004321277141571045
6512 145522 0.004336893558502197
6513 146099 0.0043540894985198975
6514 146637 0.0043701231479644775
6515 147097 0.004383832216262817
6516 147617 0.004399329423904419
6517 148171 0.004415839910507202
6518 148695 0.0044314563274383545
6519 149237 0.004447609186172485
6520 149848 0.004465818405151367
6521 150373 0.004481464624404907
6522 150877 0.004496484994888306
6523 151405 0.004512220621109009
6524 151981 0.004529386758804321
6525 152475 0.004544109106063843
6526 152983 0.004559248685836792
6527 153614 0.004578053951263428
6528 154096 0.004592418670654297
6529 154607 0.004607647657394409
6530 155245 0.004626661539077759
6531 155770 0.004642307758331299
6532 156294 0.004657924175262451
6533 156884 0.004675507545471191
6534 157429 0.004691749811172485
6535 158014 0.004709184169769287
6536 158585 0.004726201295852661
6537 159184 0.004744052886962891
6538 159721 0.004760056734085083
6539 160257 0.004776030778884888
6540 160839 0.004793375730514526
6541 161416 0.0048105716705322266
6542 161940 0.004826188087463379
6543 162529 0.0048437416553497314
6544 163129 0.004861623048782349
6545 163667 0.004877656698226929
6546 164204 0.004893660545349121
6547 164873 0.004913598299026489
6548 165378 0.004928648471832275
6549 165909 0.004944473505020142
6550 166535 0.004963129758834839
6551 167090 0.00497967004776001
6552 167615 0.00499531626701355
6553 168139 0.005010932683944702
6554 168727 0.005028456449508667
6555 169259 0.005044311285018921
6556 169827 0.005061239004135132
6557 170429 0.005079180002212524
6558 170980 0.0050956010818481445
6559 171522 0.005111753940582275
6560 172121 0.005129605531692505
6561 172797 0.005149751901626587
6562 173402 0.005167782306671143
6563 173953 0.005184203386306763
6564 174651 0.005205005407333374
6565 175247 0.00522276759147644
6566 175836 0.005240321159362793
6567 176509 0.005260378122329712
6568 177137 0.005279093980789185
6569 177733 0.005296856164932251
6570 178425 0.005317479372024536
6571 179077 0.0053369104862213135
6572 179656 0.005354166030883789
6573 180286 0.005372941493988037
6574 180985 0.005393773317337036
6575 181640 0.0054132938385009766
6576 182283 0.005432456731796265
6577 182972 0.005452990531921387
6578 183693 0.005474478006362915
6579 184381 0.005494982004165649
6580 185010 0.00551372766494751
6581 185776 0.005536556243896484
6582 186489 0.005557805299758911
6583 187131 0.0055769383907318115
6584 187970 0.005601942539215088
6585 188688 0.005623340606689453
6586 189385 0.005644112825393677
6587 190211 0.005668729543685913
6588 190976 0.0056915283203125
6589 191678 0.005712449550628662
6590 192481 0.0057363808155059814
6591 193285 0.0057603418827056885
6592 194037 0.005782753229141235
6593 194837 0.005806595087051392
6594 195711 0.005832642316818237
6595 196518 0.005856692790985107
6596 197363 0.00588187575340271
6597 198199 0.005906790494918823
6598 199119 0.005934208631515503
6599 199948 0.005958914756774902
6600 200845 0.005985647439956665
6601 201949 0.006018549203872681
6602 202848 0.006045341491699219
6603 203758 0.0060724616050720215
6604 204856 0.006105184555053711
6605 205847 0.006134718656539917
6606 206699 0.006160110235214233
6607 207777 0.006192237138748169
6608 208803 0.006222814321517944
6609 209714 0.006249964237213135
6610 210785 0.0062818825244903564
6611 211966 0.006317079067230225
6612 212994 0.006347715854644775
6613 214080 0.0063800811767578125
6614 215273 0.006415635347366333
6615 216475 0.006451457738876343
6616 217622 0.006485641002655029
6617 218721 0.0065183937549591064
6618 220086 0.0065590739250183105
6619 221263 0.006594151258468628
6620 222364 0.0066269636154174805
6621 223757 0.00666847825050354
6622 224958 0.006704270839691162
6623 226145 0.0067396461963653564
6624 227495 0.006779879331588745
6625 228865 0.006820708513259888
6626 230116 0.0068579912185668945
6627 231431 0.006897181272506714
6628 232900 0.006940960884094238
6629 234212 0.0069800615310668945
6630 235509 0.007018715143203735
6631 237049 0.007064610719680786
6632 238424 0.007105588912963867
6633 239922 0.007150232791900635
6634 241359 0.007193058729171753
6635 242937 0.007240086793899536
6636 244465 0.007285624742507935
6637 245853 0.007326990365982056
6638 247654 0.007380664348602295
6639 249136 0.007424831390380859
6640 250581 0.007467895746231079
6641 252397 0.007522016763687134
6642 253990 0.007569491863250732
6643 255491 0.007614225149154663
6644 257217 0.007665663957595825
6645 258926 0.0077165961265563965
6646 260433 0.007761508226394653
6647 262118 0.00781172513961792
6648 263991 0.007867544889450073
6649 265614 0.007915914058685303
6650 267358 0.007967889308929443
6651 269164 0.008021712303161621
6652 270922 0.00807410478591919
6653 272709 0.008127361536026001
6654 274435 0.008178800344467163
6655 276344 0.008235692977905273
6656 278108 0.008288264274597168
6657 279703 0.008335798978805542
6658 281624 0.008393049240112305
6659 283500 0.008448958396911621
6660 285159 0.008498400449752808
6661 287200 0.008559226989746094
6662 289186 0.008618414402008057
6663 290879 0.008668869733810425
6664 292775 0.008725374937057495
6665 294950 0.008790194988250732
6666 296703 0.008842438459396362
6667 298627 0.008899778127670288
6668 300653 0.008960157632827759
6669 302608 0.009018421173095703
6670 304508 0.009075045585632324
6671 306486 0.009133994579315186
6672 308457 0.009192734956741333
6673 310354 0.009249269962310791
6674 312240 0.009305477142333984
6675 314451 0.009371370077133179
6676 316355 0.00942811369895935
6677 318150 0.009481608867645264
6678 320282 0.00954514741897583
6679 322352 0.00960683822631836
6680 324172 0.009661078453063965
6681 326233 0.009722501039505005
6682 328419 0.009787648916244507
6683 330189 0.009840399026870728
6684 332121 0.009897977113723755
6685 334386 0.009965479373931885
6686 336371 0.01002463698387146
6687 338307 0.010082334280014038
6688 340480 0.0101470947265625
6689 342530 0.010208189487457275
6690 344622 0.010270535945892334
6691 346646 0.01033085584640503
6692 348909 0.010398298501968384
6693 351004 0.010460734367370605
6694 352920 0.01051783561706543
6695 355157 0.010584503412246704
6696 357341 0.01064959168434143
6697 359236 0.010706067085266113
6698 361321 0.010768204927444458
6699 363682 0.010838568210601807
6700 365643 0.010897010564804077
6701 367631 0.010956257581710815
6702 370024 0.01102757453918457
6703 372076 0.011088728904724121
6704 374252 0.011153578758239746
6705 376590 0.011223256587982178
6706 378734 0.011287152767181396
6707 380826 0.011349499225616455
6708 382945 0.011412650346755981
6709 385286 0.011482417583465576
6710 387502 0.011548459529876709
6711 389605 0.011611133813858032
6712 392009 0.011682778596878052
6713 394307 0.011751264333724976
6714 396469 0.011815696954727173
6715 398879 0.011887520551681519
6716 401289 0.011959344148635864
6717 403439 0.01202341914176941
6718 405722 0.012091457843780518
6719 408350 0.01216977834701538
6720 410417 0.012231379747390747
6721 412682 0.012298882007598877
6722 415424 0.012380599975585938
6723 417691 0.012448161840438843
6724 420089 0.012519627809524536
6725 422615 0.012594908475875854
6726 425059 0.012667745351791382
6727 427556 0.012742161750793457
6728 429915 0.01281246542930603
6729 432571 0.012891620397567749
6730 435078 0.012966334819793701
6731 437609 0.013041764497756958
6732 440404 0.013125061988830566
6733 443124 0.013206124305725098
6734 445520 0.013277530670166016
6735 448093 0.013354212045669556
6736 451131 0.013444751501083374
6737 453596 0.013518214225769043
6738 456076 0.013592123985290527
6739 459321 0.013688832521438599
6740 461833 0.01376369595527649
6741 464559 0.013844937086105347
6742 467598 0.013935506343841553
6743 470392 0.014018774032592773
6744 473205 0.01410260796546936
6745 476105 0.014189034700393677
6746 479293 0.01428404450416565
6747 482251 0.014372199773788452
6748 485252 0.014461636543273926
6749 488510 0.014558732509613037
6750 491584 0.014650344848632812
6751 494537 0.014738351106643677
6752 497641 0.014830857515335083
6753 500971 0.014930099248886108
6754 503975 0.015019625425338745
6755 507031 0.015110701322555542
6756 510650 0.015218555927276611
6757 513581 0.015305906534194946
6758 516640 0.015397071838378906
6759 520437 0.015510231256484985
6760 523727 0.015608280897140503
6761 526978 0.0157051682472229
6762 530606 0.01581329107284546
6763 534029 0.01591530442237854
6764 537311 0.016013115644454956
6765 540708 0.016114354133605957
6766 544580 0.016229748725891113
6767 548050 0.016333162784576416
6768 551566 0.016437947750091553
6769 555265 0.016548186540603638
6770 559144 0.016663789749145508
6771 562735 0.01677080988883972
6772 566417 0.016880542039871216
6773 570626 0.017005980014801025
6774 574110 0.017109811305999756
6775 577631 0.01721474528312683
6776 582381 0.017356306314468384
6777 586023 0.01746484637260437
6778 589727 0.017575234174728394
6779 594286 0.017711102962493896
6780 598287 0.017830342054367065
6781 602160 0.01794576644897461
6782 606528 0.018075942993164062
6783 610948 0.018207669258117676
6784 615092 0.018331170082092285
6785 619378 0.018458902835845947
6786 624020 0.01859724521636963
6787 628369 0.018726855516433716
6788 632730 0.018856823444366455
6789 637417 0.018996506929397583
6790 642329 0.019142895936965942
6791 646870 0.019278228282928467
6792 651413 0.019413620233535767
6793 657207 0.019586294889450073
6794 661853 0.019724756479263306
6795 666504 0.019863367080688477
6796 672516 0.0200425386428833
6797 677727 0.02019783854484558
6798 682867 0.020351022481918335
6799 688757 0.02052655816078186
6800 694529 0.020698577165603638
6801 699993 0.020861417055130005
6802 705843 0.021035760641098022
6803 712338 0.021229326725006104
6804 718237 0.021405130624771118
6805 724156 0.021581530570983887
6806 730661 0.021775394678115845
6807 737432 0.02197718620300293
6808 743794 0.022166788578033447
6809 750373 0.022362858057022095
6810 757886 0.02258676290512085
6811 764588 0.022786498069763184
6812 770978 0.022976934909820557
6813 779581 0.0232333242893219
6814 786711 0.023445814847946167
6815 793716 0.023654580116271973
6816 802269 0.02390947937965393
6817 810325 0.024149566888809204
6818 817791 0.024372071027755737
6819 826432 0.024629592895507812
6820 835329 0.024894744157791138
6821 843474 0.025137484073638916
6822 851991 0.025391310453414917
6823 861530 0.025675594806671143
6824 870505 0.025943070650100708
6825 879525 0.02621188759803772
6826 888940 0.02649247646331787
6827 899109 0.026795536279678345
6828 908516 0.027075886726379395
6829 917786 0.02735215425491333
6830 929337 0.0276964008808136
6831 939154 0.027988970279693604
6832 948732 0.02827441692352295
6833 960675 0.028630346059799194
6834 971436 0.028951048851013184
6835 981390 0.029247701168060303
6836 993369 0.029604703187942505
6837 1005196 0.029957175254821777
6838 1016005 0.030279308557510376
6839 1027657 0.030626565217971802
6840 1040599 0.031012266874313354
6841 1052000 0.03135204315185547
6842 1064035 0.03171071410179138
6843 1076753 0.03208974003791809
6844 1089361 0.03246548771858215
6845 1101656 0.03283190727233887
6846 1114048 0.03320121765136719
6847 1127634 0.033606112003326416
6848 1140386 0.03398615121841431
6849 1152354 0.034342825412750244
6850 1167333 0.03478923439979553
6851 1180704 0.035187721252441406
6852 1192931 0.03555211424827576
6853 1207704 0.03599238395690918
6854 1221676 0.03640878200531006
6855 1234196 0.036781907081604004
6856 1248510 0.037208497524261475
6857 1263505 0.037655383348464966
6858 1276528 0.03804349899291992
6859 1290647 0.03846427798271179
6860 1305768 0.03891491889953613
6861 1319867 0.03933510184288025
6862 1334280 0.0397646427154541
6863 1348689 0.0401940643787384
6864 1363980 0.04064977169036865
6865 1378341 0.041077762842178345
6866 1391676 0.04147517681121826
6867 1408324 0.04197132587432861
6868 1422748 0.04240119457244873
6869 1436366 0.042807042598724365
6870 1452867 0.043298810720443726
6871 1468316 0.04375922679901123
6872 1482073 0.044169217348098755
6873 1498516 0.04465925693511963
6874 1515257 0.045158177614212036
6875 1529648 0.04558706283569336
6876 1545502 0.04605954885482788
6877 1563274 0.046589195728302
6878 1578578 0.04704529047012329
6879 1595202 0.04754072427749634
6880 1612558 0.04805797338485718
6881 1629799 0.04857179522514343
6882 1647325 0.04909411072731018
6883 1664265 0.04959896206855774
6884 1683968 0.0501861572265625
6885 1702212 0.05072987079620361
6886 1719745 0.051252394914627075
6887 1741064 0.05188775062561035
6888 1761016 0.05248236656188965
6889 1779818 0.053042709827423096
6890 1801758 0.05369657278060913
6891 1824767 0.05438229441642761
6892 1845199 0.054991215467453
6893 1868030 0.055671632289886475
6894 1894411 0.056457847356796265
6895 1916748 0.057123541831970215
6896 1942225 0.05788281559944153
6897 1970396 0.05872237682342529
6898 1996717 0.05950680375099182
6899 2024656 0.06033945083618164
6900 2053946 0.061212360858917236
6901 2085574 0.062154948711395264
6902 2116751 0.06308409571647644
6903 2147254 0.06399315595626831
6904 2185464 0.06513190269470215
6905 2221076 0.06619322299957275
6906 2255424 0.06721687316894531
6907 2295949 0.06842461228370667
6908 2338340 0.06968796253204346
6909 2376803 0.07083424925804138
6910 2420541 0.0721377432346344
6911 2471056 0.07364320755004883
6912 2514306 0.07493215799331665
6913 2562531 0.07636937499046326
6914 2619556 0.07806885242462158
6915 2668913 0.07953980565071106
6916 2723224 0.08115839958190918
6917 2783292 0.08294856548309326
6918 2842730 0.0847199559211731
6919 2903577 0.08653333783149719
6920 2965653 0.08838334679603577
6921 3037663 0.0905294120311737
6922 3106674 0.09258610010147095
6923 3173998 0.09459251165390015
6924 3254025 0.09697750210762024
6925 3334235 0.09936794638633728
6926 3408171 0.10157141089439392
6927 3492080 0.10407209396362305
6928 3586444 0.10688436031341553
6929 3668124 0.10931861400604248
6930 3756225 0.11194422841072083
6931 3866342 0.11522597074508667
6932 3955734 0.11789005994796753
6933 4054077 0.12082090973854065
6934 4167289 0.12419489026069641
6935 4270205 0.12726202607154846
6936 4379923 0.13053187727928162
6937 4495014 0.13396185636520386
6938 4616078 0.1375698447227478
6939 4734732 0.1411060094833374
6940 4852027 0.14460167288780212
6941 4989988 0.14871323108673096
6942 5121215 0.15262410044670105
6943 5246743 0.15636512637138367
6944 5387621 0.1605636179447174
6945 5538339 0.16505536437034607
6946 5671602 0.1690269112586975
6947 5814410 0.1732829213142395
6948 5985687 0.1783873736858368
6949 6126118 0.18257254362106323
6950 6275603 0.18702754378318787
6951 6457011 0.1924339234828949
6952 6610297 0.19700220227241516
6953 6772197 0.20182719826698303
6954 6950597 0.20714393258094788
6955 7124540 0.21232783794403076
6956 7296491 0.21745237708091736
6957 7472007 0.2226831614971161
6958 7666327 0.22847434878349304
6959 7848447 0.2339019477367401
6960 8028046 0.2392544150352478
6961 8226927 0.24518153071403503
6962 8427904 0.2511711120605469
6963 8612753 0.25668004155158997
6964 8808955 0.26252731680870056
6965 9032039 0.2691757380962372
6966 9220664 0.2747972011566162
6967 9410996 0.28046953678131104
6968 9656078 0.2877735495567322
6969 9848814 0.293517529964447
6970 10049322 0.29949313402175903
6971 10285048 0.3065183162689209
6972 10495968 0.3128042221069336
6973 10705341 0.3190440237522125
6974 10929295 0.32571837306022644
6975 11158897 0.33256104588508606
6976 11375927 0.3390290439128876
6977 11592002 0.34546858072280884
6978 11832171 0.35262617468833923
6979 12056311 0.35930606722831726
6980 12274445 0.3658069670200348
6981 12504315 0.3726576268672943
6982 12749543 0.37996599078178406
6983 12965901 0.38641396164894104
6984 13184443 0.39292702078819275
6985 13448952 0.40081000328063965
6986 13662759 0.4071819484233856
6987 13878085 0.4135991632938385
6988 14142083 0.4214669167995453
6989 14361834 0.4280160069465637
6990 14580103 0.4345209300518036
6991 14825925 0.4418469965457916
6992 15060601 0.4488408863544464
6993 15281849 0.4554345905780792
6994 15508736 0.46219635009765625
6995 15755020 0.4695361852645874
6996 15974857 0.4760878384113312
6997 16195393 0.48266032338142395
6998 16429051 0.48962387442588806
6999 16660404 0.49651873111724854
7000 16876865 0.5029697716236115
7001 17092560 0.5093979835510254
7002 17337537 0.5166988670825958
7003 17545198 0.522887647151947
7004 17745702 0.5288631319999695
7005 17998991 0.5364117324352264
7006 18200225 0.5424089729785919
7007 18398201 0.5483091175556183
7008 18630676 0.5552374124526978
7009 18837842 0.561411440372467
7010 19032812 0.567221999168396
7011 19244759 0.5735385119915009
7012 19458859 0.5799191892147064
7013 19650716 0.5856369733810425
7014 19845532 0.5914429426193237
7015 20054037 0.5976568758487701
7016 20244983 0.603347510099411
7017 20432267 0.6089290082454681
7018 20619991 0.6145236194133759
7019 20817223 0.6204015910625458
7020 20995433 0.625712662935257
7021 21164403 0.6307483613491058
7022 21369329 0.6368556320667267
7023 21535767 0.6418158710002899
7024 21694640 0.6465506553649902
7025 21887764 0.6523061990737915
7026 22051772 0.6571940183639526
7027 22204494 0.6617454886436462
7028 22377043 0.6668878495693207
7029 22542455 0.6718175113201141
7030 22688436 0.6761680841445923
7031 22841874 0.6807408928871155
7032 23007009 0.6856622993946075
7033 23148341 0.6898743212223053
7034 23291740 0.6941479444503784
7035 23438484 0.6985212564468384
7036 23580889 0.7027652561664581
7037 23716063 0.7067937552928925
7038 23845249 0.7106437981128693
7039 23988993 0.7149277031421661
7040 24114740 0.7186752557754517
7041 24229532 0.72209632396698
7042 24371188 0.7263180017471313
7043 24487610 0.7297876477241516
7044 24596319 0.7330274283885956
7045 24721722 0.7367647290229797
7046 24837463 0.740214079618454
7047 24939721 0.7432616055011749
7048 25050246 0.746555507183075
7049 25163493 0.7499305307865143
7050 25260215 0.752813071012497
7051 25360292 0.7557955980300903
7052 25465476 0.7589303255081177
7053 25559172 0.7617226839065552
7054 25651121 0.7644629776477814
7055 25741930 0.7671692967414856
7056 25835148 0.7699474096298218
7057 25921532 0.7725218534469604
7058 25999564 0.7748473882675171
7059 26092299 0.77761110663414
7060 26171038 0.7799577116966248
7061 26242005 0.7820726931095123
7062 26326711 0.7845971286296844
7063 26402126 0.7868446707725525
7064 26468469 0.7888218462467194
7065 26542896 0.7910399436950684
7066 26616236 0.7932256460189819
7067 26678422 0.7950789332389832
7068 26743897 0.7970302402973175
7069 26814403 0.7991314828395844
7070 26872938 0.8008759617805481
7071 26932858 0.8026617169380188
7072 26993930 0.8044818043708801
7073 27052322 0.8062220215797424
7074 27107961 0.8078801929950714
7075 27160807 0.8094551265239716
7076 27218542 0.8111757636070251
7077 27270731 0.8127311170101166
7078 27317415 0.8141224086284637
7079 27373070 0.8157810568809509
7080 27422042 0.8172405362129211
7081 27465428 0.8185335397720337
7082 27515284 0.8200193643569946
7083 27563111 0.8214447200298309
7084 27603579 0.8226507604122162
7085 27647386 0.823956310749054
7086 27693988 0.8253451585769653
7087 27732361 0.8264887630939484
7088 27772671 0.8276900947093964
7089 27815484 0.8289660215377808
7090 27853450 0.830097496509552
7091 27891222 0.83122318983078
7092 27928981 0.832348495721817
7093 27967304 0.8334906101226807
7094 28003480 0.8345687389373779
7095 28036740 0.8355599641799927
7096 28075424 0.8367128372192383
7097 28109815 0.8377377688884735
7098 28140714 0.8386586308479309
7099 28176231 0.8397171199321747
7100 28210408 0.840735673904419
7101 28239780 0.8416110277175903
7102 28272228 0.8425780534744263
7103 28307077 0.8436166346073151
7104 28335681 0.8444691002368927
7105 28365676 0.8453630208969116
7106 28399628 0.8463748693466187
7107 28427671 0.8472106158733368
7108 28456587 0.8480723798274994
7109 28487246 0.8489860892295837
7110 28516291 0.8498516976833344
7111 28544475 0.8506916463375092
7112 28571940 0.8515101671218872
7113 28602049 0.8524074852466583
7114 28629807 0.853234738111496
7115 28655448 0.8539988994598389
7116 28684930 0.8548775315284729
7117 28712676 0.8557044267654419
7118 28737272 0.8564374446868896
7119 28764748 0.857256293296814
7120 28793693 0.8581189215183258
7121 28817671 0.858833521604538
7122 28843635 0.8596073091030121
7123 28873366 0.8604933619499207
7124 28897137 0.8612017929553986
7125 28922512 0.8619580268859863
7126 28950105 0.86278036236763
7127 28975028 0.8635231256484985
7128 29000004 0.8642674684524536
7129 29025560 0.8650290966033936
7130 29051697 0.8658080399036407
7131 29076313 0.8665416538715363
7132 29099674 0.8672378659248352
7133 29127043 0.868053525686264
7134 29151682 0.8687878251075745
7135 29174833 0.869477778673172
7136 29200188 0.870233416557312
7137 29226744 0.8710248470306396
7138 29248567 0.8716752231121063
7139 29272339 0.8723836839199066
7140 29299455 0.8731918036937714
7141 29320997 0.8738338053226471
7142 29343822 0.8745140433311462
7143 29370444 0.8753074407577515
7144 29392056 0.8759515285491943
7145 29414846 0.8766307234764099
7146 29439425 0.8773632347583771
7147 29462673 0.8780560791492462
7148 29485464 0.8787353038787842
7149 29507994 0.879406750202179
7150 29532375 0.8801333606243134
7151 29554783 0.8808011710643768
7152 29576439 0.8814465701580048
7153 29600368 0.8821597099304199
7154 29623299 0.8828431069850922
7155 29643571 0.8834472596645355
7156 29665706 0.8841069340705872
7157 29690083 0.884833425283432
7158 29710100 0.8854299783706665
7159 29730399 0.8860349357128143
7160 29755621 0.8867866098880768
7161 29775285 0.8873726427555084
7162 29795565 0.8879770338535309
7163 29819027 0.888676255941391
7164 29839489 0.889286071062088
7165 29860076 0.8898996114730835
7166 29881238 0.8905302882194519
7167 29902807 0.8911730945110321
7168 29922652 0.8917645215988159
7169 29942315 0.8923505246639252
7170 29964356 0.8930073976516724
7171 29984422 0.8936054110527039
7172 30003620 0.8941775560379028
7173 30024234 0.8947919011116028
7174 30045716 0.8954321146011353
7175 30064143 0.8959812819957733
7176 30082543 0.8965296447277069
7177 30105387 0.8972104489803314
7178 30122839 0.8977305591106415
7179 30140900 0.8982688188552856
7180 30162596 0.8989154100418091
7181 30180186 0.8994396328926086
7182 30198410 0.899982750415802
7183 30218232 0.9005734920501709
7184 30236983 0.9011323153972626
7185 30254583 0.901656836271286
7186 30272584 0.9021933078765869
7187 30291714 0.9027634263038635
7188 30309229 0.903285413980484
7189 30326320 0.9037947654724121
7190 30344855 0.904347151517868
7191 30363186 0.9048934578895569
7192 30379859 0.9053903520107269
7193 30396778 0.9058945775032043
7194 30416072 0.9064695835113525
7195 30432056 0.9069459438323975
7196 30447687 0.9074117839336395
7197 30468110 0.9080204367637634
7198 30483729 0.9084859192371368
7199 30499466 0.908954918384552
7200 30517966 0.9095062613487244
7201 30534251 0.909991592168808
7202 30549742 0.9104532599449158
7203 30566769 0.9109607040882111
7204 30583809 0.9114685356616974
7205 30599480 0.911935567855835
7206 30615010 0.9123983979225159
7207 30632007 0.9129049479961395
7208 30647730 0.9133735299110413
7209 30662979 0.9138279855251312
7210 30679119 0.9143089950084686
7211 30695919 0.9148096740245819
7212 30710713 0.9152505695819855
7213 30725245 0.9156836569309235
7214 30743068 0.9162148237228394
7215 30757282 0.9166384339332581
7216 30771138 0.917051374912262
7217 30788970 0.9175828099250793
7218 30803407 0.9180130660533905
7219 30817465 0.9184320271015167
7220 30833540 0.9189110994338989
7221 30848915 0.9193693101406097
7222 30863068 0.9197911024093628
7223 30877943 0.9202344119548798
7224 30894064 0.9207148551940918
7225 30908272 0.9211382865905762
7226 30922556 0.921563982963562
7227 30937858 0.9220200181007385
7228 30952588 0.9224590063095093
7229 30966742 0.9228808283805847
7230 30980719 0.9232973754405975
7231 30996313 0.9237621128559113
7232 31009855 0.9241656959056854
7233 31022820 0.9245520830154419
7234 31039472 0.9250483512878418
7235 31053166 0.9254564642906189
7236 31065996 0.925838828086853
7237 31081459 0.926299661397934
7238 31095515 0.9267185628414154
7239 31108492 0.9271053075790405
7240 31122840 0.9275329113006592
7241 31137458 0.9279685616493225
7242 31150526 0.9283580183982849
7243 31164064 0.9287614822387695
7244 31178867 0.9292026460170746
7245 31192403 0.9296060502529144
7246 31205766 0.9300042986869812
7247 31219203 0.9304047524929047
7248 31233510 0.9308311343193054
7249 31246737 0.9312253296375275
7250 31259204 0.9315968751907349
7251 31274439 0.9320509135723114
7252 31287411 0.9324375092983246
7253 31299483 0.9327972829341888
7254 31314648 0.9332492351531982
7255 31327526 0.933633029460907
7256 31339522 0.9339905381202698
7257 31353498 0.9344070553779602
7258 31367072 0.9348115921020508
7259 31379039 0.9351682364940643
7260 31391984 0.935554027557373
7261 31406423 0.935984343290329
7262 31418570 0.9363463521003723
7263 31431157 0.9367214739322662
7264 31444383 0.9371156394481659
7265 31457325 0.9375013411045074
7266 31469795 0.937872976064682
7267 31482121 0.9382403194904327
7268 31495636 0.9386430978775024
7269 31507836 0.9390066862106323
7270 31519255 0.9393469989299774
7271 31533412 0.93976891040802
7272 31545443 0.9401274621486664
7273 31556608 0.940460205078125
7274 31570116 0.940862774848938
7275 31582806 0.9412409663200378
7276 31594100 0.9415775537490845
7277 31606850 0.9419575333595276
7278 31619942 0.9423477053642273
7279 31631088 0.9426798820495605
7280 31643096 0.943037748336792
7281 31656110 0.9434255957603455
7282 31667657 0.9437697231769562
7283 31679476 0.9441219568252563
7284 31691362 0.9444761872291565
7285 31703658 0.9448426365852356
7286 31715317 0.9451901018619537
7287 31726224 0.9455151557922363
7288 31739264 0.9459037780761719
7289 31750428 0.9462364912033081
7290 31760810 0.9465458989143372
7291 31772854 0.9469048380851746
7292 31784325 0.9472467005252838
7293 31794674 0.9475551247596741
7294 31806508 0.9479078054428101
7295 31818685 0.948270708322525
7296 31828806 0.9485723376274109
7297 31840025 0.9489066898822784
7298 31851981 0.9492630064487457
7299 31862201 0.949567586183548
7300 31873099 0.9498923718929291
7301 31884294 0.9502260088920593
7302 31894982 0.950544536113739
7303 31905627 0.950861781835556
7304 31915884 0.9511674642562866
7305 31927170 0.9515038132667542
7306 31937639 0.9518158137798309
7307 31947191 0.9521004855632782
7308 31958584 0.9524400234222412
7309 31969083 0.9527529180049896
7310 31978541 0.9530347883701324
7311 31989004 0.9533466100692749
7312 31999788 0.9536679983139038
7313 32008797 0.9539364874362946
7314 32018684 0.9542311429977417
7315 32029650 0.9545579552650452
7316 32038518 0.9548222422599792
7317 32048175 0.9551100432872772
7318 32058533 0.955418735742569
7319 32068020 0.955701470375061
7320 32077459 0.9559827744960785
7321 32087083 0.9562695920467377
7322 32096853 0.9565607607364655
7323 32106169 0.9568383991718292
7324 32114666 0.9570916295051575
7325 32124696 0.957390546798706
7326 32133669 0.9576579630374908
7327 32142278 0.9579145312309265
7328 32151745 0.9581966698169708
7329 32161147 0.9584768712520599
7330 32169229 0.9587177336215973
7331 32178242 0.9589863419532776
7332 32187857 0.9592728912830353
7333 32195715 0.9595070779323578
7334 32204176 0.9597592353820801
7335 32213724 0.9600437879562378
7336 32221625 0.960279256105423
7337 32230034 0.9605298638343811
7338 32238862 0.9607929587364197
7339 32247068 0.9610375165939331
7340 32255102 0.9612769484519958
7341 32262943 0.9615106284618378
7342 32271524 0.9617663621902466
7343 32279463 0.9620029628276825
7344 32286716 0.9622191190719604
7345 32295041 0.962467223405838
7346 32303104 0.96270751953125
7347 32310314 0.9629223942756653
7348 32317989 0.9631511270999908
7349 32326309 0.9633990824222565
7350 32333107 0.963601678609848
7351 32340415 0.9638194739818573
7352 32348900 0.9640723466873169
7353 32355476 0.9642683267593384
7354 32362558 0.964479386806488
7355 32370309 0.9647103846073151
7356 32377198 0.9649156928062439
7357 32384211 0.9651246964931488
7358 32391525 0.9653426706790924
7359 32398657 0.9655552208423615
7360 32405528 0.9657599925994873
7361 32411947 0.9659512937068939
7362 32419299 0.9661704003810883
7363 32426061 0.9663719236850739
7364 32432247 0.9665562808513641
7365 32439065 0.9667594730854034
7366 32446065 0.9669680893421173
7367 32452028 0.9671458005905151
7368 32458116 0.9673272371292114
7369 32465351 0.9675428569316864
7370 32471082 0.9677136540412903
7371 32476963 0.9678889214992523
7372 32483857 0.9680943787097931
7373 32489437 0.9682606756687164
7374 32495249 0.9684338867664337
7375 32501612 0.9686235189437866
7376 32507578 0.9688013195991516
7377 32513403 0.9689749181270599
7378 32519113 0.9691450893878937
7379 32525175 0.9693257510662079
7380 32530744 0.969491720199585
7381 32536071 0.9696504771709442
7382 32541946 0.9698255658149719
7383 32547637 0.9699951708316803
7384 32552753 0.9701476395130157
7385 32558169 0.9703090488910675
7386 32564016 0.9704833030700684
7387 32569002 0.9706318974494934
7388 32573903 0.9707779586315155
7389 32580087 0.970962256193161
7390 32584756 0.9711014032363892
7391 32589616 0.9712462425231934
7392 32595093 0.9714094698429108
7393 32599836 0.9715508222579956
7394 32604650 0.97169429063797
7395 32609699 0.9718447625637054
7396 32614750 0.9719952940940857
7397 32619433 0.9721348583698273
7398 32624042 0.9722722172737122
7399 32629118 0.9724234938621521
7400 32633736 0.9725611209869385
7401 32638231 0.9726950824260712
7402 32642969 0.9728362858295441
7403 32647899 0.9729832112789154
7404 32652049 0.9731068909168243
7405 32656248 0.9732320308685303
7406 32661108 0.9733768701553345
7407 32665158 0.9734975695610046
7408 32669109 0.9736153185367584
7409 32673901 0.9737581312656403
7410 32677887 0.9738769233226776
7411 32681738 0.9739916920661926
7412 32686079 0.9741210639476776
7413 32690243 0.9742451608181
7414 32694178 0.9743624329566956
7415 32698166 0.9744812846183777
7416 32702526 0.974611222743988
7417 32706315 0.974724143743515
7418 32710132 0.9748378992080688
7419 32714126 0.9749569296836853
7420 32717907 0.9750696122646332
7421 32721574 0.9751788973808289
7422 32725165 0.9752859175205231
7423 32729193 0.9754059612751007
7424 32732618 0.9755080342292786
7425 32735986 0.9756084084510803
7426 32740263 0.9757358729839325
7427 32743684 0.9758378267288208
7428 32746970 0.9759357571601868
7429 32750989 0.9760555326938629
7430 32754415 0.9761576354503632
7431 32757777 0.9762578308582306
7432 32761288 0.9763624668121338
7433 32764883 0.9764696061611176
7434 32768096 0.9765653610229492
7435 32771375 0.9766630828380585
7436 32774835 0.9767661988735199
7437 32778123 0.9768641889095306
7438 32781291 0.9769586026668549
7439 32784558 0.9770559668540955
7440 32788137 0.977162629365921
7441 32791297 0.9772568047046661
7442 32794227 0.9773441255092621
7443 32797847 0.9774520099163055
7444 32800808 0.9775402545928955
7445 32803710 0.9776267409324646
7446 32807257 0.9777324497699738
7447 32810134 0.9778181910514832
7448 32812934 0.9779016375541687
7449 32816156 0.9779976606369019
7450 32819232 0.9780893325805664
7451 32822000 0.9781718254089355
7452 32824906 0.9782584309577942
7453 32828186 0.9783561825752258
7454 32831033 0.9784410297870636
7455 32833921 0.9785270988941193
7456 32836891 0.9786156117916107
7457 32839740 0.9787005186080933
7458 32842469 0.9787818491458893
7459 32845144 0.9788615703582764
7460 32848069 0.9789487421512604
7461 32850886 0.9790326952934265
7462 32853362 0.9791064858436584
7463 32856543 0.9792012870311737
7464 32859092 0.9792772531509399
7465 32861575 0.9793512523174286
7466 32864511 0.9794387519359589
7467 32867225 0.9795196354389191
7468 32869773 0.9795955717563629
7469 32872440 0.9796750545501709
7470 32875219 0.9797578752040863
7471 32877657 0.9798305332660675
7472 32880132 0.979904294013977
7473 32882952 0.9799883365631104
7474 32885401 0.9800613224506378
7475 32887826 0.980133593082428
7476 32890396 0.9802101850509644
7477 32892974 0.9802870154380798
7478 32895465 0.9803612530231476
7479 32897787 0.9804304540157318
7480 32900545 0.9805126488208771
7481 32902926 0.9805836081504822
7482 32905077 0.9806477129459381
7483 32907837 0.9807299673557281
7484 32910253 0.9808019697666168
7485 32912493 0.9808687269687653
7486 32915012 0.9809437990188599
7487 32917495 0.9810177981853485
7488 32919607 0.9810807406902313
7489 32921917 0.9811495840549469
7490 32924521 0.9812271893024445
7491 32926788 0.9812947511672974
7492 32929020 0.9813612699508667
7493 32931393 0.9814319908618927
7494 32933701 0.9815007746219635
7495 32935945 0.9815676510334015
7496 32938148 0.9816333055496216
7497 32940505 0.9817035496234894
7498 32942683 0.9817684590816498
7499 32944733 0.9818295538425446
7500 32947179 0.9819024503231049
7501 32949416 0.9819691181182861
7502 32951500 0.9820312261581421
7503 32953793 0.9820995628833771
7504 32956129 0.9821691811084747
7505 32958164 0.9822298288345337
7506 32960377 0.9822957813739777
7507 32962689 0.982364684343338
7508 32964591 0.9824213683605194
7509 32966755 0.9824858605861664
7510 32969115 0.9825561940670013
7511 32971173 0.9826175272464752
7512 32973230 0.9826788306236267
7513 32975348 0.9827419519424438
7514 32977410 0.9828034043312073
7515 32979477 0.9828650057315826
7516 32981444 0.9829236268997192
7517 32983809 0.9829941093921661
7518 32985827 0.9830542504787445
7519 32987698 0.9831100106239319
7520 32989915 0.9831760823726654
7521 32992038 0.9832393527030945
7522 32993826 0.9832926392555237
7523 32996020 0.9833580255508423
7524 32998256 0.9834246635437012
7525 33000094 0.9834794402122498
7526 33002146 0.9835405945777893
7527 33004357 0.9836064875125885
7528 33006203 0.9836615025997162
7529 33008114 0.9837184548377991
7530 33010193 0.9837804138660431
7531 33012219 0.9838407933712006
7532 33014178 0.9838991761207581
7533 33016101 0.9839564859867096
7534 33018158 0.9840177893638611
7535 33020065 0.9840746223926544
7536 33021893 0.9841291010379791
7537 33024006 0.9841920733451843
7538 33025964 0.9842504262924194
7539 33027759 0.9843039214611053
7540 33029741 0.9843629896640778
7541 33031893 0.9844271242618561
7542 33033533 0.9844760000705719
7543 33035430 0.9845325350761414
7544 33037573 0.9845964014530182
7545 33039284 0.9846473932266235
7546 33041156 0.9847031831741333
7547 33043175 0.9847633540630341
7548 33044979 0.9848171174526215
7549 33046860 0.9848731756210327
7550 33048818 0.9849315285682678
7551 33050707 0.9849878251552582
7552 33052578 0.9850435853004456
7553 33054417 0.9850983917713165
7554 33056409 0.9851577579975128
7555 33058326 0.98521488904953
7556 33060072 0.985266923904419
7557 33062005 0.9853245317935944
7558 33063955 0.9853826463222504
7559 33065673 0.9854338467121124
7560 33067457 0.9854870140552521
7561 33069480 0.9855473041534424
7562 33071096 0.9855954647064209
7563 33072859 0.9856480062007904
7564 33074949 0.9857102930545807
7565 33076636 0.9857605695724487
7566 33078431 0.9858140647411346
7567 33080285 0.9858693182468414
7568 33082052 0.9859219789505005
7569 33083837 0.9859751760959625
7570 33085577 0.9860270321369171
7571 33087458 0.9860830903053284
7572 33089193 0.986134797334671
7573 33090946 0.9861870408058167
7574 33092812 0.9862426519393921
7575 33094629 0.9862968027591705
7576 33096264 0.9863455295562744
7577 33098072 0.9863994121551514
7578 33100006 0.9864570498466492
7579 33101678 0.9865068793296814
7580 33103332 0.9865561723709106
7581 33105418 0.9866183400154114
7582 33106988 0.9866651296615601
7583 33108665 0.9867151081562042
7584 33110595 0.9867726266384125
7585 33112213 0.9868208467960358
7586 33113837 0.9868692457675934
7587 33115678 0.9869241118431091
7588 33117474 0.9869776368141174
7589 33119140 0.9870272874832153
7590 33120749 0.9870752394199371
7591 33122657 0.9871321022510529
7592 33124345 0.9871824085712433
7593 33125959 0.987230509519577
7594 33127703 0.9872824847698212
7595 33129503 0.987336128950119
7596 33131139 0.9873848855495453
7597 33132771 0.987433522939682
7598 33134743 0.9874922931194305
7599 33136264 0.9875376224517822
7600 33137825 0.9875841438770294
7601 33139800 0.9876430034637451
7602 33141415 0.9876911342144012
7603 33143121 0.9877419769763947
7604 33144902 0.9877950549125671
7605 33146556 0.9878443479537964
7606 33148190 0.9878930449485779
7607 33149857 0.9879427254199982
7608 33151639 0.987995833158493
7609 33153265 0.9880442917346954
7610 33154867 0.9880920350551605
7611 33156493 0.9881404936313629
7612 33158211 0.988191694021225
7613 33159737 0.9882371723651886
7614 33161310 0.9882840514183044
7615 33163074 0.9883366227149963
7616 33164553 0.9883807003498077
7617 33165934 0.9884218573570251
7618 33167854 0.9884790778160095
7619 33169271 0.9885213077068329
7620 33170722 0.9885645508766174
7621 33172505 0.9886176884174347
7622 33173993 0.9886620342731476
7623 33175454 0.988705575466156
7624 33177013 0.9887520372867584
7625 33178520 0.9887969493865967
7626 33179975 0.9888403117656708
7627 33181398 0.9888827204704285
7628 33182918 0.9889280200004578
7629 33184341 0.9889704287052155
7630 33185703 0.9890110194683075
7631 33187210 0.9890559315681458
7632 33188770 0.9891024231910706
7633 33190075 0.9891413152217865
7634 33191454 0.9891824126243591
7635 33193007 0.9892286956310272
7636 33194266 0.9892662167549133
7637 33195484 0.9893025159835815
7638 33197009 0.9893479645252228
7639 33198287 0.9893860518932343
7640 33199408 0.9894194602966309
7641 33200799 0.9894609153270721
7642 33202126 0.9895004630088806
7643 33203396 0.989538311958313
7644 33204618 0.9895747303962708
7645 33205903 0.9896130263805389
7646 33206988 0.9896453619003296
7647 33208191 0.989681214094162
7648 33209438 0.9897183775901794
7649 33210573 0.9897522032260895
7650 33211685 0.9897853434085846
7651 33212751 0.9898171126842499
7652 33213954 0.9898529648780823
7653 33215027 0.9898849427700043
7654 33215984 0.9899134635925293
7655 33217219 0.9899502694606781
7656 33218248 0.989980936050415
7657 33219270 0.9900113940238953
7658 33220483 0.9900475442409515
7659 33221532 0.9900788068771362
7660 33222413 0.9901050627231598
7661 33223487 0.9901370704174042
7662 33224537 0.9901683628559113
7663 33225465 0.990196019411087
7664 33226417 0.9902243912220001
7665 33227432 0.9902546405792236
7666 33228331 0.9902814328670502
7667 33229241 0.990308552980423
7668 33230190 0.9903368353843689
7669 33231097 0.9903638660907745
7670 33232007 0.9903909862041473
7671 33232824 0.9904153347015381
7672 33233825 0.9904451668262482
7673 33234641 0.9904694855213165
7674 33235407 0.9904923141002655
7675 33236362 0.9905207753181458
7676 33237179 0.9905451238155365
7677 33237865 0.9905655682086945
7678 33238703 0.9905905425548553
7679 33239486 0.9906138777732849
7680 33240199 0.9906351268291473
7681 33240959 0.990657776594162
7682 33241754 0.9906814694404602
7683 33242456 0.9907023906707764
7684 33243194 0.9907243847846985
7685 33243935 0.9907464683055878
7686 33244585 0.9907658398151398
7687 33245285 0.9907867014408112
7688 33245936 0.9908061027526855
7689 33246644 0.990827202796936
7690 33247276 0.9908460378646851
7691 33247862 0.9908635020256042
7692 33248627 0.9908863008022308
7693 33249263 0.9909052550792694
7694 33249864 0.9909231662750244
7695 33250505 0.9909422695636749
7696 33251108 0.9909602403640747
7697 33251634 0.9909759163856506
7698 33252217 0.9909932911396027
7699 33252861 0.9910124838352203
7700 33253401 0.9910285770893097
7701 33253989 0.9910461008548737
7702 33254586 0.9910638928413391
7703 33255157 0.9910809099674225
7704 33255703 0.9910971820354462
7705 33256277 0.9911142885684967
7706 33256870 0.9911319613456726
7707 33257431 0.9911486804485321
7708 33257908 0.991162896156311
7709 33258482 0.9911800026893616
7710 33259027 0.9911962449550629
7711 33259514 0.9912107586860657
7712 33260067 0.9912272393703461
7713 33260569 0.9912422001361847
7714 33261009 0.9912553131580353
7715 33261569 0.9912720024585724
7716 33262083 0.9912873208522797
7717 33262543 0.991301029920578
7718 33263033 0.991315633058548
7719 33263534 0.9913305640220642
7720 33263982 0.9913439154624939
7721 33264435 0.9913574159145355
7722 33264959 0.9913730323314667
7723 33265397 0.9913860857486725
7724 33265804 0.9913982152938843
7725 33266257 0.9914117157459259
7726 33266755 0.991426557302475
7727 33267181 0.9914392530918121
7728 33267634 0.9914527535438538
7729 33268172 0.9914687871932983
7730 33268621 0.9914821684360504
7731 33269043 0.991494745016098
7732 33269476 0.9915076494216919
7733 33269919 0.9915208518505096
7734 33270364 0.9915341138839722
7735 33270813 0.9915474951267242
7736 33271342 0.9915632605552673
7737 33271751 0.9915754497051239
7738 33272173 0.9915880262851715
7739 33272647 0.9916021525859833
7740 33273096 0.9916155338287354
7741 33273538 0.9916287064552307
7742 33273972 0.991641640663147
7743 33274411 0.9916547238826752
7744 33274800 0.991666316986084
7745 33275208 0.9916784763336182
7746 33275662 0.9916920065879822
7747 33276121 0.9917056858539581
7748 33276538 0.9917181134223938
7749 33276983 0.9917313754558563
7750 33277439 0.9917449653148651
7751 33277820 0.9917563199996948
7752 33278249 0.9917691051959991
7753 33278765 0.9917844831943512
7754 33279160 0.9917962551116943
7755 33279585 0.9918089210987091
7756 33280102 0.9918243288993835
7757 33280457 0.9918349087238312
7758 33280872 0.9918472766876221
7759 33281299 0.9918600022792816
7760 33281712 0.9918723106384277
7761 33282133 0.991884857416153
7762 33282580 0.9918981790542603
7763 33282984 0.9919102191925049
7764 33283412 0.9919229745864868
7765 33283785 0.9919340908527374
7766 33284241 0.9919476807117462
7767 33284620 0.9919589757919312
7768 33284993 0.9919700920581818
7769 33285398 0.9919821619987488
7770 33285831 0.9919950664043427
7771 33286162 0.992004930973053
7772 33286553 0.9920165836811066
7773 33287010 0.9920302033424377
7774 33287359 0.992040604352951
7775 33287729 0.9920516312122345
7776 33288173 0.9920648634433746
7777 33288566 0.992076575756073
7778 33288938 0.9920876622200012
7779 33289324 0.9920991659164429
7780 33289719 0.992110937833786
7781 33290133 0.9921232759952545
7782 33290480 0.992133617401123
7783 33290891 0.9921458661556244
7784 33291251 0.992156594991684
7785 33291634 0.9921680092811584
7786 33292063 0.9921807944774628
7787 33292480 0.9921932220458984
7788 33292853 0.992204338312149
7789 33293214 0.992215096950531
7790 33293594 0.9922264218330383
7791 33293941 0.9922367632389069
7792 33294313 0.9922478497028351
7793 33294740 0.9922605752944946
7794 33295085 0.9922708570957184
7795 33295479 0.9922825992107391
7796 33295863 0.992294043302536
7797 33296236 0.9923051595687866
7798 33296576 0.9923152923583984
7799 33296946 0.9923263192176819
7800 33297364 0.9923387765884399
7801 33297716 0.9923492670059204
7802 33298065 0.9923596680164337
7803 33298459 0.9923714101314545
7804 33298821 0.9923821985721588
7805 33299185 0.9923930466175079
7806 33299534 0.9924034476280212
7807 33299943 0.9924156367778778
7808 33300277 0.9924255907535553
7809 33300604 0.9924353361129761
7810 33301005 0.9924472868442535
7811 33301312 0.9924564361572266
7812 33301644 0.9924663305282593
7813 33302007 0.992477148771286
7814 33302332 0.992486834526062
7815 33302645 0.9924961626529694
7816 33303012 0.9925071001052856
7817 33303386 0.9925182461738586
7818 33303710 0.9925279021263123
7819 33304056 0.9925382137298584
7820 33304474 0.9925506711006165
7821 33304816 0.992560863494873
7822 33305150 0.9925708174705505
7823 33305514 0.9925816655158997
7824 33305842 0.9925914406776428
7825 33306161 0.9926009476184845
7826 33306479 0.9926104247570038
7827 33306908 0.9926232099533081
7828 33307240 0.9926331043243408
7829 33307565 0.9926427900791168
7830 33307951 0.9926542937755585
7831 33308289 0.9926643669605255
7832 33308598 0.9926735758781433
7833 33308931 0.9926835000514984
7834 33309245 0.9926928579807281
7835 33309531 0.992701381444931
7836 33309862 0.9927112460136414
7837 33310221 0.9927219450473785
7838 33310558 0.9927319884300232
7839 33310878 0.9927415251731873
7840 33311245 0.9927524626255035
7841 33311586 0.9927626252174377
7842 33311914 0.9927724003791809
7843 33312231 0.9927818477153778
7844 33312595 0.9927926957607269
7845 33312937 0.9928028881549835
7846 33313237 0.9928118288516998
7847 33313613 0.9928230345249176
7848 33313878 0.9928309321403503
7849 33314172 0.9928396940231323
7850 33314528 0.9928503036499023
7851 33314849 0.9928598701953888
7852 33315156 0.9928690195083618
7853 33315511 0.9928795993328094
7854 33315812 0.9928885698318481
7855 33316094 0.9928969740867615
7856 33316406 0.9929062724113464
7857 33316730 0.9929159283638
7858 33317013 0.9929243624210358
7859 33317348 0.9929343461990356
7860 33317618 0.9929423928260803
7861 33317935 0.9929518401622772
7862 33318225 0.9929604828357697
7863 33318550 0.9929701685905457
7864 33318928 0.9929814338684082
7865 33319209 0.9929898083209991
7866 33319468 0.9929975271224976
7867 33319810 0.9930077195167542
7868 33320095 0.9930162131786346
7869 33320412 0.9930256605148315
7870 33320734 0.9930352568626404
7871 33321038 0.9930443167686462
7872 33321308 0.9930523633956909
7873 33321597 0.993060976266861
7874 33321899 0.993069976568222
7875 33322190 0.9930786490440369
7876 33322464 0.9930868148803711
7877 33322766 0.9930958151817322
7878 33323061 0.9931046068668365
7879 33323366 0.9931136965751648
7880 33323634 0.9931216835975647
7881 33323961 0.9931314289569855
7882 33324258 0.9931402802467346
7883 33324500 0.9931474924087524
7884 33324824 0.993157148361206
7885 33325056 0.9931640625
7886 33325301 0.993171364068985
7887 33325587 0.9931798875331879
7888 33325846 0.9931876063346863
7889 33326107 0.9931953847408295
7890 33326383 0.9932036101818085
7891 33326687 0.9932126700878143
7892 33326976 0.9932212829589844
7893 33327248 0.9932293891906738
7894 33327566 0.9932388663291931
7895 33327816 0.99324631690979
7896 33328085 0.9932543337345123
7897 33328332 0.9932616949081421
7898 33328573 0.9932688772678375
7899 33328828 0.9932764768600464
7900 33329086 0.9932841658592224
7901 33329368 0.9932925701141357
7902 33329638 0.9933006167411804
7903 33329870 0.9933075308799744
7904 33330141 0.9933156073093414
7905 33330396 0.9933232069015503
7906 33330620 0.9933298826217651
7907 33330890 0.9933379292488098
7908 33331150 0.9933456778526306
7909 33331391 0.993352860212326
7910 33331646 0.9933604598045349
7911 33331903 0.9933681190013885
7912 33332167 0.9933759868144989
7913 33332430 0.9933838248252869
7914 33332713 0.9933922588825226
7915 33332956 0.9933995008468628
7916 33333203 0.9934068620204926
7917 33333421 0.9934133589267731
7918 33333704 0.9934217929840088
7919 33333960 0.99342942237854
7920 33334154 0.9934352040290833
7921 33334425 0.9934432804584503
7922 33334688 0.9934511184692383
7923 33334943 0.9934587180614471
7924 33335208 0.9934666156768799
7925 33335447 0.9934737384319305
7926 33335672 0.9934804439544678
7927 33335929 0.9934881031513214
7928 33336159 0.9934949576854706
7929 33336382 0.993501603603363
7930 33336630 0.9935089945793152
7931 33336900 0.9935170412063599
7932 33337136 0.9935240745544434
7933 33337372 0.9935311079025269
7934 33337607 0.993538111448288
7935 33337847 0.993545264005661
7936 33338067 0.9935518205165863
7937 33338256 0.9935574531555176
7938 33338516 0.9935652017593384
7939 33338731 0.9935716092586517
7940 33338930 0.9935775399208069
7941 33339153 0.9935841858386993
7942 33339378 0.9935908913612366
7943 33339580 0.9935969114303589
7944 33339807 0.9936036765575409
7945 33340055 0.993611067533493
7946 33340256 0.993617057800293
7947 33340479 0.9936237037181854
7948 33340743 0.9936315715312958
7949 33340947 0.9936376512050629
7950 33341144 0.9936435222625732
7951 33341348 0.9936496019363403
7952 33341554 0.9936557412147522
7953 33341760 0.9936618804931641
7954 33341961 0.993667870759964
7955 33342196 0.9936748743057251
7956 33342401 0.9936809837818146
7957 33342561 0.9936857521533966
7958 33342781 0.9936923086643219
7959 33343018 0.9936993718147278
7960 33343215 0.9937052428722382
7961 33343428 0.9937115907669067
7962 33343646 0.9937180876731873
7963 33343841 0.9937238991260529
7964 33344061 0.9937304556369781
7965 33344291 0.9937373101711273
7966 33344482 0.9937430024147034
7967 33344671 0.9937486350536346
7968 33344892 0.9937552213668823
7969 33345103 0.9937615096569061
7970 33345295 0.9937672317028046
7971 33345475 0.9937725961208344
7972 33345645 0.9937776625156403
7973 33345821 0.9937829077243805
7974 33346009 0.9937885105609894
7975 33346233 0.9937951862812042
7976 33346401 0.9938001930713654
7977 33346558 0.9938048720359802
7978 33346747 0.9938105046749115
7979 33346939 0.9938162267208099
7980 33347110 0.9938213229179382
7981 33347293 0.9938267767429352
7982 33347477 0.9938322603702545
7983 33347657 0.9938376247882843
7984 33347828 0.9938427209854126
7985 33348065 0.9938497841358185
7986 33348230 0.9938547015190125
7987 33348424 0.9938604831695557
7988 33348609 0.9938659965991974
7989 33348797 0.9938715994358063
7990 33348957 0.9938763678073883
7991 33349155 0.9938822686672211
7992 33349358 0.9938883185386658
7993 33349517 0.9938930571079254
7994 33349680 0.9938979148864746
7995 33349867 0.9939034879207611
7996 33350051 0.9939089715480804
7997 33350237 0.9939145147800446
7998 33350410 0.9939196705818176
7999 33350592 0.9939250946044922
8000 33350730 0.9939292073249817
8001 33350888 0.993933916091919
8002 33351094 0.9939400553703308
8003 33351233 0.9939441978931427
8004 33351398 0.9939491152763367
8005 33351624 0.9939558506011963
8006 33351786 0.9939606785774231
8007 33351961 0.9939658939838409
8008 33352129 0.9939709007740021
8009 33352273 0.9939751923084259
8010 33352444 0.9939802885055542
8011 33352610 0.9939852356910706
8012 33352792 0.9939906597137451
8013 33352955 0.9939955174922943
8014 33353115 0.9940002858638763
8015 33353271 0.9940049350261688
8016 33353430 0.9940096735954285
8017 33353597 0.9940146505832672
8018 33353756 0.9940193891525269
8019 33353963 0.9940255582332611
8020 33354119 0.9940302073955536
8021 33354287 0.9940352141857147
8022 33354477 0.9940408766269684
8023 33354637 0.9940456449985504
8024 33354794 0.9940503239631653
8025 33354974 0.9940556883811951
8026 33355122 0.9940600991249084
8027 33355280 0.9940648078918457
8028 33355429 0.9940692484378815
8029 33355594 0.9940741658210754
8030 33355750 0.9940788149833679
8031 33355933 0.9940842688083649
8032 33356106 0.9940894246101379
8033 33356253 0.9940938055515289
8034 33356410 0.9940984845161438
8035 33356589 0.9941038191318512
8036 33356768 0.9941091537475586
8037 33356918 0.9941136240959167
8038 33357084 0.9941185712814331
8039 33357274 0.9941242337226868
8040 33357414 0.994128406047821
8041 33357551 0.9941324889659882
8042 33357733 0.9941379129886627
8043 33357884 0.9941424131393433
8044 33358043 0.9941471517086029
8045 33358207 0.9941520392894745
8046 33358393 0.9941575825214386
8047 33358552 0.9941623210906982
8048 33358738 0.9941678643226624
8049 33358916 0.9941731691360474
8050 33359070 0.9941777586936951
8051 33359239 0.9941827952861786
8052 33359413 0.994187980890274
8053 33359591 0.9941932857036591
8054 33359751 0.9941980540752411
8055 33359910 0.9942027926445007
8056 33360111 0.9942087829113007
8057 33360263 0.9942133128643036
8058 33360386 0.9942169785499573
8059 33360573 0.9942225515842438
8060 33360722 0.9942269921302795
8061 33360861 0.9942311346530914
8062 33361035 0.9942363202571869
8063 33361197 0.9942411482334137
8064 33361358 0.9942459464073181
8065 33361519 0.9942507445812225
8066 33361723 0.9942568242549896
8067 33361877 0.9942614138126373
8068 33362033 0.9942660629749298
8069 33362181 0.9942704737186432
8070 33362359 0.9942757785320282
8071 33362524 0.9942806959152222
8072 33362718 0.9942864775657654
8073 33362899 0.9942918717861176
8074 33363046 0.9942962527275085
8075 33363202 0.994300901889801
8076 33363418 0.9943073391914368
8077 33363559 0.9943115413188934
8078 33363730 0.9943166375160217
8079 33363918 0.9943222403526306
8080 33364089 0.9943273365497589
8081 33364261 0.9943324625492096
8082 33364447 0.9943380057811737
8083 33364622 0.9943432211875916
8084 33364774 0.9943477511405945
8085 33364941 0.9943527281284332
8086 33365143 0.9943587481975555
8087 33365326 0.9943642020225525
8088 33365514 0.9943698048591614
8089 33365667 0.9943743646144867
8090 33365882 0.9943807721138
8091 33366046 0.9943856596946716
8092 33366211 0.9943905770778656
8093 33366380 0.9943956136703491
8094 33366551 0.9944007098674774
8095 33366709 0.9944054186344147
8096 33366894 0.9944109320640564
8097 33367071 0.994416207075119
8098 33367248 0.9944214820861816
8099 33367439 0.9944271743297577
8100 33367626 0.9944327473640442
8101 33367785 0.9944374859333038
8102 33367970 0.9944429993629456
8103 33368172 0.9944490194320679
8104 33368355 0.9944544732570648
8105 33368515 0.9944592416286469
8106 33368705 0.9944649040699005
8107 33368872 0.9944698810577393
8108 33369047 0.9944750964641571
8109 33369255 0.9944812953472137
8110 33369446 0.9944869875907898
8111 33369639 0.9944927394390106
8112 33369807 0.9944977462291718
8113 33370031 0.9945044219493866
8114 33370214 0.9945098757743835
8115 33370380 0.9945148229598999
8116 33370602 0.99452143907547
8117 33370788 0.9945269823074341
8118 33370996 0.9945331811904907
8119 33371196 0.9945391416549683
8120 33371411 0.9945455491542816
8121 33371607 0.9945513904094696
8122 33371807 0.9945573508739471
8123 33372028 0.9945639371871948
8124 33372232 0.9945700168609619
8125 33372442 0.9945762753486633
8126 33372645 0.994582325220108
8127 33372861 0.9945887625217438
8128 33373054 0.9945945143699646
8129 33373249 0.9946003258228302
8130 33373482 0.9946072697639465
8131 33373694 0.9946135878562927
8132 33373887 0.9946193397045135
8133 33374115 0.9946261346340179
8134 33374340 0.9946328401565552
8135 33374531 0.9946385324001312
8136 33374759 0.9946453273296356
8137 33374988 0.9946521520614624
8138 33375173 0.9946576654911041
8139 33375395 0.9946642816066742
8140 33375657 0.9946720898151398
8141 33375860 0.9946781396865845
8142 33376066 0.9946842789649963
8143 33376271 0.9946903884410858
8144 33376478 0.9946965575218201
8145 33376700 0.9947031736373901
8146 33376898 0.9947090744972229
8147 33377158 0.9947168231010437
8148 33377391 0.99472376704216
8149 33377604 0.9947301149368286
8150 33377858 0.9947376847267151
8151 33378122 0.9947455525398254
8152 33378368 0.9947528839111328
8153 33378583 0.9947592914104462
8154 33378820 0.994766354560852
8155 33379058 0.9947734475135803
8156 33379296 0.9947805404663086
8157 33379549 0.9947880804538727
8158 33379763 0.9947944581508636
8159 33379999 0.9948014914989471
8160 33380284 0.9948099851608276
8161 33380517 0.994816929101944
8162 33380781 0.9948247969150543
8163 33381041 0.9948325455188751
8164 33381280 0.9948396682739258
8165 33381542 0.9948474764823914
8166 33381779 0.9948545396327972
8167 33382055 0.9948627650737762
8168 33382314 0.9948704838752747
8169 33382536 0.9948770999908447
8170 33382793 0.9948847591876984
8171 33383052 0.9948924779891968
8172 33383305 0.9949000179767609
8173 33383560 0.9949076175689697
8174 33383837 0.9949158728122711
8175 33384073 0.9949229061603546
8176 33384325 0.9949304163455963
8177 33384601 0.9949386417865753
8178 33384831 0.9949454963207245
8179 33385067 0.994952529668808
8180 33385328 0.9949603080749512
8181 33385564 0.9949673414230347
8182 33385818 0.9949749112129211
8183 33386095 0.9949831664562225
8184 33386367 0.994991272687912
8185 33386624 0.9949989318847656
8186 33386864 0.9950060844421387
8187 33387140 0.9950143098831177
8188 33387407 0.9950222671031952
8189 33387650 0.9950295090675354
8190 33387917 0.9950374662876129
8191 33388182 0.9950453639030457
8192 33388407 0.9950520694255829
8193 33388634 0.9950588345527649
8194 33388908 0.9950670003890991
8195 33389103 0.9950728118419647
8196 33389347 0.9950800836086273
8197 33389607 0.9950878322124481
8198 33389856 0.9950952529907227
8199 33390071 0.995101660490036
8200 33390318 0.9951090216636658
8201 33390594 0.9951172471046448
8202 33390837 0.995124489068985
8203 33391075 0.9951315820217133
8204 33391368 0.9951403141021729
8205 33391620 0.9951478242874146
8206 33391857 0.9951548874378204
8207 33392081 0.9951615631580353
8208 33392347 0.9951694905757904
8209 33392564 0.9951759576797485
8210 33392825 0.9951837360858917
8211 33393099 0.995191901922226
8212 33393304 0.9951980113983154
8213 33393552 0.9952054023742676
8214 33393845 0.9952141344547272
8215 33394068 0.9952207803726196
8216 33394295 0.9952275454998016
8217 33394510 0.995233952999115
8218 33394762 0.9952414631843567
8219 33395012 0.9952489137649536
8220 33395246 0.9952558875083923
8221 33395454 0.995262086391449
8222 33395697 0.9952693283557892
8223 33395913 0.9952757656574249
8224 33396184 0.995283842086792
8225 33396452 0.9952918291091919
8226 33396708 0.9952994585037231
8227 33396926 0.9953059554100037
8228 33397181 0.9953135550022125
8229 33397434 0.9953210949897766
8230 33397671 0.9953281581401825
8231 33397948 0.9953364133834839
8232 33398173 0.9953431189060211
8233 33398389 0.9953495562076569
8234 33398626 0.9953566193580627
8235 33398816 0.9953622817993164
8236 33399033 0.9953687489032745
8237 33399289 0.9953763782978058
8238 33399494 0.9953824877738953
8239 33399704 0.9953887462615967
8240 33399908 0.9953948259353638
8241 33400155 0.9954021871089935
8242 33400369 0.9954085648059845
8243 33400570 0.9954145550727844
8244 33400788 0.9954210519790649
8245 33401029 0.9954282343387604
8246 33401212 0.9954336881637573
8247 33401417 0.9954397976398468
8248 33401661 0.9954470694065094
8249 33401866 0.9954531788825989
8250 33402068 0.9954591989517212
8251 33402293 0.9954659044742584
8252 33402502 0.9954721331596375
8253 33402663 0.9954769313335419
8254 33402921 0.9954846203327179
8255 33403134 0.9954909682273865
8256 33403341 0.9954971373081207
8257 33403558 0.9955036044120789
8258 33403770 0.995509922504425
8259 33403968 0.9955158233642578
8260 33404205 0.9955228865146637
8261 33404390 0.9955283999443054
8262 33404580 0.9955340623855591
8263 33404781 0.995540052652359
8264 33404999 0.9955465495586395
8265 33405225 0.9955532848834991
8266 33405433 0.9955594837665558
8267 33405629 0.9955653250217438
8268 33405884 0.9955729246139526
8269 33406089 0.9955790340900421
8270 33406283 0.9955848157405853
8271 33406523 0.9955919682979584
8272 33406739 0.9955984055995941
8273 33406939 0.9956043660640717
8274 33407165 0.9956111013889313
8275 33407368 0.995617151260376
8276 33407583 0.9956235587596893
8277 33407808 0.9956302642822266
8278 33408019 0.9956365525722504
8279 33408249 0.9956434071063995
8280 33408468 0.9956499338150024
8281 33408699 0.995656818151474
8282 33408936 0.9956638813018799
8283 33409158 0.99567049741745
8284 33409350 0.9956762194633484
8285 33409589 0.995683342218399
8286 33409787 0.9956892430782318
8287 33409994 0.9956954121589661
8288 33410231 0.995702475309372
8289 33410461 0.9957093298435211
8290 33410670 0.9957155585289001
8291 33410916 0.9957228899002075
8292 33411121 0.995728999376297
8293 33411315 0.9957347810268402
8294 33411531 0.995741218328476
8295 33411791 0.9957489669322968
8296 33412016 0.995755672454834
8297 33412232 0.9957621097564697
8298 33412480 0.9957695007324219
8299 33412723 0.9957767426967621
8300 33412964 0.9957839250564575
8301 33413205 0.995791107416153
8302 33413441 0.9957981407642365
8303 33413647 0.9958042800426483
8304 33413860 0.9958106279373169
8305 33414100 0.9958177804946899
8306 33414296 0.9958236217498779
8307 33414517 0.9958302080631256
8308 33414793 0.9958384335041046
8309 33415023 0.9958452880382538
8310 33415231 0.9958514869213104
8311 33415451 0.9958580434322357
8312 33415718 0.9958660006523132
8313 33415963 0.9958733022212982
8314 33416201 0.9958803951740265
8315 33416474 0.9958885312080383
8316 33416727 0.9958960711956024
8317 33416968 0.9959032535552979
8318 33417201 0.9959101974964142
8319 33417434 0.9959171414375305
8320 33417651 0.9959236085414886
8321 33417878 0.9959303736686707
8322 33418143 0.9959382712841034
8323 33418380 0.9959453344345093
8324 33418602 0.9959519505500793
8325 33418874 0.9959600567817688
8326 33419130 0.9959676861763
8327 33419346 0.9959741234779358
8328 33419610 0.9959819912910461
8329 33419856 0.9959893226623535
8330 33420089 0.9959962666034698
8331 33420332 0.9960035085678101
8332 33420598 0.9960114359855652
8333 33420804 0.996017575263977
8334 33421048 0.9960248470306396
8335 33421323 0.9960330426692963
8336 33421560 0.9960401058197021
8337 33421786 0.9960468411445618
8338 33422030 0.9960541129112244
8339 33422291 0.9960618913173676
8340 33422513 0.9960685074329376
8341 33422705 0.9960742294788361
8342 33422930 0.9960809350013733
8343 33423188 0.9960886240005493
8344 33423413 0.9960953295230865
8345 33423678 0.9961032271385193
8346 33423915 0.9961102902889252
8347 33424124 0.9961165189743042
8348 33424382 0.9961242079734802
8349 33424629 0.99613156914711
8350 33424853 0.9961382448673248
8351 33425089 0.9961452782154083
8352 33425349 0.9961530268192291
8353 33425574 0.9961597323417664
8354 33425800 0.996166467666626
8355 33426045 0.996173769235611
8356 33426278 0.9961807131767273
8357 33426522 0.9961879849433899
8358 33426758 0.9961950182914734
8359 33427033 0.99620321393013
8360 33427259 0.9962099492549896
8361 33427483 0.9962166249752045
8362 33427729 0.9962239563465118
8363 33427979 0.9962314069271088
8364 33428182 0.9962374567985535
8365 33428401 0.9962439835071564
8366 33428672 0.9962520599365234
8367 33428876 0.9962581396102905
8368 33429108 0.9962650537490845
8369 33429375 0.996273010969162
8370 33429595 0.9962795674800873
8371 33429804 0.9962857961654663
8372 33430086 0.9962942004203796
8373 33430332 0.996301531791687
8374 33430587 0.9963091313838959
8375 33430806 0.9963156580924988
8376 33431033 0.9963224232196808
8377 33431243 0.9963286817073822
8378 33431431 0.9963342845439911
8379 33431661 0.9963411390781403
8380 33431921 0.9963488876819611
8381 33432113 0.9963546097278595
8382 33432338 0.9963613152503967
8383 33432578 0.9963684678077698
8384 33432806 0.9963752627372742
8385 33433048 0.996382474899292
8386 33433301 0.9963900148868561
8387 33433498 0.9963958859443665
8388 33433705 0.9964020550251007
8389 33433953 0.9964094460010529
8390 33434171 0.9964159429073334
8391 33434418 0.9964233040809631
8392 33434643 0.9964300096035004
8393 33434887 0.996437281370163
8394 33435119 0.9964441955089569
8395 33435331 0.9964505136013031
8396 33435581 0.9964579641819
8397 33435814 0.9964649081230164
8398 33435997 0.9964703619480133
8399 33436238 0.9964775443077087
8400 33436473 0.9964845478534698
8401 33436683 0.9964908063411713
8402 33436920 0.9964978694915771
8403 33437157 0.996504932641983
8404 33437359 0.9965109527111053
8405 33437559 0.9965169131755829
8406 33437848 0.9965255260467529
8407 33438092 0.9965327978134155
8408 33438316 0.9965394735336304
8409 33438556 0.9965466260910034
8410 33438770 0.9965530037879944
8411 33438965 0.99655881524086
8412 33439186 0.9965654015541077
8413 33439421 0.9965724050998688
8414 33439624 0.9965784549713135
8415 33439855 0.996585339307785
8416 33440105 0.996592789888382
8417 33440362 0.9966004490852356
8418 33440574 0.9966067671775818
8419 33440832 0.9966144561767578
8420 33441050 0.9966209530830383
8421 33441270 0.9966275095939636
8422 33441485 0.996633917093277
8423 33441720 0.9966409206390381
8424 33441936 0.9966473579406738
8425 33442171 0.9966543614864349
8426 33442398 0.9966611266136169
8427 33442614 0.9966675639152527
8428 33442837 0.9966742098331451
8429 33443082 0.9966815114021301
8430 33443298 0.9966879487037659
8431 33443530 0.9966948628425598
8432 33443767 0.9967019259929657
8433 33444032 0.9967098236083984
8434 33444252 0.9967163801193237
8435 33444462 0.9967226386070251
8436 33444717 0.996730238199234
8437 33444999 0.9967386424541473
8438 33445215 0.9967450797557831
8439 33445436 0.9967516660690308
8440 33445686 0.9967591166496277
8441 33445896 0.9967653751373291
8442 33446132 0.9967724084854126
8443 33446404 0.996780514717102
8444 33446611 0.9967866837978363
8445 33446821 0.9967929422855377
8446 33447036 0.9967993497848511
8447 33447254 0.9968058466911316
8448 33447462 0.9968120455741882
8449 33447678 0.996818482875824
8450 33447900 0.996825098991394
8451 33448109 0.9968313276767731
8452 33448301 0.9968370497226715
8453 33448526 0.9968437552452087
8454 33448758 0.9968506693840027
8455 33449022 0.996858537197113
8456 33449241 0.9968650639057159
8457 33449449 0.9968712627887726
8458 33449640 0.9968769550323486
8459 33449838 0.9968828558921814
8460 33450109 0.9968909323215485
8461 33450299 0.9968965947628021
8462 33450470 0.9969016909599304
8463 33450702 0.9969086050987244
8464 33450907 0.9969147145748138
8465 33451111 0.9969207942485809
8466 33451351 0.996927946805954
8467 33451569 0.9969344437122345
8468 33451782 0.9969407916069031
8469 33451987 0.9969469010829926
8470 33452209 0.9969535171985626
8471 33452412 0.9969595670700073
8472 33452627 0.9969659745693207
8473 33452868 0.9969731569290161
8474 33453093 0.9969798624515533
8475 33453281 0.9969854652881622
8476 33453468 0.9969910383224487
8477 33453689 0.9969976246356964
8478 33453878 0.9970032572746277
8479 33454067 0.997008889913559
8480 33454314 0.9970162510871887
8481 33454501 0.9970218241214752
8482 33454705 0.9970279037952423
8483 33454933 0.9970346987247467
8484 33455131 0.9970405995845795
8485 33455310 0.9970459342002869
8486 33455515 0.9970520436763763
8487 33455706 0.9970577359199524
8488 33455894 0.9970633387565613
8489 33456125 0.9970702230930328
8490 33456312 0.9970757961273193
8491 33456526 0.9970821738243103
8492 33456742 0.997088611125946
8493 33456949 0.9970947802066803
8494 33457145 0.9971006214618683
8495 33457342 0.9971064925193787
8496 33457508 0.997111439704895
8497 33457729 0.9971180260181427
8498 33457898 0.9971230626106262
8499 33458060 0.997127890586853
8500 33458294 0.9971348643302917
8501 33458480 0.9971404075622559
8502 33458630 0.997144877910614
8503 33458830 0.9971508383750916
8504 33459031 0.9971568286418915
8505 33459193 0.9971616566181183
8506 33459386 0.9971674084663391
8507 33459565 0.9971727430820465
8508 33459760 0.9971785545349121
8509 33459934 0.9971837401390076
8510 33460116 0.9971891641616821
8511 33460298 0.9971945881843567
8512 33460461 0.9971994459629059
8513 33460628 0.9972044229507446
8514 33460821 0.9972101747989655
8515 33460962 0.9972143769264221
8516 33461136 0.9972195625305176
8517 33461329 0.9972253143787384
8518 33461491 0.9972301423549652
8519 33461655 0.9972350299358368
8520 33461845 0.9972406923770905
8521 33462023 0.9972459971904755
8522 33462184 0.9972507953643799
8523 33462362 0.9972561001777649
8524 33462560 0.9972620010375977
8525 33462738 0.9972673058509827
8526 33462920 0.9972727298736572
8527 33463114 0.9972785115242004
8528 33463256 0.9972827434539795
8529 33463425 0.997287780046463
8530 33463614 0.9972934126853943
8531 33463800 0.9972989559173584
8532 33463980 0.9973043203353882
8533 33464150 0.9973093867301941
8534 33464354 0.9973154664039612
8535 33464504 0.9973199367523193
8536 33464643 0.9973240792751312
8537 33464867 0.9973307549953461
8538 33465021 0.9973353445529938
8539 33465169 0.9973397552967072
8540 33465338 0.9973447918891907
8541 33465537 0.9973507225513458
8542 33465706 0.9973557591438293
8543 33465875 0.9973607957363129
8544 33466055 0.9973661601543427
8545 33466205 0.9973706305027008
8546 33466376 0.9973757266998291
8547 33466554 0.9973810315132141
8548 33466729 0.997386246919632
8549 33466879 0.9973907172679901
8550 33467036 0.997395396232605
8551 33467238 0.9974014163017273
8552 33467401 0.9974062740802765
8553 33467552 0.997410774230957
8554 33467741 0.9974164068698883
8555 33467911 0.9974214732646942
8556 33468060 0.99742591381073
8557 33468236 0.9974311590194702
8558 33468405 0.9974361956119537
8559 33468551 0.9974405467510223
8560 33468734 0.9974460005760193
8561 33468900 0.9974509477615356
8562 33469053 0.997455507516861
8563 33469233 0.9974608719348907
8564 33469392 0.9974656105041504
8565 33469564 0.9974707365036011
8566 33469710 0.9974750876426697
8567 33469856 0.9974794387817383
8568 33470050 0.9974852204322815
8569 33470223 0.9974903762340546
8570 33470394 0.9974954724311829
8571 33470582 0.9975010752677917
8572 33470761 0.9975064098834991
8573 33470903 0.9975106418132782
8574 33471097 0.9975164234638214
8575 33471269 0.9975215494632721
8576 33471425 0.9975261986255646
8577 33471595 0.9975312650203705
8578 33471768 0.9975364208221436
8579 33471919 0.9975409209728241
8580 33472087 0.9975459277629852
8581 33472263 0.9975511729717255
8582 33472417 0.9975557625293732
8583 33472591 0.9975609481334686
8584 33472752 0.997565746307373
8585 33472927 0.9975709617137909
8586 33473084 0.9975756406784058
8587 33473236 0.9975801706314087
8588 33473418 0.9975855946540833
8589 33473597 0.9975909292697906
8590 33473748 0.9975954294204712
8591 33473921 0.9976005852222443
8592 33474109 0.9976061880588531
8593 33474260 0.9976106882095337
8594 33474445 0.9976162016391754
8595 33474637 0.9976219236850739
8596 33474774 0.997626006603241
8597 33474911 0.9976300895214081
8598 33475078 0.9976350665092468
8599 33475209 0.9976389706134796
8600 33475396 0.9976445436477661
8601 33475558 0.9976493716239929
8602 33475684 0.9976531267166138
8603 33475843 0.9976578652858734
8604 33475978 0.9976618885993958
8605 33476141 0.997666746377945
8606 33476299 0.9976714551448822
8607 33476456 0.9976761341094971
8608 33476620 0.9976810216903687
8609 33476764 0.9976853132247925
8610 33476908 0.9976896047592163
8611 33477050 0.9976938366889954
8612 33477198 0.9976982474327087
8613 33477339 0.9977024495601654
8614 33477523 0.9977079331874847
8615 33477674 0.9977124333381653
8616 33477824 0.9977169036865234
8617 33477986 0.9977217316627502
8618 33478171 0.997727245092392
8619 33478302 0.9977311491966248
8620 33478447 0.997735470533371
8621 33478612 0.9977403879165649
8622 33478770 0.9977450966835022
8623 33478921 0.9977495968341827
8624 33479064 0.9977538585662842
8625 33479232 0.9977588653564453
8626 33479392 0.9977636337280273
8627 33479522 0.9977675080299377
8628 33479643 0.9977711141109467
8629 33479817 0.9977762997150421
8630 33479951 0.9977802932262421
8631 33480076 0.9977840185165405
8632 33480250 0.997789204120636
8633 33480355 0.9977923333644867
8634 33480481 0.9977960884571075
8635 33480639 0.9978007972240448
8636 33480766 0.997804582118988
8637 33480878 0.9978079199790955
8638 33481021 0.9978121817111969
8639 33481145 0.997815877199173
8640 33481259 0.9978192746639252
8641 33481388 0.9978231191635132
8642 33481522 0.9978271126747131
8643 33481632 0.9978303909301758
8644 33481752 0.9978339672088623
8645 33481904 0.9978384971618652
8646 33482048 0.9978427886962891
8647 33482182 0.997846782207489
8648 33482322 0.9978509545326233
8649 33482456 0.9978549480438232
8650 33482574 0.997858464717865
8651 33482710 0.9978625178337097
8652 33482874 0.9978674054145813
8653 33482992 0.997870922088623
8654 33483113 0.997874528169632
8655 33483258 0.9978788495063782
8656 33483388 0.9978827238082886
8657 33483523 0.9978867471218109
8658 33483660 0.997890830039978
8659 33483800 0.9978950023651123
8660 33483916 0.9978984594345093
8661 33484052 0.997902512550354
8662 33484186 0.997906506061554
8663 33484311 0.9979102313518524
8664 33484443 0.9979141652584076
8665 33484563 0.9979177415370941
8666 33484696 0.9979217052459717
8667 33484823 0.9979254901409149
8668 33484946 0.9979291558265686
8669 33485086 0.9979333281517029
8670 33485211 0.9979370534420013
8671 33485324 0.9979404211044312
8672 33485460 0.9979444742202759
8673 33485575 0.9979479014873505
8674 33485698 0.9979515671730042
8675 33485840 0.9979557991027832
8676 33485954 0.9979591965675354
8677 33486072 0.9979627132415771
8678 33486195 0.9979663789272308
8679 33486330 0.9979704022407532
8680 33486442 0.9979737401008606
8681 33486574 0.9979776740074158
8682 33486709 0.9979816973209381
8683 33486841 0.9979856312274933
8684 33486946 0.997988760471344
8685 33487071 0.9979924857616425
8686 33487217 0.9979968369007111
8687 33487334 0.9980003237724304
8688 33487456 0.9980039596557617
8689 33487591 0.9980079829692841
8690 33487692 0.9980109930038452
8691 33487820 0.9980148077011108
8692 33487954 0.9980188012123108
8693 33488074 0.9980223774909973
8694 33488187 0.9980257451534271
8695 33488319 0.9980296790599823
8696 33488441 0.9980333149433136
8697 33488557 0.9980367720127106
8698 33488678 0.9980403780937195
8699 33488825 0.9980447590351105
8700 33488934 0.9980480074882507
8701 33489051 0.9980514943599701
8702 33489172 0.998055100440979
8703 33489276 0.9980581998825073
8704 33489402 0.9980619549751282
8705 33489517 0.9980653822422028
8706 33489658 0.9980695843696594
8707 33489761 0.9980726540088654
8708 33489870 0.9980759024620056
8709 33490018 0.998080313205719
8710 33490124 0.9980834722518921
8711 33490205 0.9980858862400055
8712 33490346 0.9980900883674622
8713 33490478 0.9980940222740173
8714 33490580 0.9980970621109009
8715 33490699 0.998100608587265
8716 33490832 0.9981045722961426
8717 33490933 0.9981075823307037
8718 33491053 0.9981111586093903
8719 33491173 0.9981147348880768
8720 33491295 0.9981183707714081
8721 33491415 0.9981219470500946
8722 33491533 0.9981254637241364
8723 33491646 0.9981288313865662
8724 33491753 0.9981320202350616
8725 33491849 0.9981348812580109
8726 33491967 0.9981383979320526
8727 33492096 0.9981422424316406
8728 33492194 0.9981451630592346
8729 33492317 0.9981488287448883
8730 33492450 0.9981527924537659
8731 33492580 0.9981566667556763
8732 33492699 0.9981602132320404
8733 33492816 0.9981637001037598
8734 33492927 0.9981670081615448
8735 33493042 0.9981704354286194
8736 33493161 0.9981739819049835
8737 33493273 0.9981773197650909
8738 33493394 0.9981809258460999
8739 33493497 0.9981839954853058
8740 33493608 0.9981873035430908
8741 33493724 0.9981907606124878
8742 33493814 0.9981934428215027
8743 33493945 0.9981973469257355
8744 33494057 0.9982006847858429
8745 33494162 0.9982038140296936
8746 33494283 0.9982074201107025
8747 33494395 0.9982107579708099
8748 33494491 0.9982136189937592
8749 33494608 0.9982171058654785
8750 33494717 0.9982203543186188
8751 33494811 0.9982231557369232
8752 33494936 0.9982268810272217
8753 33495042 0.9982300400733948
8754 33495140 0.9982329607009888
8755 33495232 0.9982357025146484
8756 33495356 0.9982393980026245
8757 33495460 0.9982424974441528
8758 33495545 0.9982450306415558
8759 33495643 0.9982479512691498
8760 33495754 0.9982512593269348
8761 33495852 0.9982541799545288
8762 33495946 0.9982569813728333
8763 33496058 0.9982603192329407
8764 33496168 0.9982635974884033
8765 33496263 0.9982664287090302
8766 33496378 0.9982698559761047
8767 33496502 0.9982735514640808
8768 33496599 0.9982764422893524
8769 33496707 0.9982796609401703
8770 33496813 0.9982828199863434
8771 33496926 0.9982861876487732
8772 33497031 0.9982893168926239
8773 33497128 0.9982922077178955
8774 33497229 0.9982952177524567
8775 33497328 0.998298168182373
8776 33497419 0.9983008801937103
8777 33497533 0.9983042776584625
8778 33497628 0.9983071088790894
8779 33497742 0.9983105063438416
8780 33497841 0.9983134567737579
8781 33497935 0.9983162581920624
8782 33498028 0.9983190298080444
8783 33498143 0.998322457075119
8784 33498252 0.9983257055282593
8785 33498340 0.9983283281326294
8786 33498440 0.9983313083648682
8787 33498555 0.9983347356319427
8788 33498659 0.9983378350734711
8789 33498765 0.9983409941196442
8790 33498878 0.998344361782074
8791 33498968 0.9983470439910889
8792 33499080 0.9983503818511963
8793 33499182 0.9983534216880798
8794 33499280 0.9983563423156738
8795 33499397 0.9983598291873932
8796 33499508 0.9983631372451782
8797 33499599 0.9983658492565155
8798 33499694 0.9983686804771423
8799 33499783 0.9983713328838348
8800 33499895 0.9983746707439423
8801 33499992 0.9983775615692139
8802 33500082 0.9983802437782288
8803 33500180 0.9983831644058228
8804 33500280 0.9983861446380615
8805 33500363 0.9983886182308197
8806 33500454 0.998391330242157
8807 33500566 0.9983946681022644
8808 33500656 0.9983973503112793
8809 33500765 0.9984005987644196
8810 33500883 0.9984041154384613
8811 33500979 0.9984069764614105
8812 33501061 0.9984094202518463
8813 33501161 0.9984124004840851
8814 33501257 0.9984152615070343
8815 33501365 0.9984184801578522
8816 33501445 0.9984208643436432
8817 33501546 0.9984238743782043
8818 33501640 0.9984266757965088
8819 33501704 0.9984285831451416
8820 33501814 0.9984318614006042
8821 33501924 0.9984351396560669
8822 33502020 0.9984380006790161
8823 33502129 0.9984412491321564
8824 33502234 0.9984443783760071
8825 33502315 0.9984467923641205
8826 33502402 0.9984493851661682
8827 33502505 0.9984524548053741
8828 33502584 0.9984548091888428
8829 33502681 0.9984577000141144
8830 33502793 0.9984610378742218
8831 33502901 0.9984642565250397
8832 33502987 0.998466819524765
8833 33503091 0.9984699189662933
8834 33503184 0.9984726905822754
8835 33503280 0.9984755516052246
8836 33503369 0.9984782040119171
8837 33503477 0.998481422662735
8838 33503567 0.9984841048717499
8839 33503671 0.9984872043132782
8840 33503752 0.9984896183013916
8841 33503847 0.9984924495220184
8842 33503938 0.9984951615333557
8843 33504037 0.9984981119632721
8844 33504146 0.9985013604164124
8845 33504221 0.9985035955905914
8846 33504301 0.9985059797763824
8847 33504403 0.998509019613266
8848 33504489 0.9985115826129913
8849 33504586 0.9985144734382629
8850 33504681 0.9985173046588898
8851 33504780 0.9985202550888062
8852 33504862 0.9985226988792419
8853 33504962 0.9985256791114807
8854 33505073 0.9985289871692657
8855 33505164 0.998531699180603
8856 33505248 0.9985342025756836
8857 33505344 0.9985370635986328
8858 33505437 0.9985398352146149
8859 33505522 0.9985423684120178
8860 33505613 0.9985450804233551
8861 33505717 0.9985481798648834
8862 33505793 0.9985504448413849
8863 33505868 0.998552680015564
8864 33505970 0.9985557198524475
8865 33506050 0.9985581040382385
8866 33506120 0.9985601902008057
8867 33506207 0.9985627830028534
8868 33506293 0.9985653460025787
8869 33506384 0.998568058013916
8870 33506462 0.9985703825950623
8871 33506557 0.9985732138156891
8872 33506658 0.9985762238502502
8873 33506746 0.9985788464546204
8874 33506842 0.9985817074775696
8875 33506950 0.9985849261283875
8876 33507023 0.9985871016979218
8877 33507112 0.9985897541046143
8878 33507207 0.9985925853252411
8879 33507299 0.9985953271389008
8880 33507376 0.9985976219177246
8881 33507476 0.9986006021499634
8882 33507551 0.9986028373241425
8883 33507650 0.9986057877540588
8884 33507758 0.9986090064048767
8885 33507869 0.9986123144626617
8886 33507949 0.9986146986484528
8887 33508034 0.9986172318458557
8888 33508130 0.9986200928688049
8889 33508211 0.9986225068569183
8890 33508317 0.9986256659030914
8891 33508404 0.9986282587051392
8892 33508475 0.9986303746700287
8893 33508569 0.9986331760883331
8894 33508662 0.9986359477043152
8895 33508761 0.9986388981342316
8896 33508856 0.9986417293548584
8897 33508954 0.9986446499824524
8898 33509042 0.9986472725868225
8899 33509124 0.9986497163772583
8900 33509208 0.9986522197723389
8901 33509324 0.9986556768417358
8902 33509404 0.9986580610275269
8903 33509496 0.9986608028411865
8904 33509575 0.9986631572246552
8905 33509665 0.99866583943367
8906 33509748 0.9986683130264282
8907 33509828 0.9986706972122192
8908 33509934 0.9986738562583923
8909 33510006 0.9986760020256042
8910 33510099 0.9986787736415863
8911 33510185 0.9986813366413116
8912 33510269 0.9986838400363922
8913 33510351 0.998686283826828
8914 33510428 0.9986885786056519
8915 33510529 0.998691588640213
8916 33510624 0.9986944198608398
8917 33510723 0.9986973702907562
8918 33510842 0.9987009167671204
8919 33510937 0.9987037479877472
8920 33511022 0.9987062811851501
8921 33511121 0.9987092316150665
8922 33511207 0.9987117946147919
8923 33511303 0.9987146556377411
8924 33511395 0.9987173974514008
8925 33511496 0.9987204074859619
8926 33511592 0.9987232685089111
8927 33511674 0.9987257122993469
8928 33511775 0.9987287223339081
8929 33511856 0.9987311363220215
8930 33511955 0.9987340867519379
8931 33512040 0.9987366199493408
8932 33512134 0.9987394213676453
8933 33512229 0.9987422525882721
8934 33512308 0.9987446069717407
8935 33512394 0.9987471699714661
8936 33512500 0.9987503290176392
8937 33512588 0.9987529516220093
8938 33512694 0.9987561106681824
8939 33512779 0.9987586438655853
8940 33512857 0.9987609684467316
8941 33512959 0.9987640082836151
8942 33513068 0.9987672567367554
8943 33513158 0.9987699389457703
8944 33513250 0.9987726807594299
8945 33513350 0.9987756609916687
8946 33513445 0.9987784922122955
8947 33513524 0.9987808465957642
8948 33513636 0.9987841844558716
8949 33513731 0.9987870156764984
8950 33513830 0.9987899661064148
8951 33513922 0.9987927079200745
8952 33514038 0.9987961649894714
8953 33514119 0.9987985789775848
8954 33514216 0.9988014698028564
8955 33514317 0.9988044798374176
8956 33514408 0.9988071918487549
8957 33514485 0.9988094866275787
8958 33514584 0.9988124370574951
8959 33514672 0.9988150596618652
8960 33514756 0.9988175630569458
8961 33514860 0.9988206624984741
8962 33514978 0.9988241791725159
8963 33515058 0.9988265633583069
8964 33515148 0.9988292455673218
8965 33515261 0.9988326132297516
8966 33515342 0.998835027217865
8967 33515432 0.9988377094268799
8968 33515511 0.9988400638103485
8969 33515600 0.998842716217041
8970 33515701 0.9988457262516022
8971 33515797 0.9988485872745514
8972 33515892 0.9988514184951782
8973 33515971 0.9988537728786469
8974 33516073 0.9988568127155304
8975 33516188 0.998860239982605
8976 33516261 0.9988624155521393
8977 33516347 0.9988649785518646
8978 33516458 0.9988682866096497
8979 33516553 0.9988711178302765
8980 33516630 0.9988734126091003
8981 33516721 0.9988761246204376
8982 33516826 0.9988792538642883
8983 33516909 0.9988817274570465
8984 33516998 0.998884379863739
8985 33517107 0.9988876283168793
8986 33517205 0.9988905489444733
8987 33517284 0.9988929033279419
8988 33517371 0.9988954961299896
8989 33517468 0.9988983869552612
8990 33517575 0.9989015758037567
8991 33517664 0.9989042282104492
8992 33517762 0.9989071488380432
8993 33517859 0.9989100396633148
8994 33517934 0.9989122748374939
8995 33518032 0.9989151954650879
8996 33518124 0.9989179372787476
8997 33518220 0.9989207983016968
8998 33518322 0.9989238381385803
8999 33518424 0.9989268779754639
9000 33518496 0.9989290237426758
9001 33518591 0.9989318549633026
9002 33518673 0.9989342987537384
9003 33518760 0.9989368915557861
9004 33518857 0.9989397823810577
9005 33518947 0.9989424645900726
9006 33519037 0.9989451467990875
9007 33519147 0.9989484250545502
9008 33519254 0.9989516139030457
9009 33519348 0.9989544153213501
9010 33519452 0.9989575147628784
9011 33519539 0.9989601075649261
9012 33519629 0.998962789773941
9013 33519736 0.9989659786224365
9014 33519803 0.9989679753780365
9015 33519886 0.9989704489707947
9016 33519966 0.9989728331565857
9017 33520045 0.9989751875400543
9018 33520136 0.9989778995513916
9019 33520248 0.998981237411499
9020 33520330 0.9989836812019348
9021 33520433 0.9989867508411407
9022 33520524 0.998989462852478
9023 33520609 0.998991996049881
9024 33520701 0.9989947378635406
9025 33520809 0.9989979565143585
9026 33520897 0.9990005791187286
9027 33520987 0.9990032613277435
9028 33521060 0.9990054368972778
9029 33521166 0.9990085959434509
9030 33521255 0.9990112483501434
9031 33521343 0.9990138709545135
9032 33521435 0.9990166127681732
9033 33521535 0.999019593000412
9034 33521614 0.9990219473838806
9035 33521697 0.9990244209766388
9036 33521800 0.9990274906158447
9037 33521883 0.9990299642086029
9038 33521980 0.9990328550338745
9039 33522069 0.999035507440567
9040 33522154 0.99903804063797
9041 33522239 0.9990405738353729
9042 33522326 0.9990431666374207
9043 33522415 0.9990458190441132
9044 33522512 0.9990487098693848
9045 33522592 0.9990510940551758
9046 33522689 0.9990539848804474
9047 33522761 0.9990561306476593
9048 33522863 0.9990591704845428
9049 33522963 0.9990621507167816
9050 33523080 0.999065637588501
9051 33523155 0.99906787276268
9052 33523253 0.999070793390274
9053 33523357 0.9990738928318024
9054 33523436 0.999076247215271
9055 33523514 0.9990785717964172
9056 33523621 0.9990817606449127
9057 33523703 0.9990842044353485
9058 33523812 0.9990874528884888
9059 33523898 0.9990900158882141
9060 33523986 0.9990926384925842
9061 33524058 0.9990947842597961
9062 33524137 0.9990971386432648
9063 33524239 0.9991001784801483
9064 33524324 0.9991027116775513
9065 33524409 0.9991052448749542
9066 33524500 0.9991079568862915
9067 33524592 0.9991106986999512
9068 33524672 0.9991130828857422
9069 33524776 0.9991161823272705
9070 33524887 0.9991194903850555
9071 33524966 0.9991218447685242
9072 33525054 0.9991244673728943
9073 33525157 0.9991275370121002
9074 33525233 0.9991298019886017
9075 33525318 0.9991323351860046
9076 33525417 0.999135285615921
9077 33525500 0.9991377592086792
9078 33525563 0.9991396367549896
9079 33525650 0.9991422295570374
9080 33525741 0.9991449415683746
9081 33525834 0.9991477131843567
9082 33525922 0.9991503357887268
9083 33526005 0.999152809381485
9084 33526097 0.9991555511951447
9085 33526183 0.99915811419487
9086 33526283 0.9991610944271088
9087 33526381 0.9991640150547028
9088 33526454 0.9991661906242371
9089 33526537 0.9991686642169952
9090 33526628 0.9991713762283325
9091 33526707 0.9991737306118011
9092 33526776 0.9991757869720459
9093 33526868 0.9991785287857056
9094 33526941 0.9991807043552399
9095 33527028 0.9991832971572876
9096 33527116 0.9991859197616577
9097 33527195 0.9991882741451263
9098 33527266 0.9991903901100159
9099 33527349 0.999192863702774
9100 33527448 0.9991958141326904
9101 33527531 0.9991982877254486
9102 33527616 0.9992008209228516
9103 33527715 0.9992037713527679
9104 33527794 0.9992061257362366
9105 33527870 0.999208390712738
9106 33527961 0.9992111027240753
9107 33528053 0.999213844537735
9108 33528146 0.999216616153717
9109 33528225 0.9992189705371857
9110 33528335 0.9992222487926483
9111 33528413 0.9992245733737946
9112 33528492 0.9992269277572632
9113 33528582 0.9992296099662781
9114 33528652 0.9992316961288452
9115 33528718 0.9992336630821228
9116 33528807 0.9992363154888153
9117 33528881 0.999238520860672
9118 33528961 0.999240905046463
9119 33529040 0.9992432594299316
9120 33529133 0.9992460310459137
9121 33529217 0.9992485344409943
9122 33529280 0.9992504119873047
9123 33529342 0.9992522597312927
9124 33529442 0.9992552399635315
9125 33529531 0.999257892370224
9126 33529585 0.9992595016956329
9127 33529670 0.9992620348930359
9128 33529733 0.9992639124393463
9129 33529801 0.9992659389972687
9130 33529884 0.9992684125900269
9131 33529963 0.9992707669734955
9132 33530038 0.9992730021476746
9133 33530126 0.9992756247520447
9134 33530192 0.9992775917053223
9135 33530266 0.999279797077179
9136 33530346 0.99928218126297
9137 33530437 0.9992848932743073
9138 33530496 0.9992866516113281
9139 33530569 0.9992888271808624
9140 33530654 0.9992913603782654
9141 33530714 0.9992931485176086
9142 33530781 0.9992951452732086
9143 33530843 0.9992969930171967
9144 33530919 0.9992992579936981
9145 33530996 0.999301552772522
9146 33531068 0.9993036985397339
9147 33531147 0.9993060529232025
9148 33531206 0.9993078112602234
9149 33531248 0.9993090629577637
9150 33531335 0.9993116557598114
9151 33531420 0.9993141889572144
9152 33531491 0.9993163049221039
9153 33531561 0.999318391084671
9154 33531630 0.9993204474449158
9155 33531700 0.9993225336074829
9156 33531767 0.9993245303630829
9157 33531835 0.9993265569210052
9158 33531900 0.9993284940719604
9159 33531958 0.9993302226066589
9160 33532030 0.9993323683738708
9161 33532110 0.9993347525596619
9162 33532173 0.9993366301059723
9163 33532249 0.9993388950824738
9164 33532318 0.9993409514427185
9165 33532383 0.9993428885936737
9166 33532444 0.9993447065353394
9167 33532492 0.999346137046814
9168 33532554 0.999347984790802
9169 33532613 0.9993497431278229
9170 33532678 0.9993516802787781
9171 33532735 0.9993533790111542
9172 33532773 0.9993545114994049
9173 33532825 0.9993560612201691
9174 33532899 0.9993582665920258
9175 33532958 0.9993600249290466
9176 33533017 0.9993617832660675
9177 33533080 0.9993636608123779
9178 33533143 0.9993655383586884
9179 33533204 0.999367356300354
9180 33533267 0.9993692338466644
9181 33533344 0.9993715286254883
9182 33533393 0.9993729889392853
9183 33533442 0.9993744492530823
9184 33533499 0.9993761479854584
9185 33533544 0.9993774890899658
9186 33533602 0.9993792176246643
9187 33533667 0.9993811547756195
9188 33533722 0.9993827939033508
9189 33533768 0.9993841648101807
9190 33533824 0.9993858337402344
9191 33533885 0.9993876516819
9192 33533935 0.9993891417980194
9193 33533975 0.9993903338909149
9194 33534025 0.9993918240070343
9195 33534084 0.9993935823440552
9196 33534137 0.9993951618671417
9197 33534202 0.9993970990180969
9198 33534259 0.999398797750473
9199 33534336 0.9994010925292969
9200 33534396 0.9994028806686401
9201 33534467 0.9994049966335297
9202 33534508 0.9994062185287476
9203 33534559 0.9994077384471893
9204 33534626 0.9994097352027893
9205 33534673 0.9994111359119415
9206 33534731 0.99941286444664
9207 33534787 0.9994145333766937
9208 33534848 0.9994163513183594
9209 33534889 0.9994175732135773
9210 33534948 0.9994193315505981
9211 33534996 0.9994207620620728
9212 33535039 0.9994220435619354
9213 33535100 0.9994238615036011
9214 33535152 0.9994254112243652
9215 33535202 0.9994269013404846
9216 33535253 0.9994284212589264
9217 33535300 0.9994298219680786
9218 33535350 0.999431312084198
9219 33535407 0.9994330108165741
9220 33535451 0.9994343221187592
9221 33535503 0.9994358718395233
9222 33535553 0.9994373619556427
9223 33535595 0.999438613653183
9224 33535645 0.9994401037693024
9225 33535690 0.9994414448738098
9226 33535733 0.9994427263736725
9227 33535781 0.9994441568851471
9228 33535834 0.9994457364082336
9229 33535884 0.999447226524353
9230 33535924 0.9994484186172485
9231 33535963 0.9994495809078217
9232 33536011 0.9994510114192963
9233 33536055 0.9994523227214813
9234 33536105 0.9994538128376007
9235 33536158 0.9994553923606873
9236 33536200 0.9994566440582275
9237 33536249 0.9994581043720245
9238 33536307 0.999459832906723
9239 33536350 0.9994611144065857
9240 33536400 0.9994626045227051
9241 33536427 0.9994634091854095
9242 33536482 0.9994650483131409
9243 33536521 0.999466210603714
9244 33536574 0.9994677901268005
9245 33536612 0.9994689226150513
9246 33536648 0.9994699954986572
9247 33536684 0.9994710683822632
9248 33536731 0.9994724690914154
9249 33536773 0.9994737207889557
9250 33536821 0.9994751513004303
9251 33536865 0.9994764626026154
9252 33536917 0.9994780123233795
9253 33536967 0.9994795024394989
9254 33537014 0.9994809031486511
9255 33537066 0.9994824528694153
9256 33537116 0.9994839429855347
9257 33537168 0.9994854927062988
9258 33537200 0.9994864463806152
9259 33537234 0.9994874596595764
9260 33537276 0.9994887113571167
9261 33537311 0.9994897544384003
9262 33537353 0.9994910061359406
9263 33537389 0.9994920790195465
9264 33537435 0.9994934499263763
9265 33537490 0.9994950890541077
9266 33537522 0.9994960427284241
9267 33537557 0.9994970858097076
9268 33537610 0.9994986653327942
9269 33537649 0.9994998276233673
9270 33537690 0.9995010495185852
9271 33537730 0.9995022416114807
9272 33537763 0.9995032250881195
9273 33537796 0.9995042085647583
9274 33537835 0.9995053708553314
9275 33537882 0.9995067715644836
9276 33537912 0.9995076656341553
9277 33537952 0.9995088577270508
9278 33537996 0.9995101690292358
9279 33538043 0.9995115697383881
9280 33538081 0.9995127022266388
9281 33538127 0.9995140731334686
9282 33538174 0.9995154738426208
9283 33538214 0.9995166659355164
9284 33538249 0.9995177090167999
9285 33538307 0.9995194375514984
9286 33538337 0.99952033162117
9287 33538366 0.9995211958885193
9288 33538409 0.999522477388382
9289 33538449 0.9995236694812775
9290 33538496 0.9995250701904297
9291 33538545 0.9995265305042267
9292 33538580 0.9995275735855103
9293 33538625 0.9995289146900177
9294 33538664 0.9995300769805908
9295 33538703 0.9995312392711639
9296 33538735 0.9995321929454803
9297 33538772 0.9995332956314087
9298 33538802 0.9995341897010803
9299 33538848 0.9995355606079102
9300 33538883 0.9995366036891937
9301 33538918 0.9995376467704773
9302 33538970 0.9995391964912415
9303 33539002 0.9995401501655579
9304 33539040 0.9995412826538086
9305 33539076 0.9995423555374146
9306 33539115 0.9995435178279877
9307 33539145 0.9995444118976593
9308 33539182 0.9995455145835876
9309 33539207 0.9995462596416473
9310 33539235 0.9995470941066742
9311 33539271 0.9995481669902802
9312 33539319 0.9995495975017548
9313 33539352 0.9995505809783936
9314 33539389 0.9995516836643219
9315 33539429 0.9995528757572174
9316 33539475 0.9995542466640472
9317 33539500 0.9995549917221069
9318 33539536 0.9995560646057129
9319 33539584 0.9995574951171875
9320 33539616 0.9995584487915039
9321 33539641 0.9995591938495636
9322 33539681 0.9995603859424591
9323 33539723 0.9995616376399994
9324 33539749 0.9995624125003815
9325 33539790 0.9995636343955994
9326 33539826 0.9995647072792053
9327 33539872 0.9995660781860352
9328 33539901 0.9995669424533844
9329 33539936 0.999567985534668
9330 33539976 0.9995691776275635
9331 33540006 0.9995700716972351
9332 33540047 0.999571293592453
9333 33540088 0.9995725154876709
9334 33540121 0.9995734989643097
9335 33540152 0.9995744228363037
9336 33540184 0.9995753765106201
9337 33540220 0.9995764493942261
9338 33540256 0.999577522277832
9339 33540293 0.9995786249637604
9340 33540330 0.9995797276496887
9341 33540364 0.9995807409286499
9342 33540402 0.9995818734169006
9343 33540435 0.9995828568935394
9344 33540472 0.9995839595794678
9345 33540500 0.9995847940444946
9346 33540529 0.9995856583118439
9347 33540552 0.9995863437652588
9348 33540585 0.9995873272418976
9349 33540623 0.9995884597301483
9350 33540661 0.999589592218399
9351 33540688 0.9995903968811035
9352 33540730 0.9995916485786438
9353 33540764 0.999592661857605
9354 33540804 0.9995938539505005
9355 33540840 0.9995949268341064
9356 33540873 0.9995959103107452
9357 33540904 0.9995968341827393
9358 33540938 0.9995978474617004
9359 33540978 0.999599039554596
9360 33541012 0.9996000528335571
9361 33541044 0.9996010065078735
9362 33541083 0.9996021687984467
9363 33541116 0.9996031522750854
9364 33541147 0.9996040761470795
9365 33541174 0.9996048808097839
9366 33541227 0.9996064603328705
9367 33541254 0.999607264995575
9368 33541290 0.9996083378791809
9369 33541326 0.9996094107627869
9370 33541359 0.9996103942394257
9371 33541388 0.9996112585067749
9372 33541420 0.9996122121810913
9373 33541450 0.9996131062507629
9374 33541487 0.9996142089366913
9375 33541509 0.9996148645877838
9376 33541543 0.999615877866745
9377 33541572 0.9996167421340942
9378 33541598 0.9996175169944763
9379 33541640 0.9996187686920166
9380 33541670 0.9996196627616882
9381 33541690 0.999620258808136
9382 33541729 0.9996214210987091
9383 33541765 0.9996224939823151
9384 33541783 0.999623030424118
9385 33541817 0.9996240437030792
9386 33541855 0.99962517619133
9387 33541893 0.9996263086795807
9388 33541927 0.9996273219585419
9389 33541947 0.9996279180049896
9390 33541983 0.9996289908885956
9391 33542009 0.9996297657489777
9392 33542035 0.9996305406093597
9393 33542064 0.999631404876709
9394 33542091 0.9996322095394135
9395 33542112 0.9996328353881836
9396 33542137 0.9996335804462433
9397 33542170 0.9996345639228821
9398 33542205 0.9996356070041656
9399 33542231 0.9996363818645477
9400 33542261 0.9996372759342194
9401 33542289 0.9996381103992462
9402 33542311 0.9996387660503387
9403 33542349 0.9996398985385895
9404 33542373 0.9996406137943268
9405 33542394 0.9996412396430969
9406 33542421 0.9996420443058014
9407 33542451 0.999642938375473
9408 33542480 0.9996438026428223
9409 33542500 0.99964439868927
9410 33542526 0.9996451735496521
9411 33542558 0.9996461272239685
9412 33542581 0.9996468126773834
9413 33542605 0.9996475279331207
9414 33542630 0.9996482729911804
9415 33542654 0.9996489882469177
9416 33542687 0.9996499717235565
9417 33542710 0.9996506571769714
9418 33542739 0.9996515214443207
9419 33542770 0.9996524453163147
9420 33542802 0.9996533989906311
9421 33542822 0.9996539950370789
9422 33542848 0.9996547698974609
9423 33542875 0.9996555745601654
9424 33542902 0.9996563792228699
9425 33542921 0.9996569454669952
9426 33542947 0.9996577203273773
9427 33542979 0.9996586740016937
9428 33543006 0.9996594786643982
9429 33543035 0.9996603429317474
9430 33543052 0.999660849571228
9431 33543071 0.9996614158153534
9432 33543096 0.9996621608734131
9433 33543115 0.9996627271175385
9434 33543134 0.9996632933616638
9435 33543158 0.9996640086174011
9436 33543197 0.9996651709079742
9437 33543219 0.9996658265590668
9438 33543250 0.9996667504310608
9439 33543276 0.9996675252914429
9440 33543307 0.9996684491634369
9441 33543326 0.9996690154075623
9442 33543358 0.9996699690818787
9443 33543395 0.999671071767807
9444 33543417 0.9996717274188995
9445 33543442 0.9996724724769592
9446 33543475 0.999673455953598
9447 33543506 0.999674379825592
9448 33543531 0.9996751248836517
9449 33543551 0.9996757209300995
9450 33543571 0.9996763169765472
9451 33543599 0.9996771514415741
9452 33543618 0.9996777176856995
9453 33543638 0.9996783137321472
9454 33543659 0.9996789395809174
9455 33543690 0.9996798634529114
9456 33543713 0.9996805489063263
9457 33543748 0.9996815919876099
9458 33543766 0.9996821284294128
9459 33543789 0.9996828138828278
9460 33543813 0.9996835291385651
9461 33543839 0.9996843039989471
9462 33543865 0.9996850788593292
9463 33543887 0.9996857345104218
9464 33543909 0.9996863901615143
9465 33543932 0.9996870756149292
9466 33543955 0.9996877610683441
9467 33543980 0.9996885061264038
9468 33544001 0.999689131975174
9469 33544017 0.9996896088123322
9470 33544038 0.9996902346611023
9471 33544054 0.9996907114982605
9472 33544072 0.9996912479400635
9473 33544092 0.9996918439865112
9474 33544121 0.9996927082538605
9475 33544138 0.9996932148933411
9476 33544160 0.9996938705444336
9477 33544177 0.9996943771839142
9478 33544188 0.9996947050094604
9479 33544212 0.9996954202651978
9480 33544234 0.9996960759162903
9481 33544255 0.9996967017650604
9482 33544287 0.9996976554393768
9483 33544303 0.999698132276535
9484 33544321 0.999698668718338
9485 33544338 0.9996991753578186
9486 33544361 0.9996998608112335
9487 33544385 0.9997005760669708
9488 33544400 0.9997010231018066
9489 33544412 0.9997013807296753
9490 33544435 0.9997020661830902
9491 33544466 0.9997029900550842
9492 33544476 0.9997032880783081
9493 33544497 0.9997039139270782
9494 33544520 0.9997045993804932
9495 33544540 0.9997051954269409
9496 33544568 0.9997060298919678
9497 33544593 0.9997067749500275
9498 33544610 0.9997072815895081
9499 33544626 0.9997077584266663
9500 33544647 0.9997083842754364
9501 33544665 0.9997089207172394
9502 33544684 0.9997094869613647
9503 33544706 0.9997101426124573
9504 33544725 0.9997107088565826
9505 33544743 0.9997112452983856
9506 33544766 0.9997119307518005
9507 33544791 0.9997126758098602
9508 33544811 0.999713271856308
9509 33544832 0.9997138977050781
9510 33544851 0.9997144639492035
9511 33544885 0.9997154772281647
9512 33544902 0.9997159838676453
9513 33544919 0.9997164905071259
9514 33544941 0.9997171461582184
9515 33544966 0.9997178912162781
9516 33544984 0.999718427658081
9517 33545004 0.9997190237045288
9518 33545027 0.9997197091579437
9519 33545045 0.9997202455997467
9520 33545063 0.9997207820415497
9521 33545089 0.9997215569019318
9522 33545113 0.9997222721576691
9523 33545131 0.999722808599472
9524 33545150 0.9997233748435974
9525 33545173 0.9997240602970123
9526 33545197 0.9997247755527496
9527 33545215 0.9997253119945526
9528 33545230 0.9997257590293884
9529 33545250 0.9997263550758362
9530 33545264 0.9997267723083496
9531 33545289 0.9997275173664093
9532 33545299 0.9997278153896332
9533 33545315 0.9997282922267914
9534 33545328 0.9997286796569824
9535 33545355 0.9997294843196869
9536 33545377 0.9997301399707794
9537 33545398 0.9997307658195496
9538 33545420 0.9997314214706421
9539 33545433 0.9997318089008331
9540 33545447 0.9997322261333466
9541 33545465 0.9997327625751495
9542 33545479 0.999733179807663
9543 33545513 0.9997341930866241
9544 33545537 0.9997349083423615
9545 33545560 0.9997355937957764
9546 33545577 0.999736100435257
9547 33545599 0.9997367560863495
9548 33545633 0.9997377693653107
9549 33545653 0.9997383654117584
9550 33545667 0.9997387826442719
9551 33545692 0.9997395277023315
9552 33545705 0.9997399151325226
9553 33545725 0.9997405111789703
9554 33545748 0.9997411966323853
9555 33545767 0.9997417628765106
9556 33545789 0.9997424185276031
9557 33545805 0.9997428953647614
9558 33545821 0.9997433722019196
9559 33545839 0.9997439086437225
9560 33545859 0.9997445046901703
9561 33545882 0.9997451901435852
9562 33545901 0.9997457563877106
9563 33545912 0.9997460842132568
9564 33545925 0.9997464716434479
9565 33545938 0.9997468590736389
9566 33545952 0.9997472763061523
9567 33545967 0.9997477233409882
9568 33545979 0.9997480809688568
9569 33545994 0.9997485280036926
9570 33546012 0.9997490644454956
9571 33546029 0.9997495710849762
9572 33546050 0.9997501969337463
9573 33546060 0.9997504949569702
9574 33546079 0.9997510612010956
9575 33546101 0.9997517168521881
9576 33546116 0.9997521638870239
9577 33546129 0.999752551317215
9578 33546149 0.9997531473636627
9579 33546169 0.9997537434101105
9580 33546183 0.9997541606426239
9581 33546204 0.999754786491394
9582 33546215 0.9997551143169403
9583 33546227 0.999755471944809
9584 33546242 0.9997559189796448
9585 33546267 0.9997566640377045
9586 33546278 0.9997569918632507
9587 33546296 0.9997575283050537
9588 33546312 0.9997580051422119
9589 33546324 0.9997583627700806
9590 33546340 0.9997588396072388
9591 33546359 0.9997594058513641
9592 33546377 0.9997599422931671
9593 33546393 0.9997604191303253
9594 33546416 0.9997611045837402
9595 33546426 0.9997614026069641
9596 33546441 0.9997618496417999
9597 33546458 0.9997623562812805
9598 33546474 0.9997628331184387
9599 33546487 0.9997632205486298
9600 33546504 0.9997637271881104
9601 33546519 0.9997641742229462
9602 33546534 0.999764621257782
9603 33546543 0.9997648894786835
9604 33546556 0.9997652769088745
9605 33546573 0.9997657835483551
9606 33546584 0.9997661113739014
9607 33546599 0.9997665584087372
9608 33546611 0.9997669160366058
9609 33546630 0.9997674822807312
9610 33546647 0.9997679889202118
9611 33546663 0.99976846575737
9612 33546679 0.9997689425945282
9613 33546694 0.999769389629364
9614 33546709 0.9997698366641998
9615 33546724 0.9997702836990356
9616 33546743 0.999770849943161
9617 33546761 0.999771386384964
9618 33546779 0.999771922826767
9619 33546792 0.999772310256958
9620 33546807 0.9997727572917938
9621 33546825 0.9997732937335968
9622 33546839 0.9997737109661102
9623 33546848 0.9997739791870117
9624 33546860 0.9997743368148804
9625 33546882 0.9997749924659729
9626 33546902 0.9997755885124207
9627 33546917 0.9997760355472565
9628 33546938 0.9997766613960266
9629 33546957 0.999777227640152
9630 33546969 0.9997775852680206
9631 33546986 0.9997780919075012
9632 33547004 0.9997786283493042
9633 33547019 0.99977907538414
9634 33547034 0.9997795224189758
9635 33547052 0.9997800588607788
9636 33547064 0.9997804164886475
9637 33547077 0.9997808039188385
9638 33547084 0.9997810125350952
9639 33547100 0.9997814893722534
9640 33547115 0.9997819364070892
9641 33547127 0.9997822940349579
9642 33547141 0.9997827112674713
9643 33547150 0.9997829794883728
9644 33547168 0.9997835159301758
9645 33547177 0.9997837841510773
9646 33547193 0.9997842609882355
9647 33547204 0.9997845888137817
9648 33547211 0.9997847974300385
9649 33547230 0.9997853636741638
9650 33547245 0.9997858107089996
9651 33547256 0.9997861385345459
9652 33547270 0.9997865557670593
9653 33547281 0.9997868835926056
9654 33547298 0.9997873902320862
9655 33547311 0.9997877776622772
9656 33547318 0.9997879862785339
9657 33547333 0.9997884333133698
9658 33547347 0.9997888505458832
9659 33547355 0.9997890889644623
9660 33547365 0.9997893869876862
9661 33547372 0.9997895956039429
9662 33547388 0.9997900724411011
9663 33547397 0.9997903406620026
9664 33547404 0.9997905492782593
9665 33547415 0.9997908771038055
9666 33547428 0.9997912645339966
9667 33547436 0.9997915029525757
9668 33547450 0.9997919201850891
9669 33547469 0.9997924864292145
9670 33547482 0.9997928738594055
9671 33547492 0.9997931718826294
9672 33547499 0.9997933804988861
9673 33547513 0.9997937977313995
9674 33547521 0.9997940361499786
9675 33547537 0.9997945129871368
9676 33547553 0.999794989824295
9677 33547566 0.9997953772544861
9678 33547582 0.9997958540916443
9679 33547596 0.9997962713241577
9680 33547607 0.999796599149704
9681 33547616 0.9997968673706055
9682 33547628 0.9997972249984741
9683 33547636 0.9997974634170532
9684 33547650 0.9997978806495667
9685 33547660 0.9997981786727905
9686 33547672 0.9997985363006592
9687 33547682 0.9997988343238831
9688 33547692 0.9997991323471069
9689 33547704 0.9997994899749756
9690 33547715 0.9997998178005219
9691 33547728 0.9998002052307129
9692 33547739 0.9998005330562592
9693 33547750 0.9998008608818054
9694 33547759 0.9998011291027069
9695 33547767 0.999801367521286
9696 33547779 0.9998017251491547
9697 33547793 0.9998021423816681
9698 33547803 0.999802440404892
9699 33547812 0.9998027086257935
9700 33547829 0.999803215265274
9701 33547843 0.9998036324977875
9702 33547850 0.9998038411140442
9703 33547864 0.9998042583465576
9704 33547871 0.9998044669628143
9705 33547890 0.9998050332069397
9706 33547907 0.9998055398464203
9707 33547914 0.999805748462677
9708 33547922 0.9998059868812561
9709 33547931 0.9998062551021576
9710 33547944 0.9998066425323486
9711 33547958 0.9998070597648621
9712 33547973 0.9998075067996979
9713 33547983 0.9998078048229218
9714 33547998 0.9998082518577576
9715 33548008 0.9998085498809814
9716 33548024 0.9998090267181396
9717 33548035 0.9998093545436859
9718 33548044 0.9998096227645874
9719 33548048 0.999809741973877
9720 33548055 0.9998099505901337
9721 33548066 0.9998102784156799
9722 33548074 0.999810516834259
9723 33548091 0.9998110234737396
9724 33548100 0.9998112916946411
9725 33548114 0.9998117089271545
9726 33548125 0.9998120367527008
9727 33548129 0.9998121559619904
9728 33548138 0.9998124241828918
9729 33548147 0.9998126924037933
9730 33548161 0.9998131096363068
9731 33548173 0.9998134672641754
9732 33548191 0.9998140037059784
9733 33548204 0.9998143911361694
9734 33548214 0.9998146891593933
9735 33548222 0.9998149275779724
9736 33548240 0.9998154640197754
9737 33548258 0.9998160004615784
9738 33548267 0.9998162686824799
9739 33548280 0.9998166561126709
9740 33548294 0.9998170733451843
9741 33548306 0.999817430973053
9742 33548315 0.9998176991939545
9743 33548329 0.9998181164264679
9744 33548339 0.9998184144496918
9745 33548346 0.9998186230659485
9746 33548358 0.9998189806938171
9747 33548361 0.9998190701007843
9748 33548376 0.9998195171356201
9749 33548386 0.999819815158844
9750 33548397 0.9998201429843903
9751 33548409 0.9998205006122589
9752 33548423 0.9998209178447723
9753 33548433 0.9998212158679962
9754 33548441 0.9998214542865753
9755 33548452 0.9998217821121216
9756 33548460 0.9998220205307007
9757 33548472 0.9998223781585693
9758 33548483 0.9998227059841156
9759 33548487 0.9998228251934052
9760 33548496 0.9998230934143066
9761 33548509 0.9998234808444977
9762 33548515 0.999823659658432
9763 33548532 0.9998241662979126
9764 33548542 0.9998244643211365
9765 33548550 0.9998247027397156
9766 33548559 0.9998249709606171
9767 33548567 0.9998252093791962
9768 33548576 0.9998254776000977
9769 33548590 0.9998258948326111
9770 33548599 0.9998261630535126
9771 33548609 0.9998264610767365
9772 33548619 0.9998267590999603
9773 33548637 0.9998272955417633
9774 33548648 0.9998276233673096
9775 33548653 0.9998277723789215
9776 33548664 0.9998281002044678
9777 33548668 0.9998282194137573
9778 33548676 0.9998284578323364
9779 33548689 0.9998288452625275
9780 33548702 0.9998292326927185
9781 33548714 0.9998295903205872
9782 33548728 0.9998300075531006
9783 33548739 0.9998303353786469
9784 33548751 0.9998306930065155
9785 33548759 0.9998309314250946
9786 33548772 0.9998313188552856
9787 33548779 0.9998315274715424
9788 33548793 0.9998319447040558
9789 33548796 0.999832034111023
9790 33548809 0.999832421541214
9791 33548819 0.9998327195644379
9792 33548837 0.9998332560062408
9793 33548846 0.9998335242271423
9794 33548851 0.9998336732387543
9795 33548863 0.9998340308666229
9796 33548873 0.9998343288898468
9797 33548887 0.9998347461223602
9798 33548899 0.9998351037502289
9799 33548906 0.9998353123664856
9800 33548920 0.999835729598999
9801 33548927 0.9998359382152557
9802 33548942 0.9998363852500916
9803 33548950 0.9998366236686707
9804 33548958 0.9998368620872498
9805 33548973 0.9998373091220856
9806 33548982 0.9998375773429871
9807 33548993 0.9998379051685333
9808 33548999 0.9998380839824677
9809 33549014 0.9998385310173035
9810 33549024 0.9998388290405273
9811 33549035 0.9998391568660736
9812 33549046 0.9998394846916199
9813 33549053 0.9998396933078766
9814 33549062 0.9998399615287781
9815 33549069 0.9998401701450348
9816 33549074 0.9998403191566467
9817 33549086 0.9998406767845154
9818 33549093 0.9998408854007721
9819 33549102 0.9998411536216736
9820 33549113 0.9998414814472198
9821 33549125 0.9998418390750885
9822 33549135 0.9998421370983124
9823 33549145 0.9998424351215363
9824 33549153 0.9998426735401154
9825 33549160 0.9998428821563721
9826 33549169 0.9998431503772736
9827 33549179 0.9998434484004974
9828 33549186 0.9998436570167542
9829 33549202 0.9998441338539124
9830 33549211 0.9998444020748138
9831 33549219 0.9998446404933929
9832 33549235 0.9998451173305511
9833 33549246 0.9998454451560974
9834 33549250 0.999845564365387
9835 33549257 0.9998457729816437
9836 33549270 0.9998461604118347
9837 33549280 0.9998464584350586
9838 33549292 0.9998468160629272
9839 33549302 0.9998471140861511
9840 33549311 0.9998473823070526
9841 33549320 0.9998476505279541
9842 33549326 0.9998478293418884
9843 33549330 0.999847948551178
9844 33549342 0.9998483061790466
9845 33549350 0.9998485445976257
9846 33549357 0.9998487532138824
9847 33549360 0.9998488426208496
9848 33549369 0.9998491108417511
9849 33549384 0.9998495578765869
9850 33549390 0.9998497366905212
9851 33549399 0.9998500049114227
9852 33549406 0.9998502135276794
9853 33549418 0.9998505711555481
9854 33549424 0.9998507499694824
9855 33549430 0.9998509287834167
9856 33549439 0.9998511970043182
9857 33549448 0.9998514652252197
9858 33549458 0.9998517632484436
9859 33549470 0.9998521208763123
9860 33549481 0.9998524487018585
9861 33549490 0.99985271692276
9862 33549498 0.9998529553413391
9863 33549509 0.9998532831668854
9864 33549516 0.9998534917831421
9865 33549520 0.9998536109924316
9866 33549526 0.999853789806366
9867 33549530 0.9998539090156555
9868 33549533 0.9998539984226227
9869 33549541 0.9998542368412018
9870 33549552 0.999854564666748
9871 33549560 0.9998548030853271
9872 33549564 0.9998549222946167
9873 33549571 0.9998551309108734
9874 33549578 0.9998553395271301
9875 33549592 0.9998557567596436
9876 33549594 0.9998558163642883
9877 33549596 0.9998558759689331
9878 33549605 0.9998561441898346
9879 33549612 0.9998563528060913
9880 33549615 0.9998564422130585
9881 33549622 0.9998566508293152
9882 33549628 0.9998568296432495
9883 33549638 0.9998571276664734
9884 33549647 0.9998573958873749
9885 33549655 0.999857634305954
9886 33549663 0.9998578727245331
9887 33549673 0.999858170747757
9888 33549679 0.9998583495616913
9889 33549684 0.9998584985733032
9890 33549693 0.9998587667942047
9891 33549700 0.9998589754104614
9892 33549714 0.9998593926429749
9893 33549723 0.9998596608638763
9894 33549735 0.999860018491745
9895 33549745 0.9998603165149689
9896 33549749 0.9998604357242584
9897 33549755 0.9998606145381927
9898 33549763 0.9998608529567719
9899 33549774 0.9998611807823181
9900 33549781 0.9998613893985748
9901 33549786 0.9998615384101868
9902 33549792 0.9998617172241211
9903 33549801 0.9998619854450226
9904 33549809 0.9998622238636017
9905 33549819 0.9998625218868256
9906 33549826 0.9998627305030823
9907 33549838 0.9998630881309509
9908 33549843 0.9998632371425629
9909 33549851 0.999863475561142
9910 33549857 0.9998636543750763
9911 33549864 0.999863862991333
9912 33549867 0.9998639523983002
9913 33549875 0.9998641908168793
9914 33549883 0.9998644292354584
9915 33549892 0.9998646974563599
9916 33549898 0.9998648762702942
9917 33549907 0.9998651444911957
9918 33549915 0.9998653829097748
9919 33549923 0.9998656213283539
9920 33549930 0.9998658299446106
9921 33549938 0.9998660683631897
9922 33549949 0.999866396188736
9923 33549954 0.9998665452003479
9924 33549957 0.9998666346073151
9925 33549959 0.9998666942119598
9926 33549964 0.9998668432235718
9927 33549969 0.9998669922351837
9928 33549978 0.9998672604560852
9929 33549990 0.9998676180839539
9930 33549997 0.9998678267002106
9931 33550004 0.9998680353164673
9932 33550014 0.9998683333396912
9933 33550017 0.9998684227466583
9934 33550030 0.9998688101768494
9935 33550038 0.9998690485954285
9936 33550045 0.9998692572116852
9937 33550049 0.9998693764209747
9938 33550053 0.9998694956302643
9939 33550056 0.9998695850372314
9940 33550062 0.9998697638511658
9941 33550073 0.999870091676712
9942 33550080 0.9998703002929688
9943 33550086 0.9998704791069031
9944 33550096 0.999870777130127
9945 33550105 0.9998710453510284
9946 33550109 0.999871164560318
9947 33550114 0.9998713135719299
9948 33550120 0.9998714923858643
9949 33550127 0.999871701002121
9950 33550137 0.9998719990253448
9951 33550138 0.9998720288276672
9952 33550144 0.9998722076416016
9953 33550153 0.999872475862503
9954 33550158 0.999872624874115
9955 33550169 0.9998729526996613
9956 33550171 0.999873012304306
9957 33550176 0.999873161315918
9958 33550183 0.9998733699321747
9959 33550191 0.9998736083507538
9960 33550194 0.999873697757721
9961 33550202 0.9998739361763
9962 33550210 0.9998741745948792
9963 33550218 0.9998744130134583
9964 33550224 0.9998745918273926
9965 33550232 0.9998748302459717
9966 33550237 0.9998749792575836
9967 33550244 0.9998751878738403
9968 33550252 0.9998754262924194
9969 33550256 0.999875545501709
9970 33550262 0.9998757243156433
9971 33550268 0.9998759031295776
9972 33550278 0.9998762011528015
9973 33550285 0.9998764097690582
9974 33550295 0.9998767077922821
9975 33550299 0.9998768270015717
9976 33550307 0.9998770654201508
9977 33550316 0.9998773336410522
9978 33550321 0.9998774826526642
9979 33550328 0.9998776912689209
9980 33550332 0.9998778104782104
9981 33550336 0.9998779296875
9982 33550340 0.9998780488967896
9983 33550345 0.9998781979084015
9984 33550353 0.9998784363269806
9985 33550358 0.9998785853385925
9986 33550362 0.9998787045478821
9987 33550369 0.9998789131641388
9988 33550375 0.9998790919780731
9989 33550388 0.9998794794082642
9990 33550395 0.9998796880245209
9992 33550401 0.9998798668384552
9993 33550410 0.9998801350593567
9994 33550417 0.9998803436756134
9995 33550420 0.9998804330825806
9996 33550426 0.9998806118965149
9997 33550430 0.9998807311058044
9998 33550438 0.9998809695243835
9999 33550446 0.9998812079429626
10000 33550454 0.9998814463615417
10001 33550460 0.9998816251754761
10002 33550467 0.9998818337917328
10003 33550475 0.9998820722103119
10004 33550477 0.9998821318149567
10005 33550483 0.999882310628891
10006 33550490 0.9998825192451477
10007 33550495 0.9998826682567596
10008 33550502 0.9998828768730164
10009 33550506 0.9998829960823059
10010 33550511 0.9998831450939178
10011 33550514 0.999883234500885
10012 33550523 0.9998835027217865
10013 33550532 0.999883770942688
10014 33550537 0.9998839199542999
10015 33550545 0.999884158372879
10016 33550556 0.9998844861984253
10017 33550561 0.9998846352100372
10018 33550569 0.9998848736286163
10019 33550576 0.999885082244873
10020 33550584 0.9998853206634521
10021 33550594 0.999885618686676
10022 33550600 0.9998857975006104
10023 33550607 0.9998860061168671
10024 33550610 0.9998860955238342
10025 33550614 0.9998862147331238
10026 33550626 0.9998865723609924
10027 33550629 0.9998866617679596
10028 33550635 0.9998868405818939
10029 33550640 0.9998869895935059
10030 33550648 0.999887228012085
10031 33550651 0.9998873174190521
10032 33550658 0.9998875260353088
10033 33550662 0.9998876452445984
10034 33550667 0.9998877942562103
10035 33550672 0.9998879432678223
10036 33550680 0.9998881816864014
10037 33550684 0.9998883008956909
10038 33550687 0.9998883903026581
10039 33550694 0.9998885989189148
10040 33550701 0.9998888075351715
10041 33550704 0.9998888969421387
10042 33550711 0.9998891055583954
10043 33550718 0.9998893141746521
10044 33550724 0.9998894929885864
10045 33550727 0.9998895823955536
10046 33550731 0.9998897016048431
10047 33550736 0.9998898506164551
10048 33550740 0.9998899698257446
10049 33550747 0.9998901784420013
10050 33550759 0.99989053606987
10051 33550760 0.9998905658721924
10052 33550767 0.9998907744884491
10053 33550770 0.9998908638954163
10054 33550776 0.9998910427093506
10055 33550782 0.9998912215232849
10056 33550790 0.999891459941864
10057 33550794 0.9998915791511536
10058 33550800 0.9998917579650879
10059 33550808 0.999891996383667
10060 33550811 0.9998920857906342
10061 33550819 0.9998923242092133
10062 33550827 0.9998925626277924
10063 33550833 0.9998927414417267
10064 33550837 0.9998928606510162
10065 33550843 0.9998930394649506
10066 33550847 0.9998931586742401
10067 33550855 0.9998933970928192
10068 33550864 0.9998936653137207
10069 33550873 0.9998939335346222
10070 33550878 0.9998940825462341
10071 33550885 0.9998942911624908
10072 33550891 0.9998944699764252
10073 33550900 0.9998947381973267
10074 33550907 0.9998949468135834
10075 33550914 0.9998951554298401
10076 33550920 0.9998953342437744
10077 33550925 0.9998954832553864
10078 33550927 0.9998955428600311
10079 33550931 0.9998956620693207
10080 33550942 0.9998959898948669
10081 33550949 0.9998961985111237
10082 33550959 0.9998964965343475
10083 33550966 0.9998967051506042
10084 33550971 0.9998968541622162
10085 33550975 0.9998969733715057
10086 33550984 0.9998972415924072
10087 33550989 0.9998973906040192
10088 33550994 0.9998975396156311
10089 33550999 0.999897688627243
10090 33551004 0.999897837638855
10091 33551009 0.9998979866504669
10092 33551018 0.9998982548713684
10093 33551026 0.9998984932899475
10094 33551036 0.9998987913131714
10095 33551043 0.9998989999294281
10096 33551047 0.9998991191387177
10097 33551053 0.999899297952652
10098 33551063 0.9998995959758759
10099 33551070 0.9998998045921326
10100 33551075 0.9998999536037445
10101 33551080 0.9999001026153564
10102 33551087 0.9999003112316132
10103 33551091 0.9999004304409027
10104 33551097 0.999900609254837
10105 33551104 0.9999008178710938
10106 33551109 0.9999009668827057
10107 33551114 0.9999011158943176
10108 33551120 0.999901294708252
10109 33551124 0.9999014139175415
10110 33551135 0.9999017417430878
10111 33551142 0.9999019503593445
10112 33551149 0.9999021589756012
10113 33551152 0.9999022483825684
10114 33551153 0.9999022781848907
10115 33551161 0.9999025166034698
10116 33551166 0.9999026656150818
10117 33551170 0.9999027848243713
10118 33551177 0.999902993440628
10119 33551186 0.9999032616615295
10120 33551192 0.9999034404754639
10121 33551195 0.999903529882431
10122 33551200 0.999903678894043
10123 33551206 0.9999038577079773
10124 33551215 0.9999041259288788
10125 33551221 0.9999043047428131
10126 33551224 0.9999043941497803
10127 33551228 0.9999045133590698
10128 33551232 0.9999046325683594
10129 33551235 0.9999047219753265
10130 33551244 0.999904990196228
10131 33551256 0.9999053478240967
10132 33551263 0.9999055564403534
10133 33551268 0.9999057054519653
10134 33551278 0.9999060034751892
10135 33551283 0.9999061524868011
10136 33551288 0.9999063014984131
10137 33551299 0.9999066293239594
10138 33551304 0.9999067783355713
10139 33551306 0.9999068379402161
10140 33551310 0.9999069571495056
10141 33551314 0.9999070763587952
10142 33551321 0.9999072849750519
10143 33551327 0.9999074637889862
10144 33551333 0.9999076426029205
10145 33551336 0.9999077320098877
10146 33551345 0.9999080002307892
10147 33551352 0.9999082088470459
10148 33551359 0.9999084174633026
10149 33551363 0.9999085366725922
10150 33551368 0.9999086856842041
10151 33551373 0.999908834695816
10152 33551383 0.9999091327190399
10153 33551386 0.9999092221260071
10154 33551390 0.9999093413352966
10155 33551394 0.9999094605445862
10156 33551401 0.9999096691608429
10157 33551403 0.9999097287654877
10159 33551407 0.9999098479747772
10160 33551414 0.9999100565910339
10161 33551418 0.9999101758003235
10162 33551421 0.9999102652072906
10163 33551424 0.9999103546142578
10164 33551427 0.999910444021225
10165 33551433 0.9999106228351593
10166 33551436 0.9999107122421265
10167 33551443 0.9999109208583832
10168 33551448 0.9999110698699951
10169 33551452 0.9999111890792847
10170 33551455 0.9999112784862518
10171 33551462 0.9999114871025085
10172 33551464 0.9999115467071533
10173 33551468 0.9999116659164429
10174 33551474 0.9999118447303772
10175 33551475 0.9999118745326996
10176 33551478 0.9999119639396667
10177 33551483 0.9999121129512787
10178 33551487 0.9999122321605682
10179 33551489 0.999912291765213
10181 33551493 0.9999124109745026
10182 33551497 0.9999125301837921
10183 33551507 0.999912828207016
10184 33551510 0.9999129176139832
10185 33551515 0.9999130666255951
10186 33551516 0.9999130964279175
10187 33551524 0.9999133348464966
10188 33551528 0.9999134540557861
10189 33551535 0.9999136626720428
10190 33551537 0.9999137222766876
10191 33551543 0.999913901090622
10192 33551548 0.9999140501022339
10193 33551551 0.999914139509201
10194 33551558 0.9999143481254578
10195 33551561 0.9999144375324249
10196 33551562 0.9999144673347473
10197 33551566 0.9999145865440369
10198 33551571 0.9999147355556488
10199 33551579 0.9999149739742279
10200 33551582 0.9999150633811951
10201 33551587 0.999915212392807
10202 33551591 0.9999153316020966
10203 33551594 0.9999154210090637
10204 33551601 0.9999156296253204
10205 33551606 0.9999157786369324
10206 33551610 0.9999158978462219
10207 33551615 0.9999160468578339
10208 33551618 0.999916136264801
10209 33551621 0.9999162256717682
10210 33551626 0.9999163746833801
10211 33551628 0.9999164342880249
10212 33551631 0.9999165236949921
10213 33551638 0.9999167323112488
10214 33551640 0.9999167919158936
10215 33551644 0.9999169111251831
10216 33551648 0.9999170303344727
10217 33551650 0.9999170899391174
10218 33551655 0.9999172389507294
10219 33551667 0.999917596578598
10220 33551671 0.9999177157878876
10221 33551675 0.9999178349971771
10222 33551683 0.9999180734157562
10223 33551687 0.9999181926250458
10224 33551693 0.9999183714389801
10225 33551696 0.9999184608459473
10226 33551701 0.9999186098575592
10227 33551704 0.9999186992645264
10228 33551709 0.9999188482761383
10229 33551712 0.9999189376831055
10230 33551714 0.9999189972877502
10231 33551716 0.999919056892395
10232 33551721 0.999919205904007
10233 33551727 0.9999193847179413
10234 33551732 0.9999195337295532
10235 33551735 0.9999196231365204
10236 33551737 0.9999196827411652
10237 33551739 0.9999197423458099
10238 33551743 0.9999198615550995
10239 33551750 0.9999200701713562
10240 33551755 0.9999202191829681
10241 33551758 0.9999203085899353
10242 33551763 0.9999204576015472
10243 33551768 0.9999206066131592
10244 33551772 0.9999207258224487
10245 33551776 0.9999208450317383
10246 33551780 0.9999209642410278
10247 33551783 0.999921053647995
10248 33551786 0.9999211430549622
10249 33551794 0.9999213814735413
10250 33551803 0.9999216496944427
10251 33551808 0.9999217987060547
10252 33551812 0.9999219179153442
10253 33551817 0.9999220669269562
10254 33551823 0.9999222457408905
10255 33551832 0.999922513961792
10256 33551839 0.9999227225780487
10257 33551845 0.999922901391983
10258 33551849 0.9999230206012726
10259 33551857 0.9999232590198517
10260 33551860 0.9999233484268188
10261 33551865 0.9999234974384308
10262 33551868 0.999923586845398
10263 33551873 0.9999237358570099
10264 33551878 0.9999238848686218
10265 33551880 0.9999239444732666
10266 33551882 0.9999240040779114
10267 33551887 0.9999241530895233
10268 33551892 0.9999243021011353
10269 33551898 0.9999244809150696
10270 33551903 0.9999246299266815
10271 33551910 0.9999248385429382
10272 33551915 0.9999249875545502
10273 33551919 0.9999251067638397
10274 33551926 0.9999253153800964
10275 33551932 0.9999254941940308
10276 33551937 0.9999256432056427
10277 33551943 0.999925822019577
10278 33551949 0.9999260008335114
10279 33551953 0.9999261200428009
10280 33551960 0.9999263286590576
10281 33551964 0.9999264478683472
10282 33551971 0.9999266564846039
10283 33551974 0.999926745891571
10284 33551979 0.999926894903183
10285 33551982 0.9999269843101501
10286 33551985 0.9999270737171173
10287 33551991 0.9999272525310516
10288 33551993 0.9999273121356964
10289 33551996 0.9999274015426636
10290 33551998 0.9999274611473083
10291 33552004 0.9999276399612427
10292 33552008 0.9999277591705322
10293 33552010 0.999927818775177
10294 33552015 0.9999279677867889
10295 33552019 0.9999280869960785
10296 33552023 0.999928206205368
10297 33552024 0.9999282360076904
10298 33552029 0.9999283850193024
10299 33552033 0.9999285042285919
10300 33552036 0.9999285936355591
10301 33552038 0.9999286532402039
10302 33552040 0.9999287128448486
10303 33552046 0.999928891658783
10304 33552052 0.9999290704727173
10305 33552054 0.9999291300773621
10306 33552067 0.9999295175075531
10307 33552074 0.9999297261238098
10308 33552079 0.9999298751354218
10309 33552081 0.9999299347400665
10310 33552087 0.9999301135540009
10311 33552090 0.999930202960968
10312 33552095 0.99993035197258
10313 33552099 0.9999304711818695
10314 33552104 0.9999306201934814
10315 33552106 0.9999306797981262
10316 33552109 0.9999307692050934
10317 33552113 0.9999308884143829
10318 33552118 0.9999310374259949
10319 33552122 0.9999311566352844
10320 33552126 0.999931275844574
10321 33552127 0.9999313056468964
10322 33552135 0.9999315440654755
10323 33552139 0.999931663274765
10324 33552143 0.9999317824840546
10325 33552146 0.9999318718910217
10326 33552153 0.9999320805072784
10327 33552160 0.9999322891235352
10328 33552164 0.9999324083328247
10329 33552169 0.9999325573444366
10330 33552177 0.9999327957630157
10331 33552180 0.9999328851699829
10332 33552183 0.9999329745769501
10333 33552189 0.9999331533908844
10334 33552192 0.9999332427978516
10335 33552194 0.9999333024024963
10336 33552195 0.9999333322048187
10337 33552200 0.9999334812164307
10338 33552203 0.9999335706233978
10339 33552207 0.9999336898326874
10340 33552214 0.9999338984489441
10341 33552215 0.9999339282512665
10342 33552219 0.999934047460556
10343 33552223 0.9999341666698456
10344 33552229 0.9999343454837799
10345 33552232 0.9999344348907471
10346 33552236 0.9999345541000366
10347 33552242 0.999934732913971
10348 33552246 0.9999348521232605
10349 33552247 0.9999348819255829
10350 33552249 0.9999349415302277
10351 33552254 0.9999350905418396
10352 33552258 0.9999352097511292
10353 33552262 0.9999353289604187
10354 33552266 0.9999354481697083
10355 33552270 0.9999355673789978
10356 33552273 0.999935656785965
10357 33552276 0.9999357461929321
10358 33552281 0.9999358952045441
10359 33552285 0.9999360144138336
10360 33552289 0.9999361336231232
10361 33552296 0.9999363422393799
10362 33552299 0.999936431646347
10363 33552302 0.9999365210533142
10364 33552304 0.999936580657959
10365 33552311 0.9999367892742157
10366 33552316 0.9999369382858276
10367 33552321 0.9999370872974396
10368 33552326 0.9999372363090515
10369 33552330 0.9999373555183411
10370 33552332 0.9999374151229858
10371 33552333 0.9999374449253082
10372 33552336 0.9999375343322754
10373 33552342 0.9999377131462097
10374 33552346 0.9999378323554993
10375 33552351 0.9999379813671112
10376 33552354 0.9999380707740784
10377 33552360 0.9999382495880127
10378 33552362 0.9999383091926575
10379 33552366 0.999938428401947
10380 33552369 0.9999385178089142
10381 33552375 0.9999386966228485
10382 33552377 0.9999387562274933
10383 33552380 0.9999388456344604
10384 33552383 0.9999389350414276
10385 33552385 0.9999389946460724
10386 33552391 0.9999391734600067
10387 33552398 0.9999393820762634
10388 33552401 0.9999394714832306
10389 33552404 0.9999395608901978
10390 33552408 0.9999396800994873
10391 33552414 0.9999398589134216
10392 33552418 0.9999399781227112
10393 33552419 0.9999400079250336
10394 33552424 0.9999401569366455
10395 33552428 0.9999402761459351
10396 33552433 0.999940425157547
10397 33552434 0.9999404549598694
10398 33552438 0.9999405741691589
10399 33552444 0.9999407529830933
10400 33552446 0.999940812587738
10401 33552450 0.9999409317970276
10402 33552454 0.9999410510063171
10403 33552463 0.9999413192272186
10404 33552471 0.9999415576457977
10405 33552472 0.9999415874481201
10406 33552475 0.9999416768550873
10407 33552482 0.999941885471344
10408 33552486 0.9999420046806335
10409 33552490 0.9999421238899231
10410 33552495 0.999942272901535
10411 33552499 0.9999423921108246
10412 33552504 0.9999425411224365
10413 33552509 0.9999426901340485
10414 33552512 0.9999427795410156
10415 33552514 0.9999428391456604
10416 33552519 0.9999429881572723
10417 33552521 0.9999430477619171
10418 33552526 0.999943196773529
10419 33552528 0.9999432563781738
10420 33552532 0.9999433755874634
10421 33552533 0.9999434053897858
10422 33552540 0.9999436140060425
10423 33552543 0.9999437034130096
10424 33552544 0.999943733215332
10425 33552546 0.9999437928199768
10426 33552548 0.9999438524246216
10427 33552553 0.9999440014362335
10428 33552554 0.9999440312385559
10429 33552559 0.9999441802501678
10430 33552561 0.9999442398548126
10431 33552562 0.999944269657135
10432 33552566 0.9999443888664246
10433 33552569 0.9999444782733917
10434 33552576 0.9999446868896484
10435 33552580 0.999944806098938
10436 33552585 0.9999449551105499
10437 33552588 0.9999450445175171
10438 33552592 0.9999451637268066
10439 33552595 0.9999452531337738
10440 33552600 0.9999454021453857
10441 33552601 0.9999454319477081
10442 33552605 0.9999455511569977
10443 33552607 0.9999456107616425
10444 33552611 0.999945729970932
10445 33552617 0.9999459087848663
10446 33552622 0.9999460577964783
10447 33552624 0.999946117401123
10448 33552625 0.9999461472034454
10449 33552628 0.9999462366104126
10450 33552633 0.9999463856220245
10451 33552636 0.9999464750289917
10452 33552642 0.999946653842926
10453 33552643 0.9999466836452484
10454 33552649 0.9999468624591827
10455 33552651 0.9999469220638275
10456 33552654 0.9999470114707947
10457 33552657 0.9999471008777618
10458 33552659 0.9999471604824066
10459 33552662 0.9999472498893738
10460 33552664 0.9999473094940186
10461 33552666 0.9999473690986633
10462 33552668 0.9999474287033081
10463 33552671 0.9999475181102753
10464 33552681 0.9999478161334991
10465 33552687 0.9999479949474335
10466 33552696 0.999948263168335
10467 33552702 0.9999484419822693
10468 33552704 0.9999485015869141
10469 33552710 0.9999486804008484
10470 33552713 0.9999487698078156
10471 33552719 0.9999489486217499
10472 33552720 0.9999489784240723
10474 33552722 0.999949038028717
10475 33552729 0.9999492466449738
10476 33552733 0.9999493658542633
10477 33552737 0.9999494850635529
10478 33552738 0.9999495148658752
10479 33552743 0.9999496638774872
10480 33552746 0.9999497532844543
10481 33552750 0.9999498724937439
10482 33552754 0.9999499917030334
10483 33552756 0.9999500513076782
10484 33552761 0.9999502003192902
10485 33552764 0.9999502897262573
10486 33552765 0.9999503195285797
10487 33552767 0.9999503791332245
10488 33552769 0.9999504387378693
10489 33552772 0.9999505281448364
10490 33552776 0.999950647354126
10491 33552778 0.9999507069587708
10492 33552782 0.9999508261680603
10493 33552789 0.999951034784317
10494 33552791 0.9999510943889618
10495 33552794 0.999951183795929
10496 33552799 0.9999513328075409
10497 33552805 0.9999515116214752
10498 33552807 0.99995157122612
10499 33552814 0.9999517798423767
10500 33552818 0.9999518990516663
10501 33552825 0.999952107667923
10502 33552827 0.9999521672725677
10503 33552830 0.9999522566795349
10504 33552835 0.9999524056911469
10505 33552839 0.9999525249004364
10506 33552840 0.9999525547027588
10507 33552844 0.9999526739120483
10508 33552855 0.9999530017375946
10509 33552857 0.9999530613422394
10511 33552863 0.9999532401561737
10512 33552866 0.9999533295631409
10513 33552868 0.9999533891677856
10514 33552872 0.9999535083770752
10515 33552875 0.9999535977840424
10516 33552880 0.9999537467956543
10517 33552882 0.9999538064002991
10518 33552885 0.9999538958072662
10519 33552891 0.9999540746212006
10520 33552895 0.9999541938304901
10521 33552900 0.999954342842102
10522 33552903 0.9999544322490692
10523 33552906 0.9999545216560364
10524 33552907 0.9999545514583588
10525 33552910 0.9999546408653259
10526 33552913 0.9999547302722931
10527 33552919 0.9999549090862274
10528 33552921 0.9999549686908722
10529 33552924 0.9999550580978394
10530 33552927 0.9999551475048065
10531 33552933 0.9999553263187408
10533 33552937 0.9999554455280304
10534 33552940 0.9999555349349976
10535 33552941 0.99995556473732
10536 33552945 0.9999556839466095
10537 33552946 0.9999557137489319
10538 33552949 0.999955803155899
10539 33552951 0.9999558627605438
10540 33552956 0.9999560117721558
10541 33552963 0.9999562203884125
10542 33552964 0.9999562501907349
10543 33552966 0.9999563097953796
10544 33552971 0.9999564588069916
10545 33552974 0.9999565482139587
10546 33552977 0.9999566376209259
10547 33552979 0.9999566972255707
10548 33552981 0.9999567568302155
10549 33552986 0.9999569058418274
10550 33552990 0.9999570250511169
10551 33552992 0.9999570846557617
10552 33552997 0.9999572336673737
10553 33552999 0.9999572932720184
10554 33553002 0.9999573826789856
10555 33553005 0.9999574720859528
10556 33553008 0.9999575614929199
10557 33553011 0.9999576508998871
10558 33553016 0.999957799911499
10559 33553021 0.999957948923111
10561 33553022 0.9999579787254333
10562 33553027 0.9999581277370453
10563 33553029 0.9999581873416901
10564 33553030 0.9999582171440125
10565 33553033 0.9999583065509796
10566 33553036 0.9999583959579468
10568 33553039 0.9999584853649139
10569 33553045 0.9999586641788483
10570 33553050 0.9999588131904602
10571 33553052 0.999958872795105
10572 33553053 0.9999589025974274
10573 33553056 0.9999589920043945
10574 33553057 0.9999590218067169
10575 33553059 0.9999590814113617
10576 33553061 0.9999591410160065
10577 33553065 0.999959260225296
10579 33553066 0.9999592900276184
10580 33553069 0.9999593794345856
10581 33553071 0.9999594390392303
10582 33553073 0.9999594986438751
10584 33553075 0.9999595582485199
10585 33553082 0.9999597668647766
10586 33553085 0.9999598562717438
10587 33553087 0.9999599158763885
10588 33553088 0.9999599456787109
10589 33553090 0.9999600052833557
10590 33553091 0.9999600350856781
10591 33553093 0.9999600946903229
10592 33553096 0.99996018409729
10593 33553100 0.9999603033065796
10594 33553105 0.9999604523181915
10595 33553111 0.9999606311321259
10596 33553114 0.999960720539093
10597 33553118 0.9999608397483826
10598 33553120 0.9999608993530273
10599 33553124 0.9999610185623169
10600 33553126 0.9999610781669617
10601 33553129 0.9999611675739288
10603 33553132 0.999961256980896
10604 33553137 0.9999614059925079
10605 33553142 0.9999615550041199
10606 33553144 0.9999616146087646
10607 33553147 0.9999617040157318
10608 33553151 0.9999618232250214
10609 33553153 0.9999618828296661
10610 33553158 0.9999620318412781
10611 33553160 0.9999620914459229
10612 33553164 0.9999622106552124
10613 33553166 0.9999622702598572
10614 33553169 0.9999623596668243
10615 33553176 0.999962568283081
10616 33553180 0.9999626874923706
10617 33553189 0.9999629557132721
10618 33553194 0.999963104724884
10619 33553198 0.9999632239341736
10620 33553205 0.9999634325504303
10621 33553210 0.9999635815620422
10622 33553214 0.9999637007713318
10623 33553217 0.999963790178299
10624 33553218 0.9999638199806213
10625 33553222 0.9999639391899109
10626 33553225 0.999964028596878
10627 33553229 0.9999641478061676
10628 33553230 0.99996417760849
10629 33553233 0.9999642670154572
10630 33553238 0.9999644160270691
10631 33553240 0.9999644756317139
10632 33553244 0.9999645948410034
10633 33553247 0.9999646842479706
10634 33553250 0.9999647736549377
10635 33553252 0.9999648332595825
10636 33553253 0.9999648630619049
10637 33553258 0.9999650120735168
10638 33553260 0.9999650716781616
10639 33553265 0.9999652206897736
10641 33553270 0.9999653697013855
10642 33553272 0.9999654293060303
10643 33553275 0.9999655187129974
10644 33553278 0.9999656081199646
10645 33553279 0.999965637922287
10646 33553282 0.9999657273292542
10647 33553284 0.9999657869338989
10648 33553285 0.9999658167362213
10649 33553288 0.9999659061431885
10650 33553289 0.9999659359455109
10651 33553292 0.999966025352478
10652 33553294 0.9999660849571228
10653 33553295 0.9999661147594452
10654 33553298 0.9999662041664124
10655 33553304 0.9999663829803467
10656 33553306 0.9999664425849915
10657 33553308 0.9999665021896362
10658 33553310 0.999966561794281
10660 33553315 0.9999667108058929
10661 33553318 0.9999668002128601
10662 33553320 0.9999668598175049
10663 33553327 0.9999670684337616
10664 33553329 0.9999671280384064
10665 33553331 0.9999671876430511
10666 33553332 0.9999672174453735
10667 33553333 0.9999672472476959
10668 33553337 0.9999673664569855
10669 33553340 0.9999674558639526
10670 33553342 0.9999675154685974
10671 33553343 0.9999675452709198
10672 33553346 0.999967634677887
10673 33553348 0.9999676942825317
10674 33553350 0.9999677538871765
10675 33553352 0.9999678134918213
10676 33553354 0.9999678730964661
10677 33553355 0.9999679028987885
10678 33553356 0.9999679327011108
10679 33553362 0.9999681115150452
10680 33553368 0.9999682903289795
10681 33553370 0.9999683499336243
10682 33553372 0.999968409538269
10683 33553377 0.999968558549881
10684 33553383 0.9999687373638153
10685 33553388 0.9999688863754272
10686 33553390 0.999968945980072
10687 33553392 0.9999690055847168
10688 33553396 0.9999691247940063
10689 33553398 0.9999691843986511
10691 33553405 0.9999693930149078
10692 33553407 0.9999694526195526
10693 33553409 0.9999695122241974
10694 33553412 0.9999696016311646
10695 33553416 0.9999697208404541
10696 33553417 0.9999697506427765
10697 33553420 0.9999698400497437
10698 33553424 0.9999699592590332
10699 33553425 0.9999699890613556
10700 33553427 0.9999700486660004
10701 33553430 0.9999701380729675
10702 33553432 0.9999701976776123
10703 33553434 0.9999702572822571
10704 33553436 0.9999703168869019
10705 33553441 0.9999704658985138
10706 33553443 0.9999705255031586
10707 33553448 0.9999706745147705
10708 33553453 0.9999708235263824
10709 33553455 0.9999708831310272
10710 33553459 0.9999710023403168
10711 33553462 0.9999710917472839
10712 33553463 0.9999711215496063
10713 33553467 0.9999712407588959
10714 33553469 0.9999713003635406
10715 33553472 0.9999713897705078
10716 33553474 0.9999714493751526
10718 33553478 0.9999715685844421
10719 33553483 0.9999717175960541
10720 33553486 0.9999718070030212
10722 33553489 0.9999718964099884
10723 33553493 0.999972015619278
10724 33553495 0.9999720752239227
10725 33553496 0.9999721050262451
10726 33553498 0.9999721646308899
10727 33553503 0.9999723136425018
10728 33553506 0.999972403049469
10729 33553509 0.9999724924564362
10730 33553511 0.9999725520610809
10731 33553513 0.9999726116657257
10732 33553516 0.9999727010726929
10733 33553517 0.9999727308750153
10734 33553522 0.9999728798866272
10735 33553523 0.9999729096889496
10736 33553525 0.9999729692935944
10737 33553526 0.9999729990959167
10738 33553528 0.9999730587005615
10739 33553531 0.9999731481075287
10740 33553534 0.9999732375144958
10741 33553538 0.9999733567237854
10742 33553542 0.999973475933075
10743 33553543 0.9999735057353973
10744 33553546 0.9999735951423645
10745 33553547 0.9999736249446869
10746 33553548 0.9999736547470093
10747 33553553 0.9999738037586212
10748 33553557 0.9999739229679108
10749 33553561 0.9999740421772003
10750 33553563 0.9999741017818451
10751 33553564 0.9999741315841675
10752 33553565 0.9999741613864899
10753 33553570 0.9999743103981018
10754 33553573 0.999974399805069
10756 33553574 0.9999744296073914
10757 33553579 0.9999745786190033
10758 33553580 0.9999746084213257
10760 33553587 0.9999748170375824
10761 33553588 0.9999748468399048
10763 33553590 0.9999749064445496
10764 33553593 0.9999749958515167
10765 33553595 0.9999750554561615
10766 33553596 0.9999750852584839
10767 33553597 0.9999751150608063
10768 33553600 0.9999752044677734
10769 33553601 0.9999752342700958
10770 33553604 0.999975323677063
10771 33553608 0.9999754428863525
10772 33553610 0.9999755024909973
10774 33553613 0.9999755918979645
10776 33553616 0.9999756813049316
10777 33553618 0.9999757409095764
10778 33553620 0.9999758005142212
10779 33553623 0.9999758899211884
10780 33553625 0.9999759495258331
10782 33553627 0.9999760091304779
10783 33553628 0.9999760389328003
10784 33553631 0.9999761283397675
10785 33553635 0.999976247549057
10786 33553636 0.9999762773513794
10787 33553640 0.999976396560669
10788 33553641 0.9999764263629913
10789 33553642 0.9999764561653137
10791 33553644 0.9999765157699585
10792 33553646 0.9999765753746033
10793 33553648 0.999976634979248
10795 33553650 0.9999766945838928
10797 33553653 0.99997678399086
10798 33553655 0.9999768435955048
10801 33553656 0.9999768733978271
10802 33553657 0.9999769032001495
10803 33553663 0.9999770820140839
10804 33553666 0.999977171421051
10805 33553667 0.9999772012233734
10806 33553669 0.9999772608280182
10807 33553670 0.9999772906303406
10808 33553674 0.9999774098396301
10809 33553675 0.9999774396419525
10810 33553678 0.9999775290489197
10811 33553681 0.9999776184558868
10812 33553682 0.9999776482582092
10813 33553684 0.999977707862854
10814 33553686 0.9999777674674988
10816 33553690 0.9999778866767883
10817 33553691 0.9999779164791107
10818 33553693 0.9999779760837555
10819 33553694 0.9999780058860779
10820 33553697 0.999978095293045
10821 33553699 0.9999781548976898
10822 33553700 0.9999781847000122
10823 33553701 0.9999782145023346
10824 33553703 0.9999782741069794
10825 33553709 0.9999784529209137
10826 33553712 0.9999785423278809
10827 33553714 0.9999786019325256
10828 33553716 0.9999786615371704
10830 33553719 0.9999787509441376
10831 33553721 0.9999788105487823
10832 33553722 0.9999788403511047
10833 33553723 0.9999788701534271
10834 33553727 0.9999789893627167
10835 33553729 0.9999790489673615
10836 33553731 0.9999791085720062
10837 33553734 0.9999791979789734
10839 33553735 0.9999792277812958
10840 33553737 0.9999792873859406
10841 33553739 0.9999793469905853
10843 33553741 0.9999794065952301
10844 33553743 0.9999794661998749
10845 33553744 0.9999794960021973
10846 33553746 0.999979555606842
10847 33553749 0.9999796450138092
10848 33553752 0.9999797344207764
10850 33553753 0.9999797642230988
10852 33553756 0.9999798536300659
10853 33553759 0.9999799430370331
10854 33553760 0.9999799728393555
10855 33553762 0.9999800324440002
10856 33553763 0.9999800622463226
10861 33553765 0.9999801218509674
10862 33553768 0.9999802112579346
10864 33553769 0.999980241060257
10865 33553770 0.9999802708625793
10866 33553771 0.9999803006649017
10867 33553772 0.9999803304672241
10868 33553773 0.9999803602695465
10870 33553774 0.9999803900718689
10873 33553775 0.9999804198741913
10874 33553777 0.9999804794788361
10875 33553779 0.9999805390834808
10876 33553780 0.9999805688858032
10878 33553781 0.9999805986881256
10879 33553784 0.9999806880950928
10881 33553786 0.9999807476997375
10883 33553787 0.9999807775020599
10885 33553789 0.9999808371067047
10886 33553791 0.9999808967113495
10890 33553792 0.9999809265136719
10891 33553794 0.9999809861183167
10892 33553795 0.999981015920639
10894 33553796 0.9999810457229614
10897 33553797 0.9999810755252838
10898 33553799 0.9999811351299286
10899 33553802 0.9999812245368958
10900 33553805 0.9999813139438629
10903 33553807 0.9999813735485077
10904 33553808 0.9999814033508301
10905 33553813 0.999981552362442
10906 33553814 0.9999815821647644
10907 33553816 0.9999816417694092
10909 33553818 0.999981701374054
10910 33553820 0.9999817609786987
10911 33553822 0.9999818205833435
10912 33553828 0.9999819993972778
10914 33553830 0.9999820590019226
10916 33553831 0.999982088804245
10918 33553833 0.9999821484088898
10919 33553834 0.9999821782112122
10922 33553837 0.9999822676181793
10923 33553839 0.9999823272228241
10925 33553840 0.9999823570251465
10927 33553844 0.999982476234436
10930 33553845 0.9999825060367584
10933 33553846 0.9999825358390808
10934 33553848 0.9999825954437256
10936 33553850 0.9999826550483704
10937 33553851 0.9999826848506927
10938 33553853 0.9999827444553375
10939 33553855 0.9999828040599823
10940 33553856 0.9999828338623047
10944 33553858 0.9999828934669495
10946 33553860 0.9999829530715942
10947 33553861 0.9999829828739166
10952 33553862 0.999983012676239
10953 33553863 0.9999830424785614
10955 33553865 0.9999831020832062
10957 33553867 0.999983161687851
10958 33553869 0.9999832212924957
10961 33553870 0.9999832510948181
10963 33553871 0.9999832808971405
10964 33553873 0.9999833405017853
10965 33553874 0.9999833703041077
10967 33553875 0.99998340010643
10968 33553876 0.9999834299087524
10970 33553877 0.9999834597110748
10972 33553878 0.9999834895133972
10974 33553879 0.9999835193157196
10979 33553883 0.9999836385250092
10981 33553884 0.9999836683273315
10985 33553885 0.9999836981296539
10986 33553886 0.9999837279319763
10987 33553887 0.9999837577342987
10988 33553888 0.9999837875366211
10991 33553889 0.9999838173389435
10994 33553890 0.9999838471412659
10996 33553891 0.9999838769435883
11002 33553892 0.9999839067459106
11007 33553893 0.999983936548233
11008 33553894 0.9999839663505554
11011 33553895 0.9999839961528778
11012 33553896 0.9999840259552002
11013 33553897 0.9999840557575226
11018 33553898 0.999984085559845
11019 33553900 0.9999841451644897
11020 33553901 0.9999841749668121
11021 33553902 0.9999842047691345
11029 33553903 0.9999842345714569
11031 33553904 0.9999842643737793
11034 33553905 0.9999842941761017
11036 33553906 0.9999843239784241
11042 33553907 0.9999843537807465
11044 33553908 0.9999843835830688
11045 33553909 0.9999844133853912
11047 33553910 0.9999844431877136
11049 33553911 0.999984472990036
11053 33553912 0.9999845027923584
11054 33553913 0.9999845325946808
11055 33553915 0.9999845921993256
11057 33553917 0.9999846518039703
11059 33553918 0.9999846816062927
11060 33553919 0.9999847114086151
11062 33553920 0.9999847412109375
11064 33553921 0.9999847710132599
11065 33553923 0.9999848306179047
11070 33553925 0.9999848902225494
11073 33553926 0.9999849200248718
11074 33553927 0.9999849498271942
11076 33553929 0.999985009431839
11083 33553930 0.9999850392341614
11085 33553931 0.9999850690364838
11086 33553932 0.9999850988388062
11090 33553933 0.9999851286411285
11091 33553934 0.9999851584434509
11094 33553935 0.9999851882457733
11098 33553936 0.9999852180480957
11115 33553937 0.9999852478504181
11119 33553938 0.9999852776527405
11120 33553940 0.9999853372573853
11123 33553941 0.9999853670597076
11125 33553942 0.99998539686203
11126 33553943 0.9999854266643524
11131 33553944 0.9999854564666748
11134 33553945 0.9999854862689972
11135 33553946 0.9999855160713196
11138 33553947 0.999985545873642
11139 33553948 0.9999855756759644
11140 33553949 0.9999856054782867
11141 33553950 0.9999856352806091
11150 33553952 0.9999856948852539
11158 33553954 0.9999857544898987
11160 33553955 0.9999857842922211
11162 33553956 0.9999858140945435
11168 33553957 0.9999858438968658
11170 33553959 0.9999859035015106
11171 33553961 0.9999859631061554
11176 33553962 0.9999859929084778
11180 33553963 0.9999860227108002
11184 33553964 0.9999860525131226
11186 33553965 0.999986082315445
11192 33553966 0.9999861121177673
11198 33553968 0.9999861717224121
11210 33553969 0.9999862015247345
11213 33553970 0.9999862313270569
11219 33553971 0.9999862611293793
11220 33553972 0.9999862909317017
11222 33553973 0.999986320734024
11226 33553974 0.9999863505363464
11235 33553975 0.9999863803386688
11241 33553977 0.9999864399433136
11251 33553978 0.999986469745636
11253 33553979 0.9999864995479584
11256 33553980 0.9999865293502808
11257 33553981 0.9999865591526031
11259 33553982 0.9999865889549255
11266 33553983 0.9999866187572479
11275 33553984 0.9999866485595703
11278 33553985 0.9999866783618927
11280 33553986 0.9999867081642151
11281 33553988 0.9999867677688599
11287 33553989 0.9999867975711823
11293 33553992 0.9999868869781494
11295 33553993 0.9999869167804718
11298 33553994 0.9999869465827942
11331 33553995 0.9999869763851166
11339 33553996 0.999987006187439
11346 33553997 0.9999870359897614
11365 33553998 0.9999870657920837
11367 33553999 0.9999870955944061
11373 33554000 0.9999871253967285
11377 33554001 0.9999871551990509
11382 33554002 0.9999871850013733
11398 33554003 0.9999872148036957
11406 33554004 0.9999872446060181
11413 33554005 0.9999872744083405
11417 33554007 0.9999873340129852
11419 33554008 0.9999873638153076
11423 33554009 0.99998739361763
11432 33554010 0.9999874234199524
11439 33554011 0.9999874532222748
11442 33554012 0.9999874830245972
11446 33554014 0.9999875426292419
11449 33554015 0.9999875724315643
11462 33554016 0.9999876022338867
11465 33554017 0.9999876320362091
11470 33554019 0.9999876916408539
11473 33554020 0.9999877214431763
11475 33554021 0.9999877512454987
11476 33554022 0.999987781047821
11485 33554023 0.9999878108501434
11497 33554024 0.9999878406524658
11498 33554025 0.9999878704547882
11501 33554026 0.9999879002571106
11505 33554027 0.999987930059433
11506 33554028 0.9999879598617554
11512 33554029 0.9999879896640778
11514 33554031 0.9999880492687225
11516 33554032 0.9999880790710449
11518 33554033 0.9999881088733673
11523 33554034 0.9999881386756897
11525 33554035 0.9999881684780121
11527 33554036 0.9999881982803345
11529 33554037 0.9999882280826569
11534 33554038 0.9999882578849792
11536 33554039 0.9999882876873016
11545 33554040 0.999988317489624
11547 33554041 0.9999883472919464
11549 33554042 0.9999883770942688
11550 33554043 0.9999884068965912
11551 33554044 0.9999884366989136
11557 33554045 0.999988466501236
11567 33554046 0.9999884963035583
11585 33554047 0.9999885261058807
11604 33554048 0.9999885559082031
11626 33554049 0.9999885857105255
11633 33554050 0.9999886155128479
11642 33554051 0.9999886453151703
11645 33554052 0.9999886751174927
11648 33554054 0.9999887347221375
11651 33554055 0.9999887645244598
11653 33554056 0.9999887943267822
11655 33554057 0.9999888241291046
11656 33554058 0.999988853931427
11675 33554059 0.9999888837337494
11676 33554060 0.9999889135360718
11684 33554062 0.9999889731407166
11685 33554063 0.9999890029430389
11688 33554064 0.9999890327453613
11698 33554065 0.9999890625476837
11701 33554066 0.9999890923500061
11704 33554067 0.9999891221523285
11707 33554068 0.9999891519546509
11722 33554069 0.9999891817569733
11728 33554070 0.9999892115592957
11734 33554071 0.999989241361618
11743 33554072 0.9999892711639404
11745 33554074 0.9999893307685852
11785 33554075 0.9999893605709076
11787 33554076 0.99998939037323
11797 33554077 0.9999894201755524
11800 33554078 0.9999894499778748
11802 33554079 0.9999894797801971
11813 33554081 0.9999895393848419
11815 33554082 0.9999895691871643
11826 33554083 0.9999895989894867
11838 33554085 0.9999896585941315
11863 33554086 0.9999896883964539
11871 33554087 0.9999897181987762
11873 33554088 0.9999897480010986
11902 33554089 0.999989777803421
11911 33554090 0.9999898076057434
11923 33554091 0.9999898374080658
11932 33554092 0.9999898672103882
11936 33554093 0.9999898970127106
11947 33554094 0.999989926815033
11960 33554095 0.9999899566173553
11962 33554096 0.9999899864196777
11970 33554097 0.9999900162220001
11972 33554098 0.9999900460243225
11977 33554099 0.9999900758266449
11987 33554100 0.9999901056289673
11988 33554102 0.9999901652336121
11993 33554103 0.9999901950359344
11994 33554104 0.9999902248382568
11995 33554105 0.9999902546405792
11997 33554106 0.9999902844429016
12003 33554107 0.999990314245224
12010 33554108 0.9999903440475464
12028 33554109 0.9999903738498688
12029 33554111 0.9999904334545135
12047 33554112 0.9999904632568359
12049 33554113 0.9999904930591583
12051 33554114 0.9999905228614807
12055 33554115 0.9999905526638031
12064 33554116 0.9999905824661255
12066 33554117 0.9999906122684479
12076 33554118 0.9999906420707703
12093 33554119 0.9999906718730927
12099 33554120 0.999990701675415
12100 33554122 0.9999907612800598
12107 33554124 0.9999908208847046
12120 33554125 0.999990850687027
12129 33554126 0.9999908804893494
12143 33554127 0.9999909102916718
12170 33554128 0.9999909400939941
12178 33554129 0.9999909698963165
12191 33554131 0.9999910295009613
12203 33554132 0.9999910593032837
12218 33554133 0.9999910891056061
12229 33554134 0.9999911189079285
12230 33554135 0.9999911487102509
12243 33554136 0.9999911785125732
12244 33554138 0.999991238117218
12246 33554139 0.9999912679195404
12253 33554140 0.9999912977218628
12260 33554141 0.9999913275241852
12278 33554142 0.9999913573265076
12281 33554143 0.99999138712883
12282 33554144 0.9999914169311523
12291 33554145 0.9999914467334747
12292 33554146 0.9999914765357971
12294 33554147 0.9999915063381195
12308 33554149 0.9999915659427643
12310 33554150 0.9999915957450867
12312 33554151 0.9999916255474091
12330 33554152 0.9999916553497314
12331 33554153 0.9999916851520538
12332 33554154 0.9999917149543762
12334 33554155 0.9999917447566986
12355 33554156 0.999991774559021
12368 33554157 0.9999918043613434
12371 33554158 0.9999918341636658
12383 33554160 0.9999918937683105
12386 33554161 0.9999919235706329
12396 33554162 0.9999919533729553
12434 33554164 0.9999920129776001
12441 33554165 0.9999920427799225
12444 33554166 0.9999920725822449
12446 33554167 0.9999921023845673
12458 33554168 0.9999921321868896
12459 33554169 0.999992161989212
12468 33554170 0.9999921917915344
12490 33554171 0.9999922215938568
12501 33554172 0.9999922513961792
12504 33554173 0.9999922811985016
12526 33554174 0.999992311000824
12544 33554175 0.9999923408031464
12546 33554176 0.9999923706054688
12547 33554177 0.9999924004077911
12552 33554178 0.9999924302101135
12567 33554179 0.9999924600124359
12576 33554180 0.9999924898147583
12584 33554181 0.9999925196170807
12604 33554182 0.9999925494194031
12622 33554183 0.9999925792217255
12670 33554184 0.9999926090240479
12673 33554185 0.9999926388263702
12676 33554186 0.9999926686286926
12720 33554187 0.999992698431015
12738 33554188 0.9999927282333374
12760 33554189 0.9999927580356598
12764 33554190 0.9999927878379822
12797 33554191 0.9999928176403046
12801 33554192 0.999992847442627
12828 33554193 0.9999928772449493
12843 33554194 0.9999929070472717
12851 33554195 0.9999929368495941
12878 33554196 0.9999929666519165
12887 33554197 0.9999929964542389
12889 33554198 0.9999930262565613
12951 33554199 0.9999930560588837
12962 33554200 0.999993085861206
12971 33554201 0.9999931156635284
12976 33554202 0.9999931454658508
12984 33554203 0.9999931752681732
13002 33554204 0.9999932050704956
13034 33554205 0.999993234872818
13035 33554206 0.9999932646751404
13039 33554207 0.9999932944774628
13047 33554208 0.9999933242797852
13071 33554209 0.9999933540821075
13160 33554211 0.9999934136867523
13180 33554212 0.9999934434890747
13185 33554213 0.9999934732913971
13190 33554214 0.9999935030937195
13225 33554215 0.9999935328960419
13239 33554216 0.9999935626983643
13262 33554217 0.9999935925006866
13306 33554218 0.999993622303009
13315 33554219 0.9999936521053314
13318 33554220 0.9999936819076538
13351 33554221 0.9999937117099762
13391 33554222 0.9999937415122986
13392 33554223 0.999993771314621
13398 33554224 0.9999938011169434
13408 33554225 0.9999938309192657
13464 33554226 0.9999938607215881
13497 33554227 0.9999938905239105
13498 33554228 0.9999939203262329
13509 33554229 0.9999939501285553
13591 33554230 0.9999939799308777
13706 33554231 0.9999940097332001
13783 33554232 0.9999940395355225
13824 33554233 0.9999940693378448
13829 33554234 0.9999940991401672
13850 33554235 0.9999941289424896
13852 33554236 0.999994158744812
13960 33554237 0.9999941885471344
13970 33554238 0.9999942183494568
13980 33554239 0.9999942481517792
14010 33554240 0.9999942779541016
14081 33554241 0.999994307756424
14089 33554242 0.9999943375587463
14103 33554243 0.9999943673610687
14104 33554244 0.9999943971633911
14167 33554245 0.9999944269657135
14216 33554246 0.9999944567680359
14228 33554247 0.9999944865703583
14253 33554248 0.9999945163726807
14265 33554249 0.999994546175003
14314 33554250 0.9999945759773254
14319 33554251 0.9999946057796478
14340 33554252 0.9999946355819702
14373 33554253 0.9999946653842926
14384 33554254 0.999994695186615
14489 33554255 0.9999947249889374
14562 33554256 0.9999947547912598
14610 33554257 0.9999947845935822
14624 33554258 0.9999948143959045
14635 33554259 0.9999948441982269
14657 33554260 0.9999948740005493
14716 33554261 0.9999949038028717
14796 33554262 0.9999949336051941
14845 33554263 0.9999949634075165
14880 33554264 0.9999949932098389
14920 33554265 0.9999950230121613
14995 33554266 0.9999950528144836
14996 33554267 0.999995082616806
15012 33554268 0.9999951124191284
15015 33554269 0.9999951422214508
15019 33554270 0.9999951720237732
15032 33554271 0.9999952018260956
15055 33554272 0.999995231628418
15064 33554273 0.9999952614307404
15081 33554274 0.9999952912330627
15082 33554275 0.9999953210353851
15104 33554276 0.9999953508377075
15136 33554277 0.9999953806400299
15153 33554278 0.9999954104423523
15282 33554279 0.9999954402446747
15360 33554280 0.9999954700469971
15409 33554281 0.9999954998493195
15427 33554282 0.9999955296516418
15445 33554283 0.9999955594539642
15446 33554284 0.9999955892562866
15485 33554285 0.999995619058609
15498 33554286 0.9999956488609314
15551 33554287 0.9999956786632538
15585 33554288 0.9999957084655762
15609 33554289 0.9999957382678986
15671 33554291 0.9999957978725433
15729 33554292 0.9999958276748657
15767 33554293 0.9999958574771881
15778 33554294 0.9999958872795105
15791 33554295 0.9999959170818329
15837 33554296 0.9999959468841553
15876 33554297 0.9999959766864777
15893 33554298 0.9999960064888
16042 33554299 0.9999960362911224
16072 33554300 0.9999960660934448
16092 33554301 0.9999960958957672
16095 33554302 0.9999961256980896
16118 33554303 0.999996155500412
16173 33554304 0.9999961853027344
16213 33554305 0.9999962151050568
16230 33554306 0.9999962449073792
16314 33554307 0.9999962747097015
16343 33554308 0.9999963045120239
16382 33554309 0.9999963343143463
16398 33554310 0.9999963641166687
16409 33554311 0.9999963939189911
16499 33554313 0.9999964535236359
16579 33554314 0.9999964833259583
16591 33554315 0.9999965131282806
16653 33554316 0.999996542930603
16666 33554317 0.9999965727329254
16693 33554318 0.9999966025352478
16860 33554319 0.9999966323375702
16887 33554320 0.9999966621398926
17001 33554321 0.999996691942215
17041 33554322 0.9999967217445374
17131 33554323 0.9999967515468597
17285 33554324 0.9999967813491821
17508 33554325 0.9999968111515045
17582 33554326 0.9999968409538269
17664 33554327 0.9999968707561493
17678 33554328 0.9999969005584717
17735 33554329 0.9999969303607941
17763 33554330 0.9999969601631165
17784 33554331 0.9999969899654388
17829 33554332 0.9999970197677612
17915 33554333 0.9999970495700836
17975 33554334 0.999997079372406
17989 33554335 0.9999971091747284
18000 33554336 0.9999971389770508
18009 33554337 0.9999971687793732
18064 33554338 0.9999971985816956
18072 33554339 0.9999972283840179
18111 33554340 0.9999972581863403
18159 33554341 0.9999972879886627
18215 33554342 0.9999973177909851
18309 33554343 0.9999973475933075
18383 33554344 0.9999973773956299
18439 33554345 0.9999974071979523
18513 33554346 0.9999974370002747
18601 33554347 0.999997466802597
18677 33554348 0.9999974966049194
18729 33554349 0.9999975264072418
18793 33554350 0.9999975562095642
18817 33554351 0.9999975860118866
18876 33554352 0.999997615814209
18966 33554353 0.9999976456165314
18977 33554354 0.9999976754188538
19047 33554355 0.9999977052211761
19086 33554356 0.9999977350234985
19123 33554357 0.9999977648258209
19129 33554358 0.9999977946281433
19182 33554359 0.9999978244304657
19317 33554360 0.9999978542327881
19425 33554361 0.9999978840351105
19561 33554362 0.9999979138374329
19563 33554363 0.9999979436397552
19610 33554364 0.9999979734420776
19624 33554365 0.9999980032444
19651 33554366 0.9999980330467224
19733 33554367 0.9999980628490448
19825 33554368 0.9999980926513672
19887 33554369 0.9999981224536896
19909 33554370 0.999998152256012
20017 33554371 0.9999981820583344
20029 33554372 0.9999982118606567
20072 33554373 0.9999982416629791
20105 33554374 0.9999982714653015
20112 33554375 0.9999983012676239
20121 33554376 0.9999983310699463
20135 33554377 0.9999983608722687
20159 33554378 0.9999983906745911
20244 33554379 0.9999984204769135
20337 33554380 0.9999984502792358
20494 33554381 0.9999984800815582
20509 33554382 0.9999985098838806
20643 33554383 0.999998539686203
20667 33554384 0.9999985694885254
20687 33554385 0.9999985992908478
20727 33554386 0.9999986290931702
20957 33554387 0.9999986588954926
21308 33554388 0.9999986886978149
21402 33554389 0.9999987185001373
21620 33554390 0.9999987483024597
21887 33554391 0.9999987781047821
22008 33554392 0.9999988079071045
22212 33554393 0.9999988377094269
22301 33554394 0.9999988675117493
22453 33554395 0.9999988973140717
22499 33554396 0.999998927116394
22590 33554397 0.9999989569187164
23896 33554398 0.9999989867210388
24484 33554399 0.9999990165233612
25032 33554400 0.9999990463256836
25168 33554401 0.999999076128006
25297 33554402 0.9999991059303284
25637 33554403 0.9999991357326508
25793 33554404 0.9999991655349731
26155 33554405 0.9999991953372955
26607 33554406 0.9999992251396179
27861 33554407 0.9999992549419403
30349 33554408 0.9999992847442627
32002 33554409 0.9999993145465851
34271 33554410 0.9999993443489075
51224 33554411 0.9999993741512299
58538 33554412 0.9999994039535522
88507 33554413 0.9999994337558746
125251 33554414 0.999999463558197
134550 33554415 0.9999994933605194
273320 33554416 0.9999995231628418
285334 33554417 0.9999995529651642
295088 33554418 0.9999995827674866
302361 33554419 0.999999612569809
302439 33554420 0.9999996423721313
303185 33554421 0.9999996721744537
307241 33554422 0.9999997019767761
309504 33554423 0.9999997317790985
310263 33554424 0.9999997615814209
314803 33554425 0.9999997913837433
318897 33554426 0.9999998211860657
321488 33554427 0.9999998509883881
323303 33554428 0.9999998807907104
325056 33554429 0.9999999105930328
472396 33554430 0.9999999403953552
477399 33554431 0.9999999701976776
511155 33554432 1.0
