6061 1 2.9802322387695312e-08
6071 2 5.960464477539063e-08
6084 3 8.940696716308594e-08
6087 4 1.1920928955078125e-07
6088 5 1.4901161193847656e-07
6092 6 1.7881393432617188e-07
6094 7 2.086162567138672e-07
6095 8 2.384185791015625e-07
6096 9 2.682209014892578e-07
6097 10 2.980232238769531e-07
6098 11 3.2782554626464844e-07
6100 12 3.5762786865234375e-07
6104 13 3.8743019104003906e-07
6105 15 4.470348358154297e-07
6106 16 4.76837158203125e-07
6107 17 5.066394805908203e-07
6109 18 5.364418029785156e-07
6111 20 5.960464477539062e-07
6112 23 6.854534149169922e-07
6113 24 7.152557373046875e-07
6114 25 7.450580596923828e-07
6115 27 8.046627044677734e-07
6116 30 8.940696716308594e-07
6117 35 1.043081283569336e-06
6118 37 1.1026859283447266e-06
6119 40 1.1920928955078125e-06
6120 41 1.2218952178955078e-06
6121 44 1.3113021850585938e-06
6122 48 1.430511474609375e-06
6123 51 1.519918441772461e-06
6124 54 1.6093254089355469e-06
6125 60 1.7881393432617188e-06
6126 65 1.9371509552001953e-06
6127 70 2.086162567138672e-06
6128 71 2.115964889526367e-06
6129 74 2.205371856689453e-06
6130 76 2.2649765014648438e-06
6131 79 2.3543834686279297e-06
6132 83 2.473592758178711e-06
6133 85 2.5331974029541016e-06
6134 86 2.562999725341797e-06
6135 93 2.771615982055664e-06
6136 98 2.9206275939941406e-06
6137 106 3.159046173095703e-06
6138 108 3.2186508178710938e-06
6139 113 3.3676624298095703e-06
6140 119 3.546476364135742e-06
6141 123 3.6656856536865234e-06
6142 129 3.844499588012695e-06
6143 137 4.082918167114258e-06
6144 147 4.380941390991211e-06
6145 154 4.589557647705078e-06
6146 164 4.887580871582031e-06
6147 170 5.066394805908203e-06
6148 179 5.334615707397461e-06
6149 186 5.543231964111328e-06
6150 197 5.8710575103759766e-06
6151 204 6.079673767089844e-06
6152 211 6.288290023803711e-06
6153 217 6.467103958129883e-06
6154 222 6.616115570068359e-06
6155 234 6.973743438720703e-06
6156 247 7.361173629760742e-06
6157 253 7.539987564086914e-06
6158 262 7.808208465576172e-06
6159 277 8.255243301391602e-06
6160 302 9.000301361083984e-06
6161 315 9.387731552124023e-06
6162 325 9.685754776000977e-06
6163 337 1.004338264465332e-05
6164 349 1.0401010513305664e-05
6165 361 1.0758638381958008e-05
6166 373 1.1116266250610352e-05
6167 386 1.150369644165039e-05
6168 401 1.195073127746582e-05
6169 416 1.239776611328125e-05
6170 428 1.2755393981933594e-05
6171 439 1.3083219528198242e-05
6172 457 1.3619661331176758e-05
6173 478 1.424551010131836e-05
6174 495 1.475214958190918e-05
6175 507 1.5109777450561523e-05
6176 518 1.5437602996826172e-05
6177 542 1.615285873413086e-05
6178 553 1.6480684280395508e-05
6179 572 1.704692840576172e-05
6180 589 1.755356788635254e-05
6181 607 1.8090009689331055e-05
6182 633 1.8864870071411133e-05
6183 661 1.96993350982666e-05
6184 689 2.053380012512207e-05
6185 715 2.130866050720215e-05
6186 733 2.1845102310180664e-05
6187 751 2.238154411315918e-05
6188 770 2.294778823852539e-05
6189 794 2.3663043975830078e-05
6190 824 2.4557113647460938e-05
6191 842 2.5093555450439453e-05
6192 870 2.5928020477294922e-05
6193 897 2.6732683181762695e-05
6194 929 2.7686357498168945e-05
6195 962 2.866983413696289e-05
6196 996 2.968311309814453e-05
6197 1027 3.0606985092163086e-05
6198 1063 3.167986869812012e-05
6199 1105 3.293156623840332e-05
6200 1141 3.400444984436035e-05
6201 1178 3.510713577270508e-05
6202 1206 3.594160079956055e-05
6203 1238 3.68952751159668e-05
6204 1260 3.7550926208496094e-05
6205 1303 3.883242607116699e-05
6206 1342 3.999471664428711e-05
6207 1387 4.13358211517334e-05
6208 1430 4.26173210144043e-05
6209 1467 4.3720006942749023e-05
6210 1513 4.509091377258301e-05
6211 1548 4.6133995056152344e-05
6212 1602 4.774332046508789e-05
6213 1651 4.920363426208496e-05
6214 1709 5.093216896057129e-05
6215 1755 5.2303075790405273e-05
6216 1799 5.361437797546387e-05
6217 1849 5.510449409484863e-05
6218 1917 5.7131052017211914e-05
6219 1974 5.882978439331055e-05
6220 2042 6.085634231567383e-05
6221 2098 6.252527236938477e-05
6222 2145 6.392598152160645e-05
6223 2195 6.541609764099121e-05
6224 2259 6.732344627380371e-05
6225 2320 6.914138793945312e-05
6226 2380 7.092952728271484e-05
6227 2447 7.292628288269043e-05
6228 2516 7.49826431274414e-05
6229 2586 7.706880569458008e-05
6230 2666 7.94529914855957e-05
6231 2729 8.133053779602051e-05
6232 2819 8.401274681091309e-05
6233 2891 8.615851402282715e-05
6234 2971 8.854269981384277e-05
6235 3060 9.119510650634766e-05
6236 3147 9.378790855407715e-05
6237 3260 9.715557098388672e-05
6238 3355 9.998679161071777e-05
6239 3438 0.00010246038436889648
6240 3541 0.0001055300235748291
6241 3657 0.00010898709297180176
6242 3741 0.00011149048805236816
6243 3842 0.00011450052261352539
6244 3967 0.0001182258129119873
6245 4073 0.00012138485908508301
6246 4177 0.00012448430061340332
6247 4313 0.00012853741645812988
6248 4423 0.00013181567192077637
6249 4533 0.00013509392738342285
6250 4660 0.00013887882232666016
6251 4800 0.0001430511474609375
6252 4944 0.00014734268188476562
6253 5081 0.00015142560005187988
6254 5228 0.0001558065414428711
6255 5361 0.00015977025032043457
6256 5478 0.00016325712203979492
6257 5633 0.0001678764820098877
6258 5788 0.00017249584197998047
6259 5934 0.00017684698104858398
6260 6111 0.00018212199211120605
6261 6267 0.00018677115440368652
6262 6417 0.00019124150276184082
6263 6596 0.00019657611846923828
6264 6806 0.0002028346061706543
6265 6969 0.00020769238471984863
6266 7145 0.000212937593460083
6267 7365 0.00021949410438537598
6268 7549 0.00022497773170471191
6269 7745 0.0002308189868927002
6270 7976 0.0002377033233642578
6271 8217 0.0002448856830596924
6272 8429 0.0002512037754058838
6273 8638 0.0002574324607849121
6274 8868 0.00026428699493408203
6275 9120 0.00027179718017578125
6276 9356 0.00027883052825927734
6277 9586 0.00028568506240844727
6278 9862 0.00029391050338745117
6279 10090 0.0003007054328918457
6280 10352 0.0003085136413574219
6281 10649 0.0003173649311065674
6282 10909 0.00032511353492736816
6283 11198 0.0003337264060974121
6284 11491 0.00034245848655700684
6285 11788 0.00035130977630615234
6286 12073 0.0003598034381866455
6287 12362 0.00036841630935668945
6288 12668 0.0003775358200073242
6289 12998 0.00038737058639526367
6290 13292 0.0003961324691772461
6291 13614 0.000405728816986084
6292 13931 0.0004151761531829834
6293 14254 0.000424802303314209
6294 14600 0.00043511390686035156
6295 14987 0.00044664740562438965
6296 15270 0.0004550814628601074
6297 15625 0.00046566128730773926
6298 16052 0.00047838687896728516
6299 16393 0.0004885494709014893
6300 16746 0.0004990696907043457
6301 17172 0.0005117654800415039
6302 17552 0.0005230903625488281
6303 17935 0.0005345046520233154
6304 18386 0.000547945499420166
6305 18836 0.0005613565444946289
6306 19249 0.0005736649036407471
6307 19686 0.0005866885185241699
6308 20144 0.0006003379821777344
6309 20602 0.0006139874458312988
6310 21037 0.0006269514560699463
6311 21516 0.0006412267684936523
6312 21999 0.0006556212902069092
6313 22427 0.0006683766841888428
6314 22885 0.0006820261478424072
6315 23424 0.000698089599609375
6316 23857 0.0007109940052032471
6317 24345 0.0007255375385284424
6318 24925 0.0007428228855133057
6319 25394 0.0007568001747131348
6320 25921 0.0007725059986114502
6321 26476 0.0007890462875366211
6322 27023 0.0008053481578826904
6323 27596 0.0008224248886108398
6324 28144 0.0008387565612792969
6325 28727 0.0008561313152313232
6326 29297 0.0008731186389923096
6327 29853 0.0008896887302398682
6328 30470 0.0009080767631530762
6329 31047 0.0009252727031707764
6330 31592 0.0009415149688720703
6331 32239 0.0009607970714569092
6332 32937 0.0009815990924835205
6333 33529 0.0009992420673370361
6334 34155 0.0010178983211517334
6335 34885 0.001039654016494751
6336 35455 0.0010566413402557373
6337 36077 0.0010751783847808838
6338 36791 0.0010964572429656982
6339 37425 0.001115351915359497
6340 38064 0.0011343955993652344
6341 38767 0.0011553466320037842
6342 39423 0.0011748969554901123
6343 40125 0.0011958181858062744
6344 40791 0.0012156665325164795
6345 41512 0.0012371540069580078
6346 42154 0.0012562870979309082
6347 42848 0.0012769699096679688
6348 43529 0.0012972652912139893
6349 44265 0.001319199800491333
6350 44945 0.0013394653797149658
6351 45652 0.0013605356216430664
6352 46440 0.0013840198516845703
6353 47108 0.0014039278030395508
6354 47746 0.0014229416847229004
6355 48589 0.0014480650424957275
6356 49274 0.0014684796333312988
6357 49942 0.0014883875846862793
6358 50750 0.0015124678611755371
6359 51498 0.0015347599983215332
6360 52172 0.0015548467636108398
6361 52929 0.0015774071216583252
6362 53707 0.0016005933284759521
6363 54397 0.001621156930923462
6364 55153 0.0016436874866485596
6365 55977 0.0016682446002960205
6366 56712 0.0016901493072509766
6367 57413 0.001711040735244751
6368 58172 0.0017336606979370117
6369 58960 0.0017571449279785156
6370 59681 0.001778632402420044
6371 60369 0.0017991364002227783
6372 61164 0.001822829246520996
6373 61822 0.0018424391746520996
6374 62520 0.001863241195678711
6375 63398 0.0018894076347351074
6376 64113 0.0019107162952423096
6377 64773 0.0019303858280181885
6378 65592 0.001954793930053711
6379 66371 0.0019780099391937256
6380 67130 0.0020006299018859863
6381 67874 0.0020228028297424316
6382 68668 0.0020464658737182617
6383 69348 0.0020667314529418945
6384 70050 0.0020876526832580566
6385 70821 0.0021106302738189697
6386 71533 0.002131849527359009
6387 72257 0.0021534264087677
6388 72940 0.002173781394958496
6389 73748 0.002197861671447754
6390 74420 0.002217888832092285
6391 75104 0.0022382736206054688
6392 75943 0.002263277769088745
6393 76626 0.002283632755279541
6394 77301 0.0023037493228912354
6395 78062 0.0023264288902282715
6396 78766 0.002347409725189209
6397 79414 0.0023667216300964355
6398 80105 0.002387315034866333
6399 80866 0.002409994602203369
6400 81540 0.0024300813674926758
6401 82239 0.002450913190841675
6402 83003 0.002473682165145874
6403 83723 0.0024951398372650146
6404 84338 0.0025134682655334473
6405 84999 0.002533167600631714
6406 85742 0.0025553107261657715
6407 86395 0.0025747716426849365
6408 86999 0.0025927722454071045
6409 87759 0.002615422010421753
6410 88400 0.0026345252990722656
6411 88987 0.0026520192623138428
6412 89737 0.0026743710041046143
6413 90380 0.0026935338973999023
6414 90958 0.0027107596397399902
6415 91657 0.0027315914630889893
6416 92347 0.002752155065536499
6417 92928 0.00276947021484375
6418 93501 0.0027865469455718994
6419 94149 0.002805858850479126
6420 94735 0.0028233230113983154
6421 95321 0.002840787172317505
6422 95917 0.0028585493564605713
6423 96557 0.0028776228427886963
6424 97173 0.0028959810733795166
6425 97789 0.002914339303970337
6426 98415 0.002932995557785034
6427 98959 0.0029492080211639404
6428 99464 0.0029642581939697266
6429 100097 0.0029831230640411377
6430 100670 0.003000199794769287
6431 101231 0.003016918897628784
6432 101804 0.0030339956283569336
6433 102396 0.0030516386032104492
6434 102922 0.003067314624786377
6435 103501 0.0030845701694488525
6436 104104 0.003102540969848633
6437 104584 0.0031168460845947266
6438 105130 0.003133118152618408
6439 105746 0.0031514763832092285
6440 106290 0.0031676888465881348
6441 106819 0.0031834542751312256
6442 107353 0.003199368715286255
6443 107924 0.003216385841369629
6444 108431 0.0032314956188201904
6445 108918 0.003246009349822998
6446 109527 0.0032641589641571045
6447 110043 0.0032795369625091553
6448 110521 0.0032937824726104736
6449 111095 0.0033108890056610107
6450 111670 0.0033280253410339355
6451 112148 0.003342270851135254
6452 112668 0.0033577680587768555
6453 113250 0.003375113010406494
6454 113733 0.003389507532119751
6455 114235 0.003404468297958374
6456 114796 0.003421187400817871
6457 115312 0.003436565399169922
6458 115836 0.0034521818161010742
6459 116398 0.003468930721282959
6460 116967 0.0034858882427215576
6461 117471 0.003500908613204956
6462 117963 0.003515571355819702
6463 118524 0.0035322904586791992
6464 119064 0.0035483837127685547
6465 119532 0.003562331199645996
6466 120102 0.0035793185234069824
6467 120558 0.0035929083824157715
6468 121035 0.003607124090194702
6469 121553 0.0036225616931915283
6470 122108 0.0036391019821166992
6471 122568 0.003652811050415039
6472 123081 0.0036680996417999268
6473 123642 0.003684818744659424
6474 124124 0.003699183464050293
6475 124624 0.0037140846252441406
6476 125221 0.0037318766117095947
6477 125724 0.0037468671798706055
6478 126246 0.0037624239921569824
6479 126784 0.0037784576416015625
6480 127282 0.0037932991981506348
6481 127758 0.0038074851036071777
6482 128209 0.0038209259510040283
6483 128820 0.00383913516998291
6484 129373 0.0038556158542633057
6485 129850 0.0038698315620422363
6486 130411 0.0038865506649017334
6487 130952 0.0039026737213134766
6488 131413 0.003916412591934204
6489 131922 0.003931581974029541
6490 132532 0.003949761390686035
6491 132980 0.003963112831115723
6492 133441 0.00397685170173645
6493 134025 0.003994256258010864
6494 134504 0.00400853157043457
6495 135007 0.004023522138595581
6496 135568 0.004040241241455078
6497 136075 0.00405535101890564
6498 136574 0.0040702223777771
6499 137115 0.004086345434188843
6500 137660 0.004102587699890137
6501 138175 0.0041179358959198
6502 138651 0.004132121801376343
6503 139216 0.004148960113525391
6504 139780 0.004165768623352051
6505 140259 0.004180043935775757
6506 140763 0.004195064306259155
6507 141364 0.00421297550201416
6508 141831 0.004226893186569214
6509 142333 0.004241853952407837
6510 142997 0.004261642694473267
6511 143489 0.004276305437088013
6512 143994 0.004291355609893799
6513 144547 0.004307836294174194
6514 145059 0.004323095083236694
6515 145543 0.004337519407272339
6516 146047 0.004352539777755737
6517 146602 0.004369080066680908
6518 147124 0.004384636878967285
6519 147622 0.004399478435516357
6520 148203 0.004416793584823608
6521 148724 0.004432320594787598
6522 149213 0.004446893930435181
6523 149768 0.0044634342193603516
6524 150370 0.004481375217437744
6525 150881 0.0044966042041778564
6526 151373 0.0045112669467926025
6527 152014 0.004530370235443115
6528 152513 0.004545241594314575
6529 153046 0.004561126232147217
6530 153677 0.0045799314975738525
6531 154197 0.004595428705215454
6532 154763 0.00461229681968689
6533 155341 0.0046295225620269775
6534 155892 0.004645943641662598
6535 156412 0.004661440849304199
6536 156972 0.004678130149841309
6537 157608 0.004697084426879883
6538 158176 0.004714012145996094
6539 158739 0.004730790853500366
6540 159359 0.004749268293380737
6541 159970 0.004767477512359619
6542 160513 0.004783660173416138
6543 161057 0.004799872636795044
6544 161675 0.00481829047203064
6545 162204 0.0048340559005737305
6546 162764 0.00485074520111084
6547 163465 0.004871636629104614
6548 163991 0.004887312650680542
6549 164514 0.004902899265289307
6550 165169 0.004922419786453247
6551 165796 0.004941105842590332
6552 166432 0.004960060119628906
6553 167075 0.004979223012924194
6554 167674 0.004997074604034424
6555 168256 0.0050144195556640625
6556 168906 0.0050337910652160645
6557 169547 0.005052894353866577
6558 170158 0.005071103572845459
6559 170719 0.005087822675704956
6560 171360 0.005106925964355469
6561 172012 0.005126357078552246
6562 172622 0.00514453649520874
6563 173183 0.005161255598068237
6564 173888 0.0051822662353515625
6565 174486 0.005200088024139404
6566 175077 0.005217701196670532
6567 175825 0.005239993333816528
6568 176518 0.005260646343231201
6569 177158 0.005279719829559326
6570 177905 0.005301982164382935
6571 178559 0.005321472883224487
6572 179221 0.005341202020645142
6573 179875 0.005360692739486694
6574 180637 0.005383402109146118
6575 181301 0.005403190851211548
6576 182022 0.005424678325653076
6577 182730 0.0054457783699035645
6578 183467 0.005467742681503296
6579 184184 0.0054891109466552734
6580 184905 0.005510598421096802
6581 185704 0.00553441047668457
6582 186387 0.005554765462875366
6583 187125 0.005576759576797485
6584 188022 0.005603492259979248
6585 188797 0.005626589059829712
6586 189526 0.005648314952850342
6587 190453 0.005675941705703735
6588 191276 0.005700469017028809
6589 192105 0.005725175142288208
6590 192957 0.005750566720962524
6591 193868 0.005777716636657715
6592 194744 0.005803823471069336
6593 195513 0.005826741456985474
6594 196378 0.00585252046585083
6595 197255 0.005878657102584839
6596 198125 0.005904585123062134
6597 199019 0.005931228399276733
6598 200019 0.005961030721664429
6599 200927 0.005988091230392456
6600 201856 0.006015777587890625
6601 202985 0.006049424409866333
6602 203918 0.006077229976654053
6603 204769 0.0061025917530059814
6604 205896 0.006136178970336914
6605 206909 0.006166368722915649
6606 207846 0.00619429349899292
6607 208879 0.006225079298019409
6608 209957 0.006257206201553345
6609 210937 0.006286412477493286
6610 212004 0.006318211555480957
6611 213210 0.006354153156280518
6612 214237 0.006384760141372681
6613 215394 0.006419241428375244
6614 216528 0.006453037261962891
6615 217644 0.006486296653747559
6616 218841 0.00652197003364563
6617 219999 0.006556481122970581
6618 221309 0.006595522165298462
6619 222456 0.0066297054290771484
6620 223533 0.006661802530288696
6621 224945 0.006703883409500122
6622 226157 0.006740003824234009
6623 227290 0.006773769855499268
6624 228638 0.006813943386077881
6625 229940 0.00685274600982666
6626 231074 0.006886541843414307
6627 232375 0.006925314664840698
6628 233801 0.006967812776565552
6629 235036 0.0070046186447143555
6630 236350 0.007043778896331787
6631 237791 0.007086724042892456
6632 239113 0.007126122713088989
6633 240512 0.007167816162109375
6634 241884 0.007208704948425293
6635 243371 0.007253021001815796
6636 244819 0.007296174764633179
6637 246171 0.007336467504501343
6638 247787 0.007384628057479858
6639 249203 0.007426828145980835
6640 250572 0.00746762752532959
6641 252245 0.007517486810684204
6642 253785 0.007563382387161255
6643 255187 0.007605165243148804
6644 256907 0.00765642523765564
6645 258576 0.007706165313720703
6646 259989 0.007748275995254517
6647 261599 0.007796257734298706
6648 263364 0.007848858833312988
6649 264907 0.007894843816757202
6650 266532 0.007943272590637207
6651 268243 0.007994264364242554
6652 269928 0.00804448127746582
6653 271619 0.008094877004623413
6654 273230 0.00814288854598999
6655 275108 0.008198857307434082
6656 276810 0.00824958086013794
6657 278357 0.008295685052871704
6658 280256 0.008352279663085938
6659 282096 0.008407115936279297
6660 283725 0.008455663919448853
6661 285557 0.00851026177406311
6662 287429 0.008566051721572876
6663 289097 0.008615761995315552
6664 290971 0.008671611547470093
6665 292988 0.008731722831726074
6666 294778 0.008785068988800049
6667 296693 0.008842140436172485
6668 298687 0.00890156626701355
6669 300555 0.008957237005233765
6670 302426 0.009012997150421143
6671 304297 0.00906875729560852
6672 306352 0.009130001068115234
6673 308315 0.00918850302696228
6674 310133 0.00924268364906311
6675 312225 0.009305030107498169
6676 314203 0.00936397910118103
6677 315989 0.009417206048965454
6678 318129 0.009480983018875122
6679 320178 0.00954204797744751
6680 321991 0.009596079587936401
6681 324058 0.009657680988311768
6682 326212 0.009721875190734863
6683 328109 0.009778410196304321
6684 330049 0.00983622670173645
6685 332278 0.009902656078338623
6686 334185 0.009959489107131958
6687 336285 0.010022073984146118
6688 338487 0.010087698698043823
6689 340616 0.010151147842407227
6690 342728 0.010214090347290039
6691 344814 0.010276257991790771
6692 347060 0.010343194007873535
6693 349263 0.010408848524093628
6694 351280 0.01046895980834961
6695 353568 0.010537147521972656
6696 355892 0.01060640811920166
6697 357934 0.010667264461517334
6698 360151 0.010733336210250854
6699 362519 0.010803908109664917
6700 364579 0.01086530089378357
6701 366787 0.0109311044216156
6702 369441 0.011010199785232544
6703 371563 0.011073440313339233
6704 373698 0.011137068271636963
6705 376251 0.011213153600692749
6706 378479 0.011279553174972534
6707 380732 0.011346697807312012
6708 383090 0.011416971683502197
6709 385591 0.011491507291793823
6710 387958 0.011562049388885498
6711 390220 0.011629462242126465
6712 392960 0.01171112060546875
6713 395469 0.011785894632339478
6714 397693 0.011852174997329712
6715 400274 0.011929094791412354
6716 402988 0.012009978294372559
6717 405312 0.012079238891601562
6718 407860 0.01215517520904541
6719 410711 0.01224014163017273
6720 413087 0.012310951948165894
6721 415640 0.01238703727722168
6722 418534 0.01247328519821167
6723 421048 0.012548208236694336
6724 423732 0.01262819766998291
6725 426530 0.012711584568023682
6726 429252 0.012792706489562988
6727 431976 0.01287388801574707
6728 434732 0.012956023216247559
6729 437858 0.013049185276031494
6730 440579 0.013130277395248413
6731 443270 0.013210475444793701
6732 446313 0.013301163911819458
6733 449335 0.013391226530075073
6734 452095 0.013473480939865112
6735 455063 0.013561934232711792
6736 458377 0.013660699129104614
6737 461102 0.013741910457611084
6738 463968 0.013827323913574219
6739 467534 0.01393359899520874
6740 470331 0.014016956090927124
6741 473234 0.014103472232818604
6742 476703 0.014206856489181519
6743 479803 0.014299243688583374
6744 482895 0.014391392469406128
6745 486139 0.014488071203231812
6746 489538 0.014589369297027588
6747 492814 0.014687001705169678
6748 496044 0.014783263206481934
6749 499703 0.01489230990409851
6750 503118 0.01499408483505249
6751 506318 0.015089452266693115
6752 509793 0.015193015336990356
6753 513495 0.015303343534469604
6754 516643 0.01539716124534607
6755 520050 0.015498697757720947
6756 524096 0.015619277954101562
6757 527382 0.01571720838546753
6758 530893 0.015821844339370728
6759 535006 0.01594442129135132
6760 538443 0.016046851873397827
6761 542056 0.01615452766418457
6762 545949 0.016270548105239868
6763 549773 0.016384512186050415
6764 553615 0.01649901270866394
6765 557436 0.016612887382507324
6766 561696 0.016739845275878906
6767 565562 0.016855061054229736
6768 569478 0.01697176694869995
6769 573737 0.017098695039749146
6770 577962 0.017224609851837158
6771 581978 0.017344295978546143
6772 586040 0.01746535301208496
6773 590713 0.01760461926460266
6774 594775 0.01772567629814148
6775 598752 0.017844200134277344
6776 604034 0.01800161600112915
6777 608181 0.018125206232070923
6778 612327 0.018248766660690308
6779 617357 0.018398672342300415
6780 621878 0.018533408641815186
6781 626270 0.018664300441741943
6782 631052 0.018806815147399902
6783 636135 0.018958300352096558
6784 640845 0.019098669290542603
6785 645558 0.01923912763595581
6786 650788 0.019394993782043457
6787 655951 0.019548863172531128
6788 661040 0.01970052719116211
6789 666418 0.019860804080963135
6790 672089 0.020029813051223755
6791 677211 0.02018246054649353
6792 682375 0.02033635973930359
6793 688909 0.02053108811378479
6794 694341 0.02069297432899475
6795 699645 0.020851045846939087
6796 706405 0.021052509546279907
6797 712235 0.02122625708580017
6798 718171 0.02140316367149353
6799 724751 0.021599262952804565
6800 731386 0.021797001361846924
6801 737443 0.021977514028549194
6802 744002 0.022172987461090088
6803 751454 0.022395074367523193
6804 757847 0.02258560061454773
6805 764524 0.02278459072113037
6806 771678 0.022997796535491943
6807 779078 0.02321833372116089
6808 786151 0.023429125547409058
6809 793203 0.023639291524887085
6810 801498 0.023886501789093018
6811 808830 0.0241050124168396
6812 815791 0.024312466382980347
6813 824945 0.02458527684211731
6814 832510 0.024810731410980225
6815 839803 0.025028079748153687
6816 848991 0.02530190348625183
6817 857308 0.025549769401550293
6818 865245 0.02578631043434143
6819 874101 0.02605023980140686
6820 883391 0.02632710337638855
6821 891939 0.02658185362815857
6822 900876 0.026848196983337402
6823 910592 0.02713775634765625
6824 919793 0.027411967515945435
6825 928998 0.02768629789352417
6826 938463 0.027968376874923706
6827 948858 0.0282781720161438
6828 958536 0.028566598892211914
6829 967756 0.028841376304626465
6830 979360 0.02918720245361328
6831 988991 0.029474228620529175
6832 998464 0.029756546020507812
6833 1010197 0.03010621666908264
6834 1020686 0.030418813228607178
6835 1030546 0.030712664127349854
6836 1042211 0.03106030821800232
6837 1053922 0.03140932321548462
6838 1064349 0.03172007203102112
6839 1075803 0.03206142783164978
6840 1088491 0.03243955969810486
6841 1099760 0.0327754020690918
6842 1111379 0.03312167525291443
6843 1123758 0.03349059820175171
6844 1136087 0.033858031034469604
6845 1148143 0.03421732783317566
6846 1160273 0.0345788300037384
6847 1173869 0.03498402237892151
6848 1186251 0.03535303473472595
6849 1198173 0.035708338022232056
6850 1212886 0.03614681959152222
6851 1225874 0.036533892154693604
6852 1237944 0.036893606185913086
6853 1252605 0.03733053803443909
6854 1266950 0.037758052349090576
6855 1279620 0.038135647773742676
6856 1294570 0.03858119249343872
6857 1310331 0.039050906896591187
6858 1324063 0.03946015238761902
6859 1338916 0.03990280628204346
6860 1355156 0.04038679599761963
6861 1370355 0.04083976149559021
6862 1385904 0.041303157806396484
6863 1401847 0.04177829623222351
6864 1418852 0.04228508472442627
6865 1435294 0.042775094509124756
6866 1450901 0.04324021935462952
6867 1470247 0.04381677508354187
6868 1487566 0.044332921504974365
6869 1504158 0.044827401638031006
6870 1523912 0.04541611671447754
6871 1543421 0.04599753022193909
6872 1560990 0.046521127223968506
6873 1581322 0.04712706804275513
6874 1602895 0.04776999354362488
6875 1621827 0.048334211111068726
6876 1642778 0.04895859956741333
6877 1666492 0.04966533184051514
6878 1687392 0.05028820037841797
6879 1709990 0.05096167325973511
6880 1733729 0.051669150590896606
6881 1757688 0.0523831844329834
6882 1781621 0.05309644341468811
6883 1805885 0.05381956696510315
6884 1833615 0.05464598536491394
6885 1859755 0.055425018072128296
6886 1884793 0.05617120862007141
6887 1915493 0.05708613991737366
6888 1944706 0.0579567551612854
6889 1971714 0.058761656284332275
6890 2003518 0.05970948934555054
6891 2037130 0.06071120500564575
6892 2066264 0.06157946586608887
6893 2099190 0.06256073713302612
6894 2137416 0.06369996070861816
6895 2169365 0.06465211510658264
6896 2205384 0.06572556495666504
6897 2245208 0.06691241264343262
6898 2282588 0.06802642345428467
6899 2321993 0.0692007839679718
6900 2362847 0.0704183280467987
6901 2406517 0.07171979546546936
6902 2449383 0.07299730181694031
6903 2490343 0.07421800494194031
6904 2541087 0.07573029398918152
6905 2587691 0.07711920142173767
6906 2631975 0.07843896746635437
6907 2684502 0.08000439405441284
6908 2738623 0.0816173255443573
6909 2786584 0.08304667472839355
6910 2841110 0.08467167615890503
6911 2903034 0.08651715517044067
6912 2954742 0.08805817365646362
6913 3012201 0.08977058529853821
6914 3079312 0.09177064895629883
6915 3136820 0.09348452091217041
6916 3199831 0.09536239504814148
6917 3267667 0.09738406538963318
6918 3334737 0.0993829071521759
6919 3402797 0.10141125321388245
6920 3471164 0.10344874858856201
6921 3548170 0.10574370622634888
6922 3622464 0.10795783996582031
6923 3693395 0.11007174849510193
6924 3776769 0.11255648732185364
6925 3859647 0.11502644419670105
6926 3935753 0.11729457974433899
6927 4020953 0.11983373761177063
6928 4114827 0.12263140082359314
6929 4195664 0.12504053115844727
6930 4282734 0.1276354193687439
6931 4389550 0.13081878423690796
6932 4475362 0.13337618112564087
6933 4569161 0.1361716091632843
6934 4676347 0.1393660008907318
6935 4774308 0.14228546619415283
6936 4876779 0.14533933997154236
6937 4983469 0.14851894974708557
6938 5096008 0.15187287330627441
6939 5205326 0.1551308035850525
6940 5312791 0.15833351016044617
6941 5437918 0.16206258535385132
6942 5556453 0.16559520363807678
6943 5669156 0.1689540147781372
6944 5794569 0.17269161343574524
6945 5927871 0.1766643226146698
6946 6044934 0.18015307188034058
6947 6171458 0.18392378091812134
6948 6322536 0.18842625617980957
6949 6445547 0.19209226965904236
6950 6576878 0.19600623846054077
6951 6735618 0.20073705911636353
6952 6869412 0.20472443103790283
6953 7010498 0.2089291214942932
6954 7164349 0.21351423859596252
6955 7314556 0.21799075603485107
6956 7463438 0.22242778539657593
6957 7613563 0.2269018590450287
6958 7781053 0.23189345002174377
6959 7936496 0.2365260124206543
6960 8089507 0.24108609557151794
6961 8260674 0.2461872696876526
6962 8432090 0.25129586458206177
6963 8589458 0.2559857964515686
6964 8757081 0.26098135113716125
6965 8948251 0.26667866110801697
6966 9110028 0.27149999141693115
6967 9274842 0.27641183137893677
6968 9484697 0.28266599774360657
6969 9649758 0.28758519887924194
6970 9822229 0.29272523522377014
6971 10024520 0.2987539768218994
6972 10206306 0.304171621799469
6973 10386794 0.30955058336257935
6974 10579439 0.3152918517589569
6975 10777807 0.32120367884635925
6976 10965891 0.32680901885032654
6977 11153442 0.3323984742164612
6978 11362140 0.3386181592941284
6979 11558091 0.3444579541683197
6980 11748627 0.3501363694667816
6981 11949227 0.3561147153377533
6982 12163687 0.36250612139701843
6983 12353218 0.3681545853614807
6984 12545291 0.3738788068294525
6985 12778300 0.380823016166687
6986 12967661 0.3864664137363434
6987 13158665 0.39215877652168274
6988 13392359 0.3991234004497528
6989 13588157 0.4049586355686188
6990 13784036 0.41079628467559814
6991 14003512 0.41733717918395996
6992 14213994 0.42361003160476685
6993 14413633 0.42955973744392395
6994 14617901 0.4356473982334137
6995 14840398 0.44227832555770874
6996 15041590 0.44827431440353394
6997 15242495 0.45426174998283386
6998 15456887 0.46065112948417664
6999 15670841 0.4670274555683136
7000 15869818 0.47295743227005005
7001 16069904 0.47892045974731445
7002 16298335 0.4857282340526581
7003 16491616 0.4914884567260742
7004 16678655 0.49706265330314636
7005 16915926 0.5041338801383972
7006 17105847 0.5097939670085907
7007 17293457 0.5153851807117462
7008 17513397 0.5219399034976959
7009 17711896 0.527855634689331
7010 17899283 0.5334402024745941
7011 18102003 0.5394817292690277
7012 18307664 0.5456109046936035
7013 18493704 0.5511553287506104
7014 18684034 0.5568276047706604
7015 18887680 0.562896728515625
7016 19075620 0.5684977769851685
7017 19261283 0.5740309655666351
7018 19447786 0.5795891880989075
7019 19645361 0.5854773819446564
7020 19824505 0.5908162891864777
7021 19993611 0.5958560407161713
7022 20200938 0.602034866809845
7023 20370076 0.607075572013855
7024 20531570 0.6118884682655334
7025 20729001 0.6177723705768585
7026 20898220 0.6228154897689819
7027 21056826 0.6275423169136047
7028 21235483 0.6328667104244232
7029 21406755 0.6379710137844086
7030 21561446 0.6425811648368835
7031 21721797 0.6473599970340729
7032 21895907 0.6525488793849945
7033 22045709 0.657013326883316
7034 22197979 0.6615513265132904
7035 22354587 0.6662186086177826
7036 22507465 0.6707747280597687
7037 22653028 0.6751128435134888
7038 22792904 0.67928147315979
7039 22949854 0.6839589476585388
7040 23086948 0.6880446672439575
7041 23213395 0.6918130815029144
7042 23370288 0.6964888572692871
7043 23499294 0.7003335356712341
7044 23619643 0.7039202153682709
7045 23760089 0.7081058323383331
7046 23888270 0.7119259238243103
7047 24003129 0.7153489887714386
7048 24127754 0.7190631031990051
7049 24255856 0.7228808403015137
7050 24365640 0.7261526584625244
7051 24479106 0.7295342087745667
7052 24598786 0.733100950717926
7053 24707002 0.7363260388374329
7054 24812868 0.7394810914993286
7055 24918254 0.7426218390464783
7056 25026397 0.7458447515964508
7057 25127228 0.7488497495651245
7058 25218663 0.7515747249126434
7059 25327475 0.7548175752162933
7060 25419647 0.757564514875412
7061 25504415 0.7600907981395721
7062 25604802 0.7630825638771057
7063 25694107 0.7657440602779388
7064 25772940 0.768093466758728
7065 25862375 0.7707588374614716
7066 25949349 0.773350864648819
7067 26023639 0.7755648791790009
7068 26102292 0.7779089212417603
7069 26187068 0.7804354429244995
7070 26258043 0.7825506627559662
7071 26331335 0.7847349345684052
7072 26405195 0.7869361340999603
7073 26476210 0.7890525460243225
7074 26543985 0.7910723984241486
7075 26608031 0.7929811179637909
7076 26678320 0.7950758934020996
7077 26741425 0.7969565689563751
7078 26797669 0.7986327707767487
7079 26865038 0.8006405234336853
7080 26924939 0.8024257123470306
7081 26977520 0.803992748260498
7082 27037996 0.8057950735092163
7083 27096341 0.8075338900089264
7084 27145989 0.8090135157108307
7085 27199116 0.8105968236923218
7086 27255555 0.8122788369655609
7087 27301694 0.8136538863182068
7088 27350027 0.8150943219661713
7089 27401799 0.816637247800827
7090 27447676 0.8180044889450073
7091 27493595 0.8193729817867279
7092 27538728 0.8207180500030518
7093 27584907 0.8220942914485931
7094 27627702 0.8233696818351746
7095 27667083 0.8245433270931244
7096 27712667 0.8259018361568451
7097 27753535 0.8271197974681854
7098 27789687 0.8281972110271454
7099 27831632 0.8294472694396973
7100 27871557 0.830637127161026
7101 27905837 0.8316587507724762
7102 27943696 0.832787036895752
7103 27983149 0.8339628279209137
7104 28015661 0.8349317610263824
7105 28049952 0.8359537124633789
7106 28088063 0.8370895087718964
7107 28119838 0.8380364775657654
7108 28152476 0.839009165763855
7109 28186767 0.8400311172008514
7110 28219348 0.8410021066665649
7111 28250716 0.8419369459152222
7112 28281145 0.8428438007831573
7113 28314931 0.843850702047348
7114 28345220 0.8447533845901489
7115 28373121 0.845584899187088
7116 28405269 0.8465429842472076
7117 28435563 0.8474458158016205
7118 28462055 0.8482353389263153
7119 28491624 0.8491165637969971
7120 28522721 0.8500433266162872
7121 28548584 0.8508141040802002
7122 28576290 0.8516398072242737
7123 28607701 0.8525759279727936
7124 28632905 0.853327065706253
7125 28659730 0.854126513004303
7126 28688883 0.8549953401088715
7127 28714444 0.8557571172714233
7128 28740483 0.8565331399440765
7129 28766981 0.8573228418827057
7130 28794284 0.8581365346908569
7131 28819691 0.8588937222957611
7132 28844260 0.8596259355545044
7133 28872069 0.8604547083377838
7134 28897666 0.8612175583839417
7135 28921437 0.8619259893894196
7136 28947390 0.8626994490623474
7137 28974806 0.8635165095329285
7138 28997309 0.8641871511936188
7139 29021516 0.8649085760116577
7140 29049429 0.8657404482364655
7141 29071965 0.8664120733737946
7142 29095441 0.8671117126941681
7143 29122895 0.8679299056529999
7144 29145418 0.8686011433601379
7145 29168909 0.8693012297153473
7146 29193947 0.8700474202632904
7147 29217915 0.8707617223262787
7148 29241201 0.8714556992053986
7149 29264041 0.8721363842487335
7150 29289130 0.8728840947151184
7151 29311905 0.8735628426074982
7152 29334048 0.8742227554321289
7153 29358673 0.8749566376209259
7154 29382949 0.8756801187992096
7155 29404473 0.8763215839862823
7156 29427166 0.8769978880882263
7157 29452197 0.8777438700199127
7158 29472973 0.8783630430698395
7159 29494465 0.8790035545825958
7160 29520946 0.8797927498817444
7161 29541351 0.8804008662700653
7162 29562757 0.8810388147830963
7163 29587243 0.8817685544490814
7164 29609028 0.8824177980422974
7165 29630670 0.8830627799034119
7166 29653036 0.8837293386459351
7167 29675843 0.8844090402126312
7168 29697208 0.8850457668304443
7169 29718249 0.8856728374958038
7170 29741571 0.8863678872585297
7171 29763426 0.8870192170143127
7172 29783849 0.8876278698444366
7173 29805543 0.8882744014263153
7174 29828437 0.8889566957950592
7175 29847890 0.889536440372467
7176 29867993 0.8901355564594269
7177 29892564 0.8908678293228149
7178 29911329 0.89142706990242
7179 29930874 0.8920095562934875
7180 29954658 0.8927183747291565
7181 29974246 0.8933021426200867
7182 29993904 0.893887996673584
7183 30015396 0.8945285081863403
7184 30035790 0.895136296749115
7185 30055264 0.895716667175293
7186 30074938 0.8963029980659485
7187 30096353 0.896941214799881
7188 30115957 0.8975254595279694
7189 30134713 0.898084431886673
7190 30155298 0.8986979126930237
7191 30175619 0.899303525686264
7192 30194023 0.8998520076274872
7193 30212993 0.9004173576831818
7194 30234792 0.9010670185089111
7195 30252775 0.9016029536724091
7196 30270310 0.9021255373954773
7197 30293029 0.9028026163578033
7198 30310331 0.9033182561397552
7199 30328162 0.9038496613502502
7200 30348807 0.9044649302959442
7201 30367005 0.9050072729587555
7202 30384597 0.9055315554141998
7203 30403483 0.9060944020748138
7204 30422486 0.9066607356071472
7205 30440053 0.9071842730045319
7206 30457601 0.9077072441577911
7207 30476889 0.908282071352005
7208 30494957 0.9088205397129059
7209 30512293 0.909337192773819
7210 30530148 0.9098693132400513
7211 30548928 0.9104290008544922
7212 30565816 0.9109323024749756
7213 30582224 0.9114212989807129
7214 30602373 0.9120217859745026
7215 30618708 0.9125086069107056
7216 30634415 0.9129767119884491
7217 30654466 0.9135742783546448
7218 30670693 0.9140578806400299
7219 30686561 0.9145307838916779
7220 30704675 0.9150706231594086
7221 30721757 0.9155797064304352
7222 30737743 0.9160561263561249
7223 30754199 0.9165465533733368
7224 30772083 0.9170795381069183
7225 30788054 0.9175555109977722
7226 30804053 0.918032318353653
7227 30820944 0.9185357093811035
7228 30837527 0.9190299212932587
7229 30853243 0.9194982945919037
7230 30868964 0.9199668169021606
7231 30886888 0.9205009937286377
7232 30902221 0.9209579527378082
7233 30916533 0.9213844835758209
7234 30934970 0.9219339489936829
7235 30949826 0.9223766922950745
7236 30964019 0.922799676656723
7237 30981149 0.9233101904392242
7238 30996606 0.9237708449363708
7239 31010984 0.9241993427276611
7240 31026769 0.9246697723865509
7241 31042739 0.9251457154750824
7242 31057013 0.9255711138248444
7243 31071923 0.9260154664516449
7244 31087903 0.9264917075634003
7245 31102514 0.9269271492958069
7246 31117171 0.9273639619350433
7247 31132079 0.9278082549571991
7248 31147632 0.9282717704772949
7249 31161884 0.9286965131759644
7250 31175546 0.929103672504425
7251 31192317 0.9296034872531891
7252 31206282 0.9300196766853333
7253 31219540 0.9304147958755493
7254 31235677 0.9308957159519196
7255 31249609 0.9313109219074249
7256 31262476 0.9316943883895874
7257 31277584 0.9321446418762207
7258 31291947 0.9325726926326752
7259 31304959 0.9329604804515839
7260 31318864 0.9333748817443848
7261 31333973 0.9338251650333405
7262 31346870 0.9342095255851746
7263 31360469 0.9346148073673248
7264 31374436 0.9350310564041138
7265 31388179 0.9354406297206879
7266 31401248 0.9358301162719727
7267 31414003 0.9362102448940277
7268 31428449 0.9366407692432404
7269 31441339 0.9370249211788177
7270 31453443 0.9373856484889984
7271 31468312 0.937828779220581
7272 31481119 0.9382104575634003
7273 31492899 0.9385615289211273
7274 31506978 0.9389811158180237
7275 31519811 0.939363569021225
7276 31531663 0.9397167861461639
7277 31544772 0.9401074647903442
7278 31558558 0.940518319606781
7279 31570245 0.940866619348526
7280 31582693 0.941237598657608
7281 31595936 0.9416322708129883
7282 31607873 0.9419880211353302
7283 31620072 0.9423515796661377
7284 31632447 0.9427203834056854
7285 31645153 0.9430990517139435
7286 31657133 0.9434560835361481
7287 31668354 0.9437904953956604
7288 31681833 0.9441922008991241
7289 31693399 0.9445368945598602
7290 31704239 0.9448599517345428
7291 31717258 0.9452479481697083
7292 31729460 0.9456115961074829
7293 31740227 0.9459324777126312
7294 31752447 0.9462966620922089
7295 31764866 0.9466667771339417
7296 31775299 0.9469777047634125
7297 31786857 0.9473221600055695
7298 31799319 0.9476935565471649
7299 31809909 0.9480091631412506
7300 31821040 0.948340892791748
7301 31832663 0.9486872851848602
7302 31843827 0.9490199983119965
7303 31854858 0.9493487477302551
7304 31865406 0.9496631026268005
7305 31877337 0.9500186741352081
7306 31887982 0.9503359198570251
7307 31897872 0.9506306648254395
7308 31909455 0.9509758651256561
7309 31920128 0.9512939453125
7310 31929784 0.9515817165374756
7311 31940791 0.951909750699997
7312 31951921 0.952241450548172
7313 31961256 0.9525196552276611
7314 31971653 0.952829509973526
7315 31982894 0.9531645178794861
7316 31992073 0.9534380733966827
7317 32002042 0.9537351727485657
7318 32012725 0.9540535509586334
7319 32022237 0.9543370306491852
7320 32031902 0.9546250700950623
7321 32041590 0.9549137949943542
7322 32051612 0.9552124738693237
7323 32060991 0.9554919898509979
7324 32069915 0.9557579457759857
7325 32080442 0.956071674823761
7326 32089815 0.9563510119915009
7327 32098291 0.956603616476059
7328 32108131 0.9568968713283539
7329 32117732 0.9571830034255981
7330 32126180 0.9574347734451294
7331 32135590 0.9577152132987976
7332 32145516 0.9580110311508179
7333 32153540 0.9582501649856567
7334 32162310 0.9585115313529968
7335 32172074 0.9588025212287903
7336 32180275 0.9590469300746918
7337 32188862 0.9593028426170349
7338 32197895 0.959572046995163
7339 32206459 0.9598272740840912
7340 32214931 0.9600797593593597
7341 32223166 0.9603251814842224
7342 32232034 0.9605894684791565
7343 32240204 0.960832953453064
7344 32247896 0.9610621929168701
7345 32256581 0.9613210260868073
7346 32264674 0.9615622162818909
7347 32271929 0.9617784321308136
7348 32280167 0.9620239436626434
7349 32288757 0.9622799456119537
7350 32295877 0.9624921381473541
7351 32303462 0.9627181887626648
7352 32312324 0.9629822969436646
7353 32319161 0.9631860554218292
7354 32326525 0.9634055197238922
7355 32334652 0.963647723197937
7356 32341779 0.9638601243495941
7357 32349137 0.9640794098377228
7358 32356293 0.9642926752567291
7359 32363884 0.9645189046859741
7360 32370919 0.9647285640239716
7361 32377503 0.9649247825145721
7362 32385089 0.9651508629322052
7363 32392072 0.9653589725494385
7364 32398514 0.96555095911026
7365 32405528 0.9657599925994873
7366 32412813 0.9659771025180817
7367 32419000 0.9661614894866943
7368 32425532 0.9663561582565308
7369 32432966 0.9665777087211609
7370 32438988 0.9667571783065796
7371 32445144 0.9669406414031982
7372 32452523 0.967160552740097
7373 32458515 0.9673391282558441
7374 32464665 0.9675224125385284
7375 32471399 0.9677231013774872
7376 32477390 0.9679016470909119
7377 32483460 0.9680825471878052
7378 32489459 0.968261331319809
7379 32495936 0.9684543609619141
7380 32501871 0.968631237745285
7381 32507478 0.9687983393669128
7382 32513664 0.9689826965332031
7383 32519466 0.9691556096076965
7384 32524887 0.9693171679973602
7385 32530653 0.9694890081882477
7386 32536933 0.9696761667728424
7387 32542206 0.9698333144187927
7388 32547470 0.9699901938438416
7389 32553894 0.9701816439628601
7390 32558884 0.9703303575515747
7391 32564099 0.9704857766628265
7392 32570083 0.9706641137599945
7393 32575169 0.9708156883716583
7394 32580152 0.9709641933441162
7395 32585657 0.9711282551288605
7396 32590930 0.9712854027748108
7397 32595899 0.9714334905147552
7398 32600796 0.9715794324874878
7399 32606147 0.9717389047145844
7400 32610997 0.9718834459781647
7401 32615745 0.9720249474048615
7402 32620616 0.9721701145172119
7403 32625853 0.9723261892795563
7404 32630349 0.9724601805210114
7405 32634764 0.972591757774353
7406 32640132 0.9727517366409302
7407 32644352 0.9728775024414062
7408 32648587 0.9730037152767181
7409 32653856 0.9731607437133789
7410 32658049 0.9732857048511505
7411 32662203 0.973409503698349
7412 32666919 0.9735500514507294
7413 32671470 0.9736856818199158
7414 32675619 0.9738093316555023
7415 32679872 0.9739360809326172
7416 32684611 0.9740773141384125
7417 32688728 0.9742000102996826
7418 32692860 0.9743231534957886
7419 32697146 0.9744508862495422
7420 32701331 0.9745756089687347
7421 32705213 0.9746913015842438
7422 32709154 0.9748087525367737
7423 32713564 0.9749401807785034
7424 32717331 0.9750524461269379
7425 32720927 0.975159615278244
7426 32725441 0.9752941429615021
7427 32729010 0.9754005074501038
7428 32732675 0.9755097329616547
7429 32736886 0.9756352305412292
7430 32740662 0.9757477641105652
7431 32744195 0.9758530557155609
7432 32748052 0.9759680032730103
7433 32751902 0.9760827422142029
7434 32755446 0.9761883616447449
7435 32758973 0.9762934744358063
7436 32762779 0.9764069020748138
7437 32766325 0.9765125811100006
7438 32769786 0.9766157269477844
7439 32773175 0.9767167270183563
7440 32776856 0.9768264293670654
7441 32780168 0.9769251346588135
7442 32783317 0.9770189821720123
7443 32787257 0.9771364033222198
7444 32790460 0.9772318601608276
7445 32793565 0.9773243963718414
7446 32797288 0.9774353504180908
7447 32800466 0.9775300621986389
7448 32803502 0.977620542049408
7449 32806981 0.9777242243289948
7450 32810333 0.9778241217136383
7451 32813360 0.9779143333435059
7452 32816432 0.9780058860778809
7453 32819811 0.9781065881252289
7454 32822730 0.9781935811042786
7455 32825845 0.9782864153385162
7456 32828998 0.9783803820610046
7457 32832144 0.9784741401672363
7458 32835155 0.9785638749599457
7459 32838045 0.9786500036716461
7460 32841191 0.9787437617778778
7461 32844090 0.9788301587104797
7462 32846748 0.9789093732833862
7463 32850131 0.9790101945400238
7464 32852894 0.979092538356781
7465 32855476 0.979169487953186
7466 32858559 0.9792613685131073
7467 32861391 0.9793457686901093
7468 32864022 0.9794241786003113
7469 32866979 0.9795123040676117
7470 32869898 0.9795992970466614
7471 32872549 0.9796783030033112
7472 32875252 0.9797588586807251
7473 32878195 0.9798465669155121
7474 32880863 0.9799260795116425
7475 32883464 0.9800035953521729
7476 32886132 0.9800831079483032
7477 32888955 0.9801672399044037
7478 32891567 0.9802450835704803
7479 32894130 0.98032146692276
7480 32897088 0.9804096221923828
7481 32899625 0.9804852306842804
7482 32902000 0.9805560111999512
7483 32904820 0.9806400537490845
7484 32907353 0.9807155430316925
7485 32909732 0.9807864427566528
7486 32912400 0.9808659553527832
7487 32915038 0.9809445738792419
7488 32917459 0.9810167253017426
7489 32919837 0.9810875952243805
7490 32922557 0.981168657541275
7491 32924796 0.9812353849411011
7492 32927217 0.9813075363636017
7493 32929784 0.9813840389251709
7494 32932250 0.981457531452179
7495 32934654 0.981529176235199
7496 32936779 0.9815925061702728
7497 32939347 0.9816690385341644
7498 32941778 0.9817414879798889
7499 32943984 0.9818072319030762
7500 32946648 0.981886625289917
7501 32948940 0.9819549322128296
7502 32951033 0.982017308473587
7503 32953502 0.9820908904075623
7504 32955912 0.9821627140045166
7505 32957957 0.9822236597537994
7506 32960337 0.9822945892810822
7507 32962824 0.9823687076568604
7508 32964840 0.982428789138794
7509 32967056 0.9824948310852051
7510 32969302 0.9825617671012878
7511 32971438 0.982625424861908
7512 32973556 0.9826885461807251
7513 32975739 0.9827536046504974
7514 32978045 0.9828223288059235
7515 32980163 0.9828854501247406
7516 32982153 0.9829447567462921
7517 32984542 0.9830159544944763
7518 32986705 0.9830804169178009
7519 32988698 0.9831398129463196
7520 32991016 0.9832088947296143
7521 32993215 0.9832744300365448
7522 32995096 0.983330488204956
7523 32997275 0.9833954274654388
7524 32999601 0.9834647476673126
7525 33001528 0.9835221767425537
7526 33003566 0.9835829138755798
7527 33005882 0.9836519360542297
7528 33007778 0.9837084412574768
7529 33009835 0.9837697446346283
7530 33012019 0.983834832906723
7531 33013985 0.9838934242725372
7532 33016021 0.9839541018009186
7533 33018020 0.9840136766433716
7534 33020223 0.9840793311595917
7535 33022252 0.9841398000717163
7536 33024119 0.9841954410076141
7537 33026312 0.9842607975006104
7538 33028419 0.9843235909938812
7539 33030271 0.9843787848949432
7540 33032278 0.9844385981559753
7541 33034480 0.984504222869873
7542 33036354 0.9845600724220276
7543 33038340 0.9846192598342896
7544 33040520 0.9846842288970947
7545 33042347 0.984738677740097
7546 33044233 0.9847948849201202
7547 33046350 0.984857976436615
7548 33048231 0.9849140346050262
7549 33050089 0.9849694073200226
7550 33052120 0.985029935836792
7551 33054161 0.9850907623767853
7552 33056097 0.9851484596729279
7553 33057838 0.9852003455162048
7554 33059869 0.9852608740329742
7555 33061804 0.9853185415267944
7556 33063609 0.9853723347187042
7557 33065535 0.9854297339916229
7558 33067587 0.9854908883571625
7559 33069242 0.9855402112007141
7560 33071092 0.9855953454971313
7561 33073119 0.9856557548046112
7562 33074751 0.9857043921947479
7563 33076570 0.9857586026191711
7564 33078646 0.985820472240448
7565 33080314 0.9858701825141907
7566 33082112 0.9859237670898438
7567 33083985 0.9859795868396759
7568 33085842 0.9860349297523499
7569 33087606 0.9860875010490417
7570 33089406 0.9861411452293396
7571 33091332 0.9861985445022583
7572 33093156 0.9862529039382935
7573 33094887 0.9863044917583466
7574 33096852 0.9863630533218384
7575 33098714 0.9864185452461243
7576 33100442 0.9864700436592102
7577 33102177 0.9865217506885529
7578 33104184 0.986581563949585
7579 33105786 0.98662930727005
7580 33107489 0.9866800606250763
7581 33109604 0.9867430925369263
7582 33111178 0.9867900013923645
7583 33112885 0.9868408739566803
7584 33114810 0.9868982434272766
7585 33116501 0.9869486391544342
7586 33118223 0.9869999587535858
7587 33120005 0.9870530664920807
7588 33121820 0.9871071577072144
7589 33123433 0.9871552288532257
7590 33125023 0.9872026145458221
7591 33126936 0.9872596263885498
7592 33128700 0.9873121976852417
7593 33130373 0.9873620569705963
7594 33132122 0.9874141812324524
7595 33133996 0.9874700307846069
7596 33135594 0.9875176548957825
7597 33137182 0.9875649809837341
7598 33139174 0.9876243472099304
7599 33140710 0.9876701235771179
7600 33142259 0.9877162873744965
7601 33144156 0.9877728223800659
7602 33145790 0.9878215193748474
7603 33147376 0.9878687858581543
7604 33149105 0.9879203140735626
7605 33150796 0.9879707098007202
7606 33152377 0.9880178272724152
7607 33153967 0.9880652129650116
7608 33155636 0.9881149530410767
7609 33157167 0.9881605803966522
7610 33158653 0.9882048666477203
7611 33160307 0.9882541596889496
7612 33161889 0.9883013069629669
7613 33163436 0.9883474111557007
7614 33164985 0.9883935749530792
7615 33166659 0.9884434640407562
7616 33168055 0.9884850680828094
7617 33169483 0.9885276257991791
7618 33171301 0.9885818064212799
7619 33172696 0.9886233806610107
7620 33174106 0.9886654019355774
7621 33175811 0.9887162148952484
7622 33177239 0.988758772611618
7623 33178621 0.9887999594211578
7624 33180127 0.9888448417186737
7625 33181572 0.9888879060745239
7626 33182979 0.9889298379421234
7627 33184323 0.9889698922634125
7628 33185860 0.9890156984329224
7629 33187265 0.9890575706958771
7630 33188610 0.9890976548194885
7631 33190039 0.9891402423381805
7632 33191511 0.9891841113567352
7633 33192747 0.9892209470272064
7634 33193995 0.9892581403255463
7635 33195486 0.9893025755882263
7636 33196648 0.9893372058868408
7637 33197879 0.9893738925457001
7638 33199323 0.9894169270992279
7639 33200546 0.9894533753395081
7640 33201724 0.9894884824752808
7641 33203039 0.9895276725292206
7642 33204294 0.9895650744438171
7643 33205451 0.9895995557308197
7644 33206652 0.9896353483200073
7645 33207876 0.9896718263626099
7646 33209016 0.9897058010101318
7647 33210146 0.9897394776344299
7648 33211359 0.9897756278514862
7649 33212490 0.9898093342781067
7650 33213537 0.9898405373096466
7651 33214582 0.9898716807365417
7652 33215721 0.9899056255817413
7653 33216699 0.9899347722530365
7654 33217614 0.9899620413780212
7655 33218813 0.9899977743625641
7656 33219754 0.9900258183479309
7657 33220622 0.9900516867637634
7658 33221715 0.9900842607021332
7659 33222659 0.9901123940944672
7660 33223546 0.990138828754425
7661 33224510 0.9901675581932068
7662 33225461 0.9901959002017975
7663 33226280 0.990220308303833
7664 33227173 0.9902469217777252
7665 33228074 0.9902737736701965
7666 33228933 0.9902993738651276
7667 33229769 0.9903242886066437
7668 33230591 0.9903487861156464
7669 33231442 0.9903741478919983
7670 33232210 0.990397036075592
7671 33232991 0.9904203116893768
7672 33233815 0.9904448688030243
7673 33234580 0.9904676675796509
7674 33235285 0.9904886782169342
7675 33236138 0.9905140995979309
7676 33236783 0.990533322095871
7677 33237428 0.990552544593811
7678 33238254 0.9905771613121033
7679 33238929 0.990597277879715
7680 33239615 0.9906177222728729
7681 33240260 0.990636944770813
7682 33240976 0.9906582832336426
7683 33241667 0.9906788766384125
7684 33242326 0.990698516368866
7685 33243046 0.9907199740409851
7686 33243719 0.990740031003952
7687 33244328 0.9907581806182861
7688 33244939 0.990776389837265
7689 33245630 0.9907969832420349
7690 33246217 0.9908144772052765
7691 33246744 0.9908301830291748
7692 33247425 0.9908504784107208
7693 33248037 0.9908687174320221
7694 33248603 0.9908855855464935
7695 33249270 0.9909054636955261
7696 33249871 0.9909233748912811
7697 33250345 0.9909375011920929
7698 33250931 0.9909549653530121
7699 33251521 0.9909725487232208
7700 33252070 0.9909889101982117
7701 33252602 0.9910047650337219
7702 33253205 0.9910227358341217
7703 33253750 0.991038978099823
7704 33254331 0.9910562932491302
7705 33254845 0.9910716116428375
7706 33255399 0.9910881221294403
7707 33255879 0.9911024272441864
7708 33256389 0.9911176264286041
7709 33256956 0.991134524345398
7710 33257525 0.9911514818668365
7711 33257993 0.991165429353714
7712 33258551 0.9911820590496063
7713 33259029 0.9911963045597076
7714 33259478 0.9912096858024597
7715 33259993 0.9912250339984894
7716 33260501 0.9912401735782623
7717 33260935 0.9912531077861786
7718 33261396 0.9912668466567993
7719 33261954 0.9912834763526917
7720 33262384 0.9912962913513184
7721 33262873 0.9913108646869659
7722 33263363 0.9913254678249359
7723 33263839 0.9913396537303925
7724 33264284 0.991352915763855
7725 33264745 0.9913666546344757
7726 33265223 0.991380900144577
7727 33265672 0.9913942813873291
7728 33266093 0.9914068281650543
7729 33266581 0.9914213716983795
7730 33267018 0.9914343953132629
7731 33267468 0.9914478063583374
7732 33267955 0.9914623200893402
7733 33268461 0.9914774000644684
7734 33268844 0.9914888143539429
7735 33269260 0.9915012121200562
7736 33269753 0.9915159046649933
7737 33270180 0.9915286302566528
7738 33270604 0.9915412664413452
7739 33271090 0.9915557503700256
7740 33271537 0.9915690720081329
7741 33271950 0.991581380367279
7742 33272390 0.9915944933891296
7743 33272841 0.9916079342365265
7744 33273304 0.991621732711792
7745 33273726 0.9916343092918396
7746 33274220 0.9916490316390991
7747 33274651 0.9916618764400482
7748 33275028 0.9916731119155884
7749 33275478 0.9916865229606628
7750 33275969 0.9917011559009552
7751 33276358 0.991712749004364
7752 33276808 0.9917261600494385
7753 33277291 0.9917405545711517
7754 33277692 0.9917525053024292
7755 33278088 0.9917643070220947
7756 33278549 0.9917780458927155
7757 33278934 0.9917895197868347
7758 33279333 0.9918014109134674
7759 33279749 0.9918138086795807
7760 33280164 0.9918261766433716
7761 33280582 0.9918386340141296
7762 33280988 0.991850733757019
7763 33281432 0.9918639659881592
7764 33281838 0.9918760657310486
7765 33282237 0.9918879568576813
7766 33282692 0.9919015169143677
7767 33283120 0.9919142723083496
7768 33283523 0.9919262826442719
7769 33283949 0.991938978433609
7770 33284369 0.9919514954090118
7771 33284747 0.9919627606868744
7772 33285115 0.9919737279415131
7773 33285600 0.9919881820678711
7774 33285980 0.9919995069503784
7775 33286352 0.9920105934143066
7776 33286794 0.992023766040802
7777 33287199 0.992035835981369
7778 33287623 0.9920484721660614
7779 33288031 0.9920606315135956
7780 33288420 0.9920722246170044
7781 33288834 0.9920845627784729
7782 33289221 0.9920960962772369
7783 33289643 0.9921086728572845
7784 33290063 0.9921211898326874
7785 33290424 0.9921319484710693
7786 33290828 0.992143988609314
7787 33291221 0.9921557009220123
7788 33291597 0.9921669065952301
7789 33292000 0.9921789169311523
7790 33292427 0.9921916425228119
7791 33292780 0.9922021627426147
7792 33293109 0.9922119677066803
7793 33293507 0.9922238290309906
7794 33293866 0.9922345280647278
7795 33294238 0.992245614528656
7796 33294671 0.9922585189342499
7797 33295034 0.9922693371772766
7798 33295422 0.992280900478363
7799 33295789 0.9922918379306793
7800 33296182 0.9923035502433777
7801 33296547 0.9923144280910492
7802 33296889 0.9923246204853058
7803 33297287 0.9923364818096161
7804 33297648 0.992347240447998
7805 33297991 0.992357462644577
7806 33298369 0.9923687279224396
7807 33298755 0.9923802316188812
7808 33299102 0.9923905730247498
7809 33299451 0.9924009740352631
7810 33299845 0.9924127161502838
7811 33300169 0.9924223721027374
7812 33300534 0.9924332499504089
7813 33300944 0.9924454689025879
7814 33301266 0.9924550652503967
7815 33301588 0.9924646615982056
7816 33301933 0.9924749433994293
7817 33302299 0.9924858510494232
7818 33302648 0.9924962520599365
7819 33302982 0.992506206035614
7820 33303354 0.9925172924995422
7821 33303709 0.9925278723239899
7822 33304056 0.9925382137298584
7823 33304399 0.9925484359264374
7824 33304750 0.9925588965415955
7825 33305066 0.99256831407547
7826 33305426 0.9925790429115295
7827 33305833 0.9925911724567413
7828 33306143 0.9926004111766815
7829 33306451 0.9926095902919769
7830 33306858 0.9926217198371887
7831 33307191 0.9926316440105438
7832 33307480 0.9926402568817139
7833 33307829 0.9926506578922272
7834 33308184 0.9926612377166748
7835 33308509 0.9926709234714508
7836 33308863 0.992681473493576
7837 33309231 0.9926924407482147
7838 33309536 0.992701530456543
7839 33309844 0.9927107095718384
7840 33310183 0.9927208125591278
7841 33310533 0.9927312433719635
7842 33310850 0.9927406907081604
7843 33311170 0.9927502274513245
7844 33311529 0.9927609264850616
7845 33311842 0.992770254611969
7846 33312160 0.9927797317504883
7847 33312519 0.9927904307842255
7848 33312827 0.9927996098995209
7849 33313111 0.992808073759079
7850 33313454 0.992818295955658
7851 33313772 0.9928277730941772
7852 33314028 0.9928354024887085
7853 33314297 0.9928434193134308
7854 33314631 0.9928533732891083
7855 33314916 0.9928618669509888
7856 33315203 0.992870420217514
7857 33315553 0.9928808510303497
7858 33315846 0.9928895831108093
7859 33316133 0.9928981363773346
7860 33316411 0.9929064214229584
7861 33316735 0.992916077375412
7862 33317022 0.9929246306419373
7863 33317316 0.9929333925247192
7864 33317654 0.9929434657096863
7865 33317944 0.9929521083831787
7866 33318207 0.9929599463939667
7867 33318514 0.9929690957069397
7868 33318782 0.9929770827293396
7869 33319040 0.9929847717285156
7870 33319359 0.9929942786693573
7871 33319650 0.9930029511451721
7872 33319936 0.993011474609375
7873 33320227 0.9930201470851898
7874 33320551 0.9930298030376434
7875 33320842 0.9930384755134583
7876 33321140 0.9930473566055298
7877 33321459 0.9930568635463715
7878 33321781 0.9930664598941803
7879 33322048 0.9930744171142578
7880 33322313 0.9930823147296906
7881 33322649 0.9930923283100128
7882 33322913 0.9931001961231232
7883 33323194 0.9931085705757141
7884 33323552 0.9931192398071289
7885 33323843 0.9931279122829437
7886 33324084 0.9931350946426392
7887 33324382 0.9931439757347107
7888 33324641 0.9931516945362091
7889 33324851 0.9931579530239105
7890 33325180 0.9931677579879761
7891 33325461 0.993176132440567
7892 33325734 0.9931842684745789
7893 33326009 0.9931924641132355
7894 33326324 0.9932018518447876
7895 33326575 0.9932093322277069
7896 33326831 0.9932169616222382
7897 33327072 0.9932241439819336
7898 33327355 0.9932325780391693
7899 33327597 0.9932397902011871
7900 33327842 0.9932470917701721
7901 33328145 0.9932561218738556
7902 33328387 0.9932633340358734
7903 33328627 0.9932704865932465
7904 33328957 0.9932803213596344
7905 33329220 0.9932881593704224
7906 33329452 0.9932950735092163
7907 33329698 0.9933024048805237
7908 33329958 0.9933101534843445
7909 33330225 0.993318110704422
7910 33330451 0.9933248460292816
7911 33330725 0.9933330118656158
7912 33330967 0.9933402240276337
7913 33331207 0.9933473765850067
7914 33331468 0.9933551549911499
7915 33331713 0.9933624565601349
7916 33331960 0.9933698177337646
7917 33332193 0.993376761674881
7918 33332450 0.9933844208717346
7919 33332689 0.9933915436267853
7920 33332910 0.993398129940033
7921 33333189 0.9934064447879791
7922 33333422 0.9934133887290955
7923 33333635 0.993419736623764
7924 33333934 0.993428647518158
7925 33334223 0.993437260389328
7926 33334461 0.9934443533420563
7927 33334710 0.9934517741203308
7928 33334972 0.9934595823287964
7929 33335209 0.9934666454792023
7930 33335465 0.9934742748737335
7931 33335733 0.9934822618961334
7932 33335968 0.9934892654418945
7933 33336203 0.9934962689876556
7934 33336442 0.9935033917427063
7935 33336692 0.9935108423233032
7936 33336928 0.9935178756713867
7937 33337122 0.9935236573219299
7938 33337362 0.993530809879303
7939 33337591 0.9935376346111298
7940 33337786 0.9935434460639954
7941 33338030 0.993550717830658
7942 33338270 0.993557870388031
7943 33338501 0.9935647547245026
7944 33338716 0.9935711622238159
7945 33338931 0.9935775697231293
7946 33339113 0.9935829937458038
7947 33339308 0.9935888051986694
7948 33339519 0.9935950934886932
7949 33339728 0.9936013221740723
7950 33339952 0.9936079978942871
7951 33340185 0.9936149418354034
7952 33340394 0.9936211705207825
7953 33340595 0.9936271607875824
7954 33340789 0.9936329424381256
7955 33340982 0.9936386942863464
7956 33341178 0.9936445355415344
7957 33341356 0.9936498403549194
7958 33341588 0.9936567544937134
7959 33341768 0.9936621189117432
7960 33341956 0.993667721748352
7961 33342161 0.9936738312244415
7962 33342362 0.9936798214912415
7963 33342535 0.9936849772930145
7964 33342756 0.9936915636062622
7965 33342981 0.9936982691287994
7966 33343155 0.9937034547328949
7967 33343347 0.9937091767787933
7968 33343531 0.9937146604061127
7969 33343721 0.9937203228473663
7970 33343901 0.9937256872653961
7971 33344096 0.9937314987182617
7972 33344315 0.9937380254268646
7973 33344520 0.9937441349029541
7974 33344716 0.9937499761581421
7975 33344939 0.9937566220760345
7976 33345125 0.9937621653079987
7977 33345304 0.993767499923706
7978 33345511 0.9937736690044403
7979 33345711 0.9937796294689178
7980 33345882 0.9937847256660461
7981 33346067 0.9937902390956879
7982 33346257 0.9937959015369415
7983 33346437 0.9938012659549713
7984 33346628 0.9938069581985474
7985 33346866 0.9938140511512756
7986 33347059 0.9938198029994965
7987 33347240 0.9938251972198486
7988 33347419 0.993830531835556
7989 33347622 0.9938365817070007
7990 33347792 0.9938416481018066
7991 33347945 0.993846207857132
7992 33348135 0.9938518702983856
7993 33348294 0.9938566088676453
7994 33348445 0.9938611090183258
7995 33348646 0.9938670992851257
7996 33348854 0.9938732981681824
7997 33349020 0.9938782453536987
7998 33349185 0.9938831627368927
7999 33349376 0.9938888549804688
8000 33349567 0.9938945472240448
8001 33349754 0.9939001202583313
8002 33349965 0.9939064085483551
8003 33350141 0.9939116537570953
8004 33350308 0.9939166307449341
8005 33350513 0.9939227402210236
8006 33350700 0.9939283132553101
8007 33350868 0.9939333200454712
8008 33351064 0.9939391613006592
8009 33351259 0.9939449727535248
8010 33351442 0.9939504265785217
8011 33351601 0.9939551651477814
8012 33351788 0.9939607381820679
8013 33351953 0.9939656555652618
8014 33352109 0.9939703047275543
8015 33352279 0.9939753711223602
8016 33352467 0.9939809739589691
8017 33352643 0.9939862191677094
8018 33352824 0.9939916133880615
8019 33353012 0.9939972162246704
8020 33353169 0.9940018951892853
8021 33353326 0.9940065741539001
8022 33353537 0.994012862443924
8023 33353686 0.9940173029899597
8024 33353848 0.9940221309661865
8025 33354032 0.9940276145935059
8026 33354180 0.9940320253372192
8027 33354339 0.9940367639064789
8028 33354522 0.9940422177314758
8029 33354685 0.994047075510025
8030 33354847 0.9940519034862518
8031 33355002 0.9940565228462219
8032 33355202 0.9940624833106995
8033 33355373 0.9940675795078278
8034 33355505 0.9940715134143829
8035 33355668 0.9940763711929321
8036 33355846 0.9940816760063171
8037 33355998 0.9940862059593201
8038 33356135 0.9940902888774872
8039 33356315 0.994095653295517
8040 33356476 0.9941004514694214
8041 33356629 0.9941050112247467
8042 33356814 0.9941105246543884
8043 33356965 0.994115024805069
8044 33357123 0.9941197335720062
8045 33357299 0.9941249787807465
8046 33357483 0.9941304624080658
8047 33357655 0.9941355884075165
8048 33357827 0.9941407144069672
8049 33358016 0.9941463470458984
8050 33358200 0.9941518306732178
8051 33358375 0.9941570460796356
8052 33358543 0.9941620528697968
8053 33358735 0.9941677749156952
8054 33358904 0.9941728115081787
8055 33359068 0.9941776990890503
8056 33359266 0.9941835999488831
8057 33359439 0.9941887557506561
8058 33359580 0.9941929578781128
8059 33359770 0.9941986203193665
8060 33359959 0.9942042529582977
8061 33360121 0.9942090809345245
8062 33360313 0.994214802980423
8063 33360457 0.9942190945148468
8064 33360614 0.9942237734794617
8065 33360791 0.9942290484905243
8066 33360979 0.9942346513271332
8067 33361130 0.9942391514778137
8068 33361300 0.9942442178726196
8069 33361486 0.9942497611045837
8070 33361675 0.994255393743515
8071 33361846 0.9942604899406433
8072 33362024 0.9942657947540283
8073 33362214 0.994271457195282
8074 33362389 0.9942766726016998
8075 33362547 0.9942813813686371
8076 33362761 0.994287759065628
8077 33362940 0.9942930936813354
8078 33363094 0.9942976832389832
8079 33363282 0.994303286075592
8080 33363455 0.9943084418773651
8081 33363621 0.9943133890628815
8082 33363820 0.9943193197250366
8083 33364005 0.9943248331546783
8084 33364166 0.9943296313285828
8085 33364350 0.9943351149559021
8086 33364556 0.994341254234314
8087 33364728 0.9943463802337646
8088 33364905 0.9943516552448273
8089 33365095 0.9943573176860809
8090 33365287 0.9943630397319794
8091 33365479 0.9943687617778778
8092 33365646 0.9943737387657166
8093 33365858 0.9943800568580627
8094 33366040 0.9943854808807373
8095 33366225 0.994390994310379
8096 33366432 0.9943971633911133
8097 33366624 0.9944028854370117
8098 33366795 0.99440798163414
8099 33366999 0.9944140613079071
8100 33367182 0.994419515132904
8101 33367339 0.9944241940975189
8102 33367544 0.9944303035736084
8103 33367743 0.9944362342357635
8104 33367903 0.9944410026073456
8105 33368072 0.9944460391998291
8106 33368267 0.9944518506526947
8107 33368465 0.9944577515125275
8108 33368644 0.9944630861282349
8109 33368831 0.9944686591625214
8110 33369025 0.9944744408130646
8111 33369212 0.9944800138473511
8112 33369372 0.9944847822189331
8113 33369592 0.9944913387298584
8114 33369802 0.9944975972175598
8115 33369971 0.9945026338100433
8116 33370169 0.9945085346698761
8117 33370374 0.9945146441459656
8118 33370567 0.9945203959941864
8119 33370793 0.994527131319046
8120 33371028 0.9945341348648071
8121 33371196 0.9945391416549683
8122 33371393 0.9945450127124786
8123 33371591 0.9945509135723114
8124 33371793 0.9945569336414337
8125 33371990 0.9945628046989441
8126 33372197 0.9945689737796783
8127 33372402 0.9945750832557678
8128 33372599 0.9945809543132782
8129 33372797 0.994586855173111
8130 33373026 0.9945936799049377
8131 33373251 0.994600385427475
8132 33373461 0.9946066439151764
8133 33373674 0.994612991809845
8134 33373860 0.9946185350418091
8135 33374048 0.994624137878418
8136 33374259 0.9946304261684418
8137 33374471 0.994636744260788
8138 33374675 0.994642823934555
8139 33374886 0.9946491122245789
8140 33375136 0.9946565628051758
8141 33375332 0.9946624040603638
8142 33375566 0.9946693778038025
8143 33375793 0.9946761429309845
8144 33376021 0.9946829378604889
8145 33376232 0.9946892261505127
8146 33376450 0.9946957230567932
8147 33376688 0.9947028160095215
8148 33376910 0.9947094321250916
8149 33377104 0.9947152137756348
8150 33377347 0.994722455739975
8151 33377576 0.9947292804718018
8152 33377789 0.9947356283664703
8153 33378044 0.9947432279586792
8154 33378297 0.9947507679462433
8155 33378537 0.9947579205036163
8156 33378761 0.9947645962238312
8157 33379022 0.9947723746299744
8158 33379218 0.9947782158851624
8159 33379442 0.9947848916053772
8160 33379682 0.9947920441627502
8161 33379880 0.994797945022583
8162 33380116 0.9948049783706665
8163 33380373 0.9948126375675201
8164 33380619 0.9948199689388275
8165 33380858 0.9948270916938782
8166 33381088 0.9948339462280273
8167 33381362 0.9948421120643616
8168 33381642 0.9948504567146301
8169 33381843 0.99485644698143
8170 33382096 0.9948639869689941
8171 33382358 0.9948717951774597
8172 33382581 0.9948784410953522
8173 33382827 0.9948857724666595
8174 33383098 0.9948938488960266
8175 33383320 0.9949004650115967
8176 33383563 0.9949077069759369
8177 33383836 0.9949158430099487
8178 33384085 0.9949232637882233
8179 33384333 0.9949306547641754
8180 33384582 0.99493807554245
8181 33384826 0.9949453473091125
8182 33385084 0.9949530363082886
8183 33385323 0.9949601590633392
8184 33385573 0.9949676096439362
8185 33385809 0.9949746429920197
8186 33386054 0.9949819445610046
8187 33386314 0.9949896931648254
8188 33386562 0.9949970841407776
8189 33386798 0.9950041174888611
8190 33387076 0.9950124025344849
8191 33387365 0.9950210154056549
8192 33387590 0.9950277209281921
8193 33387864 0.9950358867645264
8194 33388162 0.9950447678565979
8195 33388390 0.9950515627861023
8196 33388621 0.9950584471225739
8197 33388881 0.9950661957263947
8198 33389140 0.9950739145278931
8199 33389365 0.9950806200504303
8200 33389636 0.9950886964797974
8201 33389881 0.9950959980487823
8202 33390108 0.9951027631759644
8203 33390345 0.9951098263263702
8204 33390596 0.9951173067092896
8205 33390822 0.9951240420341492
8206 33391052 0.9951308965682983
8207 33391313 0.9951386749744415
8208 33391588 0.9951468706130981
8209 33391805 0.9951533377170563
8210 33392061 0.9951609671115875
8211 33392353 0.9951696693897247
8212 33392578 0.995176374912262
8213 33392815 0.9951834380626678
8214 33393116 0.9951924085617065
8215 33393328 0.9951987266540527
8216 33393553 0.99520543217659
8217 33393835 0.9952138364315033
8218 33394071 0.9952208697795868
8219 33394296 0.995227575302124
8220 33394519 0.9952342212200165
8221 33394765 0.9952415525913239
8222 33394980 0.9952479600906372
8223 33395204 0.995254635810852
8224 33395450 0.9952619671821594
8225 33395672 0.9952685832977295
8226 33395909 0.9952756464481354
8227 33396141 0.9952825605869293
8228 33396413 0.9952906668186188
8229 33396627 0.9952970445156097
8230 33396854 0.9953038096427917
8231 33397124 0.9953118562698364
8232 33397330 0.9953179955482483
8233 33397558 0.9953247904777527
8234 33397808 0.9953322410583496
8235 33398023 0.995338648557663
8236 33398226 0.9953446984291077
8237 33398450 0.9953513741493225
8238 33398675 0.9953580796718597
8239 33398906 0.9953649640083313
8240 33399137 0.9953718483448029
8241 33399398 0.995379626750946
8242 33399621 0.9953862726688385
8243 33399863 0.9953934848308563
8244 33400078 0.9953998923301697
8245 33400346 0.9954078793525696
8246 33400567 0.9954144656658173
8247 33400792 0.9954211711883545
8248 33400997 0.995427280664444
8249 33401203 0.9954334199428558
8250 33401406 0.9954394698143005
8251 33401665 0.995447188615799
8252 33401868 0.9954532384872437
8253 33402068 0.9954591989517212
8254 33402314 0.9954665303230286
8255 33402557 0.9954737722873688
8256 33402773 0.9954802095890045
8257 33403003 0.9954870641231537
8258 33403258 0.9954946637153625
8259 33403482 0.9955013394355774
8260 33403676 0.9955071210861206
8261 33403921 0.9955144226551056
8262 33404141 0.9955209791660309
8263 33404375 0.9955279529094696
8264 33404583 0.9955341517925262
8265 33404802 0.9955406785011292
8266 33405046 0.9955479502677917
8267 33405252 0.9955540895462036
8268 33405512 0.9955618381500244
8269 33405708 0.9955676794052124
8270 33405891 0.9955731332302094
8271 33406158 0.9955810904502869
8272 33406366 0.9955872893333435
8273 33406559 0.9955930411815643
8274 33406809 0.9956004917621613
8275 33407037 0.9956072866916656
8276 33407260 0.9956139326095581
8277 33407476 0.9956203699111938
8278 33407712 0.9956274032592773
8279 33407943 0.9956342875957489
8280 33408163 0.9956408441066742
8281 33408377 0.9956472218036652
8282 33408566 0.9956528544425964
8283 33408780 0.9956592321395874
8284 33408967 0.9956648051738739
8285 33409214 0.9956721663475037
8286 33409423 0.9956783950328827
8287 33409622 0.9956843256950378
8288 33409895 0.9956924617290497
8289 33410092 0.9956983327865601
8290 33410286 0.9957041144371033
8291 33410551 0.995712012052536
8292 33410767 0.9957184493541718
8293 33410982 0.9957248568534851
8294 33411228 0.9957321882247925
8295 33411438 0.9957384467124939
8296 33411639 0.9957444369792938
8297 33411837 0.9957503378391266
8298 33412055 0.9957568347454071
8299 33412291 0.9957638680934906
8300 33412506 0.995770275592804
8301 33412726 0.9957768321037292
8302 33412958 0.9957837462425232
8303 33413162 0.9957898259162903
8304 33413385 0.9957964718341827
8305 33413615 0.9958033263683319
8306 33413850 0.995810329914093
8307 33414063 0.9958166778087616
8308 33414339 0.9958249032497406
8309 33414570 0.9958317875862122
8310 33414788 0.9958382844924927
8311 33415024 0.9958453178405762
8312 33415285 0.9958530962467194
8313 33415496 0.9958593845367432
8314 33415741 0.9958666861057281
8315 33415972 0.9958735704421997
8316 33416205 0.995880514383316
8317 33416464 0.9958882331848145
8318 33416680 0.9958946704864502
8319 33416917 0.9959017336368561
8320 33417163 0.9959090650081635
8321 33417400 0.9959161281585693
8322 33417668 0.9959241151809692
8323 33417910 0.9959313273429871
8324 33418133 0.9959379732608795
8325 33418396 0.9959458112716675
8326 33418642 0.9959531426429749
8327 33418862 0.9959596991539001
8328 33419099 0.995966762304306
8329 33419345 0.9959740936756134
8330 33419540 0.995979905128479
8331 33419783 0.9959871470928192
8332 33420044 0.9959949254989624
8333 33420242 0.9960008263587952
8334 33420477 0.9960078299045563
8335 33420726 0.9960152506828308
8336 33420982 0.9960228800773621
8337 33421239 0.9960305392742157
8338 33421474 0.9960375428199768
8339 33421723 0.9960449635982513
8340 33421962 0.996052086353302
8341 33422190 0.9960588812828064
8342 33422439 0.9960663020610809
8343 33422684 0.9960736036300659
8344 33422888 0.996079683303833
8345 33423145 0.9960873425006866
8346 33423375 0.9960941970348358
8347 33423578 0.9961002469062805
8348 33423814 0.996107280254364
8349 33424050 0.9961143136024475
8350 33424250 0.996120274066925
8351 33424500 0.996127724647522
8352 33424772 0.9961358308792114
8353 33424993 0.9961424171924591
8354 33425211 0.9961489140987396
8355 33425473 0.9961567223072052
8356 33425713 0.9961638748645782
8357 33425951 0.9961709678173065
8358 33426164 0.9961773157119751
8359 33426438 0.9961854815483093
8360 33426645 0.9961916506290436
8361 33426863 0.9961981475353241
8362 33427126 0.9962059855461121
8363 33427397 0.9962140619754791
8364 33427614 0.9962205290794373
8365 33427853 0.9962276518344879
8366 33428088 0.996234655380249
8367 33428301 0.9962410032749176
8368 33428519 0.9962475001811981
8369 33428776 0.9962551593780518
8370 33428958 0.9962605834007263
8371 33429175 0.9962670505046844
8372 33429415 0.9962742030620575
8373 33429664 0.996281623840332
8374 33429903 0.9962887465953827
8375 33430132 0.9962955713272095
8376 33430358 0.9963023066520691
8377 33430590 0.996309220790863
8378 33430812 0.9963158369064331
8379 33431053 0.9963230192661285
8380 33431309 0.9963306486606598
8381 33431549 0.9963378012180328
8382 33431770 0.9963443875312805
8383 33432017 0.9963517487049103
8384 33432202 0.996357262134552
8385 33432455 0.9963648021221161
8386 33432694 0.9963719248771667
8387 33432922 0.9963787198066711
8388 33433150 0.9963855147361755
8389 33433421 0.9963935911655426
8390 33433665 0.9964008629322052
8391 33433909 0.9964081346988678
8392 33434138 0.9964149594306946
8393 33434378 0.9964221119880676
8394 33434575 0.996427983045578
8395 33434790 0.9964343905448914
8396 33435036 0.9964417219161987
8397 33435249 0.9964480698108673
8398 33435470 0.996454656124115
8399 33435724 0.9964622259140015
8400 33435987 0.9964700639247894
8401 33436197 0.9964763224124908
8402 33436446 0.9964837431907654
8403 33436710 0.9964916110038757
8404 33436918 0.9964978098869324
8405 33437155 0.9965048730373383
8406 33437411 0.9965125024318695
8407 33437659 0.9965198934078217
8408 33437872 0.9965262413024902
8409 33438126 0.9965338110923767
8410 33438364 0.996540904045105
8411 33438578 0.996547281742096
8412 33438795 0.9965537488460541
8413 33439041 0.9965610802173615
8414 33439268 0.9965678453445435
8415 33439477 0.9965740740299225
8416 33439698 0.9965806603431702
8417 33439932 0.9965876340866089
8418 33440160 0.9965944290161133
8419 33440379 0.9966009557247162
8420 33440621 0.996608167886734
8421 33440822 0.9966141581535339
8422 33441043 0.9966207444667816
8423 33441282 0.9966278672218323
8424 33441489 0.9966340363025665
8425 33441710 0.9966406226158142
8426 33441961 0.9966481029987335
8427 33442173 0.9966544210910797
8428 33442417 0.9966616928577423
8429 33442657 0.9966688454151154
8430 33442911 0.9966764152050018
8431 33443133 0.9966830313205719
8432 33443341 0.9966892302036285
8433 33443576 0.9966962337493896
8434 33443784 0.9967024326324463
8435 33443996 0.9967087507247925
8436 33444266 0.9967167973518372
8437 33444499 0.9967237412929535
8438 33444700 0.9967297315597534
8439 33444945 0.9967370331287384
8440 33445199 0.9967446029186249
8441 33445403 0.996750682592392
8442 33445621 0.9967571794986725
8443 33445864 0.9967644214630127
8444 33446057 0.9967701733112335
8445 33446256 0.9967761039733887
8446 33446512 0.9967837333679199
8447 33446758 0.9967910647392273
8448 33446966 0.9967972636222839
8449 33447180 0.9968036413192749
8450 33447421 0.9968108236789703
8451 33447646 0.9968175292015076
8452 33447814 0.9968225359916687
8453 33448036 0.9968291521072388
8454 33448257 0.9968357384204865
8455 33448488 0.996842622756958
8456 33448706 0.9968491196632385
8457 33448937 0.9968560039997101
8458 33449138 0.99686199426651
8459 33449337 0.9968679249286652
8460 33449587 0.9968753755092621
8461 33449801 0.996881753206253
8462 33449995 0.9968875348567963
8463 33450218 0.9968941807746887
8464 33450439 0.9969007670879364
8465 33450655 0.9969072043895721
8466 33450863 0.9969134032726288
8467 33451121 0.9969210922718048
8468 33451342 0.9969276785850525
8469 33451555 0.9969340264797211
8470 33451775 0.9969405829906464
8471 33451970 0.996946394443512
8472 33452171 0.9969523847103119
8473 33452404 0.9969593286514282
8474 33452628 0.9969660043716431
8475 33452808 0.9969713687896729
8476 33453016 0.9969775676727295
8477 33453262 0.9969848990440369
8478 33453467 0.9969910085201263
8479 33453638 0.9969961047172546
8480 33453887 0.9970035254955292
8481 33454095 0.9970097243785858
8482 33454304 0.9970159530639648
8483 33454549 0.9970232546329498
8484 33454751 0.9970292747020721
8485 33454952 0.9970352649688721
8486 33455169 0.9970417320728302
8487 33455381 0.9970480501651764
8488 33455581 0.9970540106296539
8489 33455779 0.9970599114894867
8490 33456023 0.9970671832561493
8491 33456222 0.9970731139183044
8492 33456425 0.9970791637897491
8493 33456630 0.9970852732658386
8494 33456829 0.9970912039279938
8495 33457014 0.9970967173576355
8496 33457216 0.9971027374267578
8497 33457502 0.9971112608909607
8498 33457674 0.9971163868904114
8499 33457873 0.9971223175525665
8500 33458090 0.9971287846565247
8501 33458291 0.9971347749233246
8502 33458480 0.9971404075622559
8503 33458699 0.9971469342708588
8504 33458892 0.9971526861190796
8505 33459057 0.9971576035022736
8506 33459238 0.9971629977226257
8507 33459434 0.9971688389778137
8508 33459607 0.9971739947795868
8509 33459810 0.9971800446510315
8510 33459998 0.9971856474876404
8511 33460197 0.9971915781497955
8512 33460388 0.9971972703933716
8513 33460586 0.9972031712532043
8514 33460781 0.99720898270607
8515 33460966 0.9972144961357117
8516 33461140 0.9972196817398071
8517 33461366 0.9972264170646667
8518 33461539 0.9972315728664398
8519 33461723 0.9972370564937592
8520 33461929 0.997243195772171
8521 33462112 0.997248649597168
8522 33462292 0.9972540140151978
8523 33462467 0.9972592294216156
8524 33462677 0.997265487909317
8525 33462856 0.9972708225250244
8526 33463025 0.9972758591175079
8527 33463211 0.997281402349472
8528 33463390 0.9972867369651794
8529 33463561 0.9972918331623077
8530 33463730 0.9972968697547913
8531 33463906 0.9973021149635315
8532 33464101 0.9973079264163971
8533 33464235 0.997311919927597
8534 33464418 0.997317373752594
8535 33464587 0.9973224103450775
8536 33464751 0.9973272979259491
8537 33464935 0.9973327815532684
8538 33465147 0.9973390996456146
8539 33465320 0.9973442554473877
8540 33465508 0.9973498582839966
8541 33465690 0.9973552823066711
8542 33465849 0.9973600208759308
8543 33466024 0.9973652362823486
8544 33466209 0.9973707497119904
8545 33466370 0.9973755478858948
8546 33466555 0.9973810613155365
8547 33466756 0.9973870515823364
8548 33466919 0.9973919093608856
8549 33467094 0.9973971247673035
8550 33467266 0.9974022507667542
8551 33467462 0.9974080920219421
8552 33467635 0.9974132478237152
8553 33467784 0.997417688369751
8554 33467968 0.9974231719970703
8555 33468134 0.9974281191825867
8556 33468289 0.9974327385425568
8557 33468492 0.9974387884140015
8558 33468673 0.9974441826343536
8559 33468833 0.9974489510059357
8560 33469018 0.9974544644355774
8561 33469197 0.9974597990512848
8562 33469370 0.9974649548530579
8563 33469542 0.9974700808525085
8564 33469705 0.9974749386310577
8565 33469899 0.997480720281601
8566 33470049 0.9974851906299591
8567 33470227 0.9974904954433441
8568 33470397 0.99749556183815
8569 33470556 0.9975003004074097
8570 33470707 0.9975048005580902
8571 33470860 0.9975093603134155
8572 33471038 0.9975146651268005
8573 33471186 0.9975190758705139
8574 33471362 0.9975243210792542
8575 33471543 0.9975297152996063
8576 33471711 0.9975347220897675
8577 33471868 0.9975394010543823
8578 33472045 0.997544676065445
8579 33472191 0.9975490272045135
8580 33472351 0.9975537955760956
8581 33472515 0.9975586831569672
8582 33472668 0.9975632429122925
8583 33472847 0.9975685775279999
8584 33473015 0.997573584318161
8585 33473165 0.9975780546665192
8586 33473342 0.9975833296775818
8587 33473503 0.9975881278514862
8588 33473695 0.9975938498973846
8589 33473852 0.9975985288619995
8590 33473988 0.9976025819778442
8591 33474158 0.9976076483726501
8592 33474308 0.9976121187210083
8593 33474454 0.9976164698600769
8594 33474629 0.9976216852664948
8595 33474796 0.9976266622543335
8596 33474912 0.9976301193237305
8597 33475072 0.9976348876953125
8598 33475230 0.9976395964622498
8599 33475365 0.9976436197757721
8600 33475515 0.9976480901241302
8601 33475692 0.9976533651351929
8602 33475848 0.9976580142974854
8603 33475985 0.9976620972156525
8604 33476135 0.9976665675640106
8605 33476273 0.9976706802845001
8606 33476436 0.9976755380630493
8607 33476587 0.9976800382137299
8608 33476764 0.9976853132247925
8609 33476919 0.9976899325847626
8610 33477049 0.997693806886673
8611 33477183 0.9976978003978729
8612 33477372 0.9977034330368042
8613 33477537 0.9977083504199982
8614 33477670 0.9977123141288757
8615 33477820 0.9977167844772339
8616 33477963 0.9977210462093353
8617 33478104 0.997725248336792
8618 33478259 0.9977298676967621
8619 33478414 0.9977344870567322
8620 33478550 0.9977385401725769
8621 33478696 0.9977428913116455
8622 33478834 0.997747004032135
8623 33478996 0.9977518320083618
8624 33479145 0.9977562725543976
8625 33479307 0.9977611005306244
8626 33479455 0.9977655112743378
8627 33479593 0.9977696239948273
8628 33479739 0.9977739751338959
8629 33479886 0.9977783560752869
8630 33480002 0.9977818131446838
8631 33480140 0.9977859258651733
8632 33480303 0.9977907836437225
8633 33480440 0.9977948665618896
8634 33480581 0.9977990686893463
8635 33480742 0.9978038668632507
8636 33480862 0.9978074431419373
8637 33480998 0.997811496257782
8638 33481139 0.9978156983852386
8639 33481284 0.9978200197219849
8640 33481438 0.9978246092796326
8641 33481573 0.9978286325931549
8642 33481706 0.9978325963020325
8643 33481856 0.9978370666503906
8644 33481994 0.9978411793708801
8645 33482152 0.9978458881378174
8646 33482305 0.9978504478931427
8647 33482430 0.9978541731834412
8648 33482588 0.9978588819503784
8649 33482738 0.9978633522987366
8650 33482861 0.9978670179843903
8651 33482968 0.9978702068328857
8652 33483126 0.997874915599823
8653 33483257 0.9978788197040558
8654 33483383 0.9978825747966766
8655 33483532 0.9978870153427124
8656 33483655 0.9978906810283661
8657 33483788 0.9978946447372437
8658 33483913 0.9978983700275421
8659 33484044 0.9979022741317749
8660 33484179 0.9979062974452972
8661 33484282 0.9979093670845032
8662 33484429 0.9979137480258942
8663 33484565 0.9979178011417389
8664 33484674 0.9979210495948792
8665 33484827 0.9979256093502045
8666 33484954 0.9979293942451477
8667 33485073 0.9979329407215118
8668 33485204 0.9979368448257446
8669 33485342 0.9979409575462341
8670 33485464 0.9979445934295654
8671 33485577 0.9979479610919952
8672 33485722 0.9979522824287415
8673 33485843 0.9979558885097504
8674 33485962 0.9979594349861145
8675 33486094 0.9979633688926697
8676 33486238 0.9979676604270935
8677 33486346 0.9979708790779114
8678 33486476 0.9979747533798218
8679 33486620 0.9979790449142456
8680 33486746 0.9979828000068665
8681 33486875 0.9979866445064545
8682 33487022 0.9979910254478455
8683 33487153 0.9979949295520782
8684 33487281 0.9979987442493439
8685 33487402 0.9980023503303528
8686 33487543 0.9980065524578094
8687 33487668 0.9980102777481079
8688 33487782 0.9980136752128601
8689 33487902 0.9980172514915466
8690 33488025 0.9980209171772003
8691 33488150 0.9980246424674988
8692 33488282 0.998028576374054
8693 33488403 0.9980321824550629
8694 33488515 0.9980355203151703
8695 33488631 0.9980389773845673
8696 33488767 0.998043030500412
8697 33488896 0.998046875
8698 33489024 0.9980506896972656
8699 33489145 0.9980542957782745
8700 33489260 0.9980577230453491
8701 33489374 0.9980611205101013
8702 33489479 0.998064249753952
8703 33489583 0.9980673491954803
8704 33489697 0.9980707466602325
8705 33489820 0.9980744123458862
8706 33489946 0.9980781674385071
8707 33490083 0.9980822503566742
8708 33490181 0.9980851709842682
8709 33490298 0.9980886578559875
8710 33490424 0.9980924129486084
8711 33490539 0.998095840215683
8712 33490670 0.9980997443199158
8713 33490789 0.9981032907962799
8714 33490888 0.9981062412261963
8715 33491018 0.9981101155281067
8716 33491137 0.9981136620044708
8717 33491226 0.9981163144111633
8718 33491348 0.9981199502944946
8719 33491488 0.9981241226196289
8720 33491600 0.9981274604797363
8721 33491700 0.9981304407119751
8722 33491830 0.9981343150138855
8723 33491962 0.9981382489204407
8724 33492060 0.9981411695480347
8725 33492154 0.9981439709663391
8726 33492301 0.9981483519077301
8727 33492415 0.9981517493724823
8728 33492535 0.9981553256511688
8729 33492653 0.9981588423252106
8730 33492780 0.9981626272201538
8731 33492889 0.9981658756732941
8732 33493011 0.9981695115566254
8733 33493130 0.9981730580329895
8734 33493220 0.9981757402420044
8735 33493327 0.9981789290904999
8736 33493459 0.998182862997055
8737 33493566 0.9981860518455505
8738 33493678 0.998189389705658
8739 33493782 0.9981924891471863
8740 33493884 0.9981955289840698
8741 33493992 0.9981987476348877
8742 33494090 0.9982016682624817
8743 33494238 0.9982060790061951
8744 33494347 0.9982093274593353
8745 33494450 0.9982123970985413
8746 33494579 0.9982162415981293
8747 33494710 0.9982201457023621
8748 33494807 0.9982230365276337
8749 33494921 0.9982264339923859
8750 33495037 0.9982298910617828
8751 33495127 0.9982325732707977
8752 33495233 0.9982357323169708
8753 33495372 0.9982398748397827
8754 33495474 0.9982429146766663
8755 33495581 0.9982461035251617
8756 33495703 0.998249739408493
8757 33495820 0.9982532262802124
8758 33495915 0.9982560575008392
8759 33496037 0.9982596933841705
8760 33496155 0.9982632100582123
8761 33496247 0.998265951871872
8762 33496331 0.9982684552669525
8763 33496448 0.9982719421386719
8764 33496559 0.9982752501964569
8765 33496664 0.9982783794403076
8766 33496781 0.998281866312027
8767 33496903 0.9982855021953583
8768 33496998 0.9982883334159851
8769 33497096 0.9982912540435791
8770 33497210 0.9982946515083313
8771 33497298 0.9982972741127014
8772 33497389 0.9982999861240387
8773 33497508 0.9983035326004028
8774 33497605 0.9983064234256744
8775 33497719 0.9983098208904266
8776 33497831 0.9983131587505341
8777 33497951 0.9983167350292206
8778 33498056 0.9983198642730713
8779 33498148 0.998322606086731
8780 33498252 0.9983257055282593
8781 33498349 0.9983285963535309
8782 33498445 0.9983314573764801
8783 33498549 0.9983345568180084
8784 33498656 0.9983377456665039
8785 33498758 0.9983407855033875
8786 33498860 0.998343825340271
8787 33498986 0.9983475804328918
8788 33499082 0.9983504414558411
8789 33499175 0.9983532130718231
8790 33499295 0.9983567893505096
8791 33499396 0.9983597993850708
8792 33499511 0.9983632266521454
8793 33499623 0.9983665645122528
8794 33499707 0.9983690679073334
8795 33499802 0.9983718991279602
8796 33499910 0.9983751177787781
8797 33500023 0.9983784854412079
8798 33500120 0.9983813762664795
8799 33500207 0.9983839690685272
8800 33500335 0.9983877837657928
8801 33500434 0.9983907341957092
8802 33500528 0.9983935356140137
8803 33500651 0.9983972012996674
8804 33500754 0.9984002709388733
8805 33500868 0.9984036684036255
8806 33500953 0.9984062016010284
8807 33501051 0.9984091222286224
8808 33501142 0.9984118342399597
8809 33501241 0.9984147846698761
8810 33501344 0.998417854309082
8811 33501424 0.998420238494873
8812 33501519 0.9984230697154999
8813 33501619 0.9984260499477386
8814 33501713 0.9984288513660431
8815 33501804 0.9984315633773804
8816 33501889 0.9984340965747833
8817 33502003 0.9984374940395355
8818 33502095 0.9984402358531952
8819 33502180 0.9984427690505981
8820 33502310 0.9984466433525085
8821 33502399 0.998449295759201
8822 33502501 0.9984523355960846
8823 33502594 0.9984551072120667
8824 33502692 0.9984580278396606
8825 33502778 0.998460590839386
8826 33502867 0.9984632432460785
8827 33502960 0.9984660148620605
8828 33503039 0.9984683692455292
8829 33503139 0.9984713494777679
8830 33503243 0.9984744489192963
8831 33503355 0.9984777867794037
8832 33503448 0.9984805583953857
8833 33503544 0.998483419418335
8834 33503637 0.998486191034317
8835 33503725 0.9984888136386871
8836 33503816 0.9984915256500244
8837 33503910 0.9984943270683289
8838 33503997 0.9984969198703766
8839 33504086 0.9984995722770691
8840 33504189 0.998502641916275
8841 33504294 0.9985057711601257
8842 33504372 0.998508095741272
8843 33504454 0.9985105395317078
8844 33504557 0.9985136091709137
8845 33504645 0.9985162317752838
8846 33504735 0.9985189139842987
8847 33504832 0.9985218048095703
8848 33504930 0.9985247254371643
8849 33505031 0.9985277354717255
8850 33505125 0.9985305368900299
8851 33505219 0.9985333383083344
8852 33505303 0.9985358417034149
8853 33505416 0.9985392093658447
8854 33505514 0.9985421299934387
8855 33505602 0.9985447525978088
8856 33505691 0.9985474050045013
8857 33505796 0.998550534248352
8858 33505897 0.9985535442829132
8859 33505961 0.998555451631546
8860 33506049 0.9985580742359161
8861 33506150 0.9985610842704773
8862 33506233 0.9985635578632355
8863 33506299 0.9985655248165131
8864 33506391 0.9985682666301727
8865 33506478 0.9985708594322205
8866 33506551 0.9985730350017548
8867 33506656 0.9985761642456055
8868 33506763 0.998579353094101
8869 33506850 0.9985819458961487
8870 33506941 0.998584657907486
8871 33507023 0.9985871016979218
8872 33507108 0.9985896348953247
8873 33507187 0.9985919892787933
8874 33507282 0.9985948204994202
8875 33507382 0.9985978007316589
8876 33507466 0.9986003041267395
8877 33507543 0.9986025989055634
8878 33507671 0.998606413602829
8879 33507760 0.9986090660095215
8880 33507837 0.9986113607883453
8881 33507951 0.9986147582530975
8882 33508026 0.9986169934272766
8883 33508098 0.9986191391944885
8884 33508198 0.9986221194267273
8885 33508293 0.9986249506473541
8886 33508367 0.9986271560192108
8887 33508467 0.9986301362514496
8888 33508555 0.9986327588558197
8889 33508643 0.9986353814601898
8890 33508729 0.9986379444599152
8891 33508821 0.9986406862735748
8892 33508911 0.9986433684825897
8893 33508989 0.998645693063736
8894 33509087 0.99864861369133
8895 33509166 0.9986509680747986
8896 33509255 0.9986536204814911
8897 33509331 0.9986558854579926
8898 33509435 0.9986589848995209
8899 33509510 0.9986612200737
8900 33509588 0.9986635446548462
8901 33509693 0.9986666738986969
8902 33509762 0.9986687302589417
8903 33509840 0.9986710548400879
8904 33509925 0.9986735880374908
8905 33510007 0.9986760318279266
8906 33510098 0.9986787438392639
8907 33510189 0.9986814558506012
8908 33510292 0.9986845254898071
8909 33510367 0.9986867606639862
8910 33510449 0.998689204454422
8911 33510545 0.9986920654773712
8912 33510614 0.998694121837616
8913 33510697 0.9986965954303741
8914 33510765 0.9986986219882965
8915 33510856 0.9987013339996338
8916 33510963 0.9987045228481293
8917 33511034 0.9987066388130188
8918 33511148 0.998710036277771
8919 33511248 0.9987130165100098
8920 33511309 0.9987148344516754
8921 33511420 0.9987181425094604
8922 33511499 0.9987204968929291
8923 33511589 0.998723179101944
8924 33511668 0.9987255334854126
8925 33511764 0.9987283945083618
8926 33511849 0.9987309277057648
8927 33511930 0.9987333416938782
8928 33512030 0.9987363219261169
8929 33512113 0.9987387955188751
8930 33512195 0.9987412393093109
8931 33512296 0.9987442493438721
8932 33512385 0.9987469017505646
8933 33512480 0.9987497329711914
8934 33512561 0.9987521469593048
8935 33512651 0.9987548291683197
8936 33512740 0.9987574815750122
8937 33512833 0.9987602531909943
8938 33512970 0.9987643361091614
8939 33513059 0.9987669885158539
8940 33513124 0.9987689256668091
8941 33513206 0.9987713694572449
8942 33513288 0.9987738132476807
8943 33513369 0.9987762272357941
8944 33513466 0.9987791180610657
8945 33513572 0.9987822771072388
8946 33513638 0.9987842440605164
8947 33513714 0.9987865090370178
8948 33513817 0.9987895786762238
8949 33513911 0.9987923800945282
8950 33514005 0.9987951815128326
8951 33514089 0.9987976849079132
8952 33514152 0.9987995624542236
8953 33514238 0.998802125453949
8954 33514312 0.9988043308258057
8955 33514413 0.9988073408603668
8956 33514497 0.9988098442554474
8957 33514567 0.9988119304180145
8958 33514666 0.9988148808479309
8959 33514752 0.9988174438476562
8960 33514855 0.9988205134868622
8961 33514939 0.9988230168819427
8962 33515037 0.9988259375095367
8963 33515135 0.9988288581371307
8964 33515226 0.998831570148468
8965 33515332 0.9988347291946411
8966 33515424 0.9988374710083008
8967 33515524 0.9988404512405396
8968 33515630 0.9988436102867126
8969 33515734 0.998846709728241
8970 33515828 0.9988495111465454
8971 33515915 0.9988521039485931
8972 33515998 0.9988545775413513
8973 33516086 0.9988572001457214
8974 33516170 0.998859703540802
8975 33516265 0.9988625347614288
8976 33516353 0.998865157365799
8977 33516433 0.99886754155159
8978 33516534 0.9988705515861511
8979 33516620 0.9988731145858765
8980 33516710 0.9988757967948914
8981 33516785 0.9988780319690704
8982 33516895 0.9988813102245331
8983 33516975 0.9988836944103241
8984 33517068 0.9988864660263062
8985 33517148 0.9988888502120972
8986 33517224 0.9988911151885986
8987 33517305 0.998893529176712
8988 33517380 0.9988957643508911
8989 33517476 0.9988986253738403
8990 33517558 0.9989010691642761
8991 33517630 0.998903214931488
8992 33517733 0.998906284570694
8993 33517813 0.998908668756485
8994 33517894 0.9989110827445984
8995 33517992 0.9989140033721924
8996 33518080 0.9989166259765625
8997 33518144 0.9989185333251953
8998 33518239 0.9989213645458221
8999 33518330 0.9989240765571594
9000 33518412 0.9989265203475952
9001 33518493 0.9989289343357086
9002 33518592 0.998931884765625
9003 33518680 0.9989345073699951
9004 33518776 0.9989373683929443
9005 33518860 0.9989398717880249
9006 33518951 0.9989425837993622
9007 33519042 0.9989452958106995
9008 33519109 0.9989472925662994
9009 33519208 0.9989502429962158
9010 33519291 0.998952716588974
9011 33519373 0.9989551603794098
9012 33519459 0.9989577233791351
9013 33519555 0.9989605844020844
9014 33519645 0.9989632666110992
9015 33519741 0.9989661276340485
9016 33519837 0.9989689886569977
9017 33519911 0.9989711940288544
9018 33519996 0.9989737272262573
9019 33520116 0.9989773035049438
9020 33520195 0.9989796578884125
9021 33520273 0.9989819824695587
9022 33520356 0.9989844560623169
9023 33520435 0.9989868104457855
9024 33520520 0.9989893436431885
9025 33520621 0.9989923536777496
9026 33520705 0.9989948570728302
9027 33520805 0.998997837305069
9028 33520901 0.9990006983280182
9029 33520983 0.999003142118454
9030 33521071 0.9990057647228241
9031 33521154 0.9990082383155823
9032 33521252 0.9990111589431763
9033 33521338 0.9990137219429016
9034 33521418 0.9990161061286926
9035 33521508 0.9990187883377075
9036 33521619 0.9990220963954926
9037 33521694 0.9990243315696716
9038 33521786 0.9990270733833313
9039 33521874 0.9990296959877014
9040 33521955 0.9990321099758148
9041 33522039 0.9990346133708954
9042 33522120 0.9990370273590088
9043 33522214 0.9990398287773132
9044 33522297 0.9990423023700714
9045 33522380 0.9990447759628296
9046 33522472 0.9990475177764893
9047 33522563 0.9990502297878265
9048 33522642 0.9990525841712952
9049 33522721 0.9990549385547638
9050 33522819 0.9990578591823578
9051 33522886 0.9990598559379578
9052 33522965 0.9990622103214264
9053 33523067 0.9990652501583099
9054 33523149 0.9990676939487457
9055 33523223 0.9990698993206024
9056 33523321 0.9990728199481964
9057 33523404 0.9990752935409546
9058 33523493 0.9990779459476471
9059 33523584 0.9990806579589844
9060 33523683 0.9990836083889008
9061 33523778 0.9990864396095276
9062 33523872 0.999089241027832
9063 33523982 0.9990925192832947
9064 33524071 0.9990951716899872
9065 33524159 0.9990977942943573
9066 33524242 0.9991002678871155
9067 33524333 0.9991029798984528
9068 33524400 0.9991049766540527
9069 33524492 0.9991077184677124
9070 33524604 0.9991110563278198
9071 33524680 0.9991133213043213
9072 33524770 0.9991160035133362
9073 33524874 0.9991191029548645
9074 33524949 0.9991213381290436
9075 33525025 0.999123603105545
9076 33525131 0.9991267621517181
9077 33525225 0.9991295635700226
9078 33525293 0.999131590127945
9079 33525371 0.9991339147090912
9080 33525447 0.9991361796855927
9081 33525539 0.9991389214992523
9082 33525623 0.9991414248943329
9083 33525715 0.9991441667079926
9084 33525816 0.9991471767425537
9085 33525897 0.9991495907306671
9086 33525984 0.9991521835327148
9087 33526072 0.999154806137085
9088 33526148 0.9991570711135864
9089 33526237 0.9991597235202789
9090 33526333 0.9991625845432281
9091 33526403 0.9991646707057953
9092 33526465 0.9991665184497833
9093 33526576 0.9991698265075684
9094 33526649 0.9991720020771027
9095 33526733 0.9991745054721832
9096 33526819 0.9991770684719086
9097 33526914 0.9991798996925354
9098 33527011 0.999182790517807
9099 33527097 0.9991853535175323
9100 33527189 0.999188095331192
9101 33527273 0.9991905987262726
9102 33527339 0.9991925656795502
9103 33527420 0.9991949796676636
9104 33527510 0.9991976618766785
9105 33527587 0.9991999566555023
9106 33527674 0.99920254945755
9107 33527771 0.9992054402828217
9108 33527835 0.9992073476314545
9109 33527914 0.9992097020149231
9110 33528007 0.9992124736309052
9111 33528080 0.9992146492004395
9112 33528151 0.999216765165329
9113 33528233 0.9992192089557648
9114 33528306 0.9992213845252991
9115 33528361 0.9992230236530304
9116 33528450 0.9992256760597229
9117 33528530 0.9992280602455139
9118 33528611 0.9992304742336273
9119 33528688 0.9992327690124512
9120 33528777 0.9992354214191437
9121 33528848 0.9992375373840332
9122 33528915 0.9992395341396332
9123 33528993 0.9992418587207794
9124 33529066 0.9992440342903137
9125 33529151 0.9992465674877167
9126 33529206 0.999248206615448
9127 33529290 0.9992507100105286
9128 33529364 0.9992529153823853
9129 33529438 0.9992551207542419
9130 33529511 0.9992572963237762
9131 33529577 0.9992592632770538
9132 33529656 0.9992616176605225
9133 33529737 0.9992640316486359
9134 33529812 0.9992662668228149
9135 33529872 0.9992680549621582
9136 33529965 0.9992708265781403
9137 33530048 0.9992733001708984
9138 33530120 0.9992754459381104
9139 33530185 0.9992773830890656
9140 33530254 0.9992794394493103
9141 33530337 0.9992819130420685
9142 33530409 0.9992840588092804
9143 33530460 0.9992855787277222
9144 33530527 0.9992875754833221
9145 33530601 0.9992897808551788
9146 33530672 0.9992918968200684
9147 33530765 0.9992946684360504
9148 33530852 0.9992972612380981
9149 33530911 0.999299019575119
9150 33530985 0.9993012249469757
9151 33531046 0.9993030428886414
9152 33531116 0.9993051290512085
9153 33531188 0.9993072748184204
9154 33531260 0.9993094205856323
9155 33531339 0.999311774969101
9156 33531416 0.9993140697479248
9157 33531480 0.9993159770965576
9158 33531540 0.9993177652359009
9159 33531610 0.999319851398468
9160 33531663 0.9993214309215546
9161 33531729 0.9993233978748322
9162 33531796 0.9993253946304321
9163 33531860 0.9993273019790649
9164 33531936 0.9993295669555664
9165 33531993 0.9993312656879425
9166 33532046 0.999332845211029
9167 33532125 0.9993351995944977
9168 33532190 0.9993371367454529
9169 33532235 0.9993384778499603
9170 33532318 0.9993409514427185
9171 33532390 0.9993430972099304
9172 33532447 0.9993447959423065
9173 33532528 0.9993472099304199
9174 33532599 0.9993493258953094
9175 33532667 0.9993513524532318
9176 33532733 0.9993533194065094
9177 33532807 0.9993555247783661
9178 33532876 0.9993575811386108
9179 33532940 0.9993594884872437
9180 33532993 0.9993610680103302
9181 33533046 0.9993626475334167
9182 33533102 0.9993643164634705
9183 33533154 0.9993658661842346
9184 33533226 0.9993680119514465
9185 33533299 0.9993701875209808
9186 33533356 0.9993718862533569
9187 33533423 0.9993738830089569
9188 33533496 0.9993760585784912
9189 33533564 0.9993780851364136
9190 33533629 0.9993800222873688
9191 33533687 0.9993817508220673
9192 33533744 0.9993834495544434
9193 33533800 0.9993851184844971
9194 33533871 0.9993872344493866
9195 33533920 0.9993886947631836
9196 33533973 0.9993902742862701
9197 33534025 0.9993918240070343
9198 33534076 0.9993933439254761
9199 33534149 0.9993955194950104
9200 33534201 0.9993970692157745
9201 33534269 0.9993990957736969
9202 33534351 0.9994015395641327
9203 33534394 0.9994028210639954
9204 33534454 0.9994046092033386
9205 33534517 0.999406486749649
9206 33534560 0.9994077682495117
9207 33534624 0.9994096755981445
9208 33534691 0.9994116723537445
9209 33534741 0.9994131624698639
9210 33534802 0.9994149804115295
9211 33534863 0.9994167983531952
9212 33534917 0.9994184076786041
9213 33534976 0.999420166015625
9214 33535038 0.999422013759613
9215 33535097 0.9994237720966339
9216 33535153 0.9994254410266876
9217 33535207 0.9994270503520966
9218 33535267 0.9994288384914398
9219 33535337 0.999430924654007
9220 33535387 0.9994324147701263
9221 33535451 0.9994343221187592
9222 33535502 0.9994358420372009
9223 33535548 0.9994372129440308
9224 33535605 0.9994389116764069
9225 33535657 0.999440461397171
9226 33535711 0.99944207072258
9227 33535772 0.9994438886642456
9228 33535831 0.9994456470012665
9229 33535881 0.9994471371173859
9230 33535921 0.9994483292102814
9231 33535977 0.9994499981403351
9232 33536032 0.9994516372680664
9233 33536089 0.9994533360004425
9234 33536134 0.99945467710495
9235 33536188 0.9994562864303589
9236 33536249 0.9994581043720245
9237 33536295 0.9994594752788544
9238 33536354 0.9994612336158752
9239 33536402 0.9994626641273499
9240 33536453 0.9994641840457916
9241 33536507 0.9994657933712006
9242 33536548 0.9994670152664185
9243 33536593 0.9994683563709259
9244 33536636 0.9994696378707886
9245 33536693 0.9994713366031647
9246 33536743 0.9994728267192841
9247 33536792 0.999474287033081
9248 33536846 0.99947589635849
9249 33536878 0.9994768500328064
9250 33536921 0.9994781315326691
9251 33536968 0.9994795322418213
9252 33537016 0.9994809627532959
9253 33537065 0.9994824230670929
9254 33537096 0.9994833469390869
9255 33537137 0.9994845688343048
9256 33537183 0.9994859397411346
9257 33537212 0.9994868040084839
9258 33537255 0.9994880855083466
9259 33537287 0.999489039182663
9260 33537324 0.9994901418685913
9261 33537375 0.9994916617870331
9262 33537416 0.999492883682251
9263 33537452 0.9994939565658569
9264 33537487 0.9994949996471405
9265 33537540 0.999496579170227
9266 33537576 0.999497652053833
9267 33537616 0.9994988441467285
9268 33537670 0.9995004534721375
9269 33537714 0.9995017647743225
9270 33537752 0.9995028972625732
9271 33537792 0.9995040893554688
9272 33537830 0.9995052218437195
9273 33537872 0.9995064735412598
9274 33537919 0.999507874250412
9275 33537960 0.9995090961456299
9276 33537991 0.9995100200176239
9277 33538039 0.9995114505290985
9278 33538078 0.9995126128196716
9279 33538116 0.9995137453079224
9280 33538160 0.9995150566101074
9281 33538196 0.9995161294937134
9282 33538236 0.9995173215866089
9283 33538274 0.9995184540748596
9284 33538310 0.9995195269584656
9285 33538353 0.9995208084583282
9286 33538384 0.9995217323303223
9287 33538430 0.9995231032371521
9288 33538474 0.9995244145393372
9289 33538512 0.9995255470275879
9290 33538564 0.999527096748352
9291 33538602 0.9995282292366028
9292 33538642 0.9995294213294983
9293 33538678 0.9995304942131042
9294 33538707 0.9995313584804535
9295 33538739 0.9995323121547699
9296 33538769 0.9995332062244415
9297 33538803 0.9995342195034027
9298 33538843 0.9995354115962982
9299 33538888 0.9995367527008057
9300 33538933 0.9995380938053131
9301 33538972 0.9995392560958862
9302 33539020 0.9995406866073608
9303 33539057 0.9995417892932892
9304 33539092 0.9995428323745728
9305 33539144 0.9995443820953369
9306 33539179 0.9995454251766205
9307 33539218 0.9995465874671936
9308 33539247 0.9995474517345428
9309 33539273 0.9995482265949249
9310 33539313 0.9995494186878204
9311 33539354 0.9995506405830383
9312 33539392 0.9995517730712891
9313 33539426 0.9995527863502502
9314 33539452 0.9995535612106323
9315 33539482 0.999554455280304
9316 33539533 0.9995559751987457
9317 33539570 0.9995570778846741
9318 33539595 0.9995578229427338
9319 33539632 0.9995589256286621
9320 33539669 0.9995600283145905
9321 33539698 0.9995608925819397
9322 33539733 0.9995619356632233
9323 33539777 0.9995632469654083
9324 33539820 0.999564528465271
9325 33539851 0.999565452337265
9326 33539890 0.9995666146278381
9327 33539909 0.9995671808719635
9328 33539949 0.999568372964859
9329 33539983 0.9995693862438202
9330 33540019 0.9995704591274261
9331 33540060 0.999571681022644
9332 33540092 0.9995726346969604
9333 33540123 0.9995735585689545
9334 33540161 0.9995746910572052
9335 33540191 0.9995755851268768
9336 33540222 0.9995765089988708
9337 33540250 0.9995773434638977
9338 33540292 0.999578595161438
9339 33540343 0.9995801150798798
9340 33540370 0.9995809197425842
9341 33540397 0.9995817244052887
9342 33540426 0.9995825886726379
9343 33540461 0.9995836317539215
9344 33540493 0.9995845854282379
9345 33540530 0.9995856881141663
9346 33540576 0.9995870590209961
9347 33540608 0.9995880126953125
9348 33540642 0.9995890259742737
9349 33540682 0.9995902180671692
9350 33540711 0.9995910823345184
9351 33540744 0.9995920658111572
9352 33540778 0.9995930790901184
9353 33540808 0.99959397315979
9354 33540850 0.9995952248573303
9355 33540880 0.999596118927002
9356 33540925 0.9995974600315094
9357 33540949 0.9995981752872467
9358 33540985 0.9995992481708527
9359 33541019 0.9996002614498138
9360 33541057 0.9996013939380646
9361 33541084 0.999602198600769
9362 33541111 0.9996030032634735
9363 33541133 0.999603658914566
9364 33541155 0.9996043145656586
9365 33541195 0.9996055066585541
9366 33541228 0.9996064901351929
9367 33541252 0.9996072053909302
9368 33541292 0.9996083974838257
9369 33541316 0.999609112739563
9370 33541355 0.9996102750301361
9371 33541380 0.9996110200881958
9372 33541408 0.9996118545532227
9373 33541431 0.9996125400066376
9374 33541472 0.9996137619018555
9375 33541506 0.9996147751808167
9376 33541542 0.9996158480644226
9377 33541583 0.9996170699596405
9378 33541615 0.9996180236339569
9379 33541649 0.9996190369129181
9380 33541679 0.9996199309825897
9381 33541707 0.9996207654476166
9382 33541735 0.9996215999126434
9383 33541764 0.9996224641799927
9384 33541788 0.99962317943573
9385 33541824 0.9996242523193359
9386 33541863 0.9996254146099091
9387 33541905 0.9996266663074493
9388 33541940 0.9996277093887329
9389 33541976 0.9996287822723389
9390 33541993 0.9996292889118195
9391 33542028 0.999630331993103
9392 33542066 0.9996314644813538
9393 33542099 0.9996324479579926
9394 33542130 0.9996333718299866
9395 33542156 0.9996341466903687
9396 33542189 0.9996351301670074
9397 33542216 0.9996359348297119
9398 33542239 0.9996366202831268
9399 33542275 0.9996376931667328
9400 33542305 0.9996385872364044
9401 33542340 0.999639630317688
9402 33542365 0.9996403753757477
9403 33542392 0.9996411800384521
9404 33542420 0.999642014503479
9405 33542448 0.9996428489685059
9406 33542479 0.9996437728404999
9407 33542507 0.9996446073055267
9408 33542530 0.9996452927589417
9409 33542573 0.9996465742588043
9410 33542601 0.9996474087238312
9411 33542634 0.99964839220047
9412 33542659 0.9996491372585297
9413 33542681 0.9996497929096222
9414 33542713 0.9996507465839386
9415 33542738 0.9996514916419983
9416 33542767 0.9996523559093475
9417 33542799 0.9996533095836639
9418 33542825 0.999654084444046
9419 33542841 0.9996545612812042
9420 33542865 0.9996552765369415
9421 33542895 0.9996561706066132
9422 33542914 0.9996567368507385
9423 33542942 0.9996575713157654
9424 33542968 0.9996583461761475
9425 33542991 0.9996590316295624
9426 33543017 0.9996598064899445
9427 33543046 0.9996606707572937
9428 33543068 0.9996613264083862
9429 33543088 0.999661922454834
9430 33543110 0.9996625781059265
9431 33543132 0.999663233757019
9432 33543155 0.999663919210434
9433 33543181 0.999664694070816
9434 33543208 0.9996654987335205
9435 33543236 0.9996663331985474
9436 33543257 0.9996669590473175
9437 33543279 0.99966761469841
9438 33543297 0.999668151140213
9439 33543329 0.9996691048145294
9440 33543360 0.9996700286865234
9441 33543375 0.9996704757213593
9442 33543398 0.9996711611747742
9443 33543422 0.9996718764305115
9444 33543446 0.9996725916862488
9445 33543469 0.9996732771396637
9446 33543498 0.9996741414070129
9447 33543523 0.9996748864650726
9448 33543548 0.9996756315231323
9449 33543575 0.9996764361858368
9450 33543603 0.9996772706508636
9451 33543631 0.9996781051158905
9452 33543658 0.999678909778595
9453 33543682 0.9996796250343323
9454 33543707 0.999680370092392
9455 33543732 0.9996811151504517
9456 33543765 0.9996820986270905
9457 33543783 0.9996826350688934
9458 33543790 0.9996828436851501
9459 33543810 0.9996834397315979
9460 33543840 0.9996843338012695
9461 33543869 0.9996851980686188
9462 33543890 0.9996858239173889
9463 33543905 0.9996862709522247
9464 33543923 0.9996868073940277
9465 33543953 0.9996877014636993
9466 33543973 0.9996882975101471
9467 33544002 0.9996891617774963
9468 33544016 0.9996895790100098
9469 33544034 0.9996901154518127
9470 33544060 0.9996908903121948
9471 33544090 0.9996917843818665
9472 33544115 0.9996925294399261
9473 33544134 0.9996930956840515
9474 33544157 0.9996937811374664
9475 33544177 0.9996943771839142
9476 33544195 0.9996949136257172
9477 33544221 0.9996956884860992
9478 33544235 0.9996961057186127
9479 33544255 0.9996967017650604
9480 33544286 0.9996976256370544
9481 33544307 0.9996982514858246
9482 33544317 0.9996985495090485
9483 33544341 0.9996992647647858
9484 33544366 0.9997000098228455
9485 33544397 0.9997009336948395
9486 33544422 0.9997016787528992
9487 33544444 0.9997023344039917
9488 33544467 0.9997030198574066
9489 33544488 0.9997036457061768
9490 33544515 0.9997044503688812
9491 33544529 0.9997048676013947
9492 33544549 0.9997054636478424
9493 33544564 0.9997059106826782
9494 33544591 0.9997067153453827
9495 33544612 0.9997073411941528
9496 33544630 0.9997078776359558
9497 33544655 0.9997086226940155
9498 33544665 0.9997089207172394
9499 33544687 0.9997095763683319
9500 33544702 0.9997100234031677
9501 33544721 0.9997105896472931
9502 33544734 0.9997109770774841
9503 33544752 0.9997115135192871
9504 33544769 0.9997120201587677
9505 33544782 0.9997124075889587
9506 33544799 0.9997129142284393
9507 33544824 0.999713659286499
9508 33544849 0.9997144043445587
9509 33544871 0.9997150599956512
9510 33544888 0.9997155666351318
9511 33544912 0.9997162818908691
9512 33544930 0.9997168183326721
9513 33544961 0.9997177422046661
9514 33544982 0.9997183680534363
9515 33545006 0.9997190833091736
9516 33545026 0.9997196793556213
9517 33545055 0.9997205436229706
9518 33545074 0.999721109867096
9519 33545094 0.9997217059135437
9520 33545109 0.9997221529483795
9521 33545128 0.9997227191925049
9522 33545147 0.9997232854366302
9523 33545167 0.999723881483078
9524 33545190 0.9997245669364929
9525 33545217 0.9997253715991974
9526 33545235 0.9997259080410004
9527 33545253 0.9997264444828033
9528 33545276 0.9997271299362183
9529 33545302 0.9997279047966003
9530 33545315 0.9997282922267914
9531 33545340 0.9997290372848511
9532 33545352 0.9997293949127197
9533 33545367 0.9997298419475555
9534 33545388 0.9997304677963257
9535 33545411 0.9997311532497406
9536 33545432 0.9997317790985107
9537 33545449 0.9997322857379913
9538 33545467 0.9997328221797943
9539 33545489 0.9997334778308868
9540 33545501 0.9997338354587555
9541 33545524 0.9997345209121704
9542 33545545 0.9997351467609406
9543 33545562 0.9997356534004211
9544 33545584 0.9997363090515137
9545 33545607 0.9997369945049286
9546 33545630 0.9997376799583435
9547 33545643 0.9997380673885345
9548 33545661 0.9997386038303375
9549 33545680 0.9997391700744629
9550 33545694 0.9997395873069763
9551 33545714 0.9997401833534241
9552 33545727 0.9997405707836151
9553 33545739 0.9997409284114838
9554 33545757 0.9997414648532867
9555 33545767 0.9997417628765106
9556 33545784 0.9997422695159912
9557 33545809 0.9997430145740509
9558 33545831 0.9997436702251434
9559 33545842 0.9997439980506897
9560 33545866 0.999744713306427
9561 33545887 0.9997453391551971
9562 33545900 0.9997457265853882
9563 33545919 0.9997462928295135
9564 33545926 0.9997465014457703
9565 33545944 0.9997470378875732
9566 33545957 0.9997474253177643
9567 33545971 0.9997478425502777
9568 33545994 0.9997485280036926
9569 33546012 0.9997490644454956
9570 33546031 0.999749630689621
9571 33546054 0.9997503161430359
9572 33546067 0.9997507035732269
9573 33546081 0.9997511208057404
9574 33546103 0.9997517764568329
9575 33546125 0.9997524321079254
9576 33546148 0.9997531175613403
9577 33546160 0.999753475189209
9578 33546183 0.9997541606426239
9579 33546199 0.9997546374797821
9580 33546218 0.9997552037239075
9581 33546238 0.9997557997703552
9582 33546256 0.9997563362121582
9583 33546267 0.9997566640377045
9584 33546275 0.9997569024562836
9585 33546294 0.9997574687004089
9586 33546311 0.9997579753398895
9587 33546324 0.9997583627700806
9588 33546342 0.9997588992118835
9589 33546351 0.999759167432785
9590 33546364 0.9997595548629761
9591 33546384 0.9997601509094238
9592 33546408 0.9997608661651611
9593 33546427 0.9997614324092865
9594 33546446 0.9997619986534119
9595 33546466 0.9997625946998596
9596 33546483 0.9997631013393402
9597 33546502 0.9997636675834656
9598 33546524 0.9997643232345581
9599 33546542 0.9997648596763611
9600 33546555 0.9997652471065521
9601 33546570 0.9997656941413879
9602 33546579 0.9997659623622894
9603 33546590 0.9997662901878357
9604 33546602 0.9997666478157043
9605 33546618 0.9997671246528625
9606 33546631 0.9997675120830536
9607 33546644 0.9997678995132446
9608 33546659 0.9997683465480804
9609 33546672 0.9997687339782715
9610 33546686 0.9997691512107849
9611 33546702 0.9997696280479431
9612 33546713 0.9997699558734894
9613 33546726 0.9997703433036804
9614 33546742 0.9997708201408386
9615 33546755 0.9997712075710297
9616 33546765 0.9997715055942535
9617 33546781 0.9997719824314117
9618 33546796 0.9997724294662476
9619 33546813 0.9997729361057281
9620 33546830 0.9997734427452087
9621 33546846 0.9997739195823669
9622 33546866 0.9997745156288147
9623 33546886 0.9997751116752625
9624 33546898 0.9997754693031311
9625 33546917 0.9997760355472565
9626 33546927 0.9997763335704803
9627 33546938 0.9997766613960266
9628 33546952 0.99977707862854
9629 33546968 0.9997775554656982
9630 33546979 0.9997778832912445
9631 33546984 0.9997780323028564
9632 33547004 0.9997786283493042
9633 33547013 0.9997788965702057
9634 33547030 0.9997794032096863
9635 33547041 0.9997797310352325
9636 33547061 0.9997803270816803
9637 33547073 0.999780684709549
9638 33547088 0.9997811317443848
9639 33547097 0.9997813999652863
9640 33547110 0.9997817873954773
9641 33547122 0.999782145023346
9642 33547136 0.9997825622558594
9643 33547152 0.9997830390930176
9644 33547163 0.9997833669185638
9645 33547176 0.9997837543487549
9646 33547191 0.9997842013835907
9647 33547202 0.999784529209137
9648 33547213 0.9997848570346832
9649 33547223 0.9997851550579071
9650 33547235 0.9997855126857758
9651 33547250 0.9997859597206116
9652 33547267 0.9997864663600922
9653 33547279 0.9997868239879608
9654 33547295 0.999787300825119
9655 33547309 0.9997877180576324
9656 33547327 0.9997882544994354
9657 33547341 0.9997886717319489
9658 33547355 0.9997890889644623
9659 33547375 0.99978968501091
9660 33547383 0.9997899234294891
9661 33547402 0.9997904896736145
9662 33547411 0.999790757894516
9663 33547427 0.9997912347316742
9664 33547442 0.99979168176651
9665 33547453 0.9997920095920563
9666 33547471 0.9997925460338593
9667 33547481 0.9997928440570831
9668 33547492 0.9997931718826294
9669 33547516 0.9997938871383667
9670 33547522 0.999794065952301
9671 33547530 0.9997943043708801
9672 33547534 0.9997944235801697
9673 33547546 0.9997947812080383
9674 33547557 0.9997951090335846
9675 33547567 0.9997954070568085
9676 33547579 0.9997957646846771
9677 33547593 0.9997961819171906
9678 33547603 0.9997964799404144
9679 33547614 0.9997968077659607
9680 33547629 0.9997972548007965
9681 33547640 0.9997975826263428
9682 33547651 0.999797910451889
9683 33547669 0.999798446893692
9684 33547675 0.9997986257076263
9685 33547683 0.9997988641262054
9686 33547700 0.999799370765686
9687 33547720 0.9997999668121338
9688 33547725 0.9998001158237457
9689 33547736 0.999800443649292
9690 33547741 0.9998005926609039
9691 33547755 0.9998010098934174
9692 33547773 0.9998015463352203
9693 33547789 0.9998020231723785
9694 33547801 0.9998023808002472
9695 33547820 0.9998029470443726
9696 33547832 0.9998033046722412
9697 33547845 0.9998036921024323
9698 33547854 0.9998039603233337
9699 33547865 0.99980428814888
9700 33547880 0.9998047351837158
9701 33547894 0.9998051524162292
9702 33547905 0.9998054802417755
9703 33547922 0.9998059868812561
9704 33547933 0.9998063147068024
9705 33547941 0.9998065531253815
9706 33547956 0.9998070001602173
9707 33547967 0.9998073279857635
9708 33547978 0.9998076558113098
9709 33547986 0.9998078942298889
9710 33547993 0.9998081028461456
9711 33548001 0.9998083412647247
9712 33548008 0.9998085498809814
9713 33548017 0.9998088181018829
9714 33548030 0.999809205532074
9715 33548049 0.9998097717761993
9716 33548054 0.9998099207878113
9717 33548067 0.9998103082180023
9718 33548075 0.9998105466365814
9719 33548089 0.9998109638690948
9720 33548092 0.999811053276062
9721 33548099 0.9998112618923187
9722 33548113 0.9998116791248322
9723 33548127 0.9998120963573456
9724 33548140 0.9998124837875366
9725 33548155 0.9998129308223724
9726 33548170 0.9998133778572083
9727 33548176 0.9998135566711426
9728 33548189 0.9998139441013336
9729 33548196 0.9998141527175903
9730 33548213 0.9998146593570709
9731 33548226 0.999815046787262
9732 33548235 0.9998153150081635
9733 33548252 0.999815821647644
9734 33548259 0.9998160302639008
9735 33548272 0.9998164176940918
9736 33548281 0.9998166859149933
9737 33548294 0.9998170733451843
9738 33548307 0.9998174607753754
9739 33548321 0.9998178780078888
9740 33548333 0.9998182356357574
9741 33548345 0.9998185932636261
9742 33548358 0.9998189806938171
9743 33548369 0.9998193085193634
9744 33548382 0.9998196959495544
9745 33548388 0.9998198747634888
9746 33548397 0.9998201429843903
9747 33548411 0.9998205602169037
9748 33548417 0.999820739030838
9749 33548427 0.9998210370540619
9750 33548440 0.9998214244842529
9751 33548451 0.9998217523097992
9752 33548462 0.9998220801353455
9753 33548481 0.9998226463794708
9754 33548490 0.9998229146003723
9755 33548501 0.9998232424259186
9756 33548508 0.9998234510421753
9757 33548515 0.999823659658432
9758 33548529 0.9998240768909454
9759 33548536 0.9998242855072021
9760 33548551 0.999824732542038
9761 33548560 0.9998250007629395
9762 33548566 0.9998251795768738
9763 33548577 0.99982550740242
9764 33548586 0.9998257756233215
9765 33548598 0.9998261332511902
9766 33548615 0.9998266398906708
9767 33548631 0.999827116727829
9768 33548642 0.9998274445533752
9769 33548654 0.9998278021812439
9770 33548664 0.9998281002044678
9771 33548679 0.9998285472393036
9772 33548693 0.999828964471817
9773 33548701 0.9998292028903961
9774 33548708 0.9998294115066528
9775 33548718 0.9998297095298767
9776 33548722 0.9998298287391663
9777 33548739 0.9998303353786469
9778 33548748 0.9998306035995483
9779 33548756 0.9998308420181274
9780 33548768 0.9998311996459961
9781 33548775 0.9998314082622528
9782 33548785 0.9998317062854767
9783 33548792 0.9998319149017334
9784 33548810 0.9998324513435364
9785 33548818 0.9998326897621155
9786 33548827 0.999832957983017
9787 33548832 0.9998331069946289
9788 33548841 0.9998333752155304
9789 33548852 0.9998337030410767
9790 33548865 0.9998340904712677
9791 33548872 0.9998342990875244
9792 33548879 0.9998345077037811
9793 33548888 0.9998347759246826
9794 33548903 0.9998352229595184
9795 33548912 0.9998354911804199
9796 33548918 0.9998356699943542
9797 33548931 0.9998360574245453
9798 33548944 0.9998364448547363
9799 33548948 0.9998365640640259
9800 33548958 0.9998368620872498
9801 33548966 0.9998371005058289
9802 33548975 0.9998373687267303
9803 33548984 0.9998376369476318
9804 33548995 0.9998379647731781
9805 33549008 0.9998383522033691
9806 33549018 0.999838650226593
9807 33549029 0.9998389780521393
9808 33549038 0.9998392462730408
9809 33549048 0.9998395442962646
9810 33549062 0.9998399615287781
9811 33549073 0.9998402893543243
9812 33549084 0.9998406171798706
9813 33549093 0.9998408854007721
9814 33549103 0.999841183423996
9815 33549113 0.9998414814472198
9816 33549124 0.9998418092727661
9817 33549127 0.9998418986797333
9818 33549130 0.9998419880867004
9819 33549141 0.9998423159122467
9820 33549154 0.9998427033424377
9821 33549163 0.9998429715633392
9822 33549170 0.999843180179596
9823 33549183 0.999843567609787
9824 33549194 0.9998438954353333
9825 33549200 0.9998440742492676
9826 33549209 0.9998443424701691
9827 33549216 0.9998445510864258
9828 33549227 0.999844878911972
9829 33549234 0.9998450875282288
9830 33549244 0.9998453855514526
9831 33549255 0.9998457133769989
9832 33549269 0.9998461306095123
9833 33549274 0.9998462796211243
9834 33549283 0.9998465478420258
9835 33549293 0.9998468458652496
9836 33549301 0.9998470842838287
9837 33549305 0.9998472034931183
9838 33549309 0.9998473227024078
9839 33549311 0.9998473823070526
9840 33549320 0.9998476505279541
9841 33549327 0.9998478591442108
9842 33549339 0.9998482167720795
9843 33549346 0.9998484253883362
9844 33549356 0.9998487234115601
9845 33549365 0.9998489916324615
9846 33549372 0.9998492002487183
9847 33549378 0.9998493790626526
9848 33549388 0.9998496770858765
9849 33549394 0.9998498558998108
9850 33549399 0.9998500049114227
9851 33549404 0.9998501539230347
9852 33549419 0.9998506009578705
9853 33549426 0.9998508095741272
9854 33549431 0.9998509585857391
9855 33549440 0.9998512268066406
9856 33549443 0.9998513162136078
9857 33549453 0.9998516142368317
9858 33549457 0.9998517334461212
9859 33549463 0.9998519122600555
9860 33549474 0.9998522400856018
9861 33549481 0.9998524487018585
9862 33549490 0.99985271692276
9863 33549498 0.9998529553413391
9864 33549506 0.9998531937599182
9865 33549513 0.9998534023761749
9866 33549521 0.999853640794754
9867 33549527 0.9998538196086884
9868 33549538 0.9998541474342346
9869 33549547 0.9998544156551361
9870 33549553 0.9998545944690704
9871 33549559 0.9998547732830048
9872 33549564 0.9998549222946167
9873 33549569 0.9998550713062286
9874 33549577 0.9998553097248077
9875 33549587 0.9998556077480316
9876 33549598 0.9998559355735779
9877 33549604 0.9998561143875122
9878 33549619 0.999856561422348
9879 33549620 0.9998565912246704
9880 33549631 0.9998569190502167
9881 33549640 0.9998571872711182
9882 33549648 0.9998574256896973
9883 33549657 0.9998576939105988
9884 33549665 0.9998579323291779
9885 33549673 0.999858170747757
9886 33549681 0.9998584091663361
9887 33549691 0.9998587071895599
9888 33549702 0.9998590350151062
9889 33549709 0.9998592436313629
9890 33549716 0.9998594522476196
9891 33549723 0.9998596608638763
9892 33549729 0.9998598396778107
9893 33549738 0.9998601078987122
9894 33549741 0.9998601973056793
9895 33549750 0.9998604655265808
9896 33549759 0.9998607337474823
9897 33549766 0.999860942363739
9898 33549777 0.9998612701892853
9899 33549787 0.9998615682125092
9900 33549796 0.9998618364334106
9901 33549803 0.9998620450496674
9902 33549811 0.9998622834682465
9903 33549817 0.9998624622821808
9904 33549825 0.9998627007007599
9905 33549832 0.9998629093170166
9906 33549836 0.9998630285263062
9907 33549842 0.9998632073402405
9908 33549849 0.9998634159564972
9909 33549856 0.9998636245727539
9910 33549864 0.999863862991333
9911 33549871 0.9998640716075897
9912 33549879 0.9998643100261688
9913 33549890 0.9998646378517151
9914 33549893 0.9998647272586823
9915 33549902 0.9998649954795837
9916 33549905 0.9998650848865509
9917 33549912 0.9998652935028076
9918 33549923 0.9998656213283539
9919 33549927 0.9998657405376434
9920 33549933 0.9998659193515778
9921 33549943 0.9998662173748016
9922 33549951 0.9998664557933807
9923 33549953 0.9998665153980255
9924 33549962 0.999866783618927
9925 33549973 0.9998671114444733
9926 33549978 0.9998672604560852
9927 33549989 0.9998675882816315
9928 33549996 0.9998677968978882
9929 33550002 0.9998679757118225
9930 33550009 0.9998681843280792
9931 33550014 0.9998683333396912
9932 33550019 0.9998684823513031
9933 33550027 0.9998687207698822
9934 33550035 0.9998689591884613
9935 33550044 0.9998692274093628
9936 33550048 0.9998693466186523
9937 33550052 0.9998694658279419
9938 33550058 0.9998696446418762
9939 33550064 0.9998698234558105
9940 33550077 0.9998702108860016
9941 33550089 0.9998705685138702
9942 33550095 0.9998707473278046
9943 33550101 0.9998709261417389
9944 33550103 0.9998709857463837
9945 33550109 0.999871164560318
9946 33550119 0.9998714625835419
9947 33550128 0.9998717308044434
9948 33550140 0.999872088432312
9949 33550145 0.999872237443924
9950 33550151 0.9998724162578583
9951 33550153 0.999872475862503
9952 33550163 0.9998727738857269
9953 33550170 0.9998729825019836
9954 33550174 0.9998731017112732
9955 33550179 0.9998732507228851
9956 33550185 0.9998734295368195
9957 33550190 0.9998735785484314
9958 33550199 0.9998738467693329
9959 33550206 0.9998740553855896
9960 33550209 0.9998741447925568
9961 33550217 0.9998743832111359
9962 33550221 0.9998745024204254
9963 33550232 0.9998748302459717
9964 33550236 0.9998749494552612
9965 33550244 0.9998751878738403
9966 33550249 0.9998753368854523
9967 33550253 0.9998754560947418
9968 33550260 0.9998756647109985
9969 33550269 0.9998759329319
9970 33550271 0.9998759925365448
9971 33550277 0.9998761713504791
9972 33550283 0.9998763501644135
9973 33550287 0.999876469373703
9974 33550296 0.9998767375946045
9975 33550302 0.9998769164085388
9976 33550310 0.9998771548271179
9977 33550313 0.9998772442340851
9978 33550322 0.9998775124549866
9979 33550330 0.9998777508735657
9980 33550336 0.9998779296875
9981 33550340 0.9998780488967896
9982 33550347 0.9998782575130463
9983 33550354 0.999878466129303
9984 33550363 0.9998787343502045
9985 33550369 0.9998789131641388
9986 33550373 0.9998790323734283
9987 33550381 0.9998792707920074
9988 33550385 0.999879390001297
9989 33550397 0.9998797476291656
9990 33550401 0.9998798668384552
9991 33550406 0.9998800158500671
9992 33550417 0.9998803436756134
9993 33550419 0.9998804032802582
9994 33550423 0.9998805224895477
9995 33550431 0.9998807609081268
9996 33550436 0.9998809099197388
9997 33550442 0.9998810887336731
9998 33550446 0.9998812079429626
9999 33550452 0.999881386756897
10000 33550458 0.9998815655708313
10001 33550463 0.9998817145824432
10002 33550470 0.9998819231987
10003 33550479 0.9998821914196014
10004 33550485 0.9998823702335358
10005 33550490 0.9998825192451477
10006 33550496 0.999882698059082
10007 33550502 0.9998828768730164
10008 33550505 0.9998829662799835
10009 33550514 0.999883234500885
10010 33550518 0.9998833537101746
10011 33550523 0.9998835027217865
10012 33550530 0.9998837113380432
10013 33550538 0.9998839497566223
10014 33550541 0.9998840391635895
10015 33550554 0.9998844265937805
10016 33550562 0.9998846650123596
10017 33550566 0.9998847842216492
10018 33550571 0.9998849332332611
10019 33550575 0.9998850524425507
10020 33550582 0.9998852610588074
10021 33550587 0.9998854100704193
10022 33550593 0.9998855888843536
10023 33550600 0.9998857975006104
10024 33550607 0.9998860061168671
10025 33550613 0.9998861849308014
10026 33550617 0.9998863041400909
10027 33550625 0.99988654255867
10028 33550635 0.9998868405818939
10029 33550641 0.9998870193958282
10030 33550648 0.999887228012085
10031 33550653 0.9998873770236969
10032 33550657 0.9998874962329865
10033 33550661 0.999887615442276
10034 33550671 0.9998879134654999
10035 33550674 0.999888002872467
10036 33550680 0.9998881816864014
10037 33550687 0.9998883903026581
10038 33550692 0.99988853931427
10039 33550696 0.9998886585235596
10040 33550700 0.9998887777328491
10041 33550708 0.9998890161514282
10042 33550719 0.9998893439769745
10043 33550727 0.9998895823955536
10044 33550731 0.9998897016048431
10045 33550735 0.9998898208141327
10046 33550742 0.9998900294303894
10047 33550746 0.999890148639679
10048 33550756 0.9998904466629028
10049 33550762 0.9998906254768372
10050 33550765 0.9998907148838043
10051 33550772 0.999890923500061
10052 33550777 0.999891072511673
10053 33550781 0.9998911917209625
10054 33550786 0.9998913407325745
10055 33550791 0.9998914897441864
10056 33550797 0.9998916685581207
10057 33550800 0.9998917579650879
10058 33550802 0.9998918175697327
10059 33550805 0.9998919069766998
10060 33550813 0.9998921453952789
10061 33550817 0.9998922646045685
10062 33550824 0.9998924732208252
10063 33550828 0.9998925924301147
10064 33550835 0.9998928010463715
10065 33550843 0.9998930394649506
10066 33550848 0.9998931884765625
10067 33550855 0.9998933970928192
10068 33550860 0.9998935461044312
10069 33550863 0.9998936355113983
10070 33550873 0.9998939335346222
10071 33550880 0.9998941421508789
10072 33550887 0.9998943507671356
10073 33550891 0.9998944699764252
10074 33550897 0.9998946487903595
10075 33550899 0.9998947083950043
10076 33550910 0.9998950362205505
10077 33550917 0.9998952448368073
10078 33550922 0.9998953938484192
10079 33550928 0.9998955726623535
10080 33550929 0.9998956024646759
10081 33550934 0.9998957514762878
10082 33550938 0.9998958706855774
10083 33550941 0.9998959600925446
10084 33550947 0.9998961389064789
10085 33550953 0.9998963177204132
10086 33550957 0.9998964369297028
10087 33550965 0.9998966753482819
10088 33550970 0.9998968243598938
10089 33550978 0.9998970627784729
10090 33550985 0.9998972713947296
10091 33550988 0.9998973608016968
10092 33550993 0.9998975098133087
10093 33550997 0.9998976290225983
10094 33551005 0.9998978674411774
10095 33551015 0.9998981654644012
10096 33551020 0.9998983144760132
10097 33551026 0.9998984932899475
10098 33551032 0.9998986721038818
10099 33551040 0.9998989105224609
10100 33551048 0.99989914894104
10101 33551056 0.9998993873596191
10102 33551062 0.9998995661735535
10103 33551065 0.9998996555805206
10104 33551073 0.9998998939990997
10105 33551081 0.9999001324176788
10106 33551089 0.9999003708362579
10107 33551094 0.9999005198478699
10108 33551096 0.9999005794525146
10109 33551103 0.9999007880687714
10110 33551106 0.9999008774757385
10111 33551114 0.9999011158943176
10112 33551118 0.9999012351036072
10113 33551129 0.9999015629291534
10114 33551135 0.9999017417430878
10115 33551141 0.9999019205570221
10117 33551143 0.9999019801616669
10118 33551148 0.9999021291732788
10119 33551149 0.9999021589756012
10120 33551155 0.9999023377895355
10121 33551163 0.9999025762081146
10122 33551170 0.9999027848243713
10123 33551176 0.9999029636383057
10124 33551182 0.99990314245224
10125 33551186 0.9999032616615295
10126 33551192 0.9999034404754639
10127 33551200 0.999903678894043
10128 33551205 0.9999038279056549
10129 33551214 0.9999040961265564
10130 33551222 0.9999043345451355
10131 33551229 0.9999045431613922
10132 33551234 0.9999046921730042
10133 33551239 0.9999048411846161
10134 33551246 0.9999050498008728
10135 33551249 0.99990513920784
10136 33551253 0.9999052584171295
10137 33551255 0.9999053180217743
10138 33551260 0.9999054670333862
10139 33551264 0.9999055862426758
10140 33551266 0.9999056458473206
10141 33551273 0.9999058544635773
10142 33551275 0.999905914068222
10143 33551282 0.9999061226844788
10144 33551291 0.9999063909053802
10145 33551297 0.9999065697193146
10146 33551301 0.9999066889286041
10147 33551306 0.9999068379402161
10148 33551310 0.9999069571495056
10149 33551313 0.9999070465564728
10150 33551324 0.999907374382019
10151 33551331 0.9999075829982758
10152 33551341 0.9999078810214996
10153 33551348 0.9999080896377563
10154 33551355 0.9999082982540131
10155 33551361 0.9999084770679474
10156 33551364 0.9999085664749146
10157 33551370 0.9999087452888489
10158 33551380 0.9999090433120728
10159 33551385 0.9999091923236847
10160 33551388 0.9999092817306519
10161 33551394 0.9999094605445862
10162 33551402 0.9999096989631653
10163 33551405 0.9999097883701324
10164 33551407 0.9999098479747772
10165 33551412 0.9999099969863892
10166 33551422 0.999910295009613
10167 33551426 0.9999104142189026
10168 33551434 0.9999106526374817
10169 33551439 0.9999108016490936
10170 33551444 0.9999109506607056
10171 33551452 0.9999111890792847
10172 33551456 0.9999113082885742
10173 33551459 0.9999113976955414
10174 33551467 0.9999116361141205
10175 33551469 0.9999116957187653
10176 33551476 0.999911904335022
10177 33551482 0.9999120831489563
10178 33551488 0.9999122619628906
10179 33551493 0.9999124109745026
10180 33551497 0.9999125301837921
10181 33551503 0.9999127089977264
10182 33551508 0.9999128580093384
10184 33551513 0.9999130070209503
10185 33551515 0.9999130666255951
10186 33551526 0.9999133944511414
10187 33551532 0.9999135732650757
10188 33551539 0.9999137818813324
10189 33551542 0.9999138712882996
10190 33551546 0.9999139904975891
10191 33551552 0.9999141693115234
10192 33551554 0.9999142289161682
10193 33551559 0.9999143779277802
10194 33551564 0.9999145269393921
10195 33551568 0.9999146461486816
10196 33551571 0.9999147355556488
10197 33551575 0.9999148547649384
10198 33551578 0.9999149441719055
10199 33551579 0.9999149739742279
10200 33551585 0.9999151527881622
10201 33551592 0.999915361404419
10202 33551595 0.9999154508113861
10203 33551597 0.9999155104160309
10204 33551601 0.9999156296253204
10205 33551611 0.9999159276485443
10206 33551621 0.9999162256717682
10207 33551628 0.9999164342880249
10208 33551632 0.9999165534973145
10209 33551637 0.9999167025089264
10210 33551641 0.9999168217182159
10211 33551647 0.9999170005321503
10212 33551651 0.9999171197414398
10213 33551659 0.9999173581600189
10214 33551663 0.9999174773693085
10215 33551673 0.9999177753925323
10216 33551677 0.9999178946018219
10217 33551680 0.9999179840087891
10218 33551683 0.9999180734157562
10219 33551690 0.9999182820320129
10220 33551693 0.9999183714389801
10221 33551695 0.9999184310436249
10222 33551699 0.9999185502529144
10223 33551701 0.9999186098575592
10224 33551704 0.9999186992645264
10225 33551708 0.9999188184738159
10226 33551711 0.9999189078807831
10227 33551722 0.9999192357063293
10228 33551725 0.9999193251132965
10229 33551729 0.9999194443225861
10230 33551732 0.9999195337295532
10231 33551739 0.9999197423458099
10232 33551743 0.9999198615550995
10233 33551747 0.999919980764389
10234 33551750 0.9999200701713562
10235 33551753 0.9999201595783234
10236 33551754 0.9999201893806458
10237 33551756 0.9999202489852905
10238 33551762 0.9999204277992249
10239 33551766 0.9999205470085144
10240 33551769 0.9999206364154816
10241 33551774 0.9999207854270935
10242 33551776 0.9999208450317383
10243 33551784 0.9999210834503174
10244 33551787 0.9999211728572845
10245 33551795 0.9999214112758636
10246 33551801 0.999921590089798
10247 33551803 0.9999216496944427
10248 33551811 0.9999218881130219
10249 33551814 0.999921977519989
10250 33551818 0.9999220967292786
10251 33551825 0.9999223053455353
10252 33551828 0.9999223947525024
10253 33551834 0.9999225735664368
10254 33551839 0.9999227225780487
10255 33551845 0.999922901391983
10256 33551853 0.9999231398105621
10257 33551857 0.9999232590198517
10258 33551866 0.9999235272407532
10259 33551870 0.9999236464500427
10260 33551875 0.9999237954616547
10261 33551878 0.9999238848686218
10262 33551886 0.9999241232872009
10263 33551892 0.9999243021011353
10264 33551896 0.9999244213104248
10265 33551900 0.9999245405197144
10266 33551906 0.9999247193336487
10267 33551910 0.9999248385429382
10268 33551918 0.9999250769615173
10269 33551925 0.999925285577774
10270 33551927 0.9999253451824188
10271 33551930 0.999925434589386
10272 33551937 0.9999256432056427
10273 33551942 0.9999257922172546
10274 33551946 0.9999259114265442
10275 33551950 0.9999260306358337
10276 33551957 0.9999262392520905
10277 33551960 0.9999263286590576
10278 33551964 0.9999264478683472
10279 33551972 0.9999266862869263
10280 33551974 0.999926745891571
10281 33551982 0.9999269843101501
10282 33551985 0.9999270737171173
10283 33551987 0.9999271333217621
10284 33551997 0.999927431344986
10285 33552004 0.9999276399612427
10286 33552008 0.9999277591705322
10287 33552014 0.9999279379844666
10288 33552016 0.9999279975891113
10289 33552021 0.9999281466007233
10290 33552030 0.9999284148216248
10291 33552031 0.9999284446239471
10292 33552035 0.9999285638332367
10293 33552038 0.9999286532402039
10294 33552041 0.999928742647171
10295 33552047 0.9999289214611053
10296 33552052 0.9999290704727173
10297 33552055 0.9999291598796844
10298 33552059 0.999929279088974
10299 33552063 0.9999293982982635
10300 33552071 0.9999296367168427
10301 33552076 0.9999297857284546
10302 33552085 0.9999300539493561
10304 33552089 0.9999301731586456
10305 33552099 0.9999304711818695
10306 33552103 0.9999305903911591
10307 33552106 0.9999306797981262
10308 33552110 0.9999307990074158
10309 33552114 0.9999309182167053
10310 33552118 0.9999310374259949
10312 33552121 0.999931126832962
10313 33552123 0.9999311864376068
10314 33552128 0.9999313354492188
10315 33552133 0.9999314844608307
10316 33552136 0.9999315738677979
10317 33552138 0.9999316334724426
10318 33552140 0.9999316930770874
10319 33552144 0.999931812286377
10320 33552148 0.9999319314956665
10321 33552153 0.9999320805072784
10322 33552156 0.9999321699142456
10323 33552160 0.9999322891235352
10324 33552164 0.9999324083328247
10325 33552166 0.9999324679374695
10326 33552172 0.9999326467514038
10327 33552178 0.9999328255653381
10328 33552183 0.9999329745769501
10329 33552186 0.9999330639839172
10331 33552190 0.9999331831932068
10332 33552196 0.9999333620071411
10333 33552198 0.9999334216117859
10334 33552200 0.9999334812164307
10335 33552205 0.9999336302280426
10336 33552209 0.9999337494373322
10337 33552213 0.9999338686466217
10338 33552223 0.9999341666698456
10339 33552232 0.9999344348907471
10340 33552233 0.9999344646930695
10341 33552236 0.9999345541000366
10342 33552240 0.9999346733093262
10343 33552243 0.9999347627162933
10344 33552247 0.9999348819255829
10345 33552250 0.99993497133255
10346 33552254 0.9999350905418396
10347 33552259 0.9999352395534515
10348 33552261 0.9999352991580963
10349 33552271 0.9999355971813202
10350 33552274 0.9999356865882874
10351 33552279 0.9999358355998993
10352 33552282 0.9999359250068665
10353 33552286 0.999936044216156
10354 33552290 0.9999361634254456
10355 33552293 0.9999362528324127
10356 33552299 0.999936431646347
10357 33552304 0.999936580657959
10358 33552306 0.9999366402626038
10359 33552308 0.9999366998672485
10360 33552310 0.9999367594718933
10361 33552316 0.9999369382858276
10362 33552320 0.9999370574951172
10363 33552323 0.9999371469020844
10364 33552327 0.9999372661113739
10365 33552332 0.9999374151229858
10366 33552340 0.9999376535415649
10367 33552343 0.9999377429485321
10368 33552346 0.9999378323554993
10369 33552349 0.9999379217624664
10370 33552354 0.9999380707740784
10371 33552358 0.9999381899833679
10372 33552368 0.9999384880065918
10373 33552375 0.9999386966228485
10374 33552376 0.9999387264251709
10375 33552381 0.9999388754367828
10376 33552385 0.9999389946460724
10377 33552387 0.9999390542507172
10378 33552390 0.9999391436576843
10379 33552392 0.9999392032623291
10380 33552393 0.9999392330646515
10381 33552396 0.9999393224716187
10382 33552399 0.9999394118785858
10383 33552406 0.9999396204948425
10384 33552412 0.9999397993087769
10385 33552416 0.9999399185180664
10386 33552418 0.9999399781227112
10387 33552425 0.9999401867389679
10388 33552428 0.9999402761459351
10389 33552435 0.9999404847621918
10390 33552437 0.9999405443668365
10391 33552442 0.9999406933784485
10392 33552446 0.999940812587738
10393 33552448 0.9999408721923828
10394 33552450 0.9999409317970276
10395 33552452 0.9999409914016724
10396 33552456 0.9999411106109619
10397 33552460 0.9999412298202515
10398 33552464 0.999941349029541
10399 33552467 0.9999414384365082
10400 33552472 0.9999415874481201
10401 33552476 0.9999417066574097
10402 33552482 0.999941885471344
10403 33552486 0.9999420046806335
10404 33552491 0.9999421536922455
10405 33552492 0.9999421834945679
10406 33552496 0.9999423027038574
10407 33552498 0.9999423623085022
10408 33552499 0.9999423921108246
10409 33552507 0.9999426305294037
10410 33552510 0.9999427199363708
10412 33552517 0.9999429285526276
10413 33552520 0.9999430179595947
10414 33552521 0.9999430477619171
10415 33552524 0.9999431371688843
10416 33552527 0.9999432265758514
10417 33552530 0.9999433159828186
10418 33552532 0.9999433755874634
10419 33552535 0.9999434649944305
10420 33552538 0.9999435544013977
10421 33552543 0.9999437034130096
10422 33552549 0.999943882226944
10424 33552552 0.9999439716339111
10425 33552560 0.9999442100524902
10427 33552561 0.9999442398548126
10428 33552566 0.9999443888664246
10429 33552567 0.999944418668747
10430 33552574 0.9999446272850037
10431 33552578 0.9999447464942932
10432 33552582 0.9999448657035828
10433 33552583 0.9999448955059052
10434 33552586 0.9999449849128723
10435 33552588 0.9999450445175171
10436 33552590 0.9999451041221619
10437 33552593 0.999945193529129
10438 33552598 0.999945342540741
10439 33552603 0.9999454915523529
10440 33552604 0.9999455213546753
10441 33552606 0.9999455809593201
10442 33552609 0.9999456703662872
10443 33552613 0.9999457895755768
10444 33552618 0.9999459385871887
10445 33552620 0.9999459981918335
10446 33552624 0.999946117401123
10447 33552629 0.999946266412735
10448 33552633 0.9999463856220245
10449 33552636 0.9999464750289917
10450 33552642 0.999946653842926
10451 33552647 0.999946802854538
10452 33552650 0.9999468922615051
10453 33552654 0.9999470114707947
10454 33552659 0.9999471604824066
10455 33552662 0.9999472498893738
10456 33552668 0.9999474287033081
10457 33552672 0.9999475479125977
10458 33552674 0.9999476075172424
10459 33552680 0.9999477863311768
10460 33552683 0.9999478757381439
10461 33552691 0.999948114156723
10462 33552696 0.999948263168335
10463 33552699 0.9999483525753021
10464 33552704 0.9999485015869141
10465 33552706 0.9999485611915588
10466 33552707 0.9999485909938812
10467 33552710 0.9999486804008484
10468 33552717 0.9999488890171051
10469 33552718 0.9999489188194275
10470 33552724 0.9999490976333618
10471 33552729 0.9999492466449738
10472 33552732 0.9999493360519409
10473 33552734 0.9999493956565857
10474 33552737 0.9999494850635529
10475 33552741 0.9999496042728424
10476 33552744 0.9999496936798096
10477 33552751 0.9999499022960663
10478 33552752 0.9999499320983887
10479 33552758 0.999950110912323
10480 33552760 0.9999501705169678
10481 33552761 0.9999502003192902
10482 33552769 0.9999504387378693
10483 33552774 0.9999505877494812
10484 33552777 0.9999506771564484
10485 33552780 0.9999507665634155
10486 33552782 0.9999508261680603
10487 33552786 0.9999509453773499
10488 33552792 0.9999511241912842
10489 33552794 0.999951183795929
10490 33552798 0.9999513030052185
10491 33552802 0.9999514222145081
10492 33552808 0.9999516010284424
10493 33552810 0.9999516606330872
10494 33552813 0.9999517500400543
10495 33552818 0.9999518990516663
10496 33552821 0.9999519884586334
10497 33552824 0.9999520778656006
10498 33552826 0.9999521374702454
10499 33552827 0.9999521672725677
10500 33552829 0.9999522268772125
10501 33552832 0.9999523162841797
10502 33552836 0.9999524354934692
10503 33552840 0.9999525547027588
10504 33552841 0.9999525845050812
10505 33552844 0.9999526739120483
10506 33552845 0.9999527037143707
10507 33552848 0.9999527931213379
10508 33552851 0.999952882528305
10509 33552853 0.9999529421329498
10510 33552856 0.999953031539917
10511 33552860 0.9999531507492065
10512 33552863 0.9999532401561737
10513 33552867 0.9999533593654633
10514 33552869 0.999953418970108
10515 33552873 0.9999535381793976
10516 33552877 0.9999536573886871
10517 33552880 0.9999537467956543
10518 33552885 0.9999538958072662
10519 33552890 0.9999540448188782
10520 33552892 0.999954104423523
10521 33552897 0.9999542534351349
10522 33552899 0.9999543130397797
10523 33552904 0.9999544620513916
10524 33552908 0.9999545812606812
10525 33552910 0.9999546408653259
10526 33552913 0.9999547302722931
10527 33552919 0.9999549090862274
10528 33552922 0.9999549984931946
10529 33552925 0.9999550879001617
10530 33552927 0.9999551475048065
10531 33552930 0.9999552369117737
10532 33552932 0.9999552965164185
10533 33552933 0.9999553263187408
10534 33552936 0.999955415725708
10535 33552939 0.9999555051326752
10537 33552941 0.99995556473732
10538 33552943 0.9999556243419647
10539 33552946 0.9999557137489319
10540 33552948 0.9999557733535767
10541 33552955 0.9999559819698334
10542 33552959 0.9999561011791229
10543 33552963 0.9999562203884125
10544 33552966 0.9999563097953796
10545 33552970 0.9999564290046692
10546 33552973 0.9999565184116364
10547 33552980 0.9999567270278931
10548 33552984 0.9999568462371826
10549 33552988 0.9999569654464722
10550 33552992 0.9999570846557617
10551 33552993 0.9999571144580841
10552 33552996 0.9999572038650513
10553 33553002 0.9999573826789856
10554 33553009 0.9999575912952423
10555 33553011 0.9999576508998871
10556 33553015 0.9999577701091766
10557 33553020 0.9999579191207886
10558 33553022 0.9999579787254333
10559 33553025 0.9999580681324005
10560 33553026 0.9999580979347229
10561 33553035 0.9999583661556244
10562 33553038 0.9999584555625916
10563 33553041 0.9999585449695587
10564 33553047 0.999958723783493
10565 33553053 0.9999589025974274
10567 33553058 0.9999590516090393
10568 33553060 0.9999591112136841
10569 33553064 0.9999592304229736
10570 33553066 0.9999592900276184
10572 33553075 0.9999595582485199
10574 33553078 0.9999596476554871
10575 33553080 0.9999597072601318
10576 33553083 0.999959796667099
10577 33553087 0.9999599158763885
10578 33553089 0.9999599754810333
10579 33553093 0.9999600946903229
10580 33553094 0.9999601244926453
10581 33553099 0.9999602735042572
10582 33553110 0.9999606013298035
10583 33553113 0.9999606907367706
10585 33553117 0.9999608099460602
10586 33553124 0.9999610185623169
10587 33553129 0.9999611675739288
10588 33553135 0.9999613463878632
10589 33553138 0.9999614357948303
10590 33553139 0.9999614655971527
10591 33553140 0.9999614953994751
10592 33553144 0.9999616146087646
10593 33553147 0.9999617040157318
10594 33553148 0.9999617338180542
10595 33553157 0.9999620020389557
10596 33553161 0.9999621212482452
10597 33553165 0.9999622404575348
10598 33553168 0.999962329864502
10599 33553170 0.9999623894691467
10600 33553172 0.9999624490737915
10601 33553177 0.9999625980854034
10602 33553183 0.9999627768993378
10603 33553184 0.9999628067016602
10604 33553187 0.9999628961086273
10605 33553190 0.9999629855155945
10606 33553192 0.9999630451202393
10607 33553196 0.9999631643295288
10608 33553197 0.9999631941318512
10609 33553200 0.9999632835388184
10610 33553204 0.9999634027481079
10611 33553205 0.9999634325504303
10612 33553209 0.9999635517597198
10613 33553211 0.9999636113643646
10614 33553215 0.9999637305736542
10615 33553220 0.9999638795852661
10616 33553223 0.9999639689922333
10617 33553225 0.999964028596878
10618 33553226 0.9999640583992004
10619 33553230 0.99996417760849
10620 33553233 0.9999642670154572
10621 33553236 0.9999643564224243
10622 33553243 0.999964565038681
10623 33553244 0.9999645948410034
10624 33553246 0.9999646544456482
10625 33553251 0.9999648034572601
10626 33553253 0.9999648630619049
10627 33553255 0.9999649226665497
10628 33553259 0.9999650418758392
10629 33553265 0.9999652206897736
10630 33553268 0.9999653100967407
10631 33553270 0.9999653697013855
10633 33553272 0.9999654293060303
10634 33553274 0.999965488910675
10635 33553276 0.9999655485153198
10636 33553281 0.9999656975269318
10637 33553282 0.9999657273292542
10638 33553284 0.9999657869338989
10639 33553290 0.9999659657478333
10640 33553293 0.9999660551548004
10641 33553298 0.9999662041664124
10642 33553303 0.9999663531780243
10643 33553308 0.9999665021896362
10644 33553313 0.9999666512012482
10645 33553316 0.9999667406082153
10646 33553317 0.9999667704105377
10647 33553320 0.9999668598175049
10648 33553325 0.9999670088291168
10649 33553332 0.9999672174453735
10650 33553334 0.9999672770500183
10651 33553337 0.9999673664569855
10652 33553340 0.9999674558639526
10654 33553346 0.999967634677887
10655 33553347 0.9999676644802094
10656 33553348 0.9999676942825317
10657 33553349 0.9999677240848541
10658 33553354 0.9999678730964661
10659 33553356 0.9999679327011108
10660 33553360 0.9999680519104004
10661 33553363 0.9999681413173676
10662 33553367 0.9999682605266571
10663 33553369 0.9999683201313019
10664 33553371 0.9999683797359467
10665 33553375 0.9999684989452362
10666 33553376 0.9999685287475586
10667 33553379 0.9999686181545258
10668 33553381 0.9999686777591705
10669 33553386 0.9999688267707825
10670 33553391 0.9999689757823944
10671 33553393 0.9999690353870392
10672 33553395 0.999969094991684
10673 33553397 0.9999691545963287
10674 33553404 0.9999693632125854
10675 33553409 0.9999695122241974
10676 33553410 0.9999695420265198
10678 33553413 0.9999696314334869
10679 33553416 0.9999697208404541
10680 33553418 0.9999697804450989
10681 33553421 0.999969869852066
10682 33553422 0.9999698996543884
10683 33553423 0.9999699294567108
10684 33553426 0.999970018863678
10685 33553429 0.9999701082706451
10686 33553434 0.9999702572822571
10687 33553438 0.9999703764915466
10688 33553439 0.999970406293869
10689 33553440 0.9999704360961914
10690 33553446 0.9999706149101257
10691 33553447 0.9999706447124481
10693 33553448 0.9999706745147705
10694 33553450 0.9999707341194153
10695 33553451 0.9999707639217377
10696 33553453 0.9999708235263824
10697 33553456 0.9999709129333496
10698 33553457 0.999970942735672
10699 33553459 0.9999710023403168
10700 33553462 0.9999710917472839
10701 33553465 0.9999711811542511
10702 33553469 0.9999713003635406
10703 33553473 0.9999714195728302
10704 33553475 0.999971479177475
10705 33553481 0.9999716579914093
10706 33553482 0.9999716877937317
10707 33553483 0.9999717175960541
10708 33553484 0.9999717473983765
10710 33553486 0.9999718070030212
10711 33553488 0.999971866607666
10712 33553490 0.9999719262123108
10713 33553492 0.9999719858169556
10714 33553496 0.9999721050262451
10715 33553498 0.9999721646308899
10717 33553500 0.9999722242355347
10718 33553503 0.9999723136425018
10719 33553506 0.999972403049469
10720 33553509 0.9999724924564362
10721 33553510 0.9999725222587585
10722 33553511 0.9999725520610809
10723 33553515 0.9999726712703705
10724 33553519 0.99997279047966
10725 33553521 0.9999728500843048
10726 33553523 0.9999729096889496
10728 33553527 0.9999730288982391
10729 33553528 0.9999730587005615
10730 33553532 0.9999731779098511
10731 33553533 0.9999732077121735
10732 33553535 0.9999732673168182
10733 33553538 0.9999733567237854
10734 33553542 0.999973475933075
10735 33553544 0.9999735355377197
10736 33553545 0.9999735653400421
10737 33553547 0.9999736249446869
10739 33553548 0.9999736547470093
10740 33553550 0.999973714351654
10741 33553551 0.9999737441539764
10742 33553554 0.9999738335609436
10743 33553558 0.9999739527702332
10744 33553561 0.9999740421772003
10745 33553564 0.9999741315841675
10746 33553568 0.999974250793457
10747 33553570 0.9999743103981018
10748 33553571 0.9999743402004242
10749 33553572 0.9999743700027466
10750 33553575 0.9999744594097137
10751 33553576 0.9999744892120361
10752 33553578 0.9999745488166809
10753 33553581 0.9999746382236481
10754 33553584 0.9999747276306152
10755 33553587 0.9999748170375824
10756 33553590 0.9999749064445496
10757 33553592 0.9999749660491943
10758 33553595 0.9999750554561615
10759 33553596 0.9999750852584839
10760 33553601 0.9999752342700958
10761 33553602 0.9999752640724182
10762 33553604 0.999975323677063
10763 33553607 0.9999754130840302
10765 33553610 0.9999755024909973
10766 33553612 0.9999755620956421
10767 33553613 0.9999755918979645
10769 33553614 0.9999756217002869
10770 33553617 0.999975711107254
10771 33553622 0.999975860118866
10772 33553624 0.9999759197235107
10773 33553627 0.9999760091304779
10774 33553628 0.9999760389328003
10775 33553629 0.9999760687351227
10776 33553630 0.9999760985374451
10777 33553637 0.9999763071537018
10778 33553638 0.9999763369560242
10779 33553641 0.9999764263629913
10780 33553643 0.9999764859676361
10781 33553645 0.9999765455722809
10782 33553646 0.9999765753746033
10784 33553649 0.9999766647815704
10785 33553652 0.9999767541885376
10787 33553654 0.9999768137931824
10788 33553657 0.9999769032001495
10789 33553659 0.9999769628047943
10790 33553661 0.9999770224094391
10791 33553665 0.9999771416187286
10792 33553667 0.9999772012233734
10793 33553668 0.9999772310256958
10794 33553671 0.999977320432663
10795 33553673 0.9999773800373077
10796 33553674 0.9999774098396301
10797 33553676 0.9999774694442749
10798 33553679 0.9999775588512421
10799 33553683 0.9999776780605316
10800 33553686 0.9999777674674988
10801 33553689 0.9999778568744659
10802 33553690 0.9999778866767883
10803 33553692 0.9999779462814331
10804 33553695 0.9999780356884003
10805 33553699 0.9999781548976898
10806 33553702 0.999978244304657
10807 33553705 0.9999783337116241
10808 33553707 0.9999783933162689
10809 33553708 0.9999784231185913
10810 33553712 0.9999785423278809
10811 33553713 0.9999785721302032
10812 33553715 0.999978631734848
10814 33553717 0.9999786913394928
10815 33553719 0.9999787509441376
10817 33553720 0.99997878074646
10818 33553725 0.9999789297580719
10820 33553729 0.9999790489673615
10821 33553733 0.999979168176651
10822 33553734 0.9999791979789734
10823 33553737 0.9999792873859406
10824 33553738 0.9999793171882629
10825 33553740 0.9999793767929077
10826 33553742 0.9999794363975525
10828 33553743 0.9999794661998749
10830 33553745 0.9999795258045197
10831 33553746 0.999979555606842
10832 33553748 0.9999796152114868
10833 33553749 0.9999796450138092
10835 33553751 0.999979704618454
10837 33553753 0.9999797642230988
10838 33553754 0.9999797940254211
10840 33553755 0.9999798238277435
10842 33553757 0.9999798834323883
10846 33553758 0.9999799132347107
10847 33553760 0.9999799728393555
10848 33553761 0.9999800026416779
10849 33553763 0.9999800622463226
10851 33553769 0.999980241060257
10852 33553770 0.9999802708625793
10855 33553773 0.9999803602695465
10856 33553776 0.9999804496765137
10858 33553781 0.9999805986881256
10859 33553784 0.9999806880950928
10860 33553786 0.9999807476997375
10861 33553788 0.9999808073043823
10862 33553789 0.9999808371067047
10863 33553790 0.9999808669090271
10864 33553792 0.9999809265136719
10867 33553794 0.9999809861183167
10868 33553795 0.999981015920639
10869 33553796 0.9999810457229614
10870 33553799 0.9999811351299286
10871 33553801 0.9999811947345734
10872 33553802 0.9999812245368958
10873 33553805 0.9999813139438629
10874 33553806 0.9999813437461853
10875 33553808 0.9999814033508301
10877 33553809 0.9999814331531525
10880 33553812 0.9999815225601196
10881 33553813 0.999981552362442
10882 33553816 0.9999816417694092
10883 33553819 0.9999817311763763
10886 33553820 0.9999817609786987
10887 33553821 0.9999817907810211
10888 33553822 0.9999818205833435
10889 33553823 0.9999818503856659
10890 33553827 0.9999819695949554
10891 33553828 0.9999819993972778
10892 33553831 0.999982088804245
10894 33553833 0.9999821484088898
10895 33553836 0.9999822378158569
10896 33553837 0.9999822676181793
10897 33553839 0.9999823272228241
10898 33553843 0.9999824464321136
10900 33553846 0.9999825358390808
10901 33553848 0.9999825954437256
10902 33553850 0.9999826550483704
10903 33553851 0.9999826848506927
10907 33553853 0.9999827444553375
10908 33553856 0.9999828338623047
10909 33553857 0.9999828636646271
10910 33553859 0.9999829232692719
10913 33553862 0.999983012676239
10914 33553865 0.9999831020832062
10916 33553867 0.999983161687851
10919 33553869 0.9999832212924957
10921 33553870 0.9999832510948181
10922 33553872 0.9999833106994629
10923 33553873 0.9999833405017853
10925 33553875 0.99998340010643
10926 33553877 0.9999834597110748
10927 33553879 0.9999835193157196
10928 33553880 0.999983549118042
10929 33553881 0.9999835789203644
10931 33553882 0.9999836087226868
10932 33553883 0.9999836385250092
10933 33553885 0.9999836981296539
10934 33553887 0.9999837577342987
10935 33553889 0.9999838173389435
10937 33553890 0.9999838471412659
10938 33553892 0.9999839067459106
10939 33553896 0.9999840259552002
10942 33553898 0.999984085559845
10944 33553899 0.9999841153621674
10945 33553900 0.9999841451644897
10947 33553901 0.9999841749668121
10948 33553902 0.9999842047691345
10951 33553905 0.9999842941761017
10952 33553908 0.9999843835830688
10953 33553910 0.9999844431877136
10954 33553912 0.9999845027923584
10955 33553913 0.9999845325946808
10957 33553915 0.9999845921993256
10958 33553917 0.9999846518039703
10959 33553918 0.9999846816062927
10960 33553919 0.9999847114086151
10963 33553920 0.9999847412109375
10964 33553922 0.9999848008155823
10965 33553924 0.999984860420227
10966 33553925 0.9999848902225494
10969 33553927 0.9999849498271942
10971 33553929 0.999985009431839
10973 33553930 0.9999850392341614
10980 33553931 0.9999850690364838
10984 33553933 0.9999851286411285
10985 33553934 0.9999851584434509
10986 33553935 0.9999851882457733
10991 33553937 0.9999852478504181
10992 33553939 0.9999853074550629
10994 33553940 0.9999853372573853
10995 33553941 0.9999853670597076
10998 33553942 0.99998539686203
10999 33553943 0.9999854266643524
11001 33553944 0.9999854564666748
11003 33553945 0.9999854862689972
11006 33553946 0.9999855160713196
11008 33553948 0.9999855756759644
11013 33553949 0.9999856054782867
11017 33553950 0.9999856352806091
11027 33553951 0.9999856650829315
11028 33553952 0.9999856948852539
11033 33553953 0.9999857246875763
11040 33553954 0.9999857544898987
11041 33553955 0.9999857842922211
11043 33553956 0.9999858140945435
11045 33553957 0.9999858438968658
11047 33553958 0.9999858736991882
11050 33553959 0.9999859035015106
11051 33553960 0.999985933303833
11059 33553962 0.9999859929084778
11062 33553963 0.9999860227108002
11063 33553966 0.9999861121177673
11064 33553967 0.9999861419200897
11069 33553968 0.9999861717224121
11073 33553970 0.9999862313270569
11079 33553971 0.9999862611293793
11080 33553972 0.9999862909317017
11081 33553973 0.999986320734024
11091 33553974 0.9999863505363464
11093 33553976 0.9999864101409912
11094 33553977 0.9999864399433136
11097 33553978 0.999986469745636
11099 33553979 0.9999864995479584
11101 33553980 0.9999865293502808
11103 33553981 0.9999865591526031
11113 33553982 0.9999865889549255
11115 33553983 0.9999866187572479
11118 33553984 0.9999866485595703
11119 33553985 0.9999866783618927
11130 33553986 0.9999867081642151
11131 33553987 0.9999867379665375
11133 33553988 0.9999867677688599
11134 33553989 0.9999867975711823
11135 33553991 0.999986857175827
11149 33553993 0.9999869167804718
11151 33553994 0.9999869465827942
11153 33553995 0.9999869763851166
11154 33553996 0.999987006187439
11155 33553997 0.9999870359897614
11161 33553999 0.9999870955944061
11167 33554000 0.9999871253967285
11169 33554001 0.9999871551990509
11171 33554002 0.9999871850013733
11173 33554003 0.9999872148036957
11181 33554005 0.9999872744083405
11185 33554006 0.9999873042106628
11189 33554007 0.9999873340129852
11200 33554009 0.99998739361763
11202 33554010 0.9999874234199524
11209 33554011 0.9999874532222748
11214 33554012 0.9999874830245972
11219 33554014 0.9999875426292419
11221 33554015 0.9999875724315643
11226 33554016 0.9999876022338867
11227 33554017 0.9999876320362091
11229 33554018 0.9999876618385315
11232 33554019 0.9999876916408539
11234 33554020 0.9999877214431763
11236 33554021 0.9999877512454987
11240 33554022 0.999987781047821
11242 33554023 0.9999878108501434
11243 33554024 0.9999878406524658
11244 33554025 0.9999878704547882
11249 33554026 0.9999879002571106
11253 33554027 0.999987930059433
11259 33554028 0.9999879598617554
11265 33554029 0.9999879896640778
11266 33554030 0.9999880194664001
11271 33554031 0.9999880492687225
11273 33554032 0.9999880790710449
11274 33554033 0.9999881088733673
11277 33554034 0.9999881386756897
11278 33554035 0.9999881684780121
11287 33554036 0.9999881982803345
11290 33554037 0.9999882280826569
11295 33554038 0.9999882578849792
11298 33554039 0.9999882876873016
11303 33554040 0.999988317489624
11306 33554041 0.9999883472919464
11311 33554043 0.9999884068965912
11312 33554045 0.999988466501236
11315 33554046 0.9999884963035583
11321 33554047 0.9999885261058807
11323 33554048 0.9999885559082031
11324 33554049 0.9999885857105255
11330 33554050 0.9999886155128479
11332 33554051 0.9999886453151703
11334 33554052 0.9999886751174927
11335 33554053 0.9999887049198151
11338 33554054 0.9999887347221375
11339 33554055 0.9999887645244598
11340 33554056 0.9999887943267822
11344 33554058 0.999988853931427
11346 33554059 0.9999888837337494
11354 33554060 0.9999889135360718
11355 33554061 0.9999889433383942
11358 33554062 0.9999889731407166
11367 33554063 0.9999890029430389
11368 33554064 0.9999890327453613
11369 33554065 0.9999890625476837
11372 33554066 0.9999890923500061
11376 33554067 0.9999891221523285
11379 33554068 0.9999891519546509
11380 33554069 0.9999891817569733
11385 33554071 0.999989241361618
11389 33554072 0.9999892711639404
11390 33554073 0.9999893009662628
11394 33554074 0.9999893307685852
11396 33554075 0.9999893605709076
11402 33554076 0.99998939037323
11404 33554077 0.9999894201755524
11407 33554079 0.9999894797801971
11415 33554080 0.9999895095825195
11417 33554081 0.9999895393848419
11421 33554082 0.9999895691871643
11428 33554083 0.9999895989894867
11433 33554084 0.9999896287918091
11441 33554085 0.9999896585941315
11444 33554087 0.9999897181987762
11452 33554088 0.9999897480010986
11456 33554089 0.999989777803421
11460 33554090 0.9999898076057434
11464 33554091 0.9999898374080658
11469 33554092 0.9999898672103882
11473 33554093 0.9999898970127106
11477 33554094 0.999989926815033
11479 33554095 0.9999899566173553
11495 33554096 0.9999899864196777
11500 33554097 0.9999900162220001
11505 33554098 0.9999900460243225
11511 33554099 0.9999900758266449
11514 33554100 0.9999901056289673
11517 33554101 0.9999901354312897
11519 33554102 0.9999901652336121
11522 33554103 0.9999901950359344
11527 33554105 0.9999902546405792
11528 33554106 0.9999902844429016
11534 33554107 0.999990314245224
11559 33554108 0.9999903440475464
11562 33554110 0.9999904036521912
11568 33554111 0.9999904334545135
11570 33554112 0.9999904632568359
11572 33554113 0.9999904930591583
11589 33554114 0.9999905228614807
11600 33554115 0.9999905526638031
11607 33554116 0.9999905824661255
11608 33554117 0.9999906122684479
11621 33554118 0.9999906420707703
11628 33554119 0.9999906718730927
11629 33554121 0.9999907314777374
11634 33554122 0.9999907612800598
11635 33554123 0.9999907910823822
11636 33554124 0.9999908208847046
11639 33554125 0.999990850687027
11642 33554126 0.9999908804893494
11644 33554127 0.9999909102916718
11649 33554129 0.9999909698963165
11651 33554130 0.9999909996986389
11653 33554131 0.9999910295009613
11661 33554132 0.9999910593032837
11664 33554133 0.9999910891056061
11672 33554134 0.9999911189079285
11681 33554135 0.9999911487102509
11696 33554136 0.9999911785125732
11699 33554138 0.999991238117218
11701 33554139 0.9999912679195404
11704 33554140 0.9999912977218628
11710 33554141 0.9999913275241852
11716 33554142 0.9999913573265076
11721 33554143 0.99999138712883
11724 33554144 0.9999914169311523
11729 33554145 0.9999914467334747
11731 33554146 0.9999914765357971
11733 33554147 0.9999915063381195
11742 33554148 0.9999915361404419
11743 33554149 0.9999915659427643
11767 33554150 0.9999915957450867
11771 33554151 0.9999916255474091
11775 33554152 0.9999916553497314
11779 33554153 0.9999916851520538
11782 33554154 0.9999917149543762
11783 33554155 0.9999917447566986
11798 33554156 0.999991774559021
11801 33554157 0.9999918043613434
11803 33554158 0.9999918341636658
11811 33554159 0.9999918639659882
11816 33554160 0.9999918937683105
11821 33554161 0.9999919235706329
11861 33554162 0.9999919533729553
11863 33554163 0.9999919831752777
11865 33554164 0.9999920129776001
11889 33554165 0.9999920427799225
11895 33554166 0.9999920725822449
11904 33554167 0.9999921023845673
11910 33554168 0.9999921321868896
11912 33554169 0.999992161989212
11913 33554170 0.9999921917915344
11921 33554171 0.9999922215938568
11922 33554173 0.9999922811985016
11950 33554174 0.999992311000824
11968 33554175 0.9999923408031464
11970 33554176 0.9999923706054688
11972 33554177 0.9999924004077911
11974 33554178 0.9999924302101135
11983 33554180 0.9999924898147583
11985 33554181 0.9999925196170807
11991 33554182 0.9999925494194031
11996 33554183 0.9999925792217255
12013 33554184 0.9999926090240479
12015 33554185 0.9999926388263702
12019 33554186 0.9999926686286926
12022 33554187 0.999992698431015
12028 33554189 0.9999927580356598
12030 33554190 0.9999927878379822
12038 33554191 0.9999928176403046
12055 33554192 0.999992847442627
12059 33554193 0.9999928772449493
12060 33554194 0.9999929070472717
12077 33554195 0.9999929368495941
12101 33554197 0.9999929964542389
12124 33554198 0.9999930262565613
12127 33554199 0.9999930560588837
12133 33554200 0.999993085861206
12138 33554201 0.9999931156635284
12153 33554202 0.9999931454658508
12160 33554203 0.9999931752681732
12175 33554204 0.9999932050704956
12177 33554205 0.999993234872818
12189 33554206 0.9999932646751404
12194 33554207 0.9999932944774628
12198 33554208 0.9999933242797852
12224 33554209 0.9999933540821075
12251 33554210 0.9999933838844299
12289 33554211 0.9999934136867523
12317 33554212 0.9999934434890747
12318 33554213 0.9999934732913971
12323 33554214 0.9999935030937195
12325 33554215 0.9999935328960419
12329 33554216 0.9999935626983643
12336 33554217 0.9999935925006866
12338 33554218 0.999993622303009
12356 33554219 0.9999936521053314
12364 33554220 0.9999936819076538
12381 33554221 0.9999937117099762
12412 33554222 0.9999937415122986
12419 33554223 0.999993771314621
12437 33554224 0.9999938011169434
12439 33554225 0.9999938309192657
12456 33554226 0.9999938607215881
12457 33554227 0.9999938905239105
12475 33554228 0.9999939203262329
12481 33554230 0.9999939799308777
12511 33554231 0.9999940097332001
12517 33554232 0.9999940395355225
12521 33554233 0.9999940693378448
12551 33554234 0.9999940991401672
12580 33554235 0.9999941289424896
12581 33554236 0.999994158744812
12585 33554237 0.9999941885471344
12587 33554238 0.9999942183494568
12591 33554239 0.9999942481517792
12602 33554240 0.9999942779541016
12614 33554241 0.999994307756424
12634 33554242 0.9999943375587463
12659 33554243 0.9999943673610687
12674 33554244 0.9999943971633911
12737 33554245 0.9999944269657135
12795 33554246 0.9999944567680359
12808 33554247 0.9999944865703583
12877 33554248 0.9999945163726807
12879 33554249 0.999994546175003
12893 33554250 0.9999945759773254
12913 33554251 0.9999946057796478
12914 33554252 0.9999946355819702
12958 33554253 0.9999946653842926
12984 33554254 0.999994695186615
12986 33554255 0.9999947249889374
12991 33554256 0.9999947547912598
13029 33554257 0.9999947845935822
13073 33554258 0.9999948143959045
13102 33554259 0.9999948441982269
13150 33554260 0.9999948740005493
13194 33554261 0.9999949038028717
13196 33554262 0.9999949336051941
13272 33554263 0.9999949634075165
13336 33554264 0.9999949932098389
13352 33554265 0.9999950230121613
13421 33554266 0.9999950528144836
13443 33554267 0.999995082616806
13462 33554268 0.9999951124191284
13467 33554269 0.9999951422214508
13491 33554270 0.9999951720237732
13531 33554271 0.9999952018260956
13577 33554272 0.999995231628418
13618 33554273 0.9999952614307404
13694 33554274 0.9999952912330627
13703 33554275 0.9999953210353851
13754 33554276 0.9999953508377075
13776 33554277 0.9999953806400299
13810 33554278 0.9999954104423523
13931 33554279 0.9999954402446747
14026 33554280 0.9999954700469971
14104 33554281 0.9999954998493195
14112 33554282 0.9999955296516418
14120 33554283 0.9999955594539642
14232 33554284 0.9999955892562866
14238 33554285 0.999995619058609
14256 33554286 0.9999956488609314
14257 33554287 0.9999956786632538
14316 33554288 0.9999957084655762
14348 33554289 0.9999957382678986
14429 33554290 0.999995768070221
14442 33554291 0.9999957978725433
14462 33554292 0.9999958276748657
14465 33554293 0.9999958574771881
14526 33554294 0.9999958872795105
14529 33554295 0.9999959170818329
14563 33554296 0.9999959468841553
14568 33554297 0.9999959766864777
14603 33554298 0.9999960064888
14607 33554299 0.9999960362911224
14680 33554300 0.9999960660934448
14725 33554301 0.9999960958957672
14828 33554302 0.9999961256980896
14911 33554303 0.999996155500412
14950 33554304 0.9999961853027344
14964 33554305 0.9999962151050568
14971 33554306 0.9999962449073792
15009 33554307 0.9999962747097015
15019 33554308 0.9999963045120239
15060 33554309 0.9999963343143463
15074 33554310 0.9999963641166687
15123 33554311 0.9999963939189911
15124 33554312 0.9999964237213135
15136 33554313 0.9999964535236359
15202 33554314 0.9999964833259583
15210 33554315 0.9999965131282806
15333 33554316 0.999996542930603
15336 33554317 0.9999965727329254
15344 33554318 0.9999966025352478
15466 33554319 0.9999966323375702
15470 33554320 0.9999966621398926
15493 33554321 0.999996691942215
15514 33554322 0.9999967217445374
15575 33554323 0.9999967515468597
15588 33554324 0.9999967813491821
15599 33554325 0.9999968111515045
15602 33554326 0.9999968409538269
15710 33554327 0.9999968707561493
15775 33554328 0.9999969005584717
15871 33554329 0.9999969303607941
15886 33554330 0.9999969601631165
15963 33554331 0.9999969899654388
16050 33554332 0.9999970197677612
16055 33554333 0.9999970495700836
16112 33554334 0.999997079372406
16151 33554335 0.9999971091747284
16239 33554336 0.9999971389770508
16305 33554337 0.9999971687793732
16468 33554338 0.9999971985816956
16554 33554339 0.9999972283840179
16574 33554340 0.9999972581863403
16648 33554341 0.9999972879886627
16680 33554342 0.9999973177909851
16727 33554343 0.9999973475933075
16869 33554344 0.9999973773956299
16929 33554345 0.9999974071979523
17013 33554346 0.9999974370002747
17129 33554347 0.999997466802597
17175 33554348 0.9999974966049194
17385 33554349 0.9999975264072418
17507 33554350 0.9999975562095642
17538 33554352 0.999997615814209
17655 33554353 0.9999976456165314
17661 33554354 0.9999976754188538
17673 33554355 0.9999977052211761
17695 33554356 0.9999977350234985
17711 33554357 0.9999977648258209
17780 33554358 0.9999977946281433
17938 33554359 0.9999978244304657
17944 33554360 0.9999978542327881
18091 33554361 0.9999978840351105
18162 33554362 0.9999979138374329
18179 33554363 0.9999979436397552
18227 33554364 0.9999979734420776
18250 33554365 0.9999980032444
18349 33554366 0.9999980330467224
18499 33554367 0.9999980628490448
18522 33554368 0.9999980926513672
18560 33554369 0.9999981224536896
18570 33554370 0.999998152256012
18641 33554371 0.9999981820583344
18656 33554372 0.9999982118606567
18695 33554373 0.9999982416629791
18728 33554374 0.9999982714653015
18769 33554375 0.9999983012676239
18884 33554376 0.9999983310699463
19163 33554377 0.9999983608722687
19185 33554378 0.9999983906745911
19248 33554379 0.9999984204769135
19430 33554380 0.9999984502792358
19637 33554381 0.9999984800815582
19687 33554382 0.9999985098838806
19776 33554383 0.999998539686203
19846 33554384 0.9999985694885254
19884 33554385 0.9999985992908478
20062 33554386 0.9999986290931702
20201 33554387 0.9999986588954926
20230 33554388 0.9999986886978149
20244 33554389 0.9999987185001373
20370 33554390 0.9999987483024597
20463 33554391 0.9999987781047821
20608 33554392 0.9999988079071045
20636 33554393 0.9999988377094269
20652 33554394 0.9999988675117493
20674 33554395 0.9999988973140717
21030 33554396 0.999998927116394
21214 33554397 0.9999989569187164
21230 33554398 0.9999989867210388
21982 33554399 0.9999990165233612
22233 33554400 0.9999990463256836
23260 33554401 0.999999076128006
23398 33554402 0.9999991059303284
24281 33554403 0.9999991357326508
24307 33554404 0.9999991655349731
24624 33554405 0.9999991953372955
25639 33554406 0.9999992251396179
25936 33554407 0.9999992549419403
27872 33554408 0.9999992847442627
32419 33554409 0.9999993145465851
42142 33554410 0.9999993443489075
42942 33554411 0.9999993741512299
53385 33554412 0.9999994039535522
57652 33554413 0.9999994337558746
59371 33554414 0.999999463558197
79057 33554415 0.9999994933605194
100071 33554416 0.9999995231628418
106816 33554417 0.9999995529651642
251935 33554418 0.9999995827674866
297463 33554419 0.999999612569809
298709 33554420 0.9999996423721313
299002 33554421 0.9999996721744537
307431 33554422 0.9999997019767761
309653 33554423 0.9999997317790985
310841 33554424 0.9999997615814209
316274 33554425 0.9999997913837433
320464 33554426 0.9999998211860657
334875 33554427 0.9999998509883881
341842 33554428 0.9999998807907104
347678 33554429 0.9999999105930328
473631 33554430 0.9999999403953552
478358 33554431 0.9999999701976776
480134 33554432 1.0
