5968 1 2.9802322387695312e-08
6026 2 5.960464477539063e-08
6028 3 8.940696716308594e-08
6036 4 1.1920928955078125e-07
6037 5 1.4901161193847656e-07
6038 7 2.086162567138672e-07
6040 8 2.384185791015625e-07
6041 9 2.682209014892578e-07
6043 10 2.980232238769531e-07
6044 13 3.8743019104003906e-07
6045 15 4.470348358154297e-07
6047 17 5.066394805908203e-07
6051 18 5.364418029785156e-07
6052 19 5.662441253662109e-07
6053 20 5.960464477539062e-07
6054 21 6.258487701416016e-07
6055 22 6.556510925292969e-07
6056 23 6.854534149169922e-07
6057 25 7.450580596923828e-07
6058 27 8.046627044677734e-07
6059 29 8.642673492431641e-07
6060 31 9.238719940185547e-07
6061 34 1.0132789611816406e-06
6062 36 1.0728836059570312e-06
6063 38 1.1324882507324219e-06
6064 39 1.1622905731201172e-06
6065 42 1.2516975402832031e-06
6068 45 1.341104507446289e-06
6070 46 1.3709068298339844e-06
6071 49 1.4603137969970703e-06
6072 53 1.5795230865478516e-06
6073 55 1.6391277313232422e-06
6074 56 1.6689300537109375e-06
6075 58 1.7285346984863281e-06
6076 62 1.8477439880371094e-06
6077 65 1.9371509552001953e-06
6078 68 2.0265579223632812e-06
6079 73 2.175569534301758e-06
6080 77 2.294778823852539e-06
6081 84 2.5033950805664062e-06
6082 89 2.652406692504883e-06
6083 94 2.8014183044433594e-06
6084 102 3.039836883544922e-06
6085 111 3.3080577850341797e-06
6086 120 3.5762786865234375e-06
6087 124 3.6954879760742188e-06
6088 129 3.844499588012695e-06
6089 132 3.933906555175781e-06
6090 135 4.023313522338867e-06
6091 140 4.172325134277344e-06
6092 145 4.32133674621582e-06
6093 150 4.470348358154297e-06
6094 154 4.589557647705078e-06
6095 165 4.9173831939697266e-06
6096 167 4.976987838745117e-06
6097 169 5.036592483520508e-06
6098 174 5.185604095458984e-06
6099 185 5.513429641723633e-06
6100 192 5.7220458984375e-06
6101 204 6.079673767089844e-06
6102 206 6.139278411865234e-06
6103 213 6.3478946685791016e-06
6104 218 6.496906280517578e-06
6105 224 6.67572021484375e-06
6106 234 6.973743438720703e-06
6107 241 7.18235969543457e-06
6108 247 7.361173629760742e-06
6109 255 7.599592208862305e-06
6110 260 7.748603820800781e-06
6111 265 7.897615432739258e-06
6112 272 8.106231689453125e-06
6113 280 8.344650268554688e-06
6114 291 8.672475814819336e-06
6115 296 8.821487426757812e-06
6116 301 8.970499038696289e-06
6117 317 9.447336196899414e-06
6118 323 9.626150131225586e-06
6119 332 9.894371032714844e-06
6120 345 1.0281801223754883e-05
6121 356 1.0609626770019531e-05
6122 367 1.093745231628418e-05
6123 379 1.1295080184936523e-05
6124 385 1.1473894119262695e-05
6125 391 1.1652708053588867e-05
6126 406 1.2099742889404297e-05
6127 422 1.2576580047607422e-05
6128 436 1.2993812561035156e-05
6129 455 1.3560056686401367e-05
6130 467 1.3917684555053711e-05
6131 485 1.4454126358032227e-05
6132 496 1.4781951904296875e-05
6133 506 1.5079975128173828e-05
6134 519 1.5467405319213867e-05
6135 536 1.5974044799804688e-05
6136 555 1.65402889251709e-05
6137 575 1.7136335372924805e-05
6138 594 1.7702579498291016e-05
6139 611 1.8209218978881836e-05
6140 636 1.895427703857422e-05
6141 660 1.9669532775878906e-05
6142 678 2.0205974578857422e-05
6143 694 2.0682811737060547e-05
6144 715 2.130866050720215e-05
6145 733 2.1845102310180664e-05
6146 762 2.2709369659423828e-05
6147 784 2.3365020751953125e-05
6148 808 2.4080276489257812e-05
6149 836 2.491474151611328e-05
6150 858 2.5570392608642578e-05
6151 879 2.619624137878418e-05
6152 901 2.6851892471313477e-05
6153 933 2.7805566787719727e-05
6154 960 2.86102294921875e-05
6155 996 2.968311309814453e-05
6156 1025 3.0547380447387695e-05
6157 1057 3.1501054763793945e-05
6158 1109 3.30507755279541e-05
6159 1146 3.415346145629883e-05
6160 1185 3.5315752029418945e-05
6161 1218 3.629922866821289e-05
6162 1252 3.731250762939453e-05
6163 1295 3.859400749206543e-05
6164 1329 3.960728645324707e-05
6165 1374 4.094839096069336e-05
6166 1432 4.267692565917969e-05
6167 1476 4.398822784423828e-05
6168 1521 4.532933235168457e-05
6169 1591 4.741549491882324e-05
6170 1643 4.89652156829834e-05
6171 1710 5.0961971282958984e-05
6172 1775 5.289912223815918e-05
6173 1838 5.4776668548583984e-05
6174 1908 5.6862831115722656e-05
6175 1974 5.882978439331055e-05
6176 2053 6.118416786193848e-05
6177 2139 6.374716758728027e-05
6178 2213 6.595253944396973e-05
6179 2284 6.80685043334961e-05
6180 2376 7.081031799316406e-05
6181 2454 7.31348991394043e-05
6182 2521 7.513165473937988e-05
6183 2617 7.799267768859863e-05
6184 2699 8.043646812438965e-05
6185 2798 8.338689804077148e-05
6186 2888 8.606910705566406e-05
6187 2991 8.913874626159668e-05
6188 3090 9.208917617797852e-05
6189 3207 9.557604789733887e-05
6190 3330 9.924173355102539e-05
6191 3429 0.00010219216346740723
6192 3543 0.00010558962821960449
6193 3674 0.00010949373245239258
6194 3795 0.00011309981346130371
6195 3925 0.0001169741153717041
6196 4057 0.00012090802192687988
6197 4214 0.00012558698654174805
6198 4344 0.00012946128845214844
6199 4478 0.0001334547996520996
6200 4640 0.00013828277587890625
6201 4787 0.00014266371726989746
6202 4935 0.00014707446098327637
6203 5110 0.00015228986740112305
6204 5287 0.00015756487846374512
6205 5455 0.00016257166862487793
6206 5645 0.00016823410987854004
6207 5848 0.0001742839813232422
6208 6025 0.00017955899238586426
6209 6234 0.00018578767776489258
6210 6460 0.00019252300262451172
6211 6686 0.00019925832748413086
6212 6882 0.00020509958267211914
6213 7077 0.00021091103553771973
6214 7317 0.0002180635929107666
6215 7557 0.00022521615028381348
6216 7782 0.00023192167282104492
6217 8067 0.00024041533470153809
6218 8343 0.000248640775680542
6219 8562 0.00025516748428344727
6220 8801 0.00026229023933410645
6221 9085 0.0002707540988922119
6222 9331 0.00027808547019958496
6223 9628 0.00028693675994873047
6224 9933 0.00029602646827697754
6225 10218 0.0003045201301574707
6226 10508 0.00031316280364990234
6227 10813 0.0003222525119781494
6228 11135 0.0003318488597869873
6229 11479 0.0003421008586883545
6230 11801 0.0003516972064971924
6231 12128 0.00036144256591796875
6232 12488 0.00037217140197753906
6233 12815 0.00038191676139831543
6234 13172 0.00039255619049072266
6235 13534 0.00040334463119506836
6236 13865 0.0004132091999053955
6237 14285 0.00042572617530822754
6238 14654 0.0004367232322692871
6239 15026 0.00044780969619750977
6240 15437 0.00046005845069885254
6241 15861 0.00047269463539123535
6242 16220 0.00048339366912841797
6243 16667 0.0004967153072357178
6244 17097 0.0005095303058624268
6245 17510 0.0005218386650085449
6246 17917 0.0005339682102203369
6247 18423 0.0005490481853485107
6248 18857 0.0005619823932647705
6249 19295 0.0005750358104705811
6250 19737 0.0005882084369659424
6251 20181 0.0006014406681060791
6252 20679 0.0006162822246551514
6253 21118 0.0006293654441833496
6254 21613 0.0006441175937652588
6255 22126 0.0006594061851501465
6256 22595 0.0006733834743499756
6257 23101 0.0006884634494781494
6258 23634 0.000704348087310791
6259 24109 0.0007185041904449463
6260 24660 0.0007349252700805664
6261 25253 0.0007525980472564697
6262 25761 0.0007677376270294189
6263 26309 0.000784069299697876
6264 26900 0.0008016824722290039
6265 27395 0.0008164346218109131
6266 27918 0.0008320212364196777
6267 28493 0.0008491575717926025
6268 29059 0.0008660256862640381
6269 29622 0.0008828043937683105
6270 30216 0.0009005069732666016
6271 30845 0.0009192526340484619
6272 31442 0.000937044620513916
6273 31957 0.0009523928165435791
6274 32572 0.0009707212448120117
6275 33154 0.0009880661964416504
6276 33702 0.0010043978691101074
6277 34297 0.0010221302509307861
6278 34910 0.0010403990745544434
6279 35461 0.0010568201541900635
6280 36087 0.0010754764080047607
6281 36790 0.0010964274406433105
6282 37332 0.0011125802993774414
6283 37924 0.001130223274230957
6284 38630 0.00115126371383667
6285 39248 0.0011696815490722656
6286 39905 0.0011892616748809814
6287 40546 0.0012083649635314941
6288 41197 0.0012277662754058838
6289 41798 0.0012456774711608887
6290 42449 0.0012650787830352783
6291 43145 0.0012858211994171143
6292 43831 0.0013062655925750732
6293 44410 0.0013235211372375488
6294 45030 0.00134199857711792
6295 45712 0.0013623237609863281
6296 46314 0.0013802647590637207
6297 46951 0.0013992488384246826
6298 47731 0.001422494649887085
6299 48302 0.001439511775970459
6300 48937 0.0014584362506866455
6301 49714 0.0014815926551818848
6302 50380 0.0015014410018920898
6303 51024 0.0015206336975097656
6304 51711 0.0015411078929901123
6305 52412 0.0015619993209838867
6306 53025 0.001580268144607544
6307 53649 0.0015988647937774658
6308 54365 0.0016202032566070557
6309 54983 0.0016386210918426514
6310 55566 0.0016559958457946777
6311 56299 0.0016778409481048584
6312 57030 0.0016996264457702637
6313 57614 0.0017170310020446777
6314 58262 0.0017363429069519043
6315 58994 0.0017581582069396973
6316 59569 0.001775294542312622
6317 60153 0.0017926990985870361
6318 60930 0.0018158555030822754
6319 61516 0.0018333196640014648
6320 62181 0.0018531382083892822
6321 62926 0.0018753409385681152
6322 63568 0.0018944740295410156
6323 64223 0.001913994550704956
6324 64867 0.0019331872463226318
6325 65541 0.0019532740116119385
6326 66172 0.0019720792770385742
6327 66801 0.0019908249378204346
6328 67470 0.0020107626914978027
6329 68083 0.00202903151512146
6330 68686 0.0020470023155212402
6331 69303 0.0020653903484344482
6332 69974 0.002085387706756592
6333 70556 0.0021027326583862305
6334 71164 0.0021208524703979492
6335 71893 0.002142578363418579
6336 72474 0.00215989351272583
6337 73073 0.0021777451038360596
6338 73793 0.0021992027759552
6339 74396 0.0022171735763549805
6340 74990 0.0022348761558532715
6341 75637 0.0022541582584381104
6342 76255 0.002272576093673706
6343 76866 0.002290785312652588
6344 77448 0.0023081302642822266
6345 78128 0.0023283958435058594
6346 78690 0.002345144748687744
6347 79267 0.0023623406887054443
6348 79878 0.002380549907684326
6349 80484 0.0023986101150512695
6350 81071 0.0024161040782928467
6351 81650 0.0024333596229553223
6352 82286 0.0024523138999938965
6353 82844 0.0024689435958862305
6354 83376 0.0024847984313964844
6355 84055 0.0025050342082977295
6356 84639 0.0025224387645721436
6357 85177 0.0025384724140167236
6358 85874 0.0025592446327209473
6359 86490 0.0025776028633117676
6360 87052 0.0025943517684936523
6361 87665 0.0026126205921173096
6362 88285 0.0026310980319976807
6363 88810 0.0026467442512512207
6364 89364 0.002663254737854004
6365 89947 0.0026806294918060303
6366 90534 0.0026981234550476074
6367 91079 0.0027143657207489014
6368 91623 0.0027305781841278076
6369 92274 0.0027499794960021973
6370 92821 0.0027662813663482666
6371 93346 0.0027819275856018066
6372 93939 0.00279960036277771
6373 94418 0.002813875675201416
6374 94923 0.002828925848007202
6375 95614 0.0028495192527770996
6376 96136 0.0028650760650634766
6377 96659 0.002880662679672241
6378 97252 0.0028983354568481445
6379 97792 0.0029144287109375
6380 98307 0.002929776906967163
6381 98869 0.002946525812149048
6382 99449 0.002963811159133911
6383 99960 0.0029790401458740234
6384 100455 0.0029937922954559326
6385 101071 0.003012150526046753
6386 101613 0.003028303384780884
6387 102114 0.003043234348297119
6388 102587 0.003057330846786499
6389 103136 0.0030736923217773438
6390 103628 0.00308835506439209
6391 104117 0.003102928400039673
6392 104731 0.0031212270259857178
6393 105258 0.003136932849884033
6394 105720 0.0031507015228271484
6395 106264 0.0031669139862060547
6396 106839 0.0031840503215789795
6397 107342 0.0031990408897399902
6398 107857 0.0032143890857696533
6399 108400 0.003230571746826172
6400 108882 0.003244936466217041
6401 109352 0.003258943557739258
6402 109911 0.0032756030559539795
6403 110393 0.0032899677753448486
6404 110906 0.0033052563667297363
6405 111407 0.0033201873302459717
6406 111931 0.003335803747177124
6407 112422 0.0033504366874694824
6408 112890 0.003364384174346924
6409 113448 0.003381013870239258
6410 113972 0.00339663028717041
6411 114425 0.003410130739212036
6412 114975 0.0034265220165252686
6413 115482 0.00344163179397583
6414 115915 0.003454536199569702
6415 116489 0.0034716427326202393
6416 117029 0.0034877359867095947
6417 117525 0.0035025179386138916
6418 118016 0.00351715087890625
6419 118513 0.0035319626331329346
6420 118977 0.003545790910720825
6421 119437 0.003559499979019165
6422 119915 0.0035737454891204834
6423 120462 0.0035900473594665527
6424 120960 0.003604888916015625
6425 121420 0.003618597984313965
6426 121997 0.003635793924331665
6427 122488 0.0036504268646240234
6428 122920 0.003663301467895508
6429 123471 0.003679722547531128
6430 123970 0.003694593906402588
6431 124414 0.0037078261375427246
6432 124914 0.0037227272987365723
6433 125434 0.003738224506378174
6434 125874 0.0037513375282287598
6435 126376 0.003766298294067383
6436 126890 0.003781616687774658
6437 127320 0.003794431686401367
6438 127847 0.0038101375102996826
6439 128337 0.0038247406482696533
6440 128819 0.0038391053676605225
6441 129317 0.0038539469242095947
6442 129813 0.0038687288761138916
6443 130317 0.00388374924659729
6444 130802 0.0038982033729553223
6445 131245 0.003911405801773071
6446 131778 0.003927290439605713
6447 132286 0.003942430019378662
6448 132771 0.003956884145736694
6449 133316 0.003973126411437988
6450 133863 0.003989428281784058
6451 134298 0.004002392292022705
6452 134838 0.0040184855461120605
6453 135401 0.004035264253616333
6454 135851 0.004048675298690796
6455 136360 0.004063844680786133
6456 136934 0.00408095121383667
6457 137418 0.0040953755378723145
6458 137900 0.004109740257263184
6459 138424 0.004125356674194336
6460 138949 0.004141002893447876
6461 139492 0.0041571855545043945
6462 140003 0.004172414541244507
6463 140552 0.0041887760162353516
6464 141068 0.004204154014587402
6465 141597 0.004219919443130493
6466 142161 0.004236727952957153
6467 142693 0.004252582788467407
6468 143141 0.004265934228897095
6469 143697 0.004282504320144653
6470 144242 0.004298746585845947
6471 144732 0.004313349723815918
6472 145267 0.004329293966293335
6473 145837 0.004346281290054321
6474 146305 0.004360228776931763
6475 146837 0.004376083612442017
6476 147443 0.00439414381980896
6477 147976 0.0044100284576416016
6478 148518 0.004426181316375732
6479 149072 0.004442691802978516
6480 149640 0.0044596195220947266
6481 150174 0.004475533962249756
6482 150652 0.004489779472351074
6483 151269 0.004508167505264282
6484 151825 0.004524737596511841
6485 152305 0.004539042711257935
6486 152918 0.004557311534881592
6487 153543 0.004575937986373901
6488 154078 0.004591882228851318
6489 154644 0.004608750343322754
6490 155335 0.004629343748092651
6491 155865 0.00464513897895813
6492 156437 0.004662185907363892
6493 157090 0.004681646823883057
6494 157568 0.004695892333984375
6495 158171 0.004713863134384155
6496 158753 0.004731208086013794
6497 159368 0.0047495365142822266
6498 159981 0.004767805337905884
6499 160568 0.004785299301147461
6500 161240 0.004805326461791992
6501 161909 0.00482526421546936
6502 162508 0.00484311580657959
6503 163157 0.004862457513809204
6504 163840 0.0048828125
6505 164458 0.004901230335235596
6506 165141 0.004921585321426392
6507 165909 0.004944473505020142
6508 166503 0.004962176084518433
6509 167165 0.004981905221939087
6510 167952 0.005005359649658203
6511 168586 0.005024254322052002
6512 169264 0.005044460296630859
6513 170022 0.005067050457000732
6514 170708 0.005087494850158691
6515 171420 0.0051087141036987305
6516 172121 0.005129605531692505
6517 172911 0.005153149366378784
6518 173687 0.005176275968551636
6519 174399 0.005197495222091675
6520 175278 0.005223691463470459
6521 176033 0.005246192216873169
6522 176746 0.005267441272735596
6523 177528 0.0052907466888427734
6524 178354 0.00531536340713501
6525 179088 0.005337238311767578
6526 179859 0.005360215902328491
6527 180813 0.0053886473178863525
6528 181597 0.005412012338638306
6529 182410 0.005436241626739502
6530 183403 0.005465835332870483
6531 184289 0.0054922401905059814
6532 185162 0.0055182576179504395
6533 186128 0.005547046661376953
6534 187071 0.00557515025138855
6535 187970 0.005601942539215088
6536 188856 0.005628347396850586
6537 189908 0.005659699440002441
6538 190854 0.005687892436981201
6539 191804 0.005716204643249512
6540 192885 0.00574842095375061
6541 194008 0.005781888961791992
6542 195027 0.005812257528305054
6543 196061 0.005843073129653931
6544 197219 0.005877584218978882
6545 198287 0.00590941309928894
6546 199294 0.00593942403793335
6547 200647 0.005979746580123901
6548 201658 0.006009876728057861
6549 202723 0.006041616201400757
6550 204025 0.006080418825149536
6551 205175 0.006114691495895386
6552 206335 0.006149262189865112
6553 207584 0.006186485290527344
6554 208861 0.006224542856216431
6555 210094 0.006261289119720459
6556 211300 0.0062972307205200195
6557 212670 0.006338059902191162
6558 213937 0.006375819444656372
6559 215216 0.006413936614990234
6560 216538 0.006453335285186768
6561 218022 0.006497561931610107
6562 219334 0.006536662578582764
6563 220656 0.006576061248779297
6564 222300 0.006625056266784668
6565 223607 0.006664007902145386
6566 224945 0.006703883409500122
6567 226589 0.006752878427505493
6568 227965 0.006793886423110962
6569 229393 0.006836444139480591
6570 230983 0.006883829832077026
6571 232510 0.006929337978363037
6572 234006 0.006973922252655029
6573 235473 0.007017642259597778
6574 237159 0.007067888975143433
6575 238712 0.0071141719818115234
6576 240283 0.007160991430282593
6577 242029 0.007213026285171509
6578 243705 0.007262974977493286
6579 245221 0.007308155298233032
6580 246860 0.007357001304626465
6581 248735 0.0074128806591033936
6582 250390 0.007462203502655029
6583 251981 0.0075096189975738525
6584 253924 0.0075675249099731445
6585 255596 0.007617354393005371
6586 257226 0.0076659321784973145
6587 259137 0.0077228844165802
6588 260938 0.0077765583992004395
6589 262594 0.007825911045074463
6590 264410 0.007880032062530518
6591 266312 0.007936716079711914
6592 268101 0.007990032434463501
6593 269955 0.008045285940170288
6594 271908 0.008103489875793457
6595 273705 0.008157044649124146
6596 275463 0.008209437131881714
6597 277326 0.00826495885848999
6598 279293 0.008323580026626587
6599 281099 0.008377403020858765
6600 282891 0.008430808782577515
6601 285138 0.008497774600982666
6602 287022 0.008553922176361084
6603 288701 0.008603960275650024
6604 290929 0.00867035984992981
6605 292818 0.008726656436920166
6606 294659 0.008781522512435913
6607 296725 0.008843094110488892
6608 298781 0.008904367685317993
6609 300681 0.008960992097854614
6610 302597 0.009018093347549438
6611 304825 0.009084492921829224
6612 306699 0.009140342473983765
6613 308617 0.009197503328323364
6614 310657 0.009258300065994263
6615 312752 0.009320735931396484
6616 314734 0.009379804134368896
6617 316600 0.009435415267944336
6618 318810 0.009501278400421143
6619 320771 0.009559720754623413
6620 322555 0.009612888097763062
6621 324872 0.009681940078735352
6622 326862 0.009741246700286865
6623 328703 0.009796112775802612
6624 330875 0.009860843420028687
6625 332981 0.009923607110977173
6626 334751 0.009976357221603394
6627 336839 0.010038584470748901
6628 338964 0.010101914405822754
6629 340880 0.010159015655517578
6630 342771 0.01021537184715271
6631 344840 0.010277032852172852
6632 346803 0.010335534811019897
6633 348712 0.010392427444458008
6634 350731 0.010452598333358765
6635 352833 0.0105152428150177
6636 354742 0.01057213544845581
6637 356496 0.010624408721923828
6638 358619 0.010687679052352905
6639 360511 0.010744065046310425
6640 362316 0.010797858238220215
6641 364377 0.010859280824661255
6642 366316 0.010917067527770996
6643 368020 0.010967850685119629
6644 369970 0.011025965213775635
6645 372017 0.011086970567703247
6646 373769 0.01113918423652649
6647 375633 0.011194735765457153
6648 377702 0.011256396770477295
6649 379486 0.011309564113616943
6650 381359 0.011365383863449097
6651 383263 0.011422127485275269
6652 385138 0.011478006839752197
6653 386952 0.011532068252563477
6654 388685 0.011583715677261353
6655 390652 0.01164233684539795
6656 392461 0.01169624924659729
6657 394105 0.011745244264602661
6658 396111 0.011805027723312378
6659 397930 0.011859238147735596
6660 399507 0.011906236410140991
6661 401344 0.011960983276367188
6662 403179 0.012015670537948608
6663 404787 0.012063592672348022
6664 406515 0.01211509108543396
6665 408384 0.012170791625976562
6666 409982 0.0122184157371521
6667 411659 0.012268394231796265
6668 413555 0.012324899435043335
6669 415245 0.01237526535987854
6670 416892 0.012424349784851074
6671 418584 0.012474775314331055
6672 420306 0.012526094913482666
6673 421930 0.012574493885040283
6674 423542 0.012622535228729248
6675 425457 0.012679606676101685
6676 427128 0.012729406356811523
6677 428686 0.012775838375091553
6678 430453 0.01282849907875061
6679 432205 0.012880712747573853
6680 433728 0.012926101684570312
6681 435467 0.012977927923202515
6682 437251 0.013031095266342163
6683 438791 0.013076990842819214
6684 440460 0.013126730918884277
6685 442270 0.013180673122406006
6686 443898 0.013229191303253174
6687 445539 0.013278096914291382
6688 447288 0.013330221176147461
6689 449006 0.013381421566009521
6690 450696 0.013431787490844727
6691 452381 0.013482004404067993
6692 454259 0.013537973165512085
6693 456052 0.013591408729553223
6694 457646 0.013638913631439209
6695 459495 0.013694018125534058
6696 461324 0.013748526573181152
6697 462925 0.013796240091323853
6698 464815 0.013852566480636597
6699 466837 0.013912826776504517
6700 468514 0.013962805271148682
6701 470356 0.014017701148986816
6702 472604 0.014084696769714355
6703 474414 0.014138638973236084
6704 476379 0.014197200536727905
6705 478569 0.014262467622756958
6706 480506 0.014320194721221924
6707 482467 0.014378637075424194
6708 484593 0.014441996812820435
6709 486772 0.014506936073303223
6710 488952 0.014571905136108398
6711 491039 0.014634102582931519
6712 493481 0.01470687985420227
6713 495805 0.014776140451431274
6714 497945 0.014839917421340942
6715 500354 0.0149117112159729
6716 502896 0.014987468719482422
6717 505130 0.015054047107696533
6718 507572 0.015126824378967285
6719 510490 0.01521378755569458
6720 512921 0.015286237001419067
6721 515439 0.015361279249191284
6722 518575 0.015454739332199097
6723 521210 0.015533268451690674
6724 523997 0.01561632752418518
6725 527132 0.015709757804870605
6726 530277 0.015803486108779907
6727 533255 0.015892237424850464
6728 536295 0.015982836484909058
6729 539736 0.016085386276245117
6730 543055 0.016184300184249878
6731 546279 0.016280382871627808
6732 549881 0.016387730836868286
6733 553606 0.01649874448776245
6734 557079 0.016602247953414917
6735 560722 0.01671081781387329
6736 565000 0.01683831214904785
6737 568483 0.016942113637924194
6738 572188 0.017052531242370605
6739 577011 0.01719626784324646
6740 580898 0.01731210947036743
6741 584945 0.017432719469070435
6742 589637 0.0175725519657135
6743 593895 0.017699450254440308
6744 598363 0.01783260703086853
6745 603156 0.017975449562072754
6746 608198 0.018125712871551514
6747 612898 0.01826578378677368
6748 617641 0.01840713620185852
6749 622778 0.01856023073196411
6750 627991 0.018715590238571167
6751 633016 0.018865346908569336
6752 638419 0.019026368856430054
6753 644334 0.01920264959335327
6754 649411 0.0193539559841156
6755 654795 0.019514411687850952
6756 661365 0.01971021294593811
6757 666708 0.019869446754455566
6758 672236 0.020034193992614746
6759 679022 0.020236432552337646
6760 684709 0.02040591835975647
6761 690507 0.020578712224960327
6762 697168 0.020777225494384766
6763 703577 0.020968228578567505
6764 709789 0.021153360605239868
6765 716042 0.021339714527130127
6766 723013 0.02154746651649475
6767 729560 0.021742582321166992
6768 736122 0.02193814516067505
6769 743174 0.022148311138153076
6770 750328 0.02236151695251465
6771 756964 0.022559285163879395
6772 763900 0.02276599407196045
6773 771986 0.023006975650787354
6774 778742 0.023208320140838623
6775 785476 0.023409008979797363
6776 794314 0.023672401905059814
6777 801288 0.0238802433013916
6778 808372 0.024091362953186035
6779 816963 0.024347394704818726
6780 824642 0.024576246738433838
6781 831976 0.024794816970825195
6782 840141 0.025038152933120728
6783 848804 0.025296330451965332
6784 856547 0.025527089834213257
6785 864659 0.02576884627342224
6786 873576 0.02603459358215332
6787 881839 0.026280850172042847
6788 889937 0.026522189378738403
6789 898618 0.026780903339385986
6790 907852 0.027056097984313965
6791 916323 0.027308553457260132
6792 924748 0.027559638023376465
6793 935465 0.027879029512405396
6794 943940 0.028131604194641113
6795 952537 0.02838781476020813
6796 963516 0.028715014457702637
6797 972955 0.028996318578720093
6798 982291 0.029274553060531616
6799 992972 0.02959287166595459
6800 1003477 0.02990594506263733
6801 1013377 0.030200988054275513
6802 1024171 0.030522674322128296
6803 1036341 0.030885368585586548
6804 1047149 0.03120747208595276
6805 1058517 0.03154626488685608
6806 1070786 0.03191190958023071
6807 1083168 0.032280921936035156
6808 1095117 0.03263702988624573
6809 1107306 0.033000290393829346
6810 1121786 0.033431828022003174
6811 1135006 0.033825814723968506
6812 1147487 0.03419777750968933
6813 1164070 0.03469198942184448
6814 1178048 0.03510856628417969
6815 1191664 0.03551435470581055
6816 1209284 0.03603947162628174
6817 1225598 0.0365256667137146
6818 1241132 0.03698861598968506
6819 1259052 0.03752267360687256
6820 1277901 0.03808441758155823
6821 1295524 0.03860962390899658
6822 1314492 0.03917491436004639
6823 1335729 0.03980782628059387
6824 1355771 0.04040512442588806
6825 1376796 0.041031718254089355
6826 1398725 0.041685253381729126
6827 1422779 0.04240211844444275
6828 1445900 0.04309117794036865
6829 1468501 0.043764740228652954
6830 1497655 0.04463359713554382
6831 1523003 0.045389026403427124
6832 1547975 0.04613324999809265
6833 1580074 0.04708987474441528
6834 1609328 0.04796171188354492
6835 1637462 0.04880017042160034
6836 1671611 0.04981788992881775
6837 1705831 0.05083772540092468
6838 1737909 0.05179372429847717
6839 1773156 0.05284416675567627
6840 1813533 0.05404749512672424
6841 1849438 0.05511754751205444
6842 1888386 0.0562782883644104
6843 1930898 0.057545244693756104
6844 1973607 0.05881807208061218
6845 2016733 0.06010332703590393
6846 2060647 0.06141206622123718
6847 2112798 0.06296628713607788
6848 2160842 0.06439810991287231
6849 2206999 0.06577369570732117
6850 2266346 0.06754237413406372
6851 2319874 0.06913763284683228
6852 2370831 0.07065626978874207
6853 2433688 0.07252955436706543
6854 2495397 0.07436862587928772
6855 2551270 0.07603377103805542
6856 2617068 0.077994704246521
6857 2688185 0.08011415600776672
6858 2750982 0.08198565244674683
6859 2820684 0.08406293392181396
6860 2897440 0.0863504409790039
6861 2969872 0.08850908279418945
6862 3045124 0.0907517671585083
6863 3123956 0.0931011438369751
6864 3208713 0.09562709927558899
6865 3290241 0.09805682301521301
6866 3369837 0.10042896866798401
6867 3467858 0.10335022211074829
6868 3555893 0.10597386956214905
6869 3640306 0.10848957300186157
6870 3743037 0.1115511953830719
6871 3842812 0.1145247220993042
6872 3933524 0.11722815036773682
6873 4040340 0.12041151523590088
6874 4152000 0.12373924255371094
6875 4249948 0.12665832042694092
6876 4359461 0.1299220621585846
6877 4483220 0.13361036777496338
6878 4590189 0.13679829239845276
6879 4705757 0.14024248719215393
6880 4828868 0.1439114809036255
6881 4951919 0.14757868647575378
6882 5073862 0.1512128710746765
6883 5195745 0.15484526753425598
6884 5334486 0.15898007154464722
6885 5463981 0.16283932328224182
6886 5586874 0.16650182008743286
6887 5735258 0.17092400789260864
6888 5875052 0.17509019374847412
6889 6003412 0.1789156198501587
6890 6151652 0.18333351612091064
6891 6307380 0.18797457218170166
6892 6441177 0.19196203351020813
6893 6590010 0.196397602558136
6894 6758516 0.20141947269439697
6895 6897723 0.20556816458702087
6896 7053154 0.21020036935806274
6897 7222234 0.21523934602737427
6898 7376772 0.21984493732452393
6899 7535947 0.22458872199058533
6900 7699872 0.22947406768798828
6901 7871930 0.23460179567337036
6902 8037541 0.23953738808631897
6903 8195874 0.24425607919692993
6904 8384399 0.2498745620250702
6905 8555778 0.254982054233551
6906 8716053 0.2597586214542389
6907 8901030 0.2652713656425476
6908 9088200 0.27084946632385254
6909 9250954 0.2756999135017395
6910 9432523 0.28111109137535095
6911 9634019 0.287116140127182
6912 9799033 0.29203394055366516
6913 9978411 0.29737982153892517
6914 10183678 0.3034972548484802
6915 10357359 0.30867335200309753
6916 10541650 0.3141656517982483
6917 10738203 0.32002338767051697
6918 10927595 0.32566770911216736
6919 11113591 0.33121082186698914
6920 11298781 0.33672991394996643
6921 11503032 0.3428170680999756
6922 11692419 0.34846124053001404
6923 11872013 0.3538135588169098
6924 12075673 0.3598830997943878
6925 12274158 0.3657984137535095
6926 12452709 0.3711196482181549
6927 12648482 0.3769541382789612
6928 12860660 0.3832775354385376
6929 13037477 0.3885470926761627
6930 13223625 0.3940947353839874
6931 13447800 0.400775671005249
6932 13623743 0.4060191810131073
6933 13811714 0.4116211533546448
6934 14021207 0.41786453127861023
6935 14206582 0.42338913679122925
6936 14397163 0.4290688931941986
6937 14591542 0.43486183881759644
6938 14790079 0.4407787024974823
6939 14978102 0.44638222455978394
6940 15159774 0.4517964720726013
6941 15365841 0.45793774724006653
6942 15555042 0.46357637643814087
6943 15732161 0.4688549339771271
6944 15924592 0.47458982467651367
6945 16123155 0.4805074632167816
6946 16295303 0.4856378734111786
6947 16475036 0.49099433422088623
6948 16683360 0.49720287322998047
6949 16849436 0.5021523237228394
6950 17021068 0.5072673559188843
6951 17224793 0.5133388340473175
6952 17391291 0.518300861120224
6953 17563170 0.5234232544898987
6954 17748278 0.5289399027824402
6955 17924022 0.5341774821281433
6956 18093148 0.5392178297042847
6957 18261425 0.5442328751087189
6958 18443160 0.5496490001678467
6959 18608284 0.5545700788497925
6960 18767753 0.5593226253986359
6961 18940698 0.5644767880439758
6962 19109852 0.569517970085144
6963 19262665 0.5740721523761749
6964 19421580 0.5788081884384155
6965 19596945 0.5840344727039337
6966 19742763 0.5883801877498627
6967 19886318 0.5926584601402283
6968 20066326 0.5980231165885925
6969 20204739 0.6021481454372406
6970 20346528 0.6063737869262695
6971 20508882 0.6112123131752014
6972 20651016 0.6154482364654541
6973 20789691 0.6195810735225677
6974 20934669 0.623901754617691
6975 21079458 0.6282168030738831
6976 21214067 0.6322284638881683
6977 21346691 0.636180967092514
6978 21489587 0.6404395997524261
6979 21621229 0.6443628370761871
6980 21746839 0.6481063067913055
6981 21875910 0.6519529223442078
6982 22010548 0.6559654474258423
6983 22128435 0.6594787538051605
6984 22244643 0.6629420220851898
6985 22382415 0.6670479476451874
6986 22492744 0.6703360080718994
6987 22601596 0.6735800504684448
6988 22732352 0.6774768829345703
6989 22840440 0.6806981563568115
6990 22945443 0.6838274896144867
6991 23061946 0.6872995495796204
6992 23171112 0.6905529499053955
6993 23272476 0.6935738325119019
6994 23374851 0.6966248452663422
6995 23484587 0.6998952329158783
6996 23581726 0.7027902007102966
6997 23677639 0.7056486308574677
6998 23778299 0.7086485326290131
6999 23876298 0.7115691304206848
7000 23967094 0.714275062084198
7001 24056621 0.7169431746006012
7002 24156611 0.7199231088161469
7003 24241023 0.722438782453537
7004 24321387 0.7248338162899017
7005 24421403 0.7278145253658295
7006 24500192 0.7301626205444336
7007 24577359 0.7324623763561249
7008 24666775 0.735127180814743
7009 24746244 0.7374955415725708
7010 24820412 0.7397059202194214
7011 24899915 0.7420752942562103
7012 24979998 0.7444619536399841
7013 25051539 0.7465940415859222
7014 25123163 0.7487286031246185
7015 25199487 0.751003235578537
7016 25269677 0.7530950605869293
7017 25338289 0.7551398575305939
7018 25406915 0.7571850717067719
7019 25477963 0.7593024671077728
7020 25542615 0.7612292468547821
7021 25603617 0.7630472481250763
7022 25676766 0.7652272582054138
7023 25736536 0.7670085430145264
7024 25793585 0.768708735704422
7025 25862732 0.770769476890564
7026 25921837 0.7725309431552887
7027 25976676 0.7741652727127075
7028 26038992 0.7760224342346191
7029 26098760 0.7778036594390869
7030 26151871 0.7793864905834198
7031 26207028 0.7810302972793579
7032 26267036 0.7828186750411987
7033 26318606 0.7843555808067322
7034 26370992 0.785916805267334
7035 26425325 0.7875360548496246
7036 26478295 0.7891146838665009
7037 26528627 0.7906146943569183
7038 26578008 0.7920863628387451
7039 26632814 0.7937197089195251
7040 26681111 0.7951590716838837
7041 26725461 0.796480804681778
7042 26780614 0.7981244921684265
7043 26826566 0.7994939684867859
7044 26869674 0.8007786870002747
7045 26920314 0.8022878766059875
7046 26967193 0.8036849796772003
7047 27009433 0.8049438297748566
7048 27055959 0.8063304126262665
7049 27104102 0.8077651858329773
7050 27145573 0.8090011179447174
7051 27189029 0.8102962076663971
7052 27235075 0.8116684854030609
7053 27276863 0.8129138648509979
7054 27318538 0.8141558766365051
7055 27360403 0.815403550863266
7056 27403676 0.8166931867599487
7057 27444618 0.8179133534431458
7058 27482395 0.8190391957759857
7059 27527763 0.8203912675380707
7060 27567336 0.821570634841919
7061 27603432 0.8226463794708252
7062 27647026 0.8239455819129944
7063 27686064 0.8251090049743652
7064 27721808 0.826174259185791
7065 27761921 0.8273697197437286
7066 27802519 0.8285796344280243
7067 27837650 0.8296266198158264
7068 27875229 0.8307465612888336
7069 27916634 0.8319805264472961
7070 27951649 0.8330240547657013
7071 27988327 0.8341171443462372
7072 28026084 0.8352423906326294
7073 28062805 0.836336761713028
7074 28098315 0.837395042181015
7075 28132719 0.8384203612804413
7076 28171075 0.8395634591579437
7077 28206022 0.8406049609184265
7078 28238172 0.8415631055831909
7079 28276550 0.8427068591117859
7080 28311215 0.8437399566173553
7081 28342663 0.8446771800518036
7082 28378754 0.8457527756690979
7083 28414578 0.8468204140663147
7084 28445623 0.8477456271648407
7085 28479490 0.8487549424171448
7086 28516172 0.8498481512069702
7087 28546802 0.8507609963417053
7088 28579048 0.851722002029419
7089 28613654 0.8527533411979675
7090 28645175 0.8536927402019501
7091 28676599 0.854629248380661
7092 28708396 0.8555768728256226
7093 28741691 0.8565691411495209
7094 28772905 0.8574993908405304
7095 28801805 0.8583606779575348
7096 28835918 0.8593773245811462
7097 28867059 0.8603053987026215
7098 28895204 0.8611441850662231
7099 28927639 0.862110823392868
7100 28959502 0.8630604147911072
7101 28986559 0.863866776227951
7102 29017017 0.8647744953632355
7103 29049485 0.8657421171665192
7104 29076375 0.8665435016155243
7105 29105374 0.8674077391624451
7106 29137907 0.868377298116684
7107 29164885 0.8691813051700592
7108 29193130 0.8700230717658997
7109 29222856 0.8709089756011963
7110 29251358 0.8717584013938904
7111 29279249 0.8725896179676056
7112 29306401 0.8733988106250763
7113 29336218 0.8742874264717102
7114 29363671 0.8751055896282196
7115 29389058 0.875862181186676
7116 29418381 0.8767360746860504
7117 29446025 0.8775599300861359
7118 29470407 0.8782865703105927
7119 29497629 0.8790978491306305
7120 29525921 0.8799410164356232
7121 29549799 0.8806526362895966
7122 29575436 0.8814166784286499
7123 29604762 0.8822906613349915
7124 29628061 0.8829850256443024
7125 29653077 0.883730560541153
7126 29680296 0.8845417499542236
7127 29704768 0.8852710723876953
7128 29729185 0.8859987556934357
7129 29754198 0.8867442011833191
7130 29779461 0.8874970972537994
7131 29803461 0.8882123529911041
7132 29826135 0.8888880908489227
7133 29851963 0.8896578252315521
7134 29875417 0.8903568089008331
7135 29897261 0.89100781083107
7136 29921417 0.8917277157306671
7137 29946543 0.8924765288829803
7138 29967320 0.8930957317352295
7139 29989979 0.8937710225582123
7140 30015485 0.8945311605930328
7141 30035837 0.8951376974582672
7142 30057219 0.8957749307155609
7143 30081965 0.8965124189853668
7144 30102170 0.8971145749092102
7145 30123235 0.897742360830307
7146 30146046 0.8984221816062927
7147 30167413 0.8990589678287506
7148 30188242 0.8996797204017639
7149 30208753 0.9002909958362579
7150 30231244 0.9009612798690796
7151 30251654 0.9015695452690125
7152 30271126 0.9021498560905457
7153 30292610 0.9027901291847229
7154 30313529 0.9034135639667511
7155 30332080 0.9039664268493652
7156 30351873 0.9045563042163849
7157 30374055 0.9052173793315887
7158 30391852 0.9057477712631226
7159 30410409 0.906300812959671
7160 30433046 0.9069754481315613
7161 30450596 0.9074984788894653
7162 30468928 0.9080448150634766
7163 30489703 0.9086639583110809
7164 30508104 0.9092123508453369
7165 30526055 0.9097473323345184
7166 30545062 0.9103137850761414
7167 30564254 0.910885751247406
7168 30581991 0.9114143550395966
7169 30599376 0.9119324684143066
7170 30618476 0.9125016927719116
7171 30636182 0.9130293726921082
7172 30653055 0.9135322272777557
7173 30670934 0.9140650629997253
7174 30689722 0.9146249890327454
7175 30705768 0.9151031970977783
7176 30722105 0.9155900776386261
7177 30741855 0.9161786735057831
7178 30757167 0.9166350066661835
7179 30772956 0.9171055555343628
7180 30792398 0.9176849722862244
7181 30807972 0.9181491136550903
7182 30823864 0.9186227321624756
7183 30841382 0.9191448092460632
7184 30857924 0.9196377992630005
7185 30873547 0.9201034009456635
7186 30889560 0.9205806255340576
7187 30906743 0.9210927188396454
7188 30922174 0.9215525984764099
7189 30937411 0.9220066964626312
7190 30953885 0.9224976599216461
7191 30969956 0.9229766130447388
7192 30984773 0.9234181940555573
7193 30999702 0.9238631129264832
7194 31016682 0.9243691563606262
7195 31030608 0.9247841835021973
7196 31044242 0.9251905083656311
7197 31062193 0.9257254898548126
7198 31075879 0.9261333644390106
7199 31089771 0.9265473783016205
7200 31106151 0.9270355403423309
7201 31120537 0.9274642765522003
7202 31134340 0.9278756380081177
7203 31149290 0.9283211827278137
7204 31164296 0.9287683963775635
7205 31177985 0.9291763603687286
7206 31191825 0.9295888245105743
7207 31206813 0.9300355017185211
7208 31220431 0.9304413497447968
7209 31233970 0.9308448433876038
7210 31248127 0.9312667548656464
7211 31262694 0.9317008852958679
7212 31275605 0.9320856630802155
7213 31288164 0.9324599504470825
7214 31303732 0.9329239130020142
7215 31316185 0.9332950413227081
7216 31328440 0.9336602687835693
7217 31343900 0.9341210126876831
7218 31356357 0.9344922602176666
7219 31368701 0.9348601400852203
7220 31382667 0.9352763593196869
7221 31395881 0.9356701672077179
7222 31408047 0.9360327422618866
7223 31420621 0.9364074766635895
7224 31434407 0.9368183314800262
7225 31446706 0.9371848702430725
7226 31458930 0.9375491738319397
7227 31471954 0.937937319278717
7228 31484679 0.9383165538311005
7229 31496693 0.9386745989322662
7230 31508661 0.9390312731266022
7231 31522157 0.9394334852695465
7232 31533770 0.9397795796394348
7233 31544788 0.9401079416275024
7234 31558823 0.9405262172222137
7235 31569982 0.940858781337738
7236 31580910 0.9411844611167908
7237 31594163 0.9415794312953949
7238 31605833 0.9419272243976593
7239 31616770 0.9422531723976135
7240 31628677 0.9426080286502838
7241 31640912 0.9429726600646973
7242 31651680 0.943293571472168
7243 31662641 0.9436202347278595
7244 31674652 0.9439781904220581
7245 31685538 0.9443026185035706
7246 31696437 0.944627434015274
7247 31707479 0.944956511259079
7248 31718944 0.9452981948852539
7249 31729509 0.9456130564212799
7250 31739699 0.9459167420864105
7251 31751882 0.9462798237800598
7252 31762051 0.9465828835964203
7253 31771602 0.9468675255775452
7254 31783592 0.9472248554229736
7255 31793945 0.9475333988666534
7256 31803379 0.947814553976059
7257 31814638 0.948150098323822
7258 31825196 0.9484647512435913
7259 31834697 0.9487479031085968
7260 31844878 0.9490513205528259
7261 31855843 0.949378103017807
7262 31865148 0.9496554136276245
7263 31874905 0.9499461948871613
7264 31885224 0.9502537250518799
7265 31895117 0.9505485594272614
7266 31904571 0.9508303105831146
7267 31913914 0.9511087536811829
7268 31924374 0.9514204859733582
7269 31933738 0.9516995549201965
7270 31942528 0.9519615173339844
7271 31952971 0.9522727429866791
7272 31962149 0.9525462687015533
7273 31970618 0.9527986645698547
7274 31980577 0.9530954658985138
7275 31989936 0.9533743858337402
7276 31998290 0.953623354434967
7277 32007598 0.9539007544517517
7278 32017367 0.9541918933391571
7279 32025643 0.9544385373592377
7280 32034321 0.9546971619129181
7281 32043548 0.9549721479415894
7282 32051815 0.9552185237407684
7283 32060312 0.9554717540740967
7284 32068674 0.9557209610939026
7285 32077793 0.955992728471756
7286 32086058 0.9562390446662903
7287 32093889 0.9564724266529083
7288 32102981 0.9567433893680573
7289 32111056 0.9569840431213379
7290 32118483 0.9572053849697113
7291 32127278 0.9574674963951111
7292 32135487 0.9577121436595917
7293 32142676 0.9579263925552368
7294 32150956 0.9581731557846069
7295 32159284 0.9584213495254517
7296 32166357 0.9586321413516998
7297 32174087 0.9588625133037567
7298 32182449 0.9591117203235626
7299 32189588 0.9593244791030884
7300 32197042 0.9595466256141663
7301 32204691 0.9597745835781097
7302 32212074 0.9599946141242981
7303 32219401 0.9602129757404327
7304 32226457 0.9604232609272003
7305 32234392 0.9606597423553467
7306 32241445 0.9608699381351471
7307 32248212 0.9610716104507446
7308 32255972 0.9613028764724731
7309 32263014 0.9615127444267273
7310 32269323 0.9617007672786713
7311 32276641 0.9619188606739044
7312 32283941 0.9621364176273346
7313 32290114 0.9623203873634338
7314 32296849 0.962521106004715
7315 32304381 0.9627455770969391
7316 32310277 0.9629212915897369
7317 32316725 0.9631134569644928
7318 32323723 0.9633220136165619
7319 32329853 0.9635047018527985
7320 32335959 0.9636866748332977
7321 32342230 0.963873565196991
7322 32348665 0.9640653431415558
7323 32354708 0.9642454385757446
7324 32360535 0.9644190967082977
7325 32367310 0.9646210074424744
7326 32373391 0.9648022353649139
7327 32378854 0.9649650454521179
7328 32385217 0.9651546776294708
7329 32391393 0.9653387367725372
7330 32396737 0.9654980003833771
7331 32402543 0.96567103266716
7332 32408864 0.9658594131469727
7333 32413985 0.96601203083992
7334 32419571 0.9661785066127777
7335 32425953 0.966368705034256
7336 32431052 0.9665206670761108
7337 32436387 0.9666796624660492
7338 32441962 0.9668458104133606
7339 32447311 0.9670052230358124
7340 32452629 0.9671637117862701
7341 32457822 0.9673184752464294
7342 32463299 0.9674817025661469
7343 32468439 0.9676348865032196
7344 32473412 0.9677830934524536
7345 32478782 0.9679431319236755
7346 32483968 0.9680976867675781
7347 32488838 0.9682428240776062
7348 32493968 0.9683957099914551
7349 32499387 0.968557208776474
7350 32503809 0.9686889946460724
7351 32508437 0.9688269197940826
7352 32513887 0.9689893424510956
7353 32518180 0.969117283821106
7354 32522827 0.9692557752132416
7355 32527857 0.9694056808948517
7356 32532143 0.9695334136486053
7357 32536696 0.9696691036224365
7358 32541339 0.9698074758052826
7359 32545971 0.9699455201625824
7360 32550370 0.9700766205787659
7361 32554642 0.9702039361000061
7362 32559388 0.9703453779220581
7363 32563771 0.9704760015010834
7364 32567803 0.9705961644649506
7365 32572151 0.9707257449626923
7366 32576689 0.9708609879016876
7367 32580488 0.9709742069244385
7368 32584617 0.9710972607135773
7369 32589425 0.9712405502796173
7370 32593225 0.9713537991046906
7371 32597141 0.9714705049991608
7372 32601810 0.9716096520423889
7373 32605646 0.9717239737510681
7374 32609542 0.9718400835990906
7375 32613642 0.9719622731208801
7376 32617551 0.9720787703990936
7377 32621363 0.9721923768520355
7378 32625136 0.9723048210144043
7379 32629105 0.9724231064319611
7380 32632759 0.9725320041179657
7381 32636313 0.9726379215717316
7382 32640329 0.9727576076984406
7383 32644045 0.9728683531284332
7384 32647579 0.9729736745357513
7385 32651147 0.9730800092220306
7386 32655005 0.9731949865818024
7387 32658357 0.9732948839664459
7388 32661640 0.9733927249908447
7389 32665765 0.973515659570694
7390 32669002 0.9736121296882629
7391 32672305 0.9737105667591095
7392 32676004 0.9738208055496216
7393 32679371 0.973921149969101
7394 32682612 0.9740177392959595
7395 32686047 0.9741201102733612
7396 32689545 0.9742243587970734
7397 32692782 0.9743208289146423
7398 32695991 0.9744164645671844
7399 32699448 0.9745194911956787
7400 32702562 0.974612295627594
7401 32705688 0.9747054576873779
7402 32708899 0.9748011529445648
7403 32712216 0.9749000072479248
7404 32715221 0.9749895632266998
7405 32718234 0.975079357624054
7406 32721801 0.9751856625080109
7407 32724596 0.9752689599990845
7408 32727400 0.9753525257110596
7409 32730930 0.9754577279090881
7410 32733842 0.9755445122718811
7411 32736659 0.9756284654140472
7412 32739764 0.975721001625061
7413 32742707 0.975808709859848
7414 32745440 0.9758901596069336
7415 32748253 0.9759739935398102
7416 32751374 0.9760670065879822
7417 32754155 0.9761498868465424
7418 32756976 0.976233959197998
7419 32759952 0.9763226509094238
7420 32762893 0.976410299539566
7421 32765655 0.9764926135540009
7422 32768451 0.9765759408473969
7423 32771573 0.9766689836978912
7424 32774212 0.9767476320266724
7425 32776637 0.9768199026584625
7426 32779905 0.9769172966480255
7427 32782379 0.9769910275936127
7428 32784884 0.9770656824111938
7429 32787906 0.9771557450294495
7430 32790516 0.9772335290908813
7431 32793045 0.9773088991641998
7432 32795755 0.9773896634578705
7433 32798488 0.977471113204956
7434 32801043 0.9775472581386566
7435 32803568 0.9776225090026855
7436 32806367 0.9777059257030487
7437 32808904 0.9777815341949463
7438 32811381 0.9778553545475006
7439 32813835 0.97792848944664
7440 32816515 0.978008359670639
7441 32818944 0.9780807495117188
7442 32821178 0.9781473278999329
7443 32824086 0.9782339930534363
7444 32826378 0.9783022999763489
7445 32828683 0.9783709943294525
7446 32831395 0.9784518182277679
7447 32833827 0.9785242974758148
7448 32836171 0.9785941541194916
7449 32838747 0.9786709249019623
7450 32841216 0.9787445068359375
7451 32843374 0.9788088202476501
7452 32845755 0.9788797795772552
7453 32848319 0.9789561927318573
7454 32850577 0.9790234863758087
7455 32852860 0.9790915250778198
7456 32855279 0.9791636168956757
7457 32857613 0.9792331755161285
7458 32859927 0.9793021380901337
7459 32862118 0.9793674349784851
7460 32864659 0.9794431626796722
7461 32866911 0.9795102775096893
7462 32868906 0.9795697331428528
7463 32871479 0.9796464145183563
7464 32873666 0.9797115921974182
7465 32875726 0.9797729849815369
7466 32878203 0.9798468053340912
7467 32880425 0.9799130260944366
7468 32882440 0.9799730777740479
7469 32884768 0.9800424575805664
7470 32887147 0.9801133573055267
7471 32889239 0.9801757037639618
7472 32891390 0.9802398085594177
7473 32893672 0.9803078174591064
7474 32895803 0.9803713262081146
7475 32897956 0.9804354906082153
7476 32900105 0.9804995357990265
7477 32902314 0.9805653691291809
7478 32904365 0.9806264936923981
7479 32906385 0.9806866943836212
7480 32908752 0.9807572364807129
7481 32910801 0.9808183014392853
7482 32912665 0.9808738529682159
7483 32915012 0.9809437990188599
7484 32917083 0.9810055196285248
7485 32918929 0.9810605347156525
7486 32921154 0.9811268448829651
7487 32923264 0.9811897277832031
7488 32925065 0.9812434017658234
7489 32927136 0.9813051223754883
7490 32929450 0.9813740849494934
7491 32931379 0.9814315736293793
7492 32933329 0.9814896881580353
7493 32935455 0.9815530478954315
7494 32937529 0.9816148579120636
7495 32939498 0.981673538684845
7496 32941459 0.9817319810390472
7497 32943616 0.9817962646484375
7498 32945643 0.9818566739559174
7499 32947446 0.9819104075431824
7500 32949637 0.9819757044315338
7501 32951622 0.9820348620414734
7502 32953464 0.9820897579193115
7503 32955592 0.9821531772613525
7504 32957698 0.982215940952301
7505 32959455 0.9822683036327362
7506 32961492 0.9823290109634399
7507 32963643 0.9823931157588959
7508 32965439 0.9824466407299042
7509 32967348 0.9825035333633423
7510 32969461 0.9825665056705475
7511 32971283 0.9826208055019379
7512 32973164 0.9826768636703491
7513 32975067 0.9827335774898529
7514 32977126 0.9827949404716492
7515 32979026 0.9828515648841858
7516 32980730 0.9829023480415344
7517 32982826 0.982964813709259
7518 32984660 0.9830194711685181
7519 32986335 0.9830693900585175
7520 32988339 0.9831291139125824
7521 32990324 0.983188271522522
7522 32992019 0.9832387864589691
7523 32993966 0.983296811580658
7524 32995901 0.9833544790744781
7525 32997628 0.9834059476852417
7526 32999464 0.9834606647491455
7527 33001550 0.9835228323936462
7528 33003282 0.9835744500160217
7529 33005151 0.9836301505565643
7530 33007090 0.9836879372596741
7531 33008934 0.983742892742157
7532 33010770 0.9837976098060608
7533 33012521 0.9838497936725616
7534 33014410 0.983906090259552
7535 33016197 0.9839593470096588
7536 33017958 0.9840118288993835
7537 33019932 0.9840706586837769
7538 33021751 0.9841248691082001
7539 33023412 0.984174370765686
7540 33025292 0.9842303991317749
7541 33027272 0.9842894077301025
7542 33028957 0.9843396246433258
7543 33030721 0.9843921959400177
7544 33032713 0.984451562166214
7545 33034255 0.9844975173473358
7546 33035979 0.9845488965511322
7547 33037977 0.9846084415912628
7548 33039615 0.9846572577953339
7549 33041326 0.9847082495689392
7550 33043151 0.9847626388072968
7551 33045060 0.9848195314407349
7552 33046866 0.984873354434967
7553 33048619 0.9849255979061127
7554 33050582 0.9849840998649597
7555 33052370 0.9850373864173889
7556 33054012 0.9850863218307495
7557 33055877 0.9851419031620026
7558 33057720 0.9851968288421631
7559 33059249 0.9852423965930939
7560 33060964 0.9852935075759888
7561 33062965 0.9853531420230865
7562 33064523 0.9853995740413666
7563 33066304 0.9854526519775391
7564 33068340 0.9855133295059204
7565 33069958 0.9855615496635437
7566 33071703 0.9856135547161102
7567 33073514 0.9856675267219543
7568 33075226 0.9857185482978821
7569 33076925 0.9857691824436188
7570 33078671 0.9858212172985077
7571 33080580 0.9858781099319458
7572 33082313 0.9859297573566437
7573 33083940 0.9859782457351685
7574 33085691 0.9860304296016693
7575 33087588 0.9860869646072388
7576 33089149 0.986133486032486
7577 33090819 0.9861832559108734
7578 33092738 0.9862404465675354
7579 33094289 0.9862866699695587
7580 33095908 0.9863349199295044
7581 33098027 0.9863980710506439
7582 33099516 0.9864424467086792
7583 33101125 0.986490398645401
7584 33102999 0.9865462481975555
7585 33104671 0.9865960776805878
7586 33106359 0.9866463840007782
7587 33108164 0.986700177192688
7588 33109959 0.9867536723613739
7589 33111589 0.9868022501468658
7590 33113274 0.9868524670600891
7591 33115072 0.9869060516357422
7592 33116745 0.9869559109210968
7593 33118427 0.9870060384273529
7594 33120105 0.9870560467243195
7595 33121894 0.987109363079071
7596 33123430 0.9871551394462585
7597 33125002 0.987201988697052
7598 33126861 0.9872573912143707
7599 33128395 0.9873031079769135
7600 33129973 0.9873501360416412
7601 33131847 0.9874059855937958
7602 33133424 0.9874529838562012
7603 33135011 0.9875002801418304
7604 33136748 0.9875520467758179
7605 33138404 0.9876013994216919
7606 33139966 0.9876479506492615
7607 33141551 0.987695187330246
7608 33143250 0.9877458214759827
7609 33144803 0.9877921044826508
7610 33146416 0.9878401756286621
7611 33148099 0.9878903329372406
7612 33149866 0.9879429936408997
7613 33151384 0.9879882335662842
7614 33152937 0.9880345165729523
7615 33154705 0.9880872070789337
7616 33156113 0.9881291687488556
7617 33157577 0.9881727993488312
7618 33159430 0.9882280230522156
7619 33160871 0.9882709681987762
7620 33162277 0.9883128702640533
7621 33164017 0.9883647263050079
7622 33165538 0.9884100556373596
7623 33167002 0.9884536862373352
7624 33168561 0.9885001480579376
7625 33170179 0.9885483682155609
7626 33171584 0.9885902404785156
7627 33173044 0.9886337518692017
7628 33174651 0.9886816442012787
7629 33176122 0.988725483417511
7630 33177517 0.9887670576572418
7631 33178974 0.9888104796409607
7632 33180566 0.9888579249382019
7633 33181977 0.9888999760150909
7634 33183297 0.9889393150806427
7635 33184878 0.9889864325523376
7636 33186159 0.9890246093273163
7637 33187474 0.9890637993812561
7638 33189005 0.9891094267368317
7639 33190356 0.9891496896743774
7640 33191570 0.9891858696937561
7641 33192995 0.9892283380031586
7642 33194318 0.9892677664756775
7643 33195665 0.9893079102039337
7644 33196987 0.9893473088741302
7645 33198398 0.9893893599510193
7646 33199623 0.9894258677959442
7647 33200804 0.9894610643386841
7648 33202074 0.9894989132881165
7649 33203355 0.9895370900630951
7650 33204612 0.9895745515823364
7651 33205808 0.9896101951599121
7652 33207138 0.9896498322486877
7653 33208264 0.9896833896636963
7654 33209367 0.9897162616252899
7655 33210747 0.9897573888301849
7656 33211840 0.9897899627685547
7657 33212883 0.989821046590805
7658 33214187 0.9898599088191986
7659 33215342 0.9898943305015564
7660 33216356 0.9899245500564575
7661 33217448 0.9899570941925049
7662 33218624 0.9899921417236328
7663 33219605 0.9900213778018951
7664 33220668 0.9900530576705933
7665 33221791 0.9900865256786346
7666 33222786 0.9901161789894104
7667 33223825 0.9901471436023712
7668 33224841 0.9901774227619171
7669 33225848 0.9902074337005615
7670 33226782 0.9902352690696716
7671 33227642 0.990260899066925
7672 33228681 0.9902918636798859
7673 33229575 0.9903185069561005
7674 33230405 0.9903432428836823
7675 33231408 0.9903731346130371
7676 33232326 0.990400493144989
7677 33233106 0.9904237389564514
7678 33234078 0.9904527068138123
7679 33235011 0.9904805123806
7680 33235804 0.9905041456222534
7681 33236661 0.9905296862125397
7682 33237597 0.9905575811862946
7683 33238331 0.9905794560909271
7684 33239153 0.9906039535999298
7685 33239969 0.9906282722949982
7686 33240818 0.9906535744667053
7687 33241592 0.9906766414642334
7688 33242343 0.9906990230083466
7689 33243152 0.9907231330871582
7690 33243926 0.9907462000846863
7691 33244574 0.9907655119895935
7692 33245440 0.9907913208007812
7693 33246135 0.9908120334148407
7694 33246768 0.9908308982849121
7695 33247493 0.9908525049686432
7696 33248224 0.9908742904663086
7697 33248837 0.9908925592899323
7698 33249532 0.9909132719039917
7699 33250318 0.9909366965293884
7700 33250953 0.9909556210041046
7701 33251644 0.9909762144088745
7702 33252396 0.9909986257553101
7703 33252994 0.9910164475440979
7704 33253616 0.991034984588623
7705 33254276 0.9910546541213989
7706 33254960 0.9910750389099121
7707 33255597 0.9910940229892731
7708 33256165 0.9911109507083893
7709 33256834 0.9911308884620667
7710 33257425 0.9911485016345978
7711 33257952 0.9911642074584961
7712 33258622 0.9911841750144958
7713 33259264 0.9912033081054688
7714 33259807 0.9912194907665253
7715 33260450 0.9912386536598206
7716 33261109 0.991258293390274
7717 33261641 0.9912741482257843
7718 33262221 0.9912914335727692
7719 33262872 0.9913108348846436
7720 33263374 0.9913257956504822
7721 33263936 0.9913425445556641
7722 33264543 0.9913606345653534
7723 33265086 0.9913768172264099
7724 33265664 0.99139404296875
7725 33266210 0.9914103150367737
7726 33266779 0.9914272725582123
7727 33267314 0.9914432168006897
7728 33267835 0.9914587438106537
7729 33268416 0.9914760589599609
7730 33268966 0.9914924502372742
7731 33269463 0.9915072619915009
7732 33270044 0.9915245771408081
7733 33270609 0.9915414154529572
7734 33271093 0.9915558397769928
7735 33271619 0.9915715157985687
7736 33272249 0.991590291261673
7737 33272712 0.9916040897369385
7738 33273234 0.9916196465492249
7739 33273755 0.9916351735591888
7740 33274259 0.9916501939296722
7741 33274744 0.9916646480560303
7742 33275225 0.9916789829730988
7743 33275731 0.9916940629482269
7744 33276210 0.9917083382606506
7745 33276669 0.9917220175266266
7746 33277219 0.9917384088039398
7747 33277755 0.9917543828487396
7748 33278227 0.9917684495449066
7749 33278742 0.9917837977409363
7750 33279282 0.9917998909950256
7751 33279732 0.9918133020401001
7752 33280234 0.9918282628059387
7753 33280759 0.9918439090251923
7754 33281178 0.9918563961982727
7755 33281631 0.9918698966503143
7756 33282121 0.9918844997882843
7757 33282500 0.9918957948684692
7758 33282956 0.991909384727478
7759 33283445 0.9919239580631256
7760 33283917 0.9919380247592926
7761 33284339 0.9919506013393402
7762 33284770 0.9919634461402893
7763 33285263 0.9919781386852264
7764 33285686 0.9919907450675964
7765 33286132 0.9920040369033813
7766 33286629 0.992018848657608
7767 33287058 0.9920316338539124
7768 33287475 0.992044061422348
7769 33287898 0.992056667804718
7770 33288346 0.9920700192451477
7771 33288755 0.9920822083950043
7772 33289215 0.9920959174633026
7773 33289728 0.9921112060546875
7774 33290085 0.9921218454837799
7775 33290521 0.9921348392963409
7776 33291008 0.9921493530273438
7777 33291463 0.9921629130840302
7778 33291877 0.9921752512454987
7779 33292312 0.9921882152557373
7780 33292726 0.9922005534172058
7781 33293153 0.9922132790088654
7782 33293605 0.9922267496585846
7783 33294069 0.9922405779361725
7784 33294476 0.9922527074813843
7785 33294880 0.9922647476196289
7786 33295301 0.9922772943973541
7787 33295734 0.992290198802948
7788 33296098 0.9923010468482971
7789 33296477 0.9923123419284821
7790 33296950 0.9923264384269714
7791 33297337 0.9923379719257355
7792 33297702 0.992348849773407
7793 33298155 0.9923623502254486
7794 33298510 0.9923729300498962
7795 33298878 0.9923838973045349
7796 33299282 0.9923959374427795
7797 33299646 0.9924067854881287
7798 33299979 0.9924167096614838
7799 33300337 0.9924273788928986
7800 33300728 0.9924390316009521
7801 33301123 0.9924508035182953
7802 33301504 0.992462158203125
7803 33301925 0.9924747049808502
7804 33302313 0.9924862682819366
7805 33302709 0.9924980700016022
7806 33303107 0.9925099313259125
7807 33303485 0.992521196603775
7808 33303848 0.9925320148468018
7809 33304202 0.992542564868927
7810 33304653 0.9925560057163239
7811 33304992 0.9925661087036133
7812 33305356 0.9925769567489624
7813 33305713 0.9925875961780548
7814 33306037 0.9925972521305084
7815 33306354 0.9926066994667053
7816 33306694 0.9926168322563171
7817 33307090 0.9926286339759827
7818 33307447 0.9926392734050751
7819 33307786 0.9926493763923645
7820 33308167 0.9926607310771942
7821 33308540 0.9926718473434448
7822 33308867 0.9926815927028656
7823 33309185 0.9926910698413849
7824 33309562 0.992702305316925
7825 33309888 0.9927120208740234
7826 33310230 0.99272221326828
7827 33310600 0.9927332401275635
7828 33310891 0.9927419126033783
7829 33311220 0.9927517175674438
7830 33311584 0.992762565612793
7831 33311893 0.9927717745304108
7832 33312200 0.9927809238433838
7833 33312536 0.992790937423706
7834 33312876 0.9928010702133179
7835 33313189 0.9928103983402252
7836 33313524 0.9928203821182251
7837 33313856 0.9928302764892578
7838 33314165 0.9928394854068756
7839 33314471 0.9928486049175262
7840 33314825 0.9928591549396515
7841 33315129 0.9928682148456573
7842 33315496 0.9928791522979736
7843 33315838 0.9928893446922302
7844 33316167 0.9928991496562958
7845 33316477 0.992908388376236
7846 33316791 0.9929177463054657
7847 33317155 0.9929285943508148
7848 33317441 0.9929371178150177
7849 33317778 0.9929471611976624
7850 33318130 0.9929576516151428
7851 33318436 0.9929667711257935
7852 33318705 0.9929747879505157
7853 33319016 0.9929840564727783
7854 33319349 0.9929939806461334
7855 33319629 0.993002325296402
7856 33319913 0.9930107891559601
7857 33320249 0.9930208027362823
7858 33320563 0.9930301606655121
7859 33320868 0.9930392503738403
7860 33321178 0.9930484890937805
7861 33321495 0.9930579364299774
7862 33321755 0.9930656850337982
7863 33322049 0.9930744469165802
7864 33322397 0.9930848181247711
7865 33322692 0.9930936098098755
7866 33322958 0.9931015372276306
7867 33323294 0.9931115508079529
7868 33323580 0.9931200742721558
7869 33323833 0.9931276142597198
7870 33324156 0.9931372404098511
7871 33324434 0.9931455254554749
7872 33324684 0.9931529760360718
7873 33324972 0.9931615591049194
7874 33325285 0.9931708872318268
7875 33325564 0.993179202079773
7876 33325822 0.993186891078949
7877 33326109 0.9931954443454742
7878 33326392 0.99320387840271
7879 33326680 0.9932124614715576
7880 33326955 0.9932206571102142
7881 33327287 0.993230551481247
7882 33327580 0.9932392835617065
7883 33327855 0.9932474792003632
7884 33328220 0.9932583570480347
7885 33328492 0.9932664632797241
7886 33328753 0.9932742416858673
7887 33329053 0.9932831823825836
7888 33329330 0.993291437625885
7889 33329589 0.9932991564273834
7890 33329837 0.9933065474033356
7891 33330151 0.9933159053325653
7892 33330427 0.9933241307735443
7893 33330696 0.9933321475982666
7894 33330957 0.9933399260044098
7895 33331238 0.9933483004570007
7896 33331523 0.9933567941188812
7897 33331813 0.9933654367923737
7898 33332100 0.9933739900588989
7899 33332381 0.9933823645114899
7900 33332622 0.9933895468711853
7901 33332925 0.9933985769748688
7902 33333201 0.9934068024158478
7903 33333442 0.9934139847755432
7904 33333732 0.9934226274490356
7905 33334032 0.993431568145752
7906 33334296 0.9934394359588623
7907 33334585 0.9934480488300323
7908 33334888 0.9934570789337158
7909 33335150 0.9934648871421814
7910 33335376 0.993471622467041
7911 33335652 0.99347984790802
7912 33335911 0.9934875667095184
7913 33336178 0.993495523929596
7914 33336488 0.9935047626495361
7915 33336756 0.993512749671936
7916 33337007 0.9935202300548553
7917 33337239 0.9935271441936493
7918 33337485 0.9935344755649567
7919 33337755 0.9935425221920013
7920 33338001 0.9935498535633087
7921 33338296 0.9935586452484131
7922 33338575 0.9935669600963593
7923 33338794 0.9935734868049622
7924 33339065 0.9935815632343292
7925 33339319 0.9935891330242157
7926 33339540 0.9935957193374634
7927 33339826 0.9936042428016663
7928 33340107 0.9936126172542572
7929 33340329 0.9936192333698273
7930 33340592 0.9936270713806152
7931 33340829 0.9936341345310211
7932 33341055 0.9936408698558807
7933 33341287 0.9936477839946747
7934 33341520 0.993654727935791
7935 33341794 0.9936628937721252
7936 33342031 0.9936699569225311
7937 33342258 0.9936767220497131
7938 33342525 0.9936846792697906
7939 33342766 0.9936918616294861
7940 33342956 0.9936975240707397
7941 33343207 0.9937050044536591
7942 33343441 0.9937119781970978
7943 33343669 0.9937187731266022
7944 33343913 0.9937260448932648
7945 33344181 0.9937340319156647
7946 33344398 0.9937404990196228
7947 33344625 0.9937472641468048
7948 33344896 0.9937553405761719
7949 33345087 0.9937610328197479
7950 33345313 0.9937677681446075
7951 33345571 0.9937754571437836
7952 33345784 0.9937818050384521
7953 33345989 0.9937879145145416
7954 33346225 0.9937949478626251
7955 33346467 0.9938021600246429
7956 33346675 0.9938083589076996
7957 33346867 0.993814080953598
7958 33347099 0.993820995092392
7959 33347332 0.9938279390335083
7960 33347524 0.9938336610794067
7961 33347737 0.9938400089740753
7962 33347966 0.9938468337059021
7963 33348162 0.9938526749610901
7964 33348380 0.9938591718673706
7965 33348606 0.9938659071922302
7966 33348801 0.9938717186450958
7967 33349004 0.9938777685165405
7968 33349255 0.9938852488994598
7969 33349448 0.9938910007476807
7970 33349642 0.9938967823982239
7971 33349847 0.9939028918743134
7972 33350050 0.9939089417457581
7973 33350288 0.9939160346984863
7974 33350484 0.9939218759536743
7975 33350719 0.9939288794994354
7976 33350905 0.9939344227313995
7977 33351086 0.9939398169517517
7978 33351281 0.9939456284046173
7979 33351517 0.9939526617527008
7980 33351691 0.9939578473567963
7981 33351905 0.9939642250537872
7982 33352127 0.9939708411693573
7983 33352322 0.9939766526222229
7984 33352517 0.9939824640750885
7985 33352745 0.9939892590045929
7986 33352924 0.9939945936203003
7987 33353114 0.994000256061554
7988 33353332 0.9940067529678345
7989 33353541 0.9940129816532135
7990 33353756 0.9940193891525269
7991 33353925 0.9940244257450104
7992 33354157 0.9940313398838043
7993 33354346 0.9940369725227356
7994 33354544 0.9940428733825684
7995 33354752 0.994049072265625
7996 33354944 0.9940547943115234
7997 33355156 0.9940611124038696
7998 33355341 0.9940666258335114
7999 33355591 0.9940740764141083
8000 33355761 0.9940791428089142
8001 33355921 0.9940839111804962
8002 33356135 0.9940902888774872
8003 33356306 0.9940953850746155
8004 33356488 0.99410080909729
8005 33356671 0.994106262922287
8006 33356875 0.9941123425960541
8007 33357080 0.9941184520721436
8008 33357276 0.9941242933273315
8009 33357471 0.9941301047801971
8010 33357698 0.9941368699073792
8011 33357906 0.9941430687904358
8012 33358120 0.9941494464874268
8013 33358307 0.9941550195217133
8014 33358504 0.9941608905792236
8015 33358724 0.9941674470901489
8016 33358934 0.9941737055778503
8017 33359129 0.9941795170307159
8018 33359320 0.994185209274292
8019 33359573 0.9941927492618561
8020 33359743 0.994197815656662
8021 33359925 0.9942032396793365
8022 33360173 0.9942106306552887
8023 33360353 0.9942159950733185
8024 33360543 0.9942216575145721
8025 33360744 0.9942276477813721
8026 33360930 0.9942331910133362
8027 33361115 0.9942387044429779
8028 33361338 0.9942453503608704
8029 33361572 0.9942523241043091
8030 33361760 0.994257926940918
8031 33361945 0.9942634403705597
8032 33362180 0.9942704439163208
8033 33362389 0.9942766726016998
8034 33362588 0.994282603263855
8035 33362776 0.9942882061004639
8036 33363005 0.9942950308322906
8037 33363177 0.9943001568317413
8038 33363346 0.9943051934242249
8039 33363611 0.9943130910396576
8040 33363804 0.9943188428878784
8041 33363999 0.994324654340744
8042 33364242 0.9943318963050842
8043 33364430 0.9943374991416931
8044 33364618 0.994343101978302
8045 33364835 0.9943495690822601
8046 33365059 0.994356244802475
8047 33365239 0.9943616092205048
8048 33365461 0.9943682253360748
8049 33365675 0.9943746030330658
8050 33365865 0.9943802654743195
8051 33366103 0.9943873584270477
8052 33366321 0.9943938553333282
8053 33366525 0.9943999350070953
8054 33366746 0.994406521320343
8055 33366947 0.9944125115871429
8056 33367186 0.9944196343421936
8057 33367416 0.9944264888763428
8058 33367593 0.9944317638874054
8059 33367876 0.9944401979446411
8060 33368091 0.9944466054439545
8061 33368307 0.9944530427455902
8062 33368534 0.9944598078727722
8063 33368732 0.994465708732605
8064 33368944 0.9944720268249512
8065 33369160 0.9944784641265869
8066 33369379 0.9944849908351898
8067 33369589 0.9944912493228912
8068 33369789 0.9944972097873688
8069 33370044 0.9945048093795776
8070 33370283 0.9945119321346283
8071 33370520 0.9945189952850342
8072 33370729 0.9945252239704132
8073 33371002 0.994533360004425
8074 33371228 0.9945400953292847
8075 33371416 0.9945456981658936
8076 33371709 0.9945544302463531
8077 33371902 0.994560182094574
8078 33372107 0.9945662915706635
8079 33372366 0.9945740103721619
8080 33372615 0.9945814311504364
8081 33372836 0.9945880174636841
8082 33373076 0.9945951700210571
8083 33373323 0.9946025311946869
8084 33373554 0.9946094155311584
8085 33373795 0.9946165978908539
8086 33374031 0.9946236312389374
8087 33374265 0.9946306049823761
8088 33374481 0.9946370422840118
8089 33374753 0.9946451485157013
8090 33374996 0.9946523904800415
8091 33375237 0.9946595728397369
8092 33375456 0.9946660995483398
8093 33375741 0.9946745932102203
8094 33375955 0.9946809709072113
8095 33376202 0.9946883320808411
8096 33376454 0.9946958422660828
8097 33376698 0.9947031140327454
8098 33376910 0.9947094321250916
8099 33377149 0.9947165548801422
8100 33377378 0.994723379611969
8101 33377602 0.9947300553321838
8102 33377871 0.9947380721569061
8103 33378152 0.9947464466094971
8104 33378377 0.9947531521320343
8105 33378612 0.9947601556777954
8106 33378841 0.9947669804096222
8107 33379097 0.9947746098041534
8108 33379351 0.9947821795940399
8109 33379595 0.9947894513607025
8110 33379877 0.9947978556156158
8111 33380107 0.994804710149765
8112 33380318 0.9948109984397888
8113 33380622 0.9948200583457947
8114 33380865 0.9948273003101349
8115 33381082 0.994833767414093
8116 33381368 0.9948422908782959
8117 33381619 0.9948497712612152
8118 33381826 0.9948559403419495
8119 33382078 0.9948634505271912
8120 33382344 0.9948713779449463
8121 33382563 0.9948779046535492
8122 33382786 0.9948845505714417
8123 33383057 0.9948926270008087
8124 33383285 0.9948994219303131
8125 33383541 0.9949070513248444
8126 33383771 0.9949139058589935
8127 33384027 0.9949215352535248
8128 33384248 0.9949281215667725
8129 33384476 0.9949349164962769
8130 33384733 0.9949425756931305
8131 33384998 0.9949504733085632
8132 33385225 0.9949572384357452
8133 33385511 0.9949657618999481
8134 33385788 0.9949740171432495
8135 33386009 0.9949806034564972
8136 33386245 0.9949876368045807
8137 33386501 0.9949952661991119
8138 33386724 0.9950019121170044
8139 33386987 0.9950097501277924
8140 33387236 0.9950171709060669
8141 33387460 0.9950238466262817
8142 33387701 0.9950310289859772
8143 33387931 0.9950378835201263
8144 33388204 0.9950460195541382
8145 33388448 0.9950532913208008
8146 33388706 0.9950609803199768
8147 33388956 0.9950684309005737
8148 33389197 0.9950756132602692
8149 33389418 0.9950821995735168
8150 33389700 0.9950906038284302
8151 33389925 0.9950973093509674
8152 33390119 0.9951030910015106
8153 33390411 0.9951117932796478
8154 33390654 0.995119035243988
8155 33390870 0.9951254725456238
8156 33391120 0.9951329231262207
8157 33391357 0.9951399862766266
8158 33391575 0.9951464831829071
8159 33391835 0.9951542317867279
8160 33392090 0.9951618313789368
8161 33392327 0.9951688945293427
8162 33392564 0.9951759576797485
8163 33392799 0.9951829612255096
8164 33393027 0.995189756155014
8165 33393274 0.9951971173286438
8166 33393487 0.9952034652233124
8167 33393757 0.9952115118503571
8168 33393975 0.9952180087566376
8169 33394183 0.9952242076396942
8170 33394447 0.9952320754528046
8171 33394705 0.9952397644519806
8172 33394893 0.9952453672885895
8173 33395151 0.9952530562877655
8174 33395400 0.99526047706604
8175 33395593 0.9952662289142609
8176 33395797 0.995272308588028
8177 33396053 0.9952799379825592
8178 33396270 0.9952864050865173
8179 33396503 0.9952933490276337
8180 33396770 0.9953013062477112
8181 33396978 0.9953075051307678
8182 33397206 0.9953143000602722
8183 33397434 0.9953210949897766
8184 33397664 0.9953279495239258
8185 33397914 0.9953354001045227
8186 33398149 0.9953424036502838
8187 33398416 0.9953503608703613
8188 33398643 0.9953571259975433
8189 33398911 0.9953651130199432
8190 33399170 0.9953728318214417
8191 33399419 0.9953802525997162
8192 33399650 0.9953871369361877
8193 33399881 0.9953940212726593
8194 33400150 0.9954020380973816
8195 33400365 0.995408445596695
8196 33400594 0.9954152703285217
8197 33400845 0.995422750711441
8198 33401034 0.9954283833503723
8199 33401271 0.9954354465007782
8200 33401546 0.9954436421394348
8201 33401779 0.9954505860805511
8202 33402000 0.9954571723937988
8203 33402228 0.9954639673233032
8204 33402498 0.9954720139503479
8205 33402759 0.9954797923564911
8206 33403014 0.9954873919487
8207 33403236 0.99549400806427
8208 33403503 0.9955019652843475
8209 33403710 0.9955081343650818
8210 33403942 0.9955150485038757
8211 33404191 0.9955224692821503
8212 33404420 0.995529294013977
8213 33404641 0.9955358803272247
8214 33404885 0.9955431520938873
8215 33405109 0.9955498278141022
8216 33405332 0.9955564737319946
8217 33405595 0.9955643117427826
8218 33405823 0.995571106672287
8219 33406056 0.9955780506134033
8220 33406305 0.9955854713916779
8221 33406577 0.9955935776233673
8222 33406778 0.9955995678901672
8223 33406997 0.9956060945987701
8224 33407216 0.995612621307373
8225 33407467 0.9956201016902924
8226 33407688 0.99562668800354
8227 33407947 0.9956344068050385
8228 33408219 0.9956425130367279
8229 33408448 0.9956493377685547
8230 33408675 0.9956561028957367
8231 33408986 0.9956653714179993
8232 33409224 0.9956724643707275
8233 33409478 0.995680034160614
8234 33409742 0.9956879019737244
8235 33409962 0.9956944584846497
8236 33410209 0.9957018196582794
8237 33410440 0.995708703994751
8238 33410673 0.9957156479358673
8239 33410895 0.9957222640514374
8240 33411102 0.9957284331321716
8241 33411348 0.995735764503479
8242 33411591 0.9957430064678192
8243 33411846 0.9957506060600281
8244 33412071 0.9957573115825653
8245 33412354 0.995765745639801
8246 33412584 0.9957726001739502
8247 33412807 0.9957792460918427
8248 33413063 0.9957868754863739
8249 33413286 0.9957935214042664
8250 33413472 0.9957990646362305
8251 33413783 0.995808333158493
8252 33414018 0.9958153367042542
8253 33414231 0.9958216845989227
8254 33414490 0.9958294034004211
8255 33414734 0.9958366751670837
8256 33414955 0.9958432614803314
8257 33415184 0.9958500862121582
8258 33415462 0.995858371257782
8259 33415698 0.9958654046058655
8260 33415947 0.99587282538414
8261 33416217 0.9958808720111847
8262 33416472 0.9958884716033936
8263 33416738 0.9958963990211487
8264 33416998 0.9959041476249695
8265 33417251 0.9959116876125336
8266 33417480 0.9959185123443604
8267 33417714 0.9959254860877991
8268 33418006 0.9959341883659363
8269 33418252 0.9959415197372437
8270 33418475 0.9959481656551361
8271 33418755 0.9959565103054047
8272 33419003 0.9959639012813568
8273 33419235 0.9959708154201508
8274 33419471 0.9959778487682343
8275 33419750 0.9959861636161804
8276 33420015 0.9959940612316132
8277 33420279 0.9960019290447235
8278 33420539 0.9960096776485443
8279 33420781 0.9960168898105621
8280 33421013 0.9960238039493561
8281 33421266 0.9960313439369202
8282 33421540 0.9960395097732544
8283 33421771 0.996046394109726
8284 33421993 0.996053010225296
8285 33422264 0.9960610866546631
8286 33422527 0.996068924665451
8287 33422737 0.9960751831531525
8288 33423006 0.9960831999778748
8289 33423248 0.9960904121398926
8290 33423494 0.9960977435112
8291 33423763 0.9961057603359222
8292 33424007 0.9961130321025848
8293 33424258 0.9961205124855042
8294 33424506 0.9961279034614563
8295 33424765 0.9961356222629547
8296 33425017 0.9961431324481964
8297 33425239 0.9961497485637665
8298 33425503 0.9961576163768768
8299 33425768 0.9961655139923096
8300 33426028 0.9961732625961304
8301 33426263 0.9961802661418915
8302 33426539 0.9961884915828705
8303 33426758 0.9961950182914734
8304 33426967 0.9962012469768524
8305 33427246 0.9962095618247986
8306 33427471 0.9962162673473358
8307 33427698 0.9962230324745178
8308 33427938 0.9962301850318909
8309 33428188 0.9962376356124878
8310 33428376 0.9962432384490967
8311 33428612 0.9962502717971802
8312 33428849 0.9962573349475861
8313 33429084 0.9962643384933472
8314 33429326 0.996271550655365
8315 33429591 0.9962794482707977
8316 33429819 0.9962862432003021
8317 33430070 0.9962937235832214
8318 33430311 0.9963009059429169
8319 33430573 0.9963087141513824
8320 33430818 0.9963160157203674
8321 33431052 0.9963229894638062
8322 33431325 0.996331125497818
8323 33431564 0.9963382482528687
8324 33431808 0.9963455200195312
8325 33432065 0.9963531792163849
8326 33432304 0.9963603019714355
8327 33432528 0.9963669776916504
8328 33432797 0.9963749945163727
8329 33433018 0.9963815808296204
8330 33433230 0.9963878989219666
8331 33433476 0.9963952302932739
8332 33433734 0.99640291929245
8333 33433968 0.9964098930358887
8334 33434226 0.9964175820350647
8335 33434457 0.9964244663715363
8336 33434697 0.9964316189289093
8337 33434932 0.9964386224746704
8338 33435159 0.9964453876018524
8339 33435390 0.996452271938324
8340 33435631 0.9964594542980194
8341 33435863 0.9964663684368134
8342 33436111 0.9964737594127655
8343 33436354 0.9964810013771057
8344 33436570 0.9964874386787415
8345 33436804 0.9964944124221802
8346 33437058 0.9965019822120667
8347 33437270 0.9965083003044128
8348 33437494 0.9965149760246277
8349 33437740 0.9965223073959351
8350 33437964 0.9965289831161499
8351 33438187 0.9965356290340424
8352 33438404 0.9965420961380005
8353 33438624 0.9965486526489258
8354 33438863 0.9965557754039764
8355 33439105 0.9965629875659943
8356 33439362 0.9965706467628479
8357 33439593 0.9965775310993195
8358 33439811 0.9965840280056
8359 33440072 0.9965918064117432
8360 33440266 0.9965975880622864
8361 33440455 0.9966032207012177
8362 33440721 0.9966111481189728
8363 33440989 0.9966191351413727
8364 33441183 0.9966249167919159
8365 33441415 0.9966318309307098
8366 33441647 0.9966387450695038
8367 33441854 0.996644914150238
8368 33442078 0.9966515898704529
8369 33442337 0.9966593086719513
8370 33442557 0.9966658651828766
8371 33442762 0.9966719746589661
8372 33442995 0.9966789186000824
8373 33443228 0.9966858625411987
8374 33443451 0.9966925084590912
8375 33443673 0.9966991245746613
8376 33443896 0.9967057704925537
8377 33444114 0.9967122673988342
8378 33444353 0.9967193901538849
8379 33444590 0.9967264533042908
8380 33444854 0.9967343211174011
8381 33445058 0.9967404007911682
8382 33445304 0.9967477321624756
8383 33445532 0.99675452709198
8384 33445722 0.9967601895332336
8385 33445933 0.9967664778232574
8386 33446182 0.996773898601532
8387 33446397 0.9967803061008453
8388 33446611 0.9967866837978363
8389 33446842 0.9967935681343079
8390 33447070 0.9968003630638123
8391 33447307 0.9968074262142181
8392 33447546 0.9968145489692688
8393 33447777 0.9968214333057404
8394 33448009 0.9968283474445343
8395 33448201 0.9968340694904327
8396 33448419 0.9968405663967133
8397 33448629 0.9968468248844147
8398 33448807 0.9968521296977997
8399 33449019 0.9968584477901459
8400 33449239 0.9968650043010712
8401 33449443 0.9968710839748383
8402 33449653 0.9968773424625397
8403 33449875 0.9968839585781097
8404 33450068 0.9968897104263306
8405 33450301 0.9968966543674469
8406 33450544 0.9969038963317871
8407 33450708 0.9969087839126587
8408 33450907 0.9969147145748138
8409 33451131 0.9969213902950287
8410 33451324 0.9969271421432495
8411 33451531 0.9969333112239838
8412 33451732 0.9969393014907837
8413 33451939 0.9969454705715179
8414 33452143 0.996951550245285
8415 33452348 0.9969576597213745
8416 33452604 0.9969652891159058
8417 33452832 0.9969720840454102
8418 33452996 0.9969769716262817
8419 33453208 0.9969832897186279
8420 33453428 0.9969898462295532
8421 33453613 0.996995359659195
8422 33453806 0.9970011115074158
8423 33454008 0.9970071315765381
8424 33454189 0.9970125257968903
8425 33454380 0.9970182180404663
8426 33454582 0.9970242381095886
8427 33454766 0.997029721736908
8428 33454943 0.9970349967479706
8429 33455148 0.9970411062240601
8430 33455353 0.9970472157001495
8431 33455541 0.9970528185367584
8432 33455733 0.9970585405826569
8433 33455916 0.9970639944076538
8434 33456122 0.9970701336860657
8435 33456314 0.9970758557319641
8436 33456520 0.997081995010376
8437 33456718 0.9970878958702087
8438 33456887 0.9970929324626923
8439 33457061 0.9970981180667877
8440 33457325 0.9971059858798981
8441 33457513 0.997111588716507
8442 33457670 0.9971162676811218
8443 33457896 0.9971230030059814
8444 33458080 0.9971284866333008
8445 33458259 0.9971338212490082
8446 33458452 0.997139573097229
8447 33458631 0.9971449077129364
8448 33458778 0.9971492886543274
8449 33458973 0.997155100107193
8450 33459165 0.9971608221530914
8451 33459348 0.9971662759780884
8452 33459530 0.9971717000007629
8453 33459737 0.9971778690814972
8454 33459887 0.9971823394298553
8455 33460076 0.9971879720687866
8456 33460244 0.9971929788589478
8457 33460466 0.9971995949745178
8458 33460626 0.9972043633460999
8459 33460794 0.997209370136261
8460 33461003 0.99721559882164
8461 33461181 0.997220903635025
8462 33461362 0.9972262978553772
8463 33461578 0.9972327351570129
8464 33461739 0.9972375333309174
8465 33461909 0.9972425997257233
8466 33462108 0.9972485303878784
8467 33462290 0.997253954410553
8468 33462457 0.9972589313983917
8469 33462627 0.9972639977931976
8470 33462822 0.9972698092460632
8471 33463007 0.997275322675705
8472 33463176 0.9972803592681885
8473 33463350 0.9972855448722839
8474 33463540 0.9972912073135376
8475 33463688 0.997295618057251
8476 33463866 0.997300922870636
8477 33464083 0.9973073899745941
8478 33464238 0.9973120093345642
8479 33464391 0.9973165690898895
8480 33464604 0.9973229169845581
8481 33464774 0.997327983379364
8482 33464928 0.9973325729370117
8483 33465127 0.9973385035991669
8484 33465300 0.9973436594009399
8485 33465485 0.9973491728305817
8486 33465665 0.9973545372486115
8487 33465882 0.9973610043525696
8488 33466058 0.9973662495613098
8489 33466216 0.9973709583282471
8490 33466401 0.9973764717578888
8491 33466587 0.9973820149898529
8492 33466746 0.9973867535591125
8493 33466918 0.9973918795585632
8494 33467113 0.9973976910114288
8495 33467264 0.9974021911621094
8496 33467414 0.9974066615104675
8497 33467599 0.9974121749401093
8498 33467769 0.9974172413349152
8499 33467941 0.9974223673343658
8500 33468137 0.9974282085895538
8501 33468307 0.9974332749843597
8502 33468475 0.9974382817745209
8503 33468635 0.9974430501461029
8504 33468796 0.9974478483200073
8505 33468941 0.9974521696567535
8506 33469120 0.9974575042724609
8507 33469283 0.9974623620510101
8508 33469434 0.9974668622016907
8509 33469597 0.9974717199802399
8510 33469777 0.9974770843982697
8511 33469936 0.9974818229675293
8512 33470115 0.9974871575832367
8513 33470267 0.9974916875362396
8514 33470450 0.9974971413612366
8515 33470610 0.9975019097328186
8516 33470742 0.9975058436393738
8517 33470914 0.9975109696388245
8518 33471064 0.9975154399871826
8519 33471221 0.9975201189517975
8520 33471415 0.9975259006023407
8521 33471584 0.9975309371948242
8522 33471713 0.9975347816944122
8523 33471860 0.9975391626358032
8524 33472020 0.9975439310073853
8525 33472171 0.9975484311580658
8526 33472331 0.9975531995296478
8527 33472508 0.9975584745407104
8528 33472665 0.9975631535053253
8529 33472808 0.9975674152374268
8530 33472944 0.9975714683532715
8531 33473122 0.9975767731666565
8532 33473257 0.9975807964801788
8533 33473390 0.9975847601890564
8534 33473568 0.9975900650024414
8535 33473724 0.9975947141647339
8536 33473873 0.9975991547107697
8537 33474053 0.9976045191287994
8538 33474217 0.997609406709671
8539 33474341 0.9976131021976471
8540 33474514 0.9976182579994202
8541 33474702 0.997623860836029
8542 33474820 0.9976273775100708
8543 33474983 0.99763223528862
8544 33475139 0.9976368844509125
8545 33475296 0.9976415634155273
8546 33475439 0.9976458251476288
8547 33475648 0.9976520538330078
8548 33475779 0.9976559579372406
8549 33475933 0.9976605474948883
8550 33476066 0.9976645112037659
8551 33476230 0.9976693987846375
8552 33476375 0.9976737201213837
8553 33476536 0.9976785182952881
8554 33476715 0.9976838529109955
8555 33476864 0.9976882934570312
8556 33476985 0.9976918995380402
8557 33477118 0.9976958632469177
8558 33477280 0.9977006912231445
8559 33477402 0.9977043271064758
8560 33477557 0.9977089464664459
8561 33477720 0.9977138042449951
8562 33477867 0.9977181851863861
8563 33478016 0.9977226257324219
8564 33478177 0.9977274239063263
8565 33478320 0.9977316856384277
8566 33478451 0.9977355897426605
8567 33478584 0.9977395534515381
8568 33478762 0.9977448582649231
8569 33478905 0.9977491199970245
8570 33479012 0.99775230884552
8571 33479148 0.9977563619613647
8572 33479291 0.9977606236934662
8573 33479410 0.9977641701698303
8574 33479548 0.9977682828903198
8575 33479696 0.9977726936340332
8576 33479820 0.9977763891220093
8577 33479956 0.997780442237854
8578 33480110 0.9977850317955017
8579 33480227 0.9977885186672211
8580 33480380 0.9977930784225464
8581 33480540 0.9977978467941284
8582 33480651 0.9978011548519135
8583 33480790 0.9978052973747253
8584 33480931 0.997809499502182
8585 33481067 0.9978135526180267
8586 33481216 0.9978179931640625
8587 33481383 0.9978229701519012
8588 33481504 0.9978265762329102
8589 33481630 0.997830331325531
8590 33481741 0.997833639383316
8591 33481882 0.9978378415107727
8592 33482023 0.9978420436382294
8593 33482152 0.9978458881378174
8594 33482309 0.9978505671024323
8595 33482435 0.9978543221950531
8596 33482560 0.9978580474853516
8597 33482678 0.9978615641593933
8598 33482840 0.9978663921356201
8599 33482979 0.997870534658432
8600 33483109 0.9978744089603424
8601 33483250 0.9978786110877991
8602 33483365 0.9978820383548737
8603 33483487 0.997885674238205
8604 33483626 0.9978898167610168
8605 33483788 0.9978946447372437
8606 33483919 0.9978985488414764
8607 33484033 0.9979019463062286
8608 33484192 0.9979066848754883
8609 33484313 0.9979102909564972
8610 33484426 0.997913658618927
8611 33484560 0.997917652130127
8612 33484721 0.9979224503040314
8613 33484826 0.9979255795478821
8614 33484953 0.9979293644428253
8615 33485107 0.997933954000473
8616 33485233 0.9979377090930939
8617 33485360 0.9979414939880371
8618 33485496 0.9979455471038818
8619 33485617 0.9979491531848907
8620 33485737 0.9979527294635773
8621 33485855 0.997956246137619
8622 33485989 0.997960239648819
8623 33486111 0.9979638755321503
8624 33486229 0.997967392206192
8625 33486375 0.9979717433452606
8626 33486502 0.9979755282402039
8627 33486624 0.9979791641235352
8628 33486750 0.997982919216156
8629 33486894 0.9979872107505798
8630 33486993 0.9979901611804962
8631 33487106 0.997993528842926
8632 33487239 0.9979974925518036
8633 33487328 0.9980001449584961
8634 33487428 0.9980031251907349
8635 33487564 0.9980071783065796
8636 33487667 0.9980102479457855
8637 33487787 0.998013824224472
8638 33487917 0.9980176985263824
8639 33488022 0.9980208277702332
8640 33488121 0.9980237782001495
8641 33488231 0.9980270564556122
8642 33488362 0.998030960559845
8643 33488493 0.9980348646640778
8644 33488630 0.9980389475822449
8645 33488759 0.9980427920818329
8646 33488883 0.998046487569809
8647 33488996 0.9980498552322388
8648 33489117 0.9980534613132477
8649 33489231 0.9980568587779999
8650 33489347 0.9980603158473969
8651 33489465 0.9980638325214386
8652 33489603 0.9980679452419281
8653 33489706 0.998071014881134
8654 33489815 0.9980742633342743
8655 33489935 0.9980778396129608
8656 33490055 0.9980814158916473
8657 33490179 0.9980851113796234
8658 33490279 0.9980880916118622
8659 33490398 0.9980916380882263
8660 33490535 0.9980957210063934
8661 33490632 0.998098611831665
8662 33490768 0.9981026649475098
8663 33490875 0.9981058537960052
8664 33491012 0.9981099367141724
8665 33491131 0.9981134831905365
8666 33491242 0.9981167912483215
8667 33491346 0.9981198906898499
8668 33491465 0.998123437166214
8669 33491590 0.9981271624565125
8670 33491693 0.9981302320957184
8671 33491812 0.9981337785720825
8672 33491956 0.9981380701065063
8673 33492051 0.9981409013271332
8674 33492159 0.998144119977951
8675 33492269 0.9981473982334137
8676 33492389 0.9981509745121002
8677 33492495 0.9981541335582733
8678 33492609 0.9981575310230255
8679 33492734 0.998161256313324
8680 33492836 0.9981642961502075
8681 33492939 0.9981673657894135
8682 33493060 0.9981709718704224
8683 33493165 0.9981741011142731
8684 33493264 0.9981770515441895
8685 33493376 0.9981803894042969
8686 33493512 0.9981844425201416
8687 33493623 0.9981877505779266
8688 33493731 0.9981909692287445
8689 33493850 0.9981945157051086
8690 33493951 0.9981975257396698
8691 33494056 0.9982006549835205
8692 33494175 0.9982042014598846
8693 33494284 0.9982074499130249
8694 33494384 0.9982104301452637
8695 33494493 0.9982136785984039
8696 33494600 0.9982168674468994
8697 33494709 0.9982201159000397
8698 33494828 0.9982236623764038
8699 33494933 0.9982267916202545
8700 33495033 0.9982297718524933
8701 33495132 0.9982327222824097
8702 33495229 0.9982356131076813
8703 33495330 0.9982386231422424
8704 33495439 0.9982418715953827
8705 33495539 0.9982448518276215
8706 33495660 0.9982484579086304
8707 33495762 0.9982514977455139
8708 33495844 0.9982539415359497
8709 33495966 0.998257577419281
8710 33496053 0.9982601702213287
8711 33496124 0.9982622861862183
8712 33496238 0.9982656836509705
8713 33496327 0.998268336057663
8714 33496431 0.9982714354991913
8715 33496532 0.9982744455337524
8716 33496632 0.9982774257659912
8717 33496736 0.9982805252075195
8718 33496830 0.998283326625824
8719 33496944 0.9982867240905762
8720 33497050 0.9982898831367493
8721 33497152 0.9982929229736328
8722 33497230 0.998295247554779
8723 33497341 0.9982985556125641
8724 33497449 0.998301774263382
8725 33497564 0.9983052015304565
8726 33497688 0.9983088970184326
8727 33497784 0.9983117580413818
8728 33497888 0.9983148574829102
8729 33497993 0.9983179867267609
8730 33498094 0.998320996761322
8731 33498192 0.998323917388916
8732 33498280 0.9983265399932861
8733 33498404 0.9983302354812622
8734 33498494 0.9983329176902771
8735 33498607 0.9983362853527069
8736 33498721 0.9983396828174591
8737 33498822 0.9983426928520203
8738 33498916 0.9983454942703247
8739 33499002 0.99834805727005
8740 33499091 0.9983507096767426
8741 33499205 0.9983541071414948
8742 33499295 0.9983567893505096
8743 33499400 0.9983599185943604
8744 33499482 0.9983623623847961
8745 33499576 0.9983651638031006
8746 33499694 0.9983686804771423
8747 33499771 0.9983709752559662
8748 33499860 0.9983736276626587
8749 33499955 0.9983764588832855
8750 33500064 0.9983797073364258
8751 33500167 0.9983827769756317
8752 33500261 0.9983855783939362
8753 33500394 0.9983895421028137
8754 33500487 0.9983923137187958
8755 33500566 0.9983946681022644
8756 33500673 0.9983978569507599
8757 33500762 0.9984005093574524
8758 33500845 0.9984029829502106
8759 33500927 0.9984054267406464
8760 33501019 0.998408168554306
8761 33501100 0.9984105825424194
8762 33501193 0.9984133541584015
8763 33501290 0.9984162449836731
8764 33501377 0.9984188377857208
8765 33501451 0.9984210431575775
8766 33501560 0.9984242916107178
8767 33501659 0.9984272420406342
8768 33501748 0.9984298944473267
8769 33501837 0.9984325468540192
8770 33501945 0.998435765504837
8771 33502051 0.9984389245510101
8772 33502161 0.9984422028064728
8773 33502254 0.9984449744224548
8774 33502354 0.9984479546546936
8775 33502441 0.9984505474567413
8776 33502559 0.9984540641307831
8777 33502645 0.9984566271305084
8778 33502747 0.998459666967392
8779 33502834 0.9984622597694397
8780 33502953 0.9984658062458038
8781 33503050 0.9984686970710754
8782 33503128 0.9984710216522217
8783 33503221 0.9984737932682037
8784 33503338 0.9984772801399231
8785 33503425 0.9984798729419708
8786 33503527 0.9984829127788544
8787 33503616 0.9984855651855469
8788 33503710 0.9984883666038513
8789 33503789 0.99849072098732
8790 33503894 0.9984938502311707
8791 33503993 0.998496800661087
8792 33504090 0.9984996914863586
8793 33504192 0.9985027313232422
8794 33504269 0.998505026102066
8795 33504352 0.9985074996948242
8796 33504435 0.9985099732875824
8797 33504538 0.9985130429267883
8798 33504628 0.9985157251358032
8799 33504707 0.9985180795192719
8800 33504804 0.9985209703445435
8801 33504889 0.9985235035419464
8802 33504977 0.9985261261463165
8803 33505077 0.9985291063785553
8804 33505156 0.9985314607620239
8805 33505231 0.998533695936203
8806 33505338 0.9985368847846985
8807 33505448 0.9985401630401611
8808 33505528 0.9985425472259521
8809 33505622 0.9985453486442566
8810 33505719 0.9985482394695282
8811 33505816 0.9985511302947998
8812 33505895 0.9985534846782684
8813 33506008 0.9985568523406982
8814 33506091 0.9985593259334564
8815 33506164 0.9985615015029907
8816 33506248 0.9985640048980713
8817 33506337 0.9985666573047638
8818 33506420 0.998569130897522
8819 33506506 0.9985716938972473
8820 33506612 0.9985748529434204
8821 33506690 0.9985771775245667
8822 33506774 0.9985796809196472
8823 33506866 0.9985824227333069
8824 33506954 0.998585045337677
8825 33507037 0.9985875189304352
8826 33507126 0.9985901713371277
8827 33507215 0.9985928237438202
8828 33507305 0.9985955059528351
8829 33507396 0.9985982179641724
8830 33507477 0.9986006319522858
8831 33507571 0.9986034333705902
8832 33507671 0.998606413602829
8833 33507766 0.9986092448234558
8834 33507867 0.998612254858017
8835 33507961 0.9986150562763214
8836 33508043 0.9986175000667572
8837 33508127 0.9986200034618378
8838 33508214 0.9986225962638855
8839 33508299 0.9986251294612885
8840 33508398 0.9986280798912048
8841 33508501 0.9986311495304108
8842 33508572 0.9986332654953003
8843 33508645 0.9986354410648346
8844 33508748 0.9986385107040405
8845 33508841 0.9986412823200226
8846 33508942 0.9986442923545837
8847 33509042 0.9986472725868225
8848 33509128 0.9986498355865479
8849 33509213 0.9986523687839508
8850 33509305 0.9986551105976105
8851 33509391 0.9986576735973358
8852 33509476 0.9986602067947388
8853 33509544 0.9986622333526611
8854 33509649 0.9986653625965118
8855 33509717 0.9986673891544342
8856 33509804 0.9986699819564819
8857 33509883 0.9986723363399506
8858 33509986 0.9986754059791565
8859 33510074 0.9986780285835266
8860 33510155 0.99868044257164
8861 33510230 0.9986826777458191
8862 33510317 0.9986852705478668
8863 33510390 0.9986874461174011
8864 33510510 0.9986910223960876
8865 33510579 0.9986930787563324
8866 33510683 0.9986961781978607
8867 33510785 0.9986992180347443
8868 33510871 0.9987017810344696
8869 33510957 0.998704344034195
8870 33511059 0.9987073838710785
8871 33511155 0.9987102448940277
8872 33511239 0.9987127482891083
8873 33511329 0.9987154304981232
8874 33511415 0.9987179934978485
8875 33511510 0.9987208247184753
8876 33511587 0.9987231194972992
8877 33511666 0.9987254738807678
8878 33511756 0.9987281560897827
8879 33511838 0.9987305998802185
8880 33511937 0.9987335503101349
8881 33512051 0.9987369477748871
8882 33512135 0.9987394511699677
8883 33512228 0.9987422227859497
8884 33512327 0.9987451732158661
8885 33512418 0.9987478852272034
8886 33512503 0.9987504184246063
8887 33512592 0.9987530708312988
8888 33512666 0.9987552762031555
8889 33512748 0.9987577199935913
8890 33512840 0.998760461807251
8891 33512944 0.9987635612487793
8892 33513038 0.9987663626670837
8893 33513120 0.9987688064575195
8894 33513223 0.9987718760967255
8895 33513326 0.9987749457359314
8896 33513412 0.9987775087356567
8897 33513485 0.998779684305191
8898 33513596 0.9987829923629761
8899 33513679 0.9987854659557343
8900 33513767 0.9987880885601044
8901 33513872 0.9987912178039551
8902 33513957 0.998793751001358
8903 33514045 0.9987963736057281
8904 33514136 0.9987990856170654
8905 33514228 0.9988018274307251
8906 33514310 0.9988042712211609
8907 33514401 0.9988069832324982
8908 33514489 0.9988096058368683
8909 33514575 0.9988121688365936
8910 33514648 0.9988143444061279
8911 33514763 0.9988177716732025
8912 33514849 0.9988203346729279
8913 33514944 0.9988231658935547
8914 33515029 0.9988256990909576
8915 33515119 0.9988283812999725
8916 33515192 0.9988305568695068
8917 33515272 0.9988329410552979
8918 33515406 0.9988369345664978
8919 33515499 0.9988397061824799
8920 33515575 0.9988419711589813
8921 33515689 0.9988453686237335
8922 33515775 0.9988479316234589
8923 33515862 0.9988505244255066
8924 33515959 0.9988534152507782
8925 33516041 0.998855859041214
8926 33516125 0.9988583624362946
8927 33516215 0.9988610446453094
8928 33516325 0.9988643229007721
8929 33516406 0.9988667368888855
8930 33516511 0.9988698661327362
8931 33516615 0.9988729655742645
8932 33516712 0.9988758563995361
8933 33516793 0.9988782703876495
8934 33516888 0.9988811016082764
8935 33516990 0.9988841414451599
8936 33517077 0.9988867342472076
8937 33517158 0.998889148235321
8938 33517278 0.9988927245140076
8939 33517377 0.998895674943924
8940 33517468 0.9988983869552612
8941 33517558 0.9989010691642761
8942 33517647 0.9989037215709686
8943 33517731 0.9989062249660492
8944 33517814 0.9989086985588074
8945 33517905 0.9989114105701447
8946 33517987 0.9989138543605804
8947 33518090 0.9989169239997864
8948 33518193 0.9989199936389923
8949 33518288 0.9989228248596191
8950 33518391 0.9989258944988251
8951 33518491 0.9989288747310638
8952 33518603 0.9989322125911713
8953 33518670 0.9989342093467712
8954 33518760 0.9989368915557861
8955 33518862 0.9989399313926697
8956 33518968 0.9989430904388428
8957 33519058 0.9989457726478577
8958 33519157 0.998948723077774
8959 33519252 0.9989515542984009
8960 33519330 0.9989538788795471
8961 33519426 0.9989567399024963
8962 33519513 0.9989593327045441
8963 33519596 0.9989618062973022
8964 33519687 0.9989645183086395
8965 33519795 0.9989677369594574
8966 33519869 0.9989699423313141
8967 33519956 0.9989725351333618
8968 33520049 0.9989753067493439
8969 33520124 0.998977541923523
8970 33520203 0.9989798963069916
8971 33520296 0.9989826679229736
8972 33520415 0.9989862143993378
8973 33520502 0.9989888072013855
8974 33520577 0.9989910423755646
8975 33520661 0.9989935457706451
8976 33520759 0.9989964663982391
8977 33520842 0.9989989399909973
8978 33520954 0.9990022778511047
8979 33521063 0.999005526304245
8980 33521143 0.999007910490036
8981 33521234 0.9990106225013733
8982 33521331 0.9990135133266449
8983 33521418 0.9990161061286926
8984 33521516 0.9990190267562866
8985 33521624 0.9990222454071045
8986 33521699 0.9990244805812836
8987 33521781 0.9990269243717194
8988 33521863 0.9990293681621552
8989 33521963 0.9990323483943939
8990 33522069 0.999035507440567
8991 33522148 0.9990378618240356
8992 33522241 0.9990406334400177
8993 33522340 0.9990435838699341
8994 33522431 0.9990462958812714
8995 33522515 0.9990487992763519
8996 33522613 0.9990517199039459
8997 33522703 0.9990544021129608
8998 33522818 0.9990578293800354
8999 33522904 0.9990603923797607
9000 33522997 0.9990631639957428
9001 33523097 0.9990661442279816
9002 33523192 0.9990689754486084
9003 33523263 0.9990710914134979
9004 33523355 0.9990738332271576
9005 33523464 0.9990770816802979
9006 33523552 0.999079704284668
9007 33523630 0.9990820288658142
9008 33523711 0.9990844428539276
9009 33523802 0.9990871548652649
9010 33523895 0.999089926481247
9011 33523985 0.9990926086902618
9012 33524103 0.9990961253643036
9013 33524200 0.9990990161895752
9014 33524285 0.9991015493869781
9015 33524390 0.9991046786308289
9016 33524497 0.9991078674793243
9017 33524583 0.9991104304790497
9018 33524669 0.999112993478775
9019 33524760 0.9991157054901123
9020 33524851 0.9991184175014496
9021 33524936 0.9991209506988525
9022 33525034 0.9991238713264465
9023 33525114 0.9991262555122375
9024 33525201 0.9991288483142853
9025 33525293 0.999131590127945
9026 33525382 0.9991342425346375
9027 33525460 0.9991365671157837
9028 33525542 0.9991390109062195
9029 33525641 0.9991419613361359
9030 33525734 0.9991447329521179
9031 33525819 0.9991472661495209
9032 33525902 0.999149739742279
9033 33526006 0.9991528391838074
9034 33526095 0.9991554915904999
9035 33526182 0.9991580843925476
9036 33526284 0.9991611242294312
9037 33526367 0.9991635978221893
9038 33526464 0.9991664886474609
9039 33526565 0.9991694986820221
9040 33526649 0.9991720020771027
9041 33526733 0.9991745054721832
9042 33526803 0.9991765916347504
9043 33526898 0.9991794228553772
9044 33526977 0.9991817772388458
9045 33527066 0.9991844296455383
9046 33527151 0.9991869628429413
9047 33527241 0.9991896450519562
9048 33527317 0.9991919100284576
9049 33527412 0.9991947412490845
9050 33527505 0.9991975128650665
9051 33527580 0.9991997480392456
9052 33527658 0.9992020726203918
9053 33527757 0.9992050230503082
9054 33527829 0.9992071688175201
9055 33527918 0.9992098212242126
9056 33528016 0.9992127418518066
9057 33528090 0.9992149472236633
9058 33528170 0.9992173314094543
9059 33528267 0.999220222234726
9060 33528356 0.9992228746414185
9061 33528436 0.9992252588272095
9062 33528528 0.9992280006408691
9063 33528622 0.9992308020591736
9064 33528701 0.9992331564426422
9065 33528778 0.9992354512214661
9066 33528865 0.9992380440235138
9067 33528936 0.9992401599884033
9068 33529026 0.9992428421974182
9069 33529103 0.9992451369762421
9070 33529188 0.999247670173645
9071 33529256 0.9992496967315674
9072 33529337 0.9992521107196808
9073 33529425 0.9992547333240509
9074 33529488 0.9992566108703613
9075 33529552 0.9992585182189941
9076 33529646 0.9992613196372986
9077 33529720 0.9992635250091553
9078 33529795 0.9992657601833344
9079 33529879 0.9992682635784149
9080 33529957 0.9992705881595612
9081 33530034 0.999272882938385
9082 33530104 0.9992749691009521
9083 33530172 0.9992769956588745
9084 33530239 0.9992789924144745
9085 33530314 0.9992812275886536
9086 33530400 0.9992837905883789
9087 33530483 0.9992862641811371
9088 33530548 0.9992882013320923
9089 33530623 0.9992904365062714
9090 33530700 0.9992927312850952
9091 33530755 0.9992943704128265
9092 33530812 0.9992960691452026
9093 33530903 0.9992987811565399
9094 33530973 0.9993008673191071
9095 33531038 0.9993028044700623
9096 33531111 0.9993049800395966
9097 33531184 0.9993071556091309
9098 33531251 0.9993091523647308
9099 33531326 0.9993113875389099
9100 33531385 0.9993131458759308
9101 33531440 0.9993147850036621
9102 33531514 0.9993169903755188
9103 33531594 0.9993193745613098
9104 33531650 0.9993210434913635
9105 33531715 0.9993229806423187
9106 33531786 0.9993250966072083
9107 33531851 0.9993270337581635
9108 33531915 0.9993289411067963
9109 33531972 0.9993306398391724
9110 33532041 0.9993326961994171
9111 33532110 0.9993347525596619
9112 33532173 0.9993366301059723
9113 33532249 0.9993388950824738
9114 33532309 0.999340683221817
9115 33532385 0.9993429481983185
9116 33532444 0.9993447065353394
9117 33532516 0.9993468523025513
9118 33532591 0.9993490874767303
9119 33532648 0.9993507862091064
9120 33532707 0.9993525445461273
9121 33532773 0.9993545114994049
9122 33532832 0.9993562698364258
9123 33532891 0.9993580281734467
9124 33532969 0.9993603527545929
9125 33533036 0.9993623495101929
9126 33533106 0.99936443567276
9127 33533183 0.9993667304515839
9128 33533230 0.9993681311607361
9129 33533292 0.9993699789047241
9130 33533357 0.9993719160556793
9131 33533415 0.9993736445903778
9132 33533472 0.9993753433227539
9133 33533541 0.9993773996829987
9134 33533591 0.999378889799118
9135 33533647 0.9993805587291718
9136 33533707 0.999382346868515
9137 33533769 0.999384194612503
9138 33533829 0.9993859827518463
9139 33533892 0.9993878602981567
9140 33533949 0.9993895590305328
9141 33534004 0.9993911981582642
9142 33534056 0.9993927478790283
9143 33534103 0.9993941485881805
9144 33534154 0.9993956685066223
9145 33534210 0.999397337436676
9146 33534262 0.9993988871574402
9147 33534327 0.9994008243083954
9148 33534377 0.9994023144245148
9149 33534426 0.9994037747383118
9150 33534473 0.999405175447464
9151 33534526 0.9994067549705505
9152 33534581 0.9994083940982819
9153 33534623 0.9994096457958221
9154 33534677 0.9994112551212311
9155 33534721 0.9994125664234161
9156 33534772 0.9994140863418579
9157 33534822 0.9994155764579773
9158 33534866 0.9994168877601624
9159 33534913 0.9994182884693146
9160 33534975 0.9994201362133026
9161 33535033 0.9994218647480011
9162 33535083 0.9994233548641205
9163 33535129 0.9994247257709503
9164 33535181 0.9994262754917145
9165 33535228 0.9994276762008667
9166 33535277 0.9994291365146637
9167 33535340 0.9994310140609741
9168 33535397 0.9994327127933502
9169 33535451 0.9994343221187592
9170 33535499 0.9994357526302338
9171 33535545 0.9994371235370636
9172 33535583 0.9994382560253143
9173 33535635 0.9994398057460785
9174 33535700 0.9994417428970337
9175 33535747 0.9994431436061859
9176 33535791 0.999444454908371
9177 33535843 0.9994460046291351
9178 33535882 0.9994471669197083
9179 33535924 0.9994484186172485
9180 33535966 0.9994496703147888
9181 33536013 0.999451071023941
9182 33536061 0.9994525015354156
9183 33536103 0.9994537532329559
9184 33536153 0.9994552433490753
9185 33536202 0.9994567036628723
9186 33536239 0.9994578063488007
9187 33536293 0.9994594156742096
9188 33536328 0.9994604587554932
9189 33536372 0.9994617700576782
9190 33536420 0.9994632005691528
9191 33536488 0.9994652271270752
9192 33536531 0.9994665086269379
9193 33536564 0.9994674921035767
9194 33536604 0.9994686841964722
9195 33536649 0.9994700253009796
9196 33536692 0.9994713068008423
9197 33536734 0.9994725584983826
9198 33536781 0.9994739592075348
9199 33536831 0.9994754493236542
9200 33536874 0.9994767308235168
9201 33536927 0.9994783103466034
9202 33536976 0.9994797706604004
9203 33537016 0.9994809627532959
9204 33537047 0.9994818866252899
9205 33537078 0.9994828104972839
9206 33537116 0.9994839429855347
9207 33537152 0.9994850158691406
9208 33537205 0.9994865953922272
9209 33537239 0.9994876086711884
9210 33537288 0.9994890689849854
9211 33537326 0.9994902014732361
9212 33537371 0.9994915425777435
9213 33537417 0.9994929134845734
9214 33537456 0.9994940757751465
9215 33537497 0.9994952976703644
9216 33537531 0.9994963109493256
9217 33537575 0.9994976222515106
9218 33537616 0.9994988441467285
9219 33537664 0.9995002746582031
9220 33537698 0.9995012879371643
9221 33537737 0.9995024502277374
9222 33537779 0.9995037019252777
9223 33537806 0.9995045065879822
9224 33537848 0.9995057582855225
9225 33537889 0.9995069801807404
9226 33537934 0.9995083212852478
9227 33537974 0.9995095133781433
9228 33538022 0.9995109438896179
9229 33538052 0.9995118379592896
9230 33538094 0.9995130896568298
9231 33538142 0.9995145201683044
9232 33538187 0.9995158612728119
9233 33538228 0.9995170831680298
9234 33538276 0.9995185136795044
9235 33538323 0.9995199143886566
9236 33538364 0.9995211362838745
9237 33538411 0.9995225369930267
9238 33538459 0.9995239675045013
9239 33538494 0.9995250105857849
9240 33538532 0.9995261430740356
9241 33538587 0.999527782201767
9242 33538640 0.9995293617248535
9243 33538666 0.9995301365852356
9244 33538709 0.9995314180850983
9245 33538750 0.9995326399803162
9246 33538783 0.999533623456955
9247 33538820 0.9995347261428833
9248 33538863 0.999536007642746
9249 33538901 0.9995371401309967
9250 33538948 0.9995385408401489
9251 33538985 0.9995396435260773
9252 33539035 0.9995411336421967
9253 33539070 0.9995421767234802
9254 33539105 0.9995432198047638
9255 33539152 0.999544620513916
9256 33539190 0.9995457530021667
9257 33539221 0.9995466768741608
9258 33539258 0.9995477795600891
9259 33539293 0.9995488226413727
9260 33539319 0.9995495975017548
9261 33539352 0.9995505809783936
9262 33539412 0.9995523691177368
9263 33539442 0.9995532631874084
9264 33539484 0.9995545148849487
9265 33539523 0.9995556771755219
9266 33539552 0.9995565414428711
9267 33539580 0.999557375907898
9268 33539618 0.9995585083961487
9269 33539665 0.9995599091053009
9270 33539699 0.9995609223842621
9271 33539726 0.9995617270469666
9272 33539762 0.9995627999305725
9273 33539795 0.9995637834072113
9274 33539826 0.9995647072792053
9275 33539872 0.9995660781860352
9276 33539916 0.9995673894882202
9277 33539965 0.9995688498020172
9278 33540007 0.9995701014995575
9279 33540060 0.999571681022644
9280 33540092 0.9995726346969604
9281 33540125 0.9995736181735992
9282 33540166 0.9995748400688171
9283 33540200 0.9995758533477783
9284 33540242 0.9995771050453186
9285 33540284 0.9995783567428589
9286 33540319 0.9995793998241425
9287 33540359 0.999580591917038
9288 33540398 0.9995817542076111
9289 33540441 0.9995830357074738
9290 33540477 0.9995841085910797
9291 33540508 0.9995850324630737
9292 33540538 0.9995859265327454
9293 33540571 0.9995869100093842
9294 33540600 0.9995877742767334
9295 33540641 0.9995889961719513
9296 33540684 0.999590277671814
9297 33540717 0.9995912611484528
9298 33540755 0.9995923936367035
9299 33540793 0.9995935261249542
9300 33540823 0.9995944201946259
9301 33540858 0.9995954632759094
9302 33540893 0.999596506357193
9303 33540925 0.9995974600315094
9304 33540954 0.9995983242988586
9305 33540991 0.999599426984787
9306 33541028 0.9996005296707153
9307 33541061 0.9996015131473541
9308 33541098 0.9996026158332825
9309 33541124 0.9996033906936646
9310 33541159 0.9996044337749481
9311 33541185 0.9996052086353302
9312 33541217 0.9996061623096466
9313 33541246 0.9996070265769958
9314 33541279 0.9996080100536346
9315 33541310 0.9996089339256287
9316 33541340 0.9996098279953003
9317 33541367 0.9996106326580048
9318 33541408 0.9996118545532227
9319 33541450 0.9996131062507629
9320 33541475 0.9996138513088226
9321 33541510 0.9996148943901062
9322 33541549 0.9996160566806793
9323 33541577 0.9996168911457062
9324 33541618 0.9996181130409241
9325 33541645 0.9996189177036285
9326 33541683 0.9996200501918793
9327 33541713 0.9996209442615509
9328 33541744 0.9996218681335449
9329 33541779 0.9996229112148285
9330 33541804 0.9996236562728882
9331 33541837 0.999624639749527
9332 33541882 0.9996259808540344
9333 33541915 0.9996269643306732
9334 33541946 0.9996278882026672
9335 33541976 0.9996287822723389
9336 33542010 0.9996297955513
9337 33542046 0.999630868434906
9338 33542083 0.9996319711208344
9339 33542130 0.9996333718299866
9340 33542149 0.9996339380741119
9341 33542179 0.9996348321437836
9342 33542210 0.9996357560157776
9343 33542239 0.9996366202831268
9344 33542268 0.9996374845504761
9345 33542300 0.9996384382247925
9346 33542332 0.9996393918991089
9347 33542366 0.9996404051780701
9348 33542398 0.9996413588523865
9349 33542438 0.999642550945282
9350 33542474 0.9996436238288879
9351 33542504 0.9996445178985596
9352 33542532 0.9996453523635864
9353 33542569 0.9996464550495148
9354 33542590 0.9996470808982849
9355 33542621 0.9996480047702789
9356 33542664 0.9996492862701416
9357 33542691 0.9996500909328461
9358 33542712 0.9996507167816162
9359 33542744 0.9996516704559326
9360 33542762 0.9996522068977356
9361 33542795 0.9996531903743744
9362 33542831 0.9996542632579803
9363 33542856 0.99965500831604
9364 33542880 0.9996557235717773
9365 33542914 0.9996567368507385
9366 33542952 0.9996578693389893
9367 33542977 0.999658614397049
9368 33542999 0.9996592700481415
9369 33543028 0.9996601343154907
9370 33543062 0.9996611475944519
9371 33543087 0.9996618926525116
9372 33543104 0.9996623992919922
9373 33543132 0.999663233757019
9374 33543160 0.9996640682220459
9375 33543191 0.9996649920940399
9376 33543221 0.9996658861637115
9377 33543248 0.999666690826416
9378 33543274 0.9996674656867981
9379 33543298 0.9996681809425354
9380 33543322 0.9996688961982727
9381 33543350 0.9996697306632996
9382 33543378 0.9996705651283264
9383 33543406 0.9996713995933533
9384 33543428 0.9996720552444458
9385 33543458 0.9996729493141174
9386 33543484 0.9996737241744995
9387 33543512 0.9996745586395264
9388 33543534 0.9996752142906189
9389 33543568 0.9996762275695801
9390 33543594 0.9996770024299622
9391 33543615 0.9996776282787323
9392 33543645 0.9996785223484039
9393 33543668 0.9996792078018188
9394 33543697 0.9996800720691681
9395 33543719 0.9996807277202606
9396 33543748 0.9996815919876099
9397 33543775 0.9996823966503143
9398 33543799 0.9996831119060516
9399 33543824 0.9996838569641113
9400 33543846 0.9996845126152039
9401 33543874 0.9996853470802307
9402 33543903 0.99968621134758
9403 33543934 0.999687135219574
9404 33543953 0.9996877014636993
9405 33543983 0.999688595533371
9406 33544017 0.9996896088123322
9407 33544043 0.9996903836727142
9408 33544061 0.9996909201145172
9409 33544079 0.9996914565563202
9410 33544102 0.9996921420097351
9411 33544125 0.99969282746315
9412 33544141 0.9996933043003082
9413 33544164 0.9996939897537231
9414 33544181 0.9996944963932037
9415 33544210 0.999695360660553
9416 33544238 0.9996961951255798
9417 33544265 0.9996969997882843
9418 33544279 0.9996974170207977
9419 33544303 0.999698132276535
9420 33544330 0.9996989369392395
9421 33544354 0.9996996521949768
9422 33544377 0.9997003376483917
9423 33544404 0.9997011423110962
9424 33544425 0.9997017681598663
9425 33544455 0.999702662229538
9426 33544486 0.999703586101532
9427 33544511 0.9997043311595917
9428 33544526 0.9997047781944275
9429 33544541 0.9997052252292633
9430 33544561 0.9997058212757111
9431 33544581 0.9997064173221588
9432 33544599 0.9997069537639618
9433 33544617 0.9997074902057648
9434 33544636 0.9997080564498901
9435 33544662 0.9997088313102722
9436 33544685 0.9997095167636871
9437 33544701 0.9997099936008453
9438 33544728 0.9997107982635498
9439 33544748 0.9997113943099976
9440 33544771 0.9997120797634125
9441 33544788 0.9997125864028931
9442 33544802 0.9997130036354065
9443 33544829 0.999713808298111
9444 33544854 0.9997145533561707
9445 33544876 0.9997152090072632
9446 33544890 0.9997156262397766
9447 33544902 0.9997159838676453
9448 33544918 0.9997164607048035
9449 33544940 0.999717116355896
9450 33544957 0.9997176229953766
9451 33544979 0.9997182786464691
9452 33544996 0.9997187852859497
9453 33545016 0.9997193813323975
9454 33545045 0.9997202455997467
9455 33545058 0.9997206330299377
9456 33545079 0.9997212588787079
9457 33545102 0.9997219443321228
9458 33545130 0.9997227787971497
9459 33545154 0.999723494052887
9460 33545179 0.9997242391109467
9461 33545194 0.9997246861457825
9462 33545209 0.9997251331806183
9463 33545231 0.9997257888317108
9464 33545253 0.9997264444828033
9465 33545275 0.9997271001338959
9466 33545290 0.9997275471687317
9467 33545319 0.9997284114360809
9468 33545339 0.9997290074825287
9469 33545357 0.9997295439243317
9470 33545373 0.9997300207614899
9471 33545392 0.9997305870056152
9472 33545415 0.9997312724590302
9473 33545430 0.999731719493866
9474 33545450 0.9997323155403137
9475 33545464 0.9997327327728271
9476 33545480 0.9997332096099854
9477 33545502 0.9997338652610779
9478 33545515 0.9997342526912689
9479 33545536 0.9997348785400391
9480 33545553 0.9997353851795197
9481 33545576 0.9997360706329346
9482 33545594 0.9997366070747375
9483 33545614 0.9997372031211853
9484 33545632 0.9997377395629883
9485 33545647 0.9997381865978241
9486 33545663 0.9997386634349823
9487 33545683 0.99973925948143
9488 33545704 0.9997398853302002
9489 33545715 0.9997402131557465
9490 33545736 0.9997408390045166
9491 33545758 0.9997414946556091
9492 33545781 0.999742180109024
9493 33545803 0.9997428357601166
9494 33545828 0.9997435808181763
9495 33545842 0.9997439980506897
9496 33545863 0.9997446238994598
9497 33545881 0.9997451603412628
9498 33545891 0.9997454583644867
9499 33545918 0.9997462630271912
9500 33545938 0.9997468590736389
9501 33545957 0.9997474253177643
9502 33545975 0.9997479617595673
9503 33545994 0.9997485280036926
9504 33546011 0.9997490346431732
9505 33546028 0.9997495412826538
9506 33546042 0.9997499585151672
9507 33546058 0.9997504353523254
9508 33546076 0.9997509717941284
9509 33546091 0.9997514188289642
9510 33546104 0.9997518062591553
9511 33546121 0.9997523128986359
9512 33546144 0.9997529983520508
9513 33546157 0.9997533857822418
9514 33546173 0.9997538626194
9515 33546189 0.9997543394565582
9516 33546208 0.9997549057006836
9517 33546227 0.999755471944809
9518 33546252 0.9997562170028687
9519 33546268 0.9997566938400269
9520 33546285 0.9997572004795074
9521 33546305 0.9997577965259552
9522 33546320 0.999758243560791
9523 33546334 0.9997586607933044
9524 33546351 0.999759167432785
9525 33546375 0.9997598826885223
9526 33546384 0.9997601509094238
9527 33546403 0.9997607171535492
9528 33546417 0.9997611343860626
9529 33546433 0.9997616112232208
9530 33546453 0.9997622072696686
9531 33546478 0.9997629523277283
9532 33546493 0.9997633993625641
9533 33546503 0.999763697385788
9534 33546525 0.9997643530368805
9535 33546539 0.9997647702693939
9536 33546558 0.9997653365135193
9537 33546571 0.9997657239437103
9538 33546595 0.9997664391994476
9539 33546612 0.9997669458389282
9540 33546628 0.9997674226760864
9541 33546654 0.9997681975364685
9542 33546669 0.9997686445713043
9543 33546684 0.9997690916061401
9544 33546700 0.9997695684432983
9545 33546714 0.9997699856758118
9546 33546733 0.9997705519199371
9547 33546748 0.999770998954773
9548 33546765 0.9997715055942535
9549 33546775 0.9997718036174774
9550 33546788 0.9997721910476685
9551 33546798 0.9997724890708923
9552 33546815 0.9997729957103729
9553 33546828 0.999773383140564
9554 33546842 0.9997738003730774
9555 33546856 0.9997742176055908
9556 33546867 0.9997745454311371
9557 33546882 0.9997749924659729
9558 33546896 0.9997754096984863
9559 33546903 0.999775618314743
9560 33546912 0.9997758865356445
9561 33546923 0.9997762143611908
9562 33546936 0.9997766017913818
9563 33546949 0.9997769892215729
9564 33546970 0.999777615070343
9565 33546984 0.9997780323028564
9566 33546998 0.9997784495353699
9567 33547015 0.9997789561748505
9568 33547035 0.9997795522212982
9569 33547044 0.9997798204421997
9570 33547058 0.9997802376747131
9571 33547071 0.9997806251049042
9572 33547082 0.9997809529304504
9573 33547096 0.9997813701629639
9574 33547106 0.9997816681861877
9575 33547117 0.999781996011734
9576 33547126 0.9997822642326355
9577 33547142 0.9997827410697937
9578 33547152 0.9997830390930176
9579 33547163 0.9997833669185638
9580 33547173 0.9997836649417877
9581 33547191 0.9997842013835907
9582 33547212 0.9997848272323608
9583 33547225 0.9997852146625519
9584 33547239 0.9997856318950653
9585 33547255 0.9997861087322235
9586 33547265 0.9997864067554474
9587 33547276 0.9997867345809937
9588 33547290 0.9997871518135071
9589 33547307 0.9997876584529877
9590 33547329 0.9997883141040802
9591 33547344 0.999788761138916
9592 33547353 0.9997890293598175
9593 33547362 0.999789297580719
9594 33547378 0.9997897744178772
9595 33547389 0.9997901022434235
9596 33547399 0.9997904002666473
9597 33547415 0.9997908771038055
9598 33547426 0.9997912049293518
9599 33547432 0.9997913837432861
9600 33547445 0.9997917711734772
9601 33547457 0.9997921288013458
9602 33547466 0.9997923970222473
9603 33547479 0.9997927844524384
9604 33547489 0.9997930824756622
9605 33547503 0.9997934997081757
9606 33547509 0.99979367852211
9607 33547518 0.9997939467430115
9608 33547531 0.9997943341732025
9609 33547542 0.9997946619987488
9610 33547554 0.9997950196266174
9611 33547570 0.9997954964637756
9612 33547582 0.9997958540916443
9613 33547591 0.9997961223125458
9614 33547610 0.9997966885566711
9615 33547627 0.9997971951961517
9616 33547640 0.9997975826263428
9617 33547648 0.9997978210449219
9618 33547663 0.9997982680797577
9619 33547671 0.9997985064983368
9620 33547681 0.9997988045215607
9621 33547694 0.9997991919517517
9622 33547710 0.9997996687889099
9623 33547716 0.9997998476028442
9624 33547725 0.9998001158237457
9625 33547740 0.9998005628585815
9626 33547754 0.999800980091095
9627 33547765 0.9998013079166412
9628 33547771 0.9998014867305756
9629 33547782 0.9998018145561218
9630 33547788 0.9998019933700562
9631 33547803 0.999802440404892
9632 33547811 0.9998026788234711
9633 33547822 0.9998030066490173
9634 33547832 0.9998033046722412
9635 33547847 0.999803751707077
9636 33547858 0.9998040795326233
9637 33547867 0.9998043477535248
9638 33547884 0.9998048543930054
9639 33547898 0.9998052716255188
9640 33547909 0.9998055994510651
9641 33547920 0.9998059272766113
9642 33547932 0.99980628490448
9643 33547945 0.999806672334671
9644 33547955 0.9998069703578949
9645 33547967 0.9998073279857635
9646 33547979 0.9998076856136322
9647 33547989 0.9998079836368561
9648 33548001 0.9998083412647247
9649 33548011 0.9998086392879486
9650 33548021 0.9998089373111725
9651 33548025 0.999809056520462
9652 33548040 0.9998095035552979
9653 33548050 0.9998098015785217
9654 33548067 0.9998103082180023
9655 33548076 0.9998105764389038
9656 33548085 0.9998108446598053
9657 33548094 0.9998111128807068
9658 33548103 0.9998113811016083
9659 33548112 0.9998116493225098
9660 33548121 0.9998119175434113
9661 33548137 0.9998123943805695
9662 33548149 0.9998127520084381
9663 33548161 0.9998131096363068
9664 33548172 0.999813437461853
9665 33548189 0.9998139441013336
9666 33548201 0.9998143017292023
9667 33548208 0.999814510345459
9668 33548218 0.9998148083686829
9669 33548231 0.9998151957988739
9670 33548240 0.9998154640197754
9671 33548250 0.9998157620429993
9672 33548257 0.999815970659256
9673 33548269 0.9998163282871246
9674 33548279 0.9998166263103485
9675 33548287 0.9998168647289276
9676 33548296 0.9998171329498291
9677 33548306 0.999817430973053
9678 33548320 0.9998178482055664
9679 33548331 0.9998181760311127
9680 33548339 0.9998184144496918
9681 33548348 0.9998186826705933
9682 33548359 0.9998190104961395
9683 33548369 0.9998193085193634
9684 33548382 0.9998196959495544
9685 33548395 0.9998200833797455
9686 33548409 0.9998205006122589
9687 33548422 0.99982088804245
9688 33548436 0.9998213052749634
9689 33548444 0.9998215436935425
9690 33548458 0.9998219609260559
9691 33548466 0.999822199344635
9692 33548478 0.9998225569725037
9693 33548482 0.9998226761817932
9694 33548494 0.9998230338096619
9695 33548503 0.9998233020305634
9696 33548507 0.9998234212398529
9697 33548513 0.9998236000537872
9698 33548524 0.9998239278793335
9699 33548535 0.9998242557048798
9700 33548546 0.999824583530426
9701 33548556 0.9998248815536499
9702 33548563 0.9998250901699066
9703 33548572 0.9998253583908081
9704 33548579 0.9998255670070648
9705 33548592 0.9998259544372559
9706 33548606 0.9998263716697693
9707 33548615 0.9998266398906708
9708 33548627 0.9998269975185394
9709 33548637 0.9998272955417633
9710 33548647 0.9998275935649872
9711 33548661 0.9998280107975006
9712 33548669 0.9998282492160797
9713 33548674 0.9998283982276917
9714 33548685 0.9998287260532379
9715 33548694 0.9998289942741394
9716 33548706 0.9998293519020081
9717 33548723 0.9998298585414886
9718 33548735 0.9998302161693573
9719 33548748 0.9998306035995483
9720 33548757 0.9998308718204498
9721 33548767 0.9998311698436737
9722 33548774 0.9998313784599304
9723 33548782 0.9998316168785095
9724 33548791 0.999831885099411
9725 33548800 0.9998321533203125
9726 33548818 0.9998326897621155
9727 33548825 0.9998328983783722
9728 33548834 0.9998331665992737
9729 33548844 0.9998334646224976
9730 33548855 0.9998337924480438
9731 33548869 0.9998342096805573
9732 33548883 0.9998346269130707
9733 33548891 0.9998348653316498
9734 33548897 0.9998350441455841
9735 33548905 0.9998352825641632
9736 33548915 0.9998355805873871
9737 33548929 0.9998359978199005
9738 33548937 0.9998362362384796
9739 33548944 0.9998364448547363
9740 33548956 0.999836802482605
9741 33548962 0.9998369812965393
9742 33548968 0.9998371601104736
9743 33548973 0.9998373091220856
9744 33548981 0.9998375475406647
9745 33548989 0.9998377859592438
9746 33548999 0.9998380839824677
9747 33549006 0.9998382925987244
9748 33549015 0.9998385608196259
9749 33549027 0.9998389184474945
9750 33549040 0.9998393058776855
9751 33549045 0.9998394548892975
9752 33549054 0.999839723110199
9753 33549062 0.9998399615287781
9754 33549071 0.9998402297496796
9755 33549082 0.9998405575752258
9756 33549086 0.9998406767845154
9757 33549096 0.9998409748077393
9758 33549105 0.9998412430286407
9759 33549111 0.9998414218425751
9760 33549124 0.9998418092727661
9761 33549128 0.9998419284820557
9762 33549138 0.9998422265052795
9763 33549150 0.9998425841331482
9764 33549158 0.9998428225517273
9765 33549161 0.9998429119586945
9766 33549169 0.9998431503772736
9767 33549185 0.9998436272144318
9768 33549193 0.9998438656330109
9769 33549200 0.9998440742492676
9770 33549206 0.9998442530632019
9771 33549217 0.9998445808887482
9772 33549225 0.9998448193073273
9773 33549236 0.9998451471328735
9774 33549244 0.9998453855514526
9775 33549253 0.9998456537723541
9776 33549264 0.9998459815979004
9777 33549277 0.9998463690280914
9778 33549285 0.9998466074466705
9779 33549294 0.999846875667572
9780 33549304 0.9998471736907959
9781 33549312 0.999847412109375
9782 33549318 0.9998475909233093
9783 33549330 0.999847948551178
9784 33549340 0.9998482465744019
9785 33549355 0.9998486936092377
9786 33549364 0.9998489618301392
9787 33549371 0.9998491704463959
9788 33549380 0.9998494386672974
9789 33549386 0.9998496174812317
9790 33549397 0.999849945306778
9791 33549399 0.9998500049114227
9792 33549415 0.9998504817485809
9793 33549427 0.9998508393764496
9794 33549438 0.9998511672019958
9795 33549442 0.9998512864112854
9796 33549455 0.9998516738414764
9797 33549467 0.9998520314693451
9798 33549479 0.9998523890972137
9799 33549482 0.9998524785041809
9800 33549496 0.9998528957366943
9801 33549506 0.9998531937599182
9802 33549516 0.9998534917831421
9803 33549522 0.9998536705970764
9804 33549531 0.9998539388179779
9805 33549540 0.9998542070388794
9806 33549549 0.9998544752597809
9807 33549557 0.99985471367836
9808 33549562 0.9998548626899719
9809 33549566 0.9998549818992615
9810 33549576 0.9998552799224854
9811 33549582 0.9998554587364197
9812 33549589 0.9998556673526764
9813 33549601 0.999856024980545
9814 33549611 0.9998563230037689
9815 33549618 0.9998565316200256
9816 33549626 0.9998567700386047
9817 33549640 0.9998571872711182
9818 33549652 0.9998575448989868
9819 33549661 0.9998578131198883
9820 33549675 0.9998582303524017
9821 33549686 0.999858558177948
9822 33549697 0.9998588860034943
9823 33549702 0.9998590350151062
9824 33549709 0.9998592436313629
9825 33549720 0.9998595714569092
9826 33549727 0.9998597800731659
9827 33549743 0.9998602569103241
9828 33549751 0.9998604953289032
9829 33549755 0.9998606145381927
9830 33549768 0.9998610019683838
9831 33549783 0.9998614490032196
9832 33549794 0.9998617768287659
9833 33549802 0.999862015247345
9834 33549808 0.9998621940612793
9835 33549814 0.9998623728752136
9836 33549827 0.9998627603054047
9837 33549841 0.9998631775379181
9838 33549846 0.99986332654953
9839 33549849 0.9998634159564972
9840 33549857 0.9998636543750763
9841 33549866 0.9998639225959778
9842 33549874 0.9998641610145569
9843 33549883 0.9998644292354584
9844 33549895 0.999864786863327
9845 33549899 0.9998649060726166
9846 33549907 0.9998651444911957
9847 33549913 0.99986532330513
9848 33549922 0.9998655915260315
9849 33549929 0.9998658001422882
9850 33549936 0.9998660087585449
9851 33549943 0.9998662173748016
9852 33549951 0.9998664557933807
9853 33549957 0.9998666346073151
9854 33549965 0.9998668730258942
9855 33549972 0.9998670816421509
9856 33549977 0.9998672306537628
9857 33549988 0.9998675584793091
9858 33549992 0.9998676776885986
9859 33549998 0.999867856502533
9860 33550004 0.9998680353164673
9861 33550012 0.9998682737350464
9862 33550018 0.9998684525489807
9863 33550025 0.9998686611652374
9864 33550034 0.9998689293861389
9865 33550046 0.9998692870140076
9866 33550051 0.9998694360256195
9867 33550061 0.9998697340488434
9868 33550066 0.9998698830604553
9869 33550070 0.9998700022697449
9870 33550077 0.9998702108860016
9871 33550083 0.9998703896999359
9872 33550089 0.9998705685138702
9873 33550094 0.9998707175254822
9874 33550102 0.9998709559440613
9875 33550111 0.9998712241649628
9876 33550117 0.9998714029788971
9877 33550120 0.9998714923858643
9878 33550128 0.9998717308044434
9879 33550139 0.9998720586299896
9880 33550147 0.9998722970485687
9881 33550155 0.9998725354671478
9882 33550163 0.9998727738857269
9883 33550175 0.9998731315135956
9884 33550181 0.9998733103275299
9885 33550188 0.9998735189437866
9886 33550198 0.9998738169670105
9887 33550211 0.9998742043972015
9888 33550219 0.9998744428157806
9889 33550222 0.9998745322227478
9890 33550228 0.9998747110366821
9891 33550236 0.9998749494552612
9892 33550243 0.9998751580715179
9893 33550256 0.999875545501709
9894 33550262 0.9998757243156433
9895 33550266 0.9998758435249329
9896 33550273 0.9998760521411896
9897 33550283 0.9998763501644135
9898 33550290 0.9998765587806702
9899 33550297 0.9998767673969269
9900 33550301 0.9998768866062164
9901 33550308 0.9998770952224731
9902 33550314 0.9998772740364075
9903 33550323 0.999877542257309
9904 33550329 0.9998777210712433
9905 33550335 0.9998778998851776
9906 33550340 0.9998780488967896
9907 33550344 0.9998781681060791
9908 33550351 0.9998783767223358
9909 33550364 0.9998787641525269
9910 33550372 0.999879002571106
9911 33550378 0.9998791813850403
9912 33550386 0.9998794198036194
9913 33550396 0.9998797178268433
9914 33550401 0.9998798668384552
9915 33550409 0.9998801052570343
9916 33550415 0.9998802840709686
9917 33550421 0.999880462884903
9918 33550427 0.9998806416988373
9919 33550429 0.9998807013034821
9920 33550435 0.9998808801174164
9921 33550439 0.9998809993267059
9922 33550448 0.9998812675476074
9923 33550454 0.9998814463615417
9924 33550456 0.9998815059661865
9925 33550462 0.9998816847801208
9926 33550470 0.9998819231987
9927 33550476 0.9998821020126343
9928 33550480 0.9998822212219238
9929 33550495 0.9998826682567596
9930 33550502 0.9998828768730164
9931 33550508 0.9998830556869507
9932 33550514 0.999883234500885
9933 33550522 0.9998834729194641
9934 33550525 0.9998835623264313
9935 33550527 0.999883621931076
9936 33550532 0.999883770942688
9937 33550539 0.9998839795589447
9938 33550544 0.9998841285705566
9939 33550549 0.9998842775821686
9940 33550553 0.9998843967914581
9941 33550557 0.9998845160007477
9942 33550563 0.999884694814682
9943 33550569 0.9998848736286163
9944 33550577 0.9998851120471954
9945 33550589 0.9998854696750641
9946 33550595 0.9998856484889984
9947 33550600 0.9998857975006104
9948 33550604 0.9998859167098999
9949 33550615 0.9998862445354462
9950 33550629 0.9998866617679596
9951 33550632 0.9998867511749268
9952 33550639 0.9998869597911835
9953 33550645 0.9998871386051178
9954 33550650 0.9998872876167297
9955 33550651 0.9998873174190521
9956 33550656 0.9998874664306641
9957 33550664 0.9998877048492432
9958 33550674 0.999888002872467
9959 33550680 0.9998881816864014
9960 33550683 0.9998882710933685
9961 33550691 0.9998885095119476
9962 33550695 0.9998886287212372
9963 33550699 0.9998887479305267
9964 33550703 0.9998888671398163
9965 33550711 0.9998891055583954
9966 33550713 0.9998891651630402
9967 33550721 0.9998894035816193
9968 33550724 0.9998894929885864
9969 33550730 0.9998896718025208
9970 33550736 0.9998898506164551
9971 33550738 0.9998899102210999
9972 33550740 0.9998899698257446
9973 33550746 0.999890148639679
9974 33550749 0.9998902380466461
9975 33550756 0.9998904466629028
9976 33550759 0.99989053606987
9977 33550766 0.9998907446861267
9978 33550775 0.9998910129070282
9979 33550781 0.9998911917209625
9980 33550792 0.9998915195465088
9981 33550801 0.9998917877674103
9982 33550804 0.9998918771743774
9983 33550808 0.999891996383667
9984 33550813 0.9998921453952789
9985 33550819 0.9998923242092133
9986 33550825 0.9998925030231476
9987 33550829 0.9998926222324371
9988 33550832 0.9998927116394043
9989 33550840 0.9998929500579834
9990 33550847 0.9998931586742401
9991 33550854 0.9998933672904968
9992 33550860 0.9998935461044312
9993 33550866 0.9998937249183655
9994 33550873 0.9998939335346222
9995 33550877 0.9998940527439117
9996 33550882 0.9998942017555237
9997 33550887 0.9998943507671356
9998 33550890 0.9998944401741028
9999 33550897 0.9998946487903595
10000 33550900 0.9998947381973267
10001 33550907 0.9998949468135834
10002 33550913 0.9998951256275177
10003 33550920 0.9998953342437744
10004 33550926 0.9998955130577087
10005 33550930 0.9998956322669983
10006 33550933 0.9998957216739655
10007 33550940 0.9998959302902222
10008 33550945 0.9998960793018341
10009 33550948 0.9998961687088013
10010 33550951 0.9998962581157684
10011 33550958 0.9998964667320251
10012 33550961 0.9998965561389923
10013 33550965 0.9998966753482819
10014 33550969 0.9998967945575714
10015 33550973 0.999896913766861
10016 33550979 0.9998970925807953
10017 33550988 0.9998973608016968
10018 33550992 0.9998974800109863
10019 33550998 0.9998976588249207
10020 33551004 0.999897837638855
10021 33551006 0.9998978972434998
10022 33551013 0.9998981058597565
10023 33551019 0.9998982846736908
10024 33551026 0.9998984932899475
10025 33551031 0.9998986423015594
10026 33551033 0.9998987019062042
10027 33551036 0.9998987913131714
10028 33551042 0.9998989701271057
10029 33551047 0.9998991191387177
10030 33551053 0.999899297952652
10031 33551061 0.9998995363712311
10032 33551068 0.9998997449874878
10033 33551071 0.999899834394455
10034 33551073 0.9998998939990997
10035 33551081 0.9999001324176788
10036 33551087 0.9999003112316132
10037 33551094 0.9999005198478699
10038 33551097 0.999900609254837
10039 33551104 0.9999008178710938
10040 33551107 0.9999009072780609
10041 33551112 0.9999010562896729
10042 33551116 0.9999011754989624
10043 33551120 0.999901294708252
10044 33551126 0.9999014735221863
10045 33551128 0.999901533126831
10046 33551129 0.9999015629291534
10047 33551138 0.9999018311500549
10048 33551141 0.9999019205570221
10049 33551144 0.9999020099639893
10050 33551149 0.9999021589756012
10051 33551152 0.9999022483825684
10052 33551153 0.9999022781848907
10053 33551159 0.9999024569988251
10054 33551163 0.9999025762081146
10055 33551170 0.9999027848243713
10056 33551177 0.999902993440628
10057 33551179 0.9999030530452728
10058 33551185 0.9999032318592072
10059 33551187 0.9999032914638519
10060 33551191 0.9999034106731415
10061 33551197 0.9999035894870758
10062 33551206 0.9999038577079773
10063 33551212 0.9999040365219116
10064 33551217 0.9999041855335236
10065 33551220 0.9999042749404907
10066 33551227 0.9999044835567474
10067 33551235 0.9999047219753265
10068 33551240 0.9999048709869385
10069 33551241 0.9999049007892609
10070 33551249 0.99990513920784
10071 33551253 0.9999052584171295
10072 33551257 0.9999053776264191
10073 33551265 0.9999056160449982
10074 33551271 0.9999057948589325
10075 33551276 0.9999059438705444
10076 33551279 0.9999060332775116
10077 33551284 0.9999061822891235
10078 33551291 0.9999063909053802
10079 33551292 0.9999064207077026
10080 33551294 0.9999064803123474
10081 33551300 0.9999066591262817
10082 33551307 0.9999068677425385
10083 33551310 0.9999069571495056
10084 33551317 0.9999071657657623
10085 33551325 0.9999074041843414
10086 33551330 0.9999075531959534
10087 33551335 0.9999077022075653
10088 33551338 0.9999077916145325
10089 33551344 0.9999079704284668
10090 33551356 0.9999083280563354
10091 33551360 0.999908447265625
10092 33551362 0.9999085068702698
10093 33551368 0.9999086856842041
10094 33551373 0.999908834695816
10095 33551377 0.9999089539051056
10096 33551383 0.9999091327190399
10097 33551390 0.9999093413352966
10098 33551394 0.9999094605445862
10099 33551396 0.999909520149231
10100 33551399 0.9999096095561981
10101 33551404 0.9999097585678101
10102 33551412 0.9999099969863892
10103 33551417 0.9999101459980011
10104 33551422 0.999910295009613
10105 33551427 0.999910444021225
10106 33551431 0.9999105632305145
10107 33551434 0.9999106526374817
10108 33551438 0.9999107718467712
10109 33551440 0.999910831451416
10110 33551442 0.9999108910560608
10111 33551447 0.9999110400676727
10112 33551451 0.9999111592769623
10113 33551454 0.9999112486839294
10114 33551460 0.9999114274978638
10115 33551462 0.9999114871025085
10116 33551465 0.9999115765094757
10117 33551470 0.9999117255210876
10118 33551476 0.999911904335022
10119 33551480 0.9999120235443115
10120 33551486 0.9999122023582458
10121 33551488 0.9999122619628906
10122 33551494 0.999912440776825
10123 33551496 0.9999125003814697
10124 33551500 0.9999126195907593
10125 33551502 0.999912679195404
10126 33551506 0.9999127984046936
10127 33551513 0.9999130070209503
10128 33551516 0.9999130964279175
10129 33551520 0.999913215637207
10130 33551524 0.9999133348464966
10131 33551528 0.9999134540557861
10132 33551532 0.9999135732650757
10133 33551535 0.9999136626720428
10134 33551539 0.9999137818813324
10135 33551545 0.9999139606952667
10136 33551549 0.9999140799045563
10137 33551552 0.9999141693115234
10138 33551555 0.9999142587184906
10139 33551563 0.9999144971370697
10140 33551568 0.9999146461486816
10141 33551574 0.999914824962616
10142 33551583 0.9999150931835175
10143 33551589 0.9999152719974518
10144 33551592 0.999915361404419
10145 33551597 0.9999155104160309
10146 33551599 0.9999155700206757
10147 33551604 0.9999157190322876
10148 33551613 0.9999159872531891
10149 33551616 0.9999160766601562
10150 33551621 0.9999162256717682
10151 33551625 0.9999163448810577
10152 33551629 0.9999164640903473
10153 33551634 0.9999166131019592
10154 33551641 0.9999168217182159
10155 33551648 0.9999170303344727
10156 33551656 0.9999172687530518
10157 33551660 0.9999173879623413
10158 33551663 0.9999174773693085
10159 33551664 0.9999175071716309
10160 33551669 0.9999176561832428
10161 33551673 0.9999177753925323
10162 33551675 0.9999178349971771
10163 33551681 0.9999180138111115
10164 33551688 0.9999182224273682
10165 33551690 0.9999182820320129
10166 33551692 0.9999183416366577
10167 33551696 0.9999184608459473
10168 33551698 0.999918520450592
10169 33551701 0.9999186098575592
10170 33551702 0.9999186396598816
10171 33551705 0.9999187290668488
10172 33551710 0.9999188780784607
10173 33551713 0.9999189674854279
10174 33551721 0.999919205904007
10175 33551724 0.9999192953109741
10176 33551725 0.9999193251132965
10177 33551727 0.9999193847179413
10178 33551729 0.9999194443225861
10179 33551730 0.9999194741249084
10180 33551736 0.9999196529388428
10181 33551740 0.9999197721481323
10182 33551745 0.9999199211597443
10183 33551748 0.9999200105667114
10184 33551758 0.9999203085899353
10185 33551762 0.9999204277992249
10186 33551767 0.9999205768108368
10187 33551769 0.9999206364154816
10188 33551776 0.9999208450317383
10189 33551779 0.9999209344387054
10190 33551782 0.9999210238456726
10191 33551791 0.9999212920665741
10192 33551797 0.9999214708805084
10193 33551799 0.9999215304851532
10194 33551810 0.9999218583106995
10195 33551817 0.9999220669269562
10196 33551819 0.999922126531601
10197 33551824 0.9999222755432129
10198 33551833 0.9999225437641144
10199 33551840 0.9999227523803711
10200 33551846 0.9999229311943054
10201 33551852 0.9999231100082397
10202 33551858 0.9999232888221741
10203 33551862 0.9999234080314636
10204 33551868 0.999923586845398
10205 33551874 0.9999237656593323
10206 33551877 0.9999238550662994
10207 33551884 0.9999240636825562
10208 33551887 0.9999241530895233
10209 33551893 0.9999243319034576
10210 33551900 0.9999245405197144
10211 33551907 0.9999247491359711
10212 33551913 0.9999249279499054
10213 33551920 0.9999251365661621
10214 33551921 0.9999251663684845
10215 33551925 0.999925285577774
10216 33551929 0.9999254047870636
10217 33551933 0.9999255239963531
10218 33551935 0.9999255836009979
10219 33551939 0.9999257028102875
10220 33551943 0.999925822019577
10221 33551947 0.9999259412288666
10222 33551952 0.9999260902404785
10223 33551958 0.9999262690544128
10224 33551962 0.9999263882637024
10225 33551966 0.9999265074729919
10226 33551973 0.9999267160892487
10227 33551978 0.9999268651008606
10228 33551984 0.9999270439147949
10230 33551988 0.9999271631240845
10231 33551989 0.9999271929264069
10232 33551992 0.999927282333374
10233 33551998 0.9999274611473083
10234 33552002 0.9999275803565979
10235 33552008 0.9999277591705322
10236 33552010 0.999927818775177
10237 33552012 0.9999278783798218
10238 33552015 0.9999279677867889
10239 33552018 0.9999280571937561
10240 33552028 0.99992835521698
10241 33552035 0.9999285638332367
10242 33552039 0.9999286830425262
10243 33552042 0.9999287724494934
10244 33552046 0.999928891658783
10245 33552051 0.9999290406703949
10246 33552054 0.9999291300773621
10248 33552059 0.999929279088974
10249 33552061 0.9999293386936188
10250 33552064 0.9999294281005859
10251 33552071 0.9999296367168427
10252 33552078 0.9999298453330994
10253 33552085 0.9999300539493561
10254 33552087 0.9999301135540009
10255 33552089 0.9999301731586456
10256 33552097 0.9999304115772247
10257 33552101 0.9999305307865143
10258 33552105 0.9999306499958038
10259 33552112 0.9999308586120605
10260 33552114 0.9999309182167053
10261 33552116 0.9999309778213501
10262 33552119 0.9999310672283173
10263 33552122 0.9999311566352844
10264 33552127 0.9999313056468964
10265 33552131 0.9999314248561859
10266 33552135 0.9999315440654755
10267 33552139 0.999931663274765
10268 33552143 0.9999317824840546
10269 33552145 0.9999318420886993
10270 33552150 0.9999319911003113
10271 33552154 0.9999321103096008
10272 33552161 0.9999323189258575
10273 33552163 0.9999323785305023
10274 33552164 0.9999324083328247
10275 33552167 0.9999324977397919
10276 33552173 0.9999326765537262
10277 33552178 0.9999328255653381
10278 33552183 0.9999329745769501
10279 33552187 0.9999330937862396
10280 33552190 0.9999331831932068
10281 33552195 0.9999333322048187
10282 33552199 0.9999334514141083
10283 33552200 0.9999334812164307
10284 33552203 0.9999335706233978
10285 33552206 0.999933660030365
10286 33552213 0.9999338686466217
10287 33552219 0.999934047460556
10288 33552223 0.9999341666698456
10289 33552226 0.9999342560768127
10290 33552230 0.9999343752861023
10291 33552231 0.9999344050884247
10292 33552238 0.9999346137046814
10293 33552243 0.9999347627162933
10294 33552249 0.9999349415302277
10295 33552257 0.9999351799488068
10296 33552259 0.9999352395534515
10297 33552263 0.9999353587627411
10298 33552268 0.999935507774353
10299 33552273 0.999935656785965
10300 33552278 0.9999358057975769
10301 33552280 0.9999358654022217
10302 33552282 0.9999359250068665
10303 33552285 0.9999360144138336
10304 33552288 0.9999361038208008
10305 33552292 0.9999362230300903
10306 33552299 0.999936431646347
10307 33552302 0.9999365210533142
10308 33552306 0.9999366402626038
10309 33552312 0.9999368190765381
10310 33552314 0.9999368786811829
10311 33552315 0.9999369084835052
10312 33552319 0.9999370276927948
10313 33552323 0.9999371469020844
10314 33552326 0.9999372363090515
10315 33552330 0.9999373555183411
10316 33552338 0.9999375939369202
10317 33552342 0.9999377131462097
10318 33552346 0.9999378323554993
10319 33552354 0.9999380707740784
10320 33552358 0.9999381899833679
10321 33552362 0.9999383091926575
10322 33552363 0.9999383389949799
10323 33552371 0.999938577413559
10324 33552373 0.9999386370182037
10325 33552377 0.9999387562274933
10326 33552380 0.9999388456344604
10327 33552382 0.9999389052391052
10328 33552385 0.9999389946460724
10329 33552388 0.9999390840530396
10330 33552390 0.9999391436576843
10331 33552396 0.9999393224716187
10332 33552398 0.9999393820762634
10333 33552400 0.9999394416809082
10334 33552404 0.9999395608901978
10335 33552405 0.9999395906925201
10336 33552408 0.9999396800994873
10337 33552411 0.9999397695064545
10338 33552414 0.9999398589134216
10339 33552419 0.9999400079250336
10340 33552422 0.9999400973320007
10341 33552425 0.9999401867389679
10342 33552432 0.9999403953552246
10343 33552437 0.9999405443668365
10344 33552443 0.9999407231807709
10345 33552447 0.9999408423900604
10346 33552450 0.9999409317970276
10347 33552453 0.9999410212039948
10349 33552455 0.9999410808086395
10350 33552461 0.9999412596225739
10351 33552465 0.9999413788318634
10352 33552473 0.9999416172504425
10353 33552481 0.9999418556690216
10354 33552485 0.9999419748783112
10355 33552489 0.9999420940876007
10356 33552491 0.9999421536922455
10357 33552493 0.9999422132968903
10359 33552496 0.9999423027038574
10360 33552498 0.9999423623085022
10361 33552503 0.9999425113201141
10362 33552507 0.9999426305294037
10363 33552514 0.9999428391456604
10364 33552517 0.9999429285526276
10365 33552521 0.9999430477619171
10366 33552522 0.9999430775642395
10367 33552524 0.9999431371688843
10368 33552529 0.9999432861804962
10369 33552530 0.9999433159828186
10370 33552533 0.9999434053897858
10371 33552538 0.9999435544013977
10372 33552542 0.9999436736106873
10373 33552549 0.999943882226944
10374 33552553 0.9999440014362335
10375 33552555 0.9999440610408783
10376 33552558 0.9999441504478455
10377 33552559 0.9999441802501678
10378 33552563 0.9999442994594574
10379 33552568 0.9999444484710693
10380 33552570 0.9999445080757141
10381 33552576 0.9999446868896484
10382 33552577 0.9999447166919708
10383 33552579 0.9999447762966156
10384 33552581 0.9999448359012604
10385 33552584 0.9999449253082275
10386 33552588 0.9999450445175171
10387 33552591 0.9999451339244843
10388 33552592 0.9999451637268066
10389 33552600 0.9999454021453857
10390 33552604 0.9999455213546753
10391 33552607 0.9999456107616425
10392 33552609 0.9999456703662872
10393 33552616 0.999945878982544
10394 33552619 0.9999459683895111
10395 33552620 0.9999459981918335
10396 33552622 0.9999460577964783
10397 33552625 0.9999461472034454
10399 33552630 0.9999462962150574
10400 33552633 0.9999463856220245
10401 33552636 0.9999464750289917
10402 33552643 0.9999466836452484
10403 33552645 0.9999467432498932
10404 33552648 0.9999468326568604
10405 33552651 0.9999469220638275
10406 33552654 0.9999470114707947
10407 33552659 0.9999471604824066
10408 33552661 0.9999472200870514
10409 33552665 0.9999473392963409
10410 33552667 0.9999473989009857
10411 33552671 0.9999475181102753
10412 33552672 0.9999475479125977
10413 33552674 0.9999476075172424
10414 33552675 0.9999476373195648
10415 33552679 0.9999477565288544
10417 33552682 0.9999478459358215
10418 33552688 0.9999480247497559
10419 33552692 0.9999481439590454
10421 33552695 0.9999482333660126
10422 33552699 0.9999483525753021
10423 33552703 0.9999484717845917
10424 33552706 0.9999485611915588
10425 33552707 0.9999485909938812
10426 33552711 0.9999487102031708
10427 33552713 0.9999487698078156
10428 33552714 0.9999487996101379
10429 33552715 0.9999488294124603
10430 33552717 0.9999488890171051
10431 33552718 0.9999489188194275
10432 33552722 0.999949038028717
10433 33552727 0.999949187040329
10434 33552729 0.9999492466449738
10435 33552730 0.9999492764472961
10436 33552732 0.9999493360519409
10437 33552735 0.9999494254589081
10438 33552736 0.9999494552612305
10439 33552740 0.99994957447052
10440 33552746 0.9999497532844543
10441 33552749 0.9999498426914215
10442 33552753 0.9999499619007111
10443 33552758 0.999950110912323
10445 33552762 0.9999502301216125
10446 33552766 0.9999503493309021
10447 33552769 0.9999504387378693
10448 33552774 0.9999505877494812
10450 33552778 0.9999507069587708
10451 33552780 0.9999507665634155
10452 33552782 0.9999508261680603
10453 33552783 0.9999508559703827
10454 33552786 0.9999509453773499
10455 33552789 0.999951034784317
10456 33552793 0.9999511539936066
10457 33552795 0.9999512135982513
10458 33552800 0.9999513626098633
10459 33552803 0.9999514520168304
10460 33552807 0.99995157122612
10461 33552810 0.9999516606330872
10462 33552812 0.9999517202377319
10463 33552819 0.9999519288539886
10464 33552824 0.9999520778656006
10465 33552828 0.9999521970748901
10466 33552830 0.9999522566795349
10468 33552832 0.9999523162841797
10469 33552834 0.9999523758888245
10470 33552838 0.999952495098114
10471 33552841 0.9999525845050812
10472 33552844 0.9999526739120483
10473 33552848 0.9999527931213379
10474 33552852 0.9999529123306274
10475 33552855 0.9999530017375946
10476 33552858 0.9999530911445618
10477 33552859 0.9999531209468842
10478 33552863 0.9999532401561737
10479 33552865 0.9999532997608185
10480 33552869 0.999953418970108
10481 33552873 0.9999535381793976
10482 33552877 0.9999536573886871
10483 33552878 0.9999536871910095
10484 33552881 0.9999537765979767
10485 33552882 0.9999538064002991
10486 33552884 0.9999538660049438
10487 33552889 0.9999540150165558
10488 33552891 0.9999540746212006
10490 33552895 0.9999541938304901
10491 33552902 0.9999544024467468
10493 33552908 0.9999545812606812
10494 33552911 0.9999546706676483
10495 33552915 0.9999547898769379
10496 33552917 0.9999548494815826
10497 33552923 0.999955028295517
10498 33552929 0.9999552071094513
10499 33552931 0.9999552667140961
10501 33552933 0.9999553263187408
10502 33552937 0.9999554455280304
10503 33552939 0.9999555051326752
10504 33552941 0.99995556473732
10505 33552943 0.9999556243419647
10506 33552946 0.9999557137489319
10507 33552948 0.9999557733535767
10508 33552950 0.9999558329582214
10509 33552952 0.9999558925628662
10510 33552958 0.9999560713768005
10511 33552963 0.9999562203884125
10512 33552966 0.9999563097953796
10514 33552968 0.9999563694000244
10516 33552971 0.9999564588069916
10517 33552974 0.9999565482139587
10518 33552978 0.9999566674232483
10519 33552980 0.9999567270278931
10520 33552983 0.9999568164348602
10521 33552985 0.999956876039505
10522 33552987 0.9999569356441498
10523 33552992 0.9999570846557617
10524 33552995 0.9999571740627289
10525 33552997 0.9999572336673737
10526 33553000 0.9999573230743408
10529 33553004 0.9999574422836304
10530 33553009 0.9999575912952423
10531 33553012 0.9999576807022095
10532 33553014 0.9999577403068542
10533 33553016 0.999957799911499
10534 33553018 0.9999578595161438
10535 33553022 0.9999579787254333
10536 33553027 0.9999581277370453
10537 33553030 0.9999582171440125
10538 33553031 0.9999582469463348
10539 33553036 0.9999583959579468
10540 33553038 0.9999584555625916
10541 33553039 0.9999584853649139
10542 33553043 0.9999586045742035
10543 33553049 0.9999587833881378
10544 33553051 0.9999588429927826
10545 33553057 0.9999590218067169
10546 33553063 0.9999592006206512
10547 33553064 0.9999592304229736
10548 33553067 0.9999593198299408
10549 33553069 0.9999593794345856
10550 33553071 0.9999594390392303
10551 33553077 0.9999596178531647
10554 33553081 0.9999597370624542
10555 33553084 0.9999598264694214
10556 33553087 0.9999599158763885
10557 33553088 0.9999599456787109
10558 33553092 0.9999600648880005
10559 33553093 0.9999600946903229
10560 33553097 0.9999602138996124
10561 33553098 0.9999602437019348
10562 33553100 0.9999603033065796
10563 33553102 0.9999603629112244
10564 33553104 0.9999604225158691
10565 33553111 0.9999606311321259
10566 33553115 0.9999607503414154
10567 33553117 0.9999608099460602
10568 33553122 0.9999609589576721
10569 33553125 0.9999610483646393
10570 33553128 0.9999611377716064
10571 33553129 0.9999611675739288
10572 33553137 0.9999614059925079
10573 33553139 0.9999614655971527
10574 33553142 0.9999615550041199
10575 33553146 0.9999616742134094
10576 33553148 0.9999617338180542
10577 33553151 0.9999618232250214
10578 33553156 0.9999619722366333
10579 33553160 0.9999620914459229
10581 33553162 0.9999621510505676
10582 33553166 0.9999622702598572
10583 33553168 0.999962329864502
10584 33553172 0.9999624490737915
10585 33553174 0.9999625086784363
10586 33553176 0.999962568283081
10587 33553179 0.9999626576900482
10588 33553184 0.9999628067016602
10589 33553186 0.9999628663063049
10590 33553188 0.9999629259109497
10591 33553191 0.9999630153179169
10592 33553193 0.9999630749225616
10594 33553195 0.9999631345272064
10595 33553200 0.9999632835388184
10596 33553203 0.9999633729457855
10597 33553207 0.9999634921550751
10598 33553210 0.9999635815620422
10599 33553214 0.9999637007713318
10600 33553217 0.999963790178299
10601 33553219 0.9999638497829437
10602 33553221 0.9999639093875885
10603 33553225 0.999964028596878
10604 33553227 0.9999640882015228
10605 33553231 0.9999642074108124
10606 33553232 0.9999642372131348
10607 33553234 0.9999642968177795
10608 33553235 0.9999643266201019
10609 33553239 0.9999644458293915
10610 33553242 0.9999645352363586
10611 33553247 0.9999646842479706
10612 33553251 0.9999648034572601
10613 33553254 0.9999648928642273
10614 33553257 0.9999649822711945
10615 33553262 0.9999651312828064
10616 33553264 0.9999651908874512
10617 33553265 0.9999652206897736
10618 33553269 0.9999653398990631
10619 33553270 0.9999653697013855
10620 33553272 0.9999654293060303
10621 33553273 0.9999654591083527
10622 33553274 0.999965488910675
10623 33553277 0.9999655783176422
10624 33553280 0.9999656677246094
10625 33553282 0.9999657273292542
10626 33553284 0.9999657869338989
10628 33553287 0.9999658763408661
10629 33553291 0.9999659955501556
10630 33553296 0.9999661445617676
10631 33553297 0.99996617436409
10632 33553302 0.9999663233757019
10633 33553304 0.9999663829803467
10634 33553305 0.9999664127826691
10635 33553307 0.9999664723873138
10636 33553310 0.999966561794281
10637 33553312 0.9999666213989258
10638 33553315 0.9999667108058929
10639 33553318 0.9999668002128601
10640 33553320 0.9999668598175049
10641 33553323 0.999966949224472
10642 33553326 0.9999670386314392
10644 33553327 0.9999670684337616
10645 33553329 0.9999671280384064
10646 33553331 0.9999671876430511
10647 33553333 0.9999672472476959
10648 33553334 0.9999672770500183
10649 33553335 0.9999673068523407
10651 33553339 0.9999674260616302
10652 33553340 0.9999674558639526
10653 33553343 0.9999675452709198
10654 33553346 0.999967634677887
10655 33553349 0.9999677240848541
10656 33553351 0.9999677836894989
10657 33553354 0.9999678730964661
10658 33553357 0.9999679625034332
10659 33553359 0.999968022108078
10660 33553362 0.9999681115150452
10661 33553366 0.9999682307243347
10662 33553369 0.9999683201313019
10663 33553374 0.9999684691429138
10665 33553375 0.9999684989452362
10666 33553378 0.9999685883522034
10667 33553380 0.9999686479568481
10668 33553386 0.9999688267707825
10669 33553391 0.9999689757823944
10670 33553395 0.999969094991684
10671 33553397 0.9999691545963287
10672 33553401 0.9999692738056183
10673 33553402 0.9999693036079407
10674 33553404 0.9999693632125854
10676 33553405 0.9999693930149078
10677 33553410 0.9999695420265198
10678 33553412 0.9999696016311646
10679 33553413 0.9999696314334869
10680 33553415 0.9999696910381317
10681 33553417 0.9999697506427765
10682 33553420 0.9999698400497437
10683 33553426 0.999970018863678
10684 33553431 0.9999701678752899
10685 33553435 0.9999702870845795
10686 33553438 0.9999703764915466
10687 33553439 0.999970406293869
10688 33553440 0.9999704360961914
10689 33553445 0.9999705851078033
10690 33553447 0.9999706447124481
10691 33553452 0.9999707937240601
10693 33553456 0.9999709129333496
10694 33553458 0.9999709725379944
10695 33553459 0.9999710023403168
10696 33553461 0.9999710619449615
10698 33553462 0.9999710917472839
10699 33553465 0.9999711811542511
10700 33553467 0.9999712407588959
10701 33553468 0.9999712705612183
10702 33553469 0.9999713003635406
10703 33553470 0.999971330165863
10705 33553475 0.999971479177475
10706 33553479 0.9999715983867645
10707 33553483 0.9999717175960541
10708 33553485 0.9999717772006989
10709 33553491 0.9999719560146332
10710 33553495 0.9999720752239227
10711 33553499 0.9999721944332123
10712 33553500 0.9999722242355347
10713 33553504 0.9999723434448242
10714 33553508 0.9999724626541138
10715 33553509 0.9999724924564362
10716 33553512 0.9999725818634033
10717 33553516 0.9999727010726929
10718 33553517 0.9999727308750153
10720 33553520 0.9999728202819824
10721 33553523 0.9999729096889496
10722 33553525 0.9999729692935944
10723 33553532 0.9999731779098511
10724 33553533 0.9999732077121735
10725 33553534 0.9999732375144958
10726 33553537 0.999973326921463
10727 33553540 0.9999734163284302
10728 33553544 0.9999735355377197
10729 33553547 0.9999736249446869
10730 33553548 0.9999736547470093
10731 33553550 0.999973714351654
10732 33553554 0.9999738335609436
10733 33553557 0.9999739229679108
10734 33553559 0.9999739825725555
10735 33553561 0.9999740421772003
10738 33553567 0.9999742209911346
10739 33553570 0.9999743103981018
10740 33553574 0.9999744296073914
10741 33553577 0.9999745190143585
10744 33553579 0.9999745786190033
10745 33553581 0.9999746382236481
10746 33553587 0.9999748170375824
10747 33553588 0.9999748468399048
10748 33553592 0.9999749660491943
10750 33553598 0.9999751448631287
10751 33553599 0.999975174665451
10752 33553605 0.9999753534793854
10753 33553608 0.9999754428863525
10754 33553613 0.9999755918979645
10755 33553617 0.999975711107254
10756 33553619 0.9999757707118988
10757 33553623 0.9999758899211884
10758 33553624 0.9999759197235107
10759 33553628 0.9999760389328003
10760 33553632 0.9999761581420898
10761 33553633 0.9999761879444122
10762 33553634 0.9999762177467346
10763 33553636 0.9999762773513794
10764 33553640 0.999976396560669
10766 33553643 0.9999764859676361
10767 33553647 0.9999766051769257
10768 33553649 0.9999766647815704
10769 33553652 0.9999767541885376
10770 33553653 0.99997678399086
10771 33553655 0.9999768435955048
10772 33553660 0.9999769926071167
10773 33553662 0.9999770522117615
10774 33553664 0.9999771118164062
10775 33553669 0.9999772608280182
10776 33553670 0.9999772906303406
10777 33553671 0.999977320432663
10778 33553672 0.9999773502349854
10779 33553673 0.9999773800373077
10780 33553674 0.9999774098396301
10781 33553675 0.9999774396419525
10782 33553678 0.9999775290489197
10783 33553680 0.9999775886535645
10784 33553683 0.9999776780605316
10785 33553688 0.9999778270721436
10786 33553691 0.9999779164791107
10787 33553692 0.9999779462814331
10788 33553694 0.9999780058860779
10789 33553696 0.9999780654907227
10790 33553698 0.9999781250953674
10792 33553700 0.9999781847000122
10793 33553702 0.999978244304657
10795 33553706 0.9999783635139465
10796 33553708 0.9999784231185913
10797 33553711 0.9999785125255585
10798 33553713 0.9999785721302032
10799 33553715 0.999978631734848
10800 33553716 0.9999786615371704
10801 33553717 0.9999786913394928
10803 33553718 0.9999787211418152
10804 33553719 0.9999787509441376
10805 33553721 0.9999788105487823
10806 33553723 0.9999788701534271
10807 33553725 0.9999789297580719
10808 33553726 0.9999789595603943
10809 33553727 0.9999789893627167
10810 33553731 0.9999791085720062
10811 33553733 0.999979168176651
10812 33553734 0.9999791979789734
10813 33553736 0.9999792575836182
10814 33553739 0.9999793469905853
10815 33553740 0.9999793767929077
10817 33553742 0.9999794363975525
10819 33553746 0.999979555606842
10820 33553748 0.9999796152114868
10821 33553751 0.999979704618454
10823 33553752 0.9999797344207764
10824 33553757 0.9999798834323883
10825 33553760 0.9999799728393555
10826 33553762 0.9999800324440002
10827 33553764 0.999980092048645
10828 33553771 0.9999803006649017
10829 33553772 0.9999803304672241
10831 33553775 0.9999804198741913
10832 33553777 0.9999804794788361
10833 33553778 0.9999805092811584
10834 33553779 0.9999805390834808
10835 33553781 0.9999805986881256
10836 33553783 0.9999806582927704
10837 33553785 0.9999807178974152
10838 33553788 0.9999808073043823
10840 33553791 0.9999808967113495
10841 33553792 0.9999809265136719
10842 33553795 0.999981015920639
10843 33553800 0.999981164932251
10844 33553805 0.9999813139438629
10845 33553808 0.9999814033508301
10848 33553810 0.9999814629554749
10849 33553812 0.9999815225601196
10851 33553815 0.9999816119670868
10852 33553816 0.9999816417694092
10853 33553817 0.9999816715717316
10854 33553820 0.9999817609786987
10855 33553821 0.9999817907810211
10856 33553822 0.9999818205833435
10857 33553824 0.9999818801879883
10858 33553827 0.9999819695949554
10859 33553829 0.9999820291996002
10860 33553833 0.9999821484088898
10861 33553835 0.9999822080135345
10862 33553836 0.9999822378158569
10863 33553838 0.9999822974205017
10864 33553839 0.9999823272228241
10865 33553841 0.9999823868274689
10868 33553845 0.9999825060367584
10869 33553849 0.999982625246048
10871 33553852 0.9999827146530151
10872 33553854 0.9999827742576599
10873 33553855 0.9999828040599823
10874 33553856 0.9999828338623047
10875 33553859 0.9999829232692719
10877 33553861 0.9999829828739166
10878 33553862 0.999983012676239
10879 33553864 0.9999830722808838
10880 33553865 0.9999831020832062
10882 33553868 0.9999831914901733
10883 33553871 0.9999832808971405
10884 33553872 0.9999833106994629
10886 33553875 0.99998340010643
10887 33553876 0.9999834299087524
10888 33553877 0.9999834597110748
10889 33553879 0.9999835193157196
10890 33553881 0.9999835789203644
10891 33553884 0.9999836683273315
10893 33553885 0.9999836981296539
10895 33553886 0.9999837279319763
10896 33553887 0.9999837577342987
10897 33553888 0.9999837875366211
10898 33553889 0.9999838173389435
10899 33553891 0.9999838769435883
10900 33553893 0.999983936548233
10901 33553894 0.9999839663505554
10902 33553898 0.999984085559845
10905 33553899 0.9999841153621674
10907 33553901 0.9999841749668121
10908 33553904 0.9999842643737793
10909 33553906 0.9999843239784241
10911 33553908 0.9999843835830688
10912 33553911 0.999984472990036
10913 33553913 0.9999845325946808
10915 33553914 0.9999845623970032
10917 33553915 0.9999845921993256
10918 33553919 0.9999847114086151
10920 33553920 0.9999847412109375
10921 33553921 0.9999847710132599
10922 33553922 0.9999848008155823
10924 33553926 0.9999849200248718
10927 33553927 0.9999849498271942
10928 33553928 0.9999849796295166
10929 33553929 0.999985009431839
10930 33553931 0.9999850690364838
10932 33553932 0.9999850988388062
10933 33553933 0.9999851286411285
10934 33553934 0.9999851584434509
10936 33553938 0.9999852776527405
10938 33553939 0.9999853074550629
10939 33553940 0.9999853372573853
10943 33553942 0.99998539686203
10944 33553943 0.9999854266643524
10946 33553944 0.9999854564666748
10947 33553946 0.9999855160713196
10950 33553950 0.9999856352806091
10951 33553951 0.9999856650829315
10953 33553952 0.9999856948852539
10954 33553953 0.9999857246875763
10955 33553954 0.9999857544898987
10957 33553955 0.9999857842922211
10958 33553956 0.9999858140945435
10960 33553957 0.9999858438968658
10962 33553958 0.9999858736991882
10963 33553961 0.9999859631061554
10964 33553962 0.9999859929084778
10965 33553963 0.9999860227108002
10968 33553964 0.9999860525131226
10969 33553965 0.999986082315445
10971 33553966 0.9999861121177673
10975 33553969 0.9999862015247345
10977 33553970 0.9999862313270569
10981 33553972 0.9999862909317017
10983 33553973 0.999986320734024
10986 33553976 0.9999864101409912
10990 33553977 0.9999864399433136
10991 33553978 0.999986469745636
10994 33553979 0.9999864995479584
10996 33553980 0.9999865293502808
10998 33553983 0.9999866187572479
10999 33553984 0.9999866485595703
11001 33553985 0.9999866783618927
11004 33553986 0.9999867081642151
11005 33553988 0.9999867677688599
11010 33553989 0.9999867975711823
11018 33553991 0.999986857175827
11019 33553992 0.9999868869781494
11021 33553993 0.9999869167804718
11024 33553994 0.9999869465827942
11025 33553995 0.9999869763851166
11026 33553996 0.999987006187439
11028 33553997 0.9999870359897614
11029 33553998 0.9999870657920837
11030 33553999 0.9999870955944061
11031 33554001 0.9999871551990509
11033 33554002 0.9999871850013733
11035 33554004 0.9999872446060181
11037 33554005 0.9999872744083405
11038 33554008 0.9999873638153076
11045 33554009 0.99998739361763
11049 33554010 0.9999874234199524
11051 33554011 0.9999874532222748
11052 33554012 0.9999874830245972
11055 33554013 0.9999875128269196
11056 33554014 0.9999875426292419
11058 33554015 0.9999875724315643
11059 33554016 0.9999876022338867
11062 33554017 0.9999876320362091
11066 33554018 0.9999876618385315
11076 33554020 0.9999877214431763
11078 33554022 0.999987781047821
11080 33554024 0.9999878406524658
11087 33554025 0.9999878704547882
11090 33554026 0.9999879002571106
11096 33554028 0.9999879598617554
11097 33554029 0.9999879896640778
11099 33554031 0.9999880492687225
11103 33554032 0.9999880790710449
11108 33554033 0.9999881088733673
11111 33554034 0.9999881386756897
11116 33554035 0.9999881684780121
11119 33554036 0.9999881982803345
11122 33554037 0.9999882280826569
11129 33554040 0.999988317489624
11132 33554041 0.9999883472919464
11135 33554042 0.9999883770942688
11138 33554043 0.9999884068965912
11143 33554044 0.9999884366989136
11144 33554045 0.999988466501236
11145 33554046 0.9999884963035583
11147 33554047 0.9999885261058807
11171 33554048 0.9999885559082031
11173 33554049 0.9999885857105255
11175 33554050 0.9999886155128479
11181 33554051 0.9999886453151703
11185 33554052 0.9999886751174927
11188 33554053 0.9999887049198151
11192 33554054 0.9999887347221375
11193 33554056 0.9999887943267822
11198 33554057 0.9999888241291046
11208 33554058 0.999988853931427
11214 33554059 0.9999888837337494
11219 33554061 0.9999889433383942
11227 33554062 0.9999889731407166
11229 33554063 0.9999890029430389
11242 33554064 0.9999890327453613
11247 33554065 0.9999890625476837
11264 33554066 0.9999890923500061
11268 33554067 0.9999891221523285
11272 33554068 0.9999891519546509
11290 33554069 0.9999891817569733
11291 33554070 0.9999892115592957
11297 33554071 0.999989241361618
11300 33554072 0.9999892711639404
11301 33554073 0.9999893009662628
11309 33554074 0.9999893307685852
11311 33554075 0.9999893605709076
11314 33554076 0.99998939037323
11317 33554077 0.9999894201755524
11322 33554078 0.9999894499778748
11336 33554079 0.9999894797801971
11339 33554080 0.9999895095825195
11351 33554081 0.9999895393848419
11352 33554082 0.9999895691871643
11357 33554083 0.9999895989894867
11360 33554084 0.9999896287918091
11362 33554086 0.9999896883964539
11365 33554087 0.9999897181987762
11366 33554088 0.9999897480010986
11368 33554089 0.999989777803421
11371 33554090 0.9999898076057434
11373 33554091 0.9999898374080658
11374 33554092 0.9999898672103882
11387 33554094 0.999989926815033
11390 33554095 0.9999899566173553
11409 33554096 0.9999899864196777
11423 33554097 0.9999900162220001
11430 33554098 0.9999900460243225
11434 33554100 0.9999901056289673
11437 33554101 0.9999901354312897
11438 33554102 0.9999901652336121
11439 33554103 0.9999901950359344
11443 33554104 0.9999902248382568
11456 33554105 0.9999902546405792
11458 33554106 0.9999902844429016
11462 33554107 0.999990314245224
11463 33554108 0.9999903440475464
11472 33554109 0.9999903738498688
11475 33554110 0.9999904036521912
11489 33554111 0.9999904334545135
11491 33554112 0.9999904632568359
11495 33554113 0.9999904930591583
11501 33554115 0.9999905526638031
11507 33554116 0.9999905824661255
11513 33554117 0.9999906122684479
11521 33554118 0.9999906420707703
11524 33554119 0.9999906718730927
11528 33554120 0.999990701675415
11529 33554121 0.9999907314777374
11532 33554122 0.9999907612800598
11545 33554123 0.9999907910823822
11549 33554124 0.9999908208847046
11550 33554125 0.999990850687027
11559 33554126 0.9999908804893494
11560 33554127 0.9999909102916718
11562 33554128 0.9999909400939941
11568 33554129 0.9999909698963165
11574 33554130 0.9999909996986389
11575 33554131 0.9999910295009613
11576 33554133 0.9999910891056061
11577 33554134 0.9999911189079285
11579 33554135 0.9999911487102509
11581 33554136 0.9999911785125732
11584 33554137 0.9999912083148956
11599 33554138 0.999991238117218
11604 33554139 0.9999912679195404
11605 33554140 0.9999912977218628
11609 33554141 0.9999913275241852
11617 33554142 0.9999913573265076
11621 33554143 0.99999138712883
11640 33554144 0.9999914169311523
11643 33554145 0.9999914467334747
11646 33554146 0.9999914765357971
11663 33554147 0.9999915063381195
11671 33554148 0.9999915361404419
11677 33554149 0.9999915659427643
11685 33554150 0.9999915957450867
11686 33554151 0.9999916255474091
11698 33554152 0.9999916553497314
11702 33554153 0.9999916851520538
11712 33554154 0.9999917149543762
11713 33554155 0.9999917447566986
11720 33554156 0.999991774559021
11722 33554157 0.9999918043613434
11724 33554158 0.9999918341636658
11727 33554159 0.9999918639659882
11728 33554160 0.9999918937683105
11730 33554161 0.9999919235706329
11732 33554162 0.9999919533729553
11737 33554163 0.9999919831752777
11745 33554164 0.9999920129776001
11752 33554165 0.9999920427799225
11757 33554166 0.9999920725822449
11759 33554167 0.9999921023845673
11761 33554169 0.999992161989212
11778 33554170 0.9999921917915344
11781 33554171 0.9999922215938568
11784 33554172 0.9999922513961792
11795 33554173 0.9999922811985016
11797 33554174 0.999992311000824
11807 33554175 0.9999923408031464
11820 33554176 0.9999923706054688
11822 33554177 0.9999924004077911
11828 33554178 0.9999924302101135
11848 33554179 0.9999924600124359
11851 33554180 0.9999924898147583
11900 33554181 0.9999925196170807
11901 33554182 0.9999925494194031
11909 33554183 0.9999925792217255
11926 33554184 0.9999926090240479
11933 33554185 0.9999926388263702
11942 33554186 0.9999926686286926
11952 33554187 0.999992698431015
11960 33554188 0.9999927282333374
11971 33554189 0.9999927580356598
12047 33554190 0.9999927878379822
12060 33554191 0.9999928176403046
12066 33554192 0.999992847442627
12074 33554194 0.9999929070472717
12085 33554195 0.9999929368495941
12105 33554196 0.9999929666519165
12139 33554197 0.9999929964542389
12146 33554198 0.9999930262565613
12147 33554199 0.9999930560588837
12176 33554200 0.999993085861206
12179 33554201 0.9999931156635284
12183 33554202 0.9999931454658508
12184 33554203 0.9999931752681732
12186 33554204 0.9999932050704956
12187 33554205 0.999993234872818
12189 33554206 0.9999932646751404
12198 33554207 0.9999932944774628
12199 33554208 0.9999933242797852
12214 33554209 0.9999933540821075
12215 33554210 0.9999933838844299
12219 33554212 0.9999934434890747
12231 33554213 0.9999934732913971
12232 33554214 0.9999935030937195
12234 33554215 0.9999935328960419
12272 33554216 0.9999935626983643
12281 33554217 0.9999935925006866
12299 33554218 0.999993622303009
12315 33554219 0.9999936521053314
12316 33554220 0.9999936819076538
12318 33554221 0.9999937117099762
12328 33554222 0.9999937415122986
12334 33554223 0.999993771314621
12336 33554224 0.9999938011169434
12341 33554225 0.9999938309192657
12343 33554226 0.9999938607215881
12348 33554227 0.9999938905239105
12375 33554228 0.9999939203262329
12378 33554229 0.9999939501285553
12403 33554230 0.9999939799308777
12424 33554231 0.9999940097332001
12426 33554232 0.9999940395355225
12430 33554233 0.9999940693378448
12444 33554234 0.9999940991401672
12472 33554235 0.9999941289424896
12474 33554236 0.999994158744812
12484 33554237 0.9999941885471344
12489 33554238 0.9999942183494568
12526 33554239 0.9999942481517792
12534 33554240 0.9999942779541016
12566 33554241 0.999994307756424
12567 33554242 0.9999943375587463
12575 33554243 0.9999943673610687
12580 33554244 0.9999943971633911
12592 33554245 0.9999944269657135
12599 33554246 0.9999944567680359
12636 33554247 0.9999944865703583
12642 33554248 0.9999945163726807
12684 33554249 0.999994546175003
12686 33554250 0.9999945759773254
12692 33554251 0.9999946057796478
12693 33554252 0.9999946355819702
12726 33554253 0.9999946653842926
12787 33554254 0.999994695186615
12796 33554255 0.9999947249889374
12896 33554256 0.9999947547912598
12930 33554258 0.9999948143959045
13007 33554259 0.9999948441982269
13038 33554260 0.9999948740005493
13052 33554261 0.9999949038028717
13059 33554262 0.9999949336051941
13126 33554263 0.9999949634075165
13129 33554264 0.9999949932098389
13134 33554265 0.9999950230121613
13185 33554266 0.9999950528144836
13220 33554267 0.999995082616806
13253 33554268 0.9999951124191284
13279 33554269 0.9999951422214508
13361 33554270 0.9999951720237732
13362 33554271 0.9999952018260956
13393 33554272 0.999995231628418
13397 33554273 0.9999952614307404
13411 33554274 0.9999952912330627
13454 33554275 0.9999953210353851
13474 33554276 0.9999953508377075
13505 33554277 0.9999953806400299
13542 33554278 0.9999954104423523
13584 33554279 0.9999954402446747
13633 33554280 0.9999954700469971
13648 33554281 0.9999954998493195
13694 33554282 0.9999955296516418
13695 33554283 0.9999955594539642
13710 33554284 0.9999955892562866
13729 33554285 0.999995619058609
13787 33554286 0.9999956488609314
13828 33554287 0.9999956786632538
13836 33554288 0.9999957084655762
13841 33554289 0.9999957382678986
13886 33554290 0.999995768070221
13933 33554291 0.9999957978725433
13938 33554292 0.9999958276748657
13971 33554293 0.9999958574771881
13973 33554294 0.9999958872795105
13993 33554295 0.9999959170818329
14022 33554296 0.9999959468841553
14079 33554297 0.9999959766864777
14125 33554298 0.9999960064888
14181 33554299 0.9999960362911224
14184 33554300 0.9999960660934448
14190 33554301 0.9999960958957672
14216 33554302 0.9999961256980896
14232 33554303 0.999996155500412
14331 33554304 0.9999961853027344
14388 33554305 0.9999962151050568
14488 33554306 0.9999962449073792
14510 33554307 0.9999962747097015
14529 33554308 0.9999963045120239
14550 33554309 0.9999963343143463
14610 33554310 0.9999963641166687
14800 33554311 0.9999963939189911
14831 33554312 0.9999964237213135
14859 33554313 0.9999964535236359
14868 33554314 0.9999964833259583
15148 33554315 0.9999965131282806
15201 33554316 0.999996542930603
15236 33554317 0.9999965727329254
15312 33554318 0.9999966025352478
15328 33554319 0.9999966323375702
15436 33554320 0.9999966621398926
15566 33554321 0.999996691942215
15593 33554322 0.9999967217445374
15766 33554323 0.9999967515468597
15845 33554324 0.9999967813491821
15857 33554325 0.9999968111515045
15899 33554326 0.9999968409538269
16019 33554327 0.9999968707561493
16069 33554328 0.9999969005584717
16218 33554329 0.9999969303607941
16238 33554330 0.9999969601631165
16280 33554331 0.9999969899654388
16367 33554332 0.9999970197677612
16370 33554333 0.9999970495700836
16639 33554334 0.999997079372406
16665 33554335 0.9999971091747284
16668 33554336 0.9999971389770508
16706 33554337 0.9999971687793732
16785 33554338 0.9999971985816956
16834 33554339 0.9999972283840179
16854 33554340 0.9999972581863403
16886 33554341 0.9999972879886627
16980 33554342 0.9999973177909851
17032 33554343 0.9999973475933075
17063 33554344 0.9999973773956299
17075 33554345 0.9999974071979523
17129 33554346 0.9999974370002747
17141 33554347 0.999997466802597
17290 33554348 0.9999974966049194
17378 33554349 0.9999975264072418
17406 33554350 0.9999975562095642
17456 33554351 0.9999975860118866
17459 33554352 0.999997615814209
17515 33554353 0.9999976456165314
17571 33554354 0.9999976754188538
17582 33554355 0.9999977052211761
17610 33554356 0.9999977350234985
17627 33554357 0.9999977648258209
17630 33554358 0.9999977946281433
17683 33554359 0.9999978244304657
17728 33554360 0.9999978542327881
17748 33554361 0.9999978840351105
17771 33554362 0.9999979138374329
17969 33554363 0.9999979436397552
18004 33554364 0.9999979734420776
18204 33554365 0.9999980032444
18238 33554366 0.9999980330467224
18328 33554367 0.9999980628490448
18455 33554368 0.9999980926513672
18508 33554369 0.9999981224536896
18552 33554370 0.999998152256012
18625 33554371 0.9999981820583344
18676 33554372 0.9999982118606567
18806 33554373 0.9999982416629791
19038 33554374 0.9999982714653015
19092 33554375 0.9999983012676239
19348 33554376 0.9999983310699463
19503 33554377 0.9999983608722687
19742 33554378 0.9999983906745911
19816 33554379 0.9999984204769135
19833 33554380 0.9999984502792358
19843 33554381 0.9999984800815582
20105 33554382 0.9999985098838806
20116 33554383 0.999998539686203
20162 33554384 0.9999985694885254
20270 33554385 0.9999985992908478
20350 33554386 0.9999986290931702
20416 33554387 0.9999986588954926
20474 33554388 0.9999986886978149
20559 33554389 0.9999987185001373
20865 33554390 0.9999987483024597
21314 33554391 0.9999987781047821
21378 33554392 0.9999988079071045
21519 33554393 0.9999988377094269
21884 33554394 0.9999988675117493
22216 33554395 0.9999988973140717
23541 33554396 0.999998927116394
23564 33554397 0.9999989569187164
24821 33554398 0.9999989867210388
25310 33554399 0.9999990165233612
25346 33554400 0.9999990463256836
26441 33554401 0.999999076128006
27205 33554402 0.9999991059303284
28900 33554403 0.9999991357326508
30865 33554404 0.9999991655349731
31233 33554405 0.9999991953372955
33492 33554406 0.9999992251396179
78064 33554407 0.9999992549419403
86005 33554408 0.9999992847442627
87026 33554409 0.9999993145465851
94920 33554410 0.9999993443489075
131110 33554411 0.9999993741512299
251457 33554412 0.9999994039535522
279634 33554413 0.9999994337558746
293117 33554414 0.999999463558197
295371 33554415 0.9999994933605194
298401 33554416 0.9999995231628418
299551 33554417 0.9999995529651642
300490 33554418 0.9999995827674866
301095 33554419 0.999999612569809
301933 33554420 0.9999996423721313
306087 33554421 0.9999996721744537
309146 33554422 0.9999997019767761
315840 33554423 0.9999997317790985
319686 33554424 0.9999997615814209
329457 33554425 0.9999997913837433
330243 33554426 0.9999998211860657
330965 33554427 0.9999998509883881
349840 33554428 0.9999998807907104
416160 33554429 0.9999999105930328
442954 33554430 0.9999999403953552
501763 33554431 0.9999999701976776
506821 33554432 1.0
