6013 1 2.9802322387695312e-08
6015 2 5.960464477539063e-08
6019 3 8.940696716308594e-08
6020 4 1.1920928955078125e-07
6032 5 1.4901161193847656e-07
6033 6 1.7881393432617188e-07
6034 8 2.384185791015625e-07
6041 9 2.682209014892578e-07
6042 10 2.980232238769531e-07
6043 11 3.2782554626464844e-07
6045 13 3.8743019104003906e-07
6047 15 4.470348358154297e-07
6048 16 4.76837158203125e-07
6049 17 5.066394805908203e-07
6050 19 5.662441253662109e-07
6051 22 6.556510925292969e-07
6052 24 7.152557373046875e-07
6053 25 7.450580596923828e-07
6054 26 7.748603820800781e-07
6056 28 8.344650268554688e-07
6058 29 8.642673492431641e-07
6059 30 8.940696716308594e-07
6061 31 9.238719940185547e-07
6062 33 9.834766387939453e-07
6063 35 1.043081283569336e-06
6064 37 1.1026859283447266e-06
6065 39 1.1622905731201172e-06
6066 42 1.2516975402832031e-06
6067 48 1.430511474609375e-06
6068 49 1.4603137969970703e-06
6069 52 1.5497207641601562e-06
6070 54 1.6093254089355469e-06
6072 58 1.7285346984863281e-06
6073 59 1.7583370208740234e-06
6074 65 1.9371509552001953e-06
6075 67 1.996755599975586e-06
6076 69 2.0563602447509766e-06
6077 73 2.175569534301758e-06
6078 74 2.205371856689453e-06
6079 78 2.3245811462402344e-06
6080 82 2.4437904357910156e-06
6081 84 2.5033950805664062e-06
6082 87 2.592802047729492e-06
6083 90 2.682209014892578e-06
6084 95 2.8312206268310547e-06
6085 100 2.9802322387695312e-06
6086 107 3.1888484954833984e-06
6087 111 3.3080577850341797e-06
6088 117 3.4868717193603516e-06
6089 122 3.635883331298828e-06
6090 129 3.844499588012695e-06
6091 135 4.023313522338867e-06
6092 140 4.172325134277344e-06
6093 146 4.351139068603516e-06
6094 153 4.559755325317383e-06
6095 158 4.708766937255859e-06
6096 165 4.9173831939697266e-06
6097 174 5.185604095458984e-06
6098 179 5.334615707397461e-06
6099 187 5.5730342864990234e-06
6100 196 5.841255187988281e-06
6101 201 5.990266799926758e-06
6102 209 6.22868537902832e-06
6103 216 6.4373016357421875e-06
6104 220 6.556510925292969e-06
6105 225 6.705522537231445e-06
6106 234 6.973743438720703e-06
6107 242 7.212162017822266e-06
6108 253 7.539987564086914e-06
6109 260 7.748603820800781e-06
6110 266 7.927417755126953e-06
6111 274 8.165836334228516e-06
6112 284 8.463859558105469e-06
6113 291 8.672475814819336e-06
6114 301 8.970499038696289e-06
6115 319 9.506940841674805e-06
6116 333 9.924173355102539e-06
6117 349 1.0401010513305664e-05
6118 361 1.0758638381958008e-05
6119 377 1.1235475540161133e-05
6120 390 1.1622905731201172e-05
6121 407 1.2129545211791992e-05
6122 423 1.2606382369995117e-05
6123 443 1.3202428817749023e-05
6124 456 1.3589859008789062e-05
6125 479 1.4275312423706055e-05
6126 497 1.481175422668457e-05
6127 507 1.5109777450561523e-05
6128 528 1.5735626220703125e-05
6129 553 1.6480684280395508e-05
6130 568 1.6927719116210938e-05
6131 591 1.761317253112793e-05
6132 617 1.8388032913208008e-05
6133 648 1.9311904907226562e-05
6134 672 2.002716064453125e-05
6135 693 2.065300941467285e-05
6136 722 2.1517276763916016e-05
6137 752 2.2411346435546875e-05
6138 785 2.339482307434082e-05
6139 804 2.396106719970703e-05
6140 830 2.473592758178711e-05
6141 861 2.5659799575805664e-05
6142 888 2.6464462280273438e-05
6143 933 2.7805566787719727e-05
6144 977 2.911686897277832e-05
6145 1011 3.013014793395996e-05
6146 1061 3.1620264053344727e-05
6147 1109 3.30507755279541e-05
6148 1141 3.400444984436035e-05
6149 1204 3.5881996154785156e-05
6150 1266 3.7729740142822266e-05
6151 1323 3.94284725189209e-05
6152 1379 4.1097402572631836e-05
6153 1445 4.3064355850219727e-05
6154 1495 4.455447196960449e-05
6155 1562 4.655122756958008e-05
6156 1627 4.8488378524780273e-05
6157 1697 5.0574541091918945e-05
6158 1761 5.2481889724731445e-05
6159 1840 5.4836273193359375e-05
6160 1932 5.7578086853027344e-05
6161 2000 5.9604644775390625e-05
6162 2065 6.154179573059082e-05
6163 2180 6.496906280517578e-05
6164 2266 6.753206253051758e-05
6165 2359 7.030367851257324e-05
6166 2472 7.367134094238281e-05
6167 2565 7.644295692443848e-05
6168 2652 7.903575897216797e-05
6169 2770 8.255243301391602e-05
6170 2901 8.64565372467041e-05
6171 2996 8.928775787353516e-05
6172 3096 9.226799011230469e-05
6173 3237 9.647011756896973e-05
6174 3362 0.00010019540786743164
6175 3498 0.0001042485237121582
6176 3639 0.00010845065116882324
6177 3799 0.00011321902275085449
6178 3954 0.00011783838272094727
6179 4101 0.00012221932411193848
6180 4281 0.00012758374214172363
6181 4434 0.00013214349746704102
6182 4579 0.00013646483421325684
6183 4772 0.00014221668243408203
6184 4937 0.00014713406562805176
6185 5094 0.00015181303024291992
6186 5287 0.00015756487846374512
6187 5482 0.0001633763313293457
6188 5671 0.00016900897026062012
6189 5894 0.00017565488815307617
6190 6131 0.00018271803855895996
6191 6332 0.00018870830535888672
6192 6569 0.0001957714557647705
6193 6800 0.00020265579223632812
6194 7062 0.0002104640007019043
6195 7303 0.00021764636039733887
6196 7542 0.00022476911544799805
6197 7782 0.00023192167282104492
6198 8037 0.00023952126502990723
6199 8291 0.00024709105491638184
6200 8625 0.00025704503059387207
6201 8900 0.0002652406692504883
6202 9149 0.0002726614475250244
6203 9447 0.0002815425395965576
6204 9759 0.00029084086418151855
6205 10062 0.00029987096786499023
6206 10377 0.00030925869941711426
6207 10755 0.0003205239772796631
6208 11044 0.00032913684844970703
6209 11337 0.00033786892890930176
6210 11704 0.00034880638122558594
6211 12057 0.0003593266010284424
6212 12402 0.00036960840225219727
6213 12778 0.0003808140754699707
6214 13192 0.00039315223693847656
6215 13566 0.0004042983055114746
6216 13932 0.0004152059555053711
6217 14353 0.0004277527332305908
6218 14749 0.00043955445289611816
6219 15105 0.0004501640796661377
6220 15548 0.0004633665084838867
6221 15977 0.000476151704788208
6222 16358 0.0004875063896179199
6223 16770 0.0004997849464416504
6224 17275 0.0005148351192474365
6225 17694 0.0005273222923278809
6226 18147 0.0005408227443695068
6227 18668 0.0005563497543334961
6228 19088 0.0005688667297363281
6229 19561 0.000582963228225708
6230 20046 0.0005974173545837402
6231 20526 0.000611722469329834
6232 21012 0.0006262063980102539
6233 21486 0.0006403326988220215
6234 22036 0.0006567239761352539
6235 22547 0.0006719529628753662
6236 22996 0.0006853342056274414
6237 23551 0.0007018744945526123
6238 24105 0.0007183849811553955
6239 24566 0.000732123851776123
6240 25166 0.0007500052452087402
6241 25722 0.0007665753364562988
6242 26244 0.0007821321487426758
6243 26779 0.0007980763912200928
6244 27458 0.0008183121681213379
6245 27945 0.0008328258991241455
6246 28499 0.0008493363857269287
6247 29094 0.0008670687675476074
6248 29714 0.0008855462074279785
6249 30289 0.0009026825428009033
6250 30813 0.0009182989597320557
6251 31416 0.0009362697601318359
6252 32013 0.00095406174659729
6253 32545 0.0009699165821075439
6254 33147 0.0009878575801849365
6255 33748 0.0010057687759399414
6256 34278 0.00102156400680542
6257 34887 0.0010397136211395264
6258 35523 0.0010586678981781006
6259 36062 0.0010747313499450684
6260 36690 0.001093447208404541
6261 37372 0.0011137723922729492
6262 37947 0.001130908727645874
6263 38539 0.0011485517024993896
6264 39210 0.0011685490608215332
6265 39797 0.0011860430240631104
6266 40406 0.0012041926383972168
6267 41026 0.0012226700782775879
6268 41649 0.001241236925125122
6269 42283 0.001260131597518921
6270 42875 0.0012777745723724365
6271 43577 0.0012986958026885986
6272 44192 0.0013170242309570312
6273 44827 0.0013359487056732178
6274 45478 0.0013553500175476074
6275 46102 0.0013739466667175293
6276 46669 0.0013908445835113525
6277 47337 0.001410752534866333
6278 48005 0.0014306604862213135
6279 48593 0.0014481842517852783
6280 49231 0.001467198133468628
6281 49948 0.0014885663986206055
6282 50570 0.001507103443145752
6283 51222 0.0015265345573425293
6284 51894 0.0015465617179870605
6285 52534 0.0015656352043151855
6286 53105 0.0015826523303985596
6287 53701 0.001600414514541626
6288 54411 0.0016215741634368896
6289 55045 0.0016404688358306885
6290 55659 0.0016587674617767334
6291 56360 0.0016796588897705078
6292 57019 0.001699298620223999
6293 57628 0.0017174482345581055
6294 58259 0.0017362534999847412
6295 58910 0.0017556548118591309
6296 59452 0.0017718076705932617
6297 60073 0.0017903149127960205
6298 60752 0.0018105506896972656
6299 61345 0.001828223466873169
6300 61971 0.0018468797206878662
6301 62628 0.001866459846496582
6302 63154 0.0018821358680725098
6303 63774 0.0019006133079528809
6304 64398 0.0019192099571228027
6305 65002 0.0019372105598449707
6306 65593 0.0019548237323760986
6307 66200 0.0019729137420654297
6308 66867 0.0019927918910980225
6309 67462 0.002010524272918701
6310 68070 0.00202864408493042
6311 68678 0.0020467638969421387
6312 69352 0.0020668506622314453
6313 69952 0.0020847320556640625
6314 70556 0.0021027326583862305
6315 71206 0.0021221041679382324
6316 71734 0.0021378397941589355
6317 72258 0.002153456211090088
6318 72879 0.0021719634532928467
6319 73457 0.0021891891956329346
6320 74031 0.0022062957286834717
6321 74684 0.0022257566452026367
6322 75230 0.0022420287132263184
6323 75808 0.0022592544555664062
6324 76387 0.002276510000228882
6325 77016 0.002295255661010742
6326 77598 0.002312600612640381
6327 78157 0.0023292601108551025
6328 78769 0.002347499132156372
6329 79349 0.0023647844791412354
6330 79874 0.0023804306983947754
6331 80437 0.002397209405899048
6332 81086 0.002416551113128662
6333 81622 0.002432525157928467
6334 82173 0.002448946237564087
6335 82883 0.0024701058864593506
6336 83387 0.002485126256942749
6337 83941 0.0025016367435455322
6338 84594 0.0025210976600646973
6339 85129 0.0025370419025421143
6340 85670 0.0025531649589538574
6341 86329 0.0025728046894073486
6342 86895 0.002589672803878784
6343 87456 0.0026063919067382812
6344 87998 0.002622544765472412
6345 88601 0.0026405155658721924
6346 89093 0.0026551783084869385
6347 89624 0.0026710033416748047
6348 90166 0.0026871562004089355
6349 90765 0.002705007791519165
6350 91293 0.002720743417739868
6351 91828 0.002736687660217285
6352 92415 0.0027541816234588623
6353 92918 0.002769172191619873
6354 93383 0.0027830302715301514
6355 94032 0.0028023719787597656
6356 94537 0.0028174221515655518
6357 95017 0.0028317272663116455
6358 95587 0.002848714590072632
6359 96104 0.0028641223907470703
6360 96602 0.0028789639472961426
6361 97147 0.0028952062129974365
6362 97697 0.002911597490310669
6363 98198 0.0029265284538269043
6364 98705 0.002941638231277466
6365 99273 0.0029585659503936768
6366 99800 0.002974271774291992
6367 100326 0.00298994779586792
6368 100845 0.003005415201187134
6369 101398 0.0030218958854675293
6370 101881 0.003036290407180786
6371 102346 0.0030501484870910645
6372 102930 0.0030675530433654785
6373 103423 0.0030822455883026123
6374 103875 0.0030957162380218506
6375 104459 0.0031131207942962646
6376 104960 0.0031280517578125
6377 105434 0.0031421780586242676
6378 105965 0.003158003091812134
6379 106488 0.0031735897064208984
6380 106978 0.003188192844390869
6381 107471 0.003202885389328003
6382 108018 0.0032191872596740723
6383 108504 0.003233671188354492
6384 109004 0.00324857234954834
6385 109520 0.0032639503479003906
6386 109970 0.0032773613929748535
6387 110469 0.0032922327518463135
6388 110916 0.0033055543899536133
6389 111436 0.003321051597595215
6390 111885 0.00333443284034729
6391 112334 0.0033478140830993652
6392 112911 0.0033650100231170654
6393 113365 0.003378540277481079
6394 113835 0.003392547369003296
6395 114403 0.003409475088119507
6396 114899 0.0034242570400238037
6397 115354 0.003437817096710205
6398 115885 0.0034536421298980713
6399 116406 0.0034691691398620605
6400 116862 0.0034827589988708496
6401 117339 0.0034969747066497803
6402 117876 0.0035129785537719727
6403 118318 0.003526151180267334
6404 118765 0.003539472818374634
6405 119214 0.003552854061126709
6406 119751 0.0035688579082489014
6407 120235 0.003583282232284546
6408 120653 0.0035957396030426025
6409 121181 0.0036114752292633057
6410 121605 0.0036241114139556885
6411 122038 0.0036370158195495605
6412 122580 0.0036531686782836914
6413 123028 0.003666520118713379
6414 123508 0.0036808252334594727
6415 124005 0.0036956369876861572
6416 124461 0.0037092268466949463
6417 124884 0.0037218332290649414
6418 125360 0.0037360191345214844
6419 125904 0.0037522315979003906
6420 126360 0.0037658214569091797
6421 126801 0.0037789642810821533
6422 127295 0.003793686628341675
6423 127782 0.0038082003593444824
6424 128266 0.003822624683380127
6425 128702 0.003835618495941162
6426 129258 0.0038521885871887207
6427 129706 0.003865540027618408
6428 130135 0.0038783252239227295
6429 130678 0.003894507884979248
6430 131140 0.003908276557922363
6431 131573 0.003921180963516235
6432 132099 0.003936856985092163
6433 132599 0.003951758146286011
6434 133057 0.003965407609939575
6435 133571 0.003980726003646851
6436 134097 0.003996402025222778
6437 134573 0.004010587930679321
6438 135060 0.004025101661682129
6439 135568 0.004040241241455078
6440 136027 0.00405392050743103
6441 136542 0.004069268703460693
6442 137013 0.004083305597305298
6443 137505 0.004097968339920044
6444 137986 0.004112303256988525
6445 138484 0.004127144813537598
6446 139078 0.004144847393035889
6447 139577 0.004159718751907349
6448 140049 0.004173785448074341
6449 140594 0.004190027713775635
6450 141124 0.004205822944641113
6451 141561 0.004218846559524536
6452 142088 0.0042345523834228516
6453 142622 0.004250466823577881
6454 143070 0.004263818264007568
6455 143580 0.004279017448425293
6456 144162 0.004296362400054932
6457 144664 0.004311323165893555
6458 145163 0.004326194524765015
6459 145732 0.004343152046203613
6460 146249 0.004358559846878052
6461 146765 0.0043739378452301025
6462 147272 0.004389047622680664
6463 147856 0.004406452178955078
6464 148405 0.004422813653945923
6465 148878 0.004436910152435303
6466 149477 0.004454761743545532
6467 150032 0.004471302032470703
6468 150572 0.004487395286560059
6469 151148 0.004504561424255371
6470 151717 0.00452151894569397
6471 152228 0.004536747932434082
6472 152790 0.004553496837615967
6473 153436 0.004572749137878418
6474 153996 0.004589438438415527
6475 154594 0.004607260227203369
6476 155194 0.004625141620635986
6477 155754 0.004641830921173096
6478 156346 0.004659473896026611
6479 156885 0.004675537347793579
6480 157497 0.004693776369094849
6481 158107 0.004711955785751343
6482 158698 0.004729568958282471
6483 159364 0.004749417304992676
6484 160030 0.004769265651702881
6485 160619 0.004786819219589233
6486 161276 0.004806399345397949
6487 161958 0.004826724529266357
6488 162552 0.0048444271087646484
6489 163246 0.004865109920501709
6490 164033 0.004888564348220825
6491 164626 0.0049062371253967285
6492 165314 0.004926741123199463
6493 166077 0.004949480295181274
6494 166726 0.004968822002410889
6495 167450 0.00499039888381958
6496 168255 0.005014389753341675
6497 169017 0.005037099123001099
6498 169769 0.0050595104694366455
6499 170504 0.0050814151763916016
6500 171323 0.005105823278427124
6501 172164 0.005130887031555176
6502 172903 0.005152910947799683
6503 173742 0.005177915096282959
6504 174585 0.005203038454055786
6505 175337 0.005225449800491333
6506 176170 0.005250275135040283
6507 177107 0.005278199911117554
6508 177859 0.005300611257553101
6509 178697 0.005325585603713989
6510 179714 0.005355894565582275
6511 180560 0.005381107330322266
6512 181467 0.005408138036727905
6513 182436 0.005437016487121582
6514 183347 0.0054641664028167725
6515 184359 0.00549432635307312
6516 185375 0.0055246055126190186
6517 186447 0.005556553602218628
6518 187408 0.005585193634033203
6519 188454 0.005616366863250732
6520 189553 0.00564911961555481
6521 190665 0.005682259798049927
6522 191706 0.005713284015655518
6523 192846 0.00574725866317749
6524 194016 0.005782127380371094
6525 195041 0.0058126747608184814
6526 196125 0.005844980478286743
6527 197454 0.00588458776473999
6528 198524 0.005916476249694824
6529 199637 0.005949646234512329
6530 201068 0.005992293357849121
6531 202246 0.006027400493621826
6532 203464 0.006063699722290039
6533 204755 0.006102174520492554
6534 206039 0.0061404407024383545
6535 207343 0.006179302930831909
6536 208653 0.00621834397315979
6537 210025 0.006259232759475708
6538 211341 0.006298452615737915
6539 212635 0.006337016820907593
6540 214084 0.006380200386047363
6541 215575 0.006424635648727417
6542 216859 0.006462901830673218
6543 218348 0.006507277488708496
6544 219974 0.006555736064910889
6545 221366 0.0065972208976745605
6546 222768 0.006639003753662109
6547 224535 0.006691664457321167
6548 225944 0.00673365592956543
6549 227453 0.006778627634048462
6550 229166 0.006829679012298584
6551 230707 0.0068756043910980225
6552 232294 0.006922900676727295
6553 234014 0.006974160671234131
6554 235711 0.00702473521232605
6555 237312 0.00707244873046875
6556 238917 0.007120281457901001
6557 240712 0.007173776626586914
6558 242379 0.007223457098007202
6559 243997 0.007271677255630493
6560 245726 0.007323205471038818
6561 247600 0.007379055023193359
6562 249236 0.007427811622619629
6563 250914 0.007477819919586182
6564 252984 0.007539510726928711
6565 254635 0.007588714361190796
6566 256307 0.0076385438442230225
6567 258353 0.007699519395828247
6568 260094 0.007751405239105225
6569 261810 0.00780254602432251
6570 263859 0.007863610982894897
6571 265796 0.007921338081359863
6572 267528 0.007972955703735352
6573 269384 0.008028268814086914
6574 271408 0.00808858871459961
6575 273234 0.008143007755279541
6576 275029 0.008196502923965454
6577 276913 0.008252650499343872
6578 278851 0.008310407400131226
6579 280727 0.008366316556930542
6580 282556 0.008420825004577637
6581 284737 0.0084858238697052
6582 286520 0.008538961410522461
6583 288251 0.008590549230575562
6584 290416 0.008655071258544922
6585 292180 0.008707642555236816
6586 293986 0.008761465549468994
6587 296041 0.008822709321975708
6588 298000 0.008881092071533203
6589 299863 0.00893661379814148
6590 301862 0.008996188640594482
6591 303864 0.009055852890014648
6592 305671 0.009109705686569214
6593 307627 0.009167999029159546
6594 309718 0.009230315685272217
6595 311714 0.009289801120758057
6596 313545 0.009344369173049927
6597 315510 0.009402930736541748
6598 317553 0.00946381688117981
6599 319351 0.009517401456832886
6600 321124 0.00957024097442627
6601 323282 0.009634554386138916
6602 325048 0.009687185287475586
6603 326799 0.00973936915397644
6604 328949 0.009803444147109985
6605 330891 0.00986132025718689
6606 332539 0.009910434484481812
6607 334551 0.009970396757125854
6608 336513 0.010028868913650513
6609 338215 0.01007959246635437
6610 340023 0.010133475065231323
6611 342105 0.010195523500442505
6612 343896 0.010248899459838867
6613 345760 0.010304450988769531
6614 347640 0.010360479354858398
6615 349562 0.010417759418487549
6616 351404 0.010472655296325684
6617 353147 0.010524600744247437
6618 355084 0.010582327842712402
6619 356902 0.010636508464813232
6620 358602 0.010687172412872314
6621 360691 0.01074942946434021
6622 362408 0.010800600051879883
6623 364043 0.010849326848983765
6624 365954 0.01090627908706665
6625 367726 0.010959088802337646
6626 369263 0.011004894971847534
6627 371048 0.01105809211730957
6628 372886 0.011112868785858154
6629 374450 0.01115947961807251
6630 376190 0.0112113356590271
6631 378058 0.011267006397247314
6632 379834 0.011319935321807861
6633 381495 0.011369436979293823
6634 383162 0.011419117450714111
6635 384892 0.011470675468444824
6636 386592 0.011521339416503906
6637 388199 0.011569231748580933
6638 390110 0.011626183986663818
6639 391755 0.011675208806991577
6640 393209 0.011718541383743286
6641 394988 0.011771559715270996
6642 396692 0.011822342872619629
6643 398214 0.011867702007293701
6644 399950 0.01191943883895874
6645 401638 0.01196974515914917
6646 403075 0.012012571096420288
6647 404675 0.0120602548122406
6648 406362 0.012110531330108643
6649 407841 0.012154608964920044
6650 409401 0.012201100587844849
6651 411068 0.012250781059265137
6652 412632 0.012297391891479492
6653 414159 0.012342900037765503
6654 415630 0.012386739253997803
6655 417332 0.01243746280670166
6656 418877 0.01248350739479065
6657 420265 0.01252487301826477
6658 421932 0.012574553489685059
6659 423507 0.012621492147445679
6660 424903 0.012663096189498901
6661 426547 0.012712091207504272
6662 428217 0.012761861085891724
6663 429629 0.01280394196510315
6664 431224 0.012851476669311523
6665 432997 0.012904316186904907
6666 434447 0.012947529554367065
6667 435935 0.012991875410079956
6668 437598 0.013041436672210693
6669 439127 0.01308700442314148
6670 440680 0.01313328742980957
6671 442229 0.01317945122718811
6672 443840 0.013227462768554688
6673 445444 0.01327526569366455
6674 446917 0.013319164514541626
6675 448653 0.013370901346206665
6676 450267 0.013419002294540405
6677 451767 0.013463705778121948
6678 453533 0.013516336679458618
6679 455325 0.013569742441177368
6680 456814 0.013614118099212646
6681 458597 0.013667255640029907
6682 460494 0.013723790645599365
6683 462109 0.013771921396255493
6684 463859 0.01382407546043396
6685 465865 0.013883858919143677
6686 467428 0.013930439949035645
6687 469213 0.01398363709449768
6688 471040 0.0140380859375
6689 472947 0.014094918966293335
6690 474808 0.014150381088256836
6691 476635 0.014204829931259155
6692 478823 0.014270037412643433
6693 480804 0.014329075813293457
6694 482652 0.014384150505065918
6695 484780 0.014447569847106934
6696 486964 0.01451265811920166
6697 488873 0.01456955075263977
6698 491093 0.014635711908340454
6699 493486 0.014707028865814209
6700 495501 0.014767080545425415
6701 497687 0.014832228422164917
6702 500404 0.014913201332092285
6703 502630 0.014979541301727295
6704 504938 0.015048325061798096
6705 507637 0.015128761529922485
6706 510090 0.015201866626739502
6707 512587 0.015276283025741577
6708 515291 0.015356868505477905
6709 518084 0.015440106391906738
6710 520826 0.015521824359893799
6711 523382 0.015597999095916748
6712 526500 0.015690922737121582
6713 529402 0.015777409076690674
6714 532141 0.01585903763771057
6715 535213 0.01595059037208557
6716 538544 0.016049861907958984
6717 541220 0.016129612922668457
6718 544286 0.01622098684310913
6719 547984 0.016331195831298828
6720 550993 0.016420871019363403
6721 554217 0.016516953706741333
6722 558134 0.016633689403533936
6723 561512 0.01673436164855957
6724 565104 0.016841411590576172
6725 568878 0.016953885555267334
6726 572563 0.01706370711326599
6727 576366 0.017177045345306396
6728 580140 0.01728951930999756
6729 584432 0.017417430877685547
6730 588471 0.017537802457809448
6731 592365 0.017653852701187134
6732 596683 0.017782539129257202
6733 601023 0.0179118812084198
6734 605051 0.018031924962997437
6735 609484 0.01816403865814209
6736 614556 0.01831519603729248
6737 618566 0.01843470335006714
6738 622788 0.01856052875518799
6739 628236 0.018722891807556152
6740 632498 0.01884990930557251
6741 637103 0.018987149000167847
6742 642347 0.01914343237876892
6743 646967 0.019281119108200073
6744 651761 0.019423991441726685
6745 656931 0.01957806944847107
6746 662228 0.01973593235015869
6747 667218 0.01988464593887329
6748 672269 0.02003517746925354
6749 677843 0.020201295614242554
6750 683023 0.020355671644210815
6751 688154 0.02050858736038208
6752 693544 0.020669221878051758
6753 699418 0.02084428071975708
6754 704473 0.02099493145942688
6755 709775 0.02115294337272644
6756 716286 0.021346986293792725
6757 721457 0.021501094102859497
6758 726787 0.021659940481185913
6759 733408 0.021857261657714844
6760 738846 0.02201932668685913
6761 744467 0.022186845541000366
6762 750688 0.02237224578857422
6763 756654 0.02255004644393921
6764 762527 0.022725075483322144
6765 768574 0.022905290126800537
6766 775172 0.02310192584991455
6767 781275 0.023283809423446655
6768 787411 0.023466676473617554
6769 794067 0.023665040731430054
6770 800698 0.02386265993118286
6771 807016 0.02405095100402832
6772 813389 0.024240881204605103
6773 820911 0.024465054273605347
6774 827236 0.02465355396270752
6775 833418 0.024837791919708252
6776 841776 0.02508687973022461
6777 848275 0.02528056502342224
6778 855087 0.02548357844352722
6779 863207 0.025725573301315308
6780 870680 0.025948286056518555
6781 878054 0.02616804838180542
6782 886251 0.02641233801841736
6783 894642 0.02666240930557251
6784 902427 0.026894420385360718
6785 910573 0.027137190103530884
6786 919924 0.027415871620178223
6787 928680 0.027676820755004883
6788 937719 0.02794620394706726
6789 947052 0.02822434902191162
6790 957423 0.02853342890739441
6791 967309 0.028828054666519165
6792 977167 0.029121845960617065
6793 989701 0.02949538826942444
6794 1000317 0.029811769723892212
6795 1010895 0.030127018690109253
6796 1025090 0.030550062656402588
6797 1037413 0.030917316675186157
6798 1049717 0.03128400444984436
6799 1064290 0.031718313694000244
6800 1079153 0.03216126561164856
6801 1093224 0.03258061408996582
6802 1108490 0.03303557634353638
6803 1126258 0.03356510400772095
6804 1142565 0.034051090478897095
6805 1160257 0.0345783531665802
6806 1179813 0.03516116738319397
6807 1199855 0.03575846552848816
6808 1219395 0.036340802907943726
6809 1240152 0.03695940971374512
6810 1264886 0.03769654035568237
6811 1287457 0.038369208574295044
6812 1309651 0.039030641317367554
6813 1339553 0.03992179036140442
6814 1365104 0.04068326950073242
6815 1390245 0.04143252968788147
6816 1423267 0.042416661977767944
6817 1454107 0.04333576560020447
6818 1483724 0.04421842098236084
6819 1518542 0.045256078243255615
6820 1555662 0.046362340450286865
6821 1590448 0.047399044036865234
6822 1628116 0.04852163791656494
6823 1670653 0.04978933930397034
6824 1711643 0.05101093649864197
6825 1754278 0.05228155851364136
6826 1799386 0.05362588167190552
6827 1848763 0.05509743094444275
6828 1896271 0.05651327967643738
6829 1943437 0.057918936014175415
6830 2003542 0.05971020460128784
6831 2057326 0.061313092708587646
6832 2109515 0.06286844611167908
6833 2176528 0.0648655891418457
6834 2237935 0.06669566035270691
6835 2296444 0.06843936443328857
6836 2367281 0.07055047154426575
6837 2439238 0.07269495725631714
6838 2505543 0.07467100024223328
6839 2579042 0.0768614411354065
6840 2662657 0.07935336232185364
6841 2737793 0.08159258961677551
6842 2818217 0.08398941159248352
6843 2904910 0.08657306432723999
6844 2993320 0.08920788764953613
6845 3081374 0.09183210134506226
6846 3170078 0.09447568655014038
6847 3272976 0.09754228591918945
6848 3368704 0.10039520263671875
6849 3460271 0.10312411189079285
6850 3576029 0.10657396912574768
6851 3680739 0.10969457030296326
6852 3779187 0.11262854933738708
6853 3899607 0.11621734499931335
6854 4017654 0.11973541975021362
6855 4123771 0.12289795279502869
6856 4247565 0.12658730149269104
6857 4379544 0.13052058219909668
6858 4494703 0.13395258784294128
6859 4621974 0.13774555921554565
6860 4761556 0.14190542697906494
6861 4892206 0.14579910039901733
6862 5026047 0.14978787302970886
6863 5164702 0.15392011404037476
6864 5311385 0.15829160809516907
6865 5453135 0.16251608729362488
6866 5588546 0.1665516495704651
6867 5753949 0.17148104310035706
6868 5902513 0.17590859532356262
6869 6042715 0.18008694052696228
6870 6212025 0.18513277173042297
6871 6375887 0.1900162398815155
6872 6521571 0.1943579614162445
6873 6690434 0.1993904709815979
6874 6867649 0.20467188954353333
6875 7019577 0.2091996967792511
6876 7187059 0.21419104933738708
6877 7375553 0.21980860829353333
6878 7537490 0.22463470697402954
6879 7710446 0.22978919744491577
6880 7892535 0.23521587252616882
6881 8071097 0.24053743481636047
6882 8247903 0.24580666422843933
6883 8421952 0.2509937286376953
6884 8618384 0.2568478584289551
6885 8800851 0.2622857987880707
6886 8971782 0.2673799395561218
6887 9175020 0.27343690395355225
6888 9365736 0.27912068367004395
6889 9538023 0.2842552363872528
6890 9736358 0.29016607999801636
6891 9940088 0.2962377071380615
6892 10113846 0.3014160990715027
6893 10305279 0.30712124705314636
6894 10519634 0.3135095238685608
6895 10694544 0.3187222480773926
6896 10887088 0.324460506439209
6897 11093981 0.33062639832496643
6898 11281704 0.33622097969055176
6899 11473227 0.3419288098812103
6900 11668315 0.34774288535118103
6901 11869072 0.3537259101867676
6902 12060568 0.3594329357147217
6903 12241683 0.3648305833339691
6904 12456074 0.3712199330329895
6905 12648719 0.37696120142936707
6906 12826329 0.38225439190864563
6907 13029274 0.38830262422561646
6908 13231825 0.39433911442756653
6909 13407218 0.3995662331581116
6910 13598307 0.4052611291408539
6911 13810418 0.4115825295448303
6912 13983444 0.4167391061782837
6913 14167987 0.42223891615867615
6914 14378340 0.428507924079895
6915 14552157 0.43368807435035706
6916 14736098 0.4391699433326721
6917 14928957 0.44491758942604065
6918 15112841 0.4503977596759796
6919 15292665 0.45575693249702454
6920 15469291 0.4610207974910736
6921 15662231 0.46677085757255554
6922 15840005 0.4720689356327057
6923 16007516 0.4770611524581909
6924 16196435 0.48269137740135193
6925 16377071 0.48807474970817566
6926 16537839 0.49286600947380066
6927 16712761 0.4980790913105011
6928 16900625 0.5036778748035431
6929 17055038 0.5082797408103943
6930 17216264 0.5130846500396729
6931 17409013 0.5188290178775787
6932 17557932 0.5232671499252319
6933 17716920 0.5280053615570068
6934 17892393 0.5332348644733429
6935 18046132 0.5378166437149048
6936 18201958 0.5424606204032898
6937 18360043 0.5471719205379486
6938 18519594 0.5519269108772278
6939 18670198 0.5564152598381042
6940 18814096 0.5607037544250488
6941 18976120 0.5655324459075928
6942 19124119 0.5699431598186493
6943 19261557 0.5740391314029694
6944 19409784 0.5784566402435303
6945 19562275 0.5830012261867523
6946 19692423 0.5868799388408661
6947 19827039 0.5908918082714081
6948 19982719 0.5955314338207245
6949 20106497 0.5992203056812286
6950 20232655 0.6029801070690155
6951 20382585 0.6074483692646027
6952 20504132 0.6110707521438599
6953 20628299 0.6147712171077728
6954 20761343 0.6187362372875214
6955 20887009 0.6224813759326935
6956 21007567 0.6260742843151093
6957 21126834 0.6296287178993225
6958 21255265 0.6334562599658966
6959 21371142 0.6369096636772156
6960 21482236 0.6402205228805542
6961 21602291 0.643798440694809
6962 21719107 0.64727982878685
6963 21825095 0.650438517332077
6964 21933620 0.6536728143692017
6965 22053974 0.6572596430778503
6966 22153142 0.6602150797843933
6967 22250882 0.6631279587745667
6968 22372465 0.6667514145374298
6969 22465900 0.6695359945297241
6970 22561385 0.6723816692829132
6971 22670744 0.6756408214569092
6972 22765767 0.6784727275371552
6973 22858301 0.6812304556369781
6974 22954531 0.6840983331203461
6975 23051391 0.6869849860668182
6976 23141070 0.6896576285362244
6977 23228580 0.6922656297683716
6978 23323565 0.6950964033603668
6979 23410290 0.6976810097694397
6980 23493770 0.7001689076423645
6981 23579203 0.7027150094509125
6982 23668729 0.7053830921649933
6983 23746779 0.7077091634273529
6984 23823500 0.7099956274032593
6985 23915655 0.7127420604228973
6986 23988835 0.7149229943752289
6987 24061335 0.7170836627483368
6988 24148782 0.7196897864341736
6989 24220383 0.721823662519455
6990 24290741 0.7239204943180084
6991 24368880 0.7262492179870605
6992 24441851 0.7284239232540131
6993 24510405 0.7304669916629791
6994 24579917 0.7325386106967926
6995 24653786 0.7347400784492493
6996 24719271 0.7366916835308075
6997 24784462 0.7386345267295837
6998 24853129 0.7406809628009796
6999 24920225 0.7426805794239044
7000 24982346 0.7445319294929504
7001 25044132 0.7463732957839966
7002 25113404 0.748437762260437
7003 25171602 0.7501721978187561
7004 25227182 0.7518286108970642
7005 25297694 0.7539300322532654
7006 25352853 0.7555738985538483
7007 25407239 0.7571947276592255
7008 25471292 0.7591036558151245
7009 25528047 0.7607950866222382
7010 25581660 0.7623928785324097
7011 25639436 0.7641147375106812
7012 25697720 0.7658517360687256
7013 25750005 0.7674099504947662
7014 25802712 0.7689807415008545
7015 25858887 0.7706548869609833
7016 25911369 0.7722189724445343
7017 25962325 0.7737375795841217
7018 26013446 0.7752611041069031
7019 26067198 0.7768630385398865
7020 26115819 0.7783120572566986
7021 26162473 0.7797024548053741
7022 26218435 0.7813702523708344
7023 26264942 0.7827562689781189
7024 26308954 0.7840679287910461
7025 26363218 0.785685122013092
7026 26409402 0.7870615124702454
7027 26452803 0.7883549630641937
7028 26502307 0.7898302972316742
7029 26549695 0.7912425696849823
7030 26592295 0.7925121486186981
7031 26637148 0.7938488721847534
7032 26686156 0.7953094244003296
7033 26728600 0.7965743541717529
7034 26772208 0.7978739738464355
7035 26817592 0.7992265224456787
7036 26861876 0.8005462884902954
7037 26904463 0.8018154799938202
7038 26945579 0.8030408322811127
7039 26991561 0.8044112026691437
7040 27033095 0.8056490123271942
7041 27071251 0.8067861497402191
7042 27119211 0.808215469121933
7043 27159967 0.8094300925731659
7044 27197654 0.810553252696991
7045 27242460 0.811888575553894
7046 27283902 0.8131236433982849
7047 27321314 0.8142386078834534
7048 27362591 0.8154687583446503
7049 27405345 0.8167429268360138
7050 27442315 0.8178447186946869
7051 27481227 0.8190043866634369
7052 27523047 0.8202507197856903
7053 27560859 0.8213776051998138
7054 27598496 0.8224992752075195
7055 27636387 0.8236285150051117
7056 27676254 0.8248166441917419
7057 27714059 0.8259433209896088
7058 27748793 0.826978474855423
7059 27790989 0.8282360136508942
7060 27827831 0.8293339908123016
7061 27861856 0.830348014831543
7062 27902889 0.8315708935260773
7063 27940098 0.832679808139801
7064 27973174 0.8336655497550964
7065 28010953 0.8347914516925812
7066 28049525 0.8359409868717194
7067 28082455 0.8369223773479462
7068 28117731 0.8379736840724945
7069 28157131 0.8391478955745697
7070 28190322 0.8401370644569397
7071 28224853 0.8411661684513092
7072 28260486 0.84222811460495
7073 28295214 0.8432630896568298
7074 28329126 0.8442737460136414
7075 28362069 0.8452555239200592
7076 28398721 0.846347838640213
7077 28432373 0.8473507463932037
7078 28463016 0.8482639789581299
7079 28499660 0.8493560552597046
7080 28533446 0.8503629565238953
7081 28563204 0.8512498140335083
7082 28597948 0.8522852659225464
7083 28632249 0.8533075153827667
7084 28662302 0.8542031645774841
7085 28695068 0.8551796674728394
7086 28730246 0.8562280535697937
7087 28759711 0.8571061789989471
7088 28790977 0.8580379784107208
7089 28824704 0.8590431213378906
7090 28855158 0.8599507212638855
7091 28885973 0.8608690798282623
7092 28917149 0.8617981970310211
7093 28948776 0.8627407550811768
7094 28979124 0.8636451959609985
7095 29007274 0.8644841313362122
7096 29040677 0.8654796183109283
7097 29070827 0.8663781583309174
7098 29097977 0.8671872913837433
7099 29129453 0.8681253492832184
7100 29159970 0.8690348267555237
7101 29186603 0.8698285520076752
7102 29216439 0.8707177340984344
7103 29248003 0.8716584146022797
7104 29274124 0.8724368810653687
7105 29302123 0.8732713162899017
7106 29333830 0.8742162585258484
7107 29359958 0.8749949336051941
7108 29387385 0.8758123219013214
7109 29416044 0.8766664266586304
7110 29443577 0.8774869740009308
7111 29470242 0.8782816529273987
7112 29496384 0.8790607452392578
7113 29525178 0.8799188733100891
7114 29551992 0.8807179927825928
7115 29576542 0.8814496397972107
7116 29605040 0.8822989463806152
7117 29631968 0.8831014633178711
7118 29655737 0.8838098347187042
7119 29682492 0.884607195854187
7120 29710710 0.885448157787323
7121 29733841 0.8861375153064728
7122 29758541 0.8868736326694489
7123 29787447 0.8877350986003876
7124 29810350 0.888417661190033
7125 29834875 0.8891485631465912
7126 29861608 0.8899452686309814
7127 29885232 0.8906493186950684
7128 29909211 0.8913639485836029
7129 29933509 0.8920880854129791
7130 29958559 0.8928346335887909
7131 29982005 0.8935333788394928
7132 30004275 0.8941970765590668
7133 30029869 0.8949598371982574
7134 30052949 0.8956476747989655
7135 30074354 0.8962855935096741
7136 30098281 0.8969986736774445
7137 30122917 0.8977328836917877
7138 30143365 0.8983422815799713
7139 30165747 0.8990093171596527
7140 30191001 0.8997619450092316
7141 30210941 0.9003562033176422
7142 30232124 0.9009875059127808
7143 30257059 0.9017306268215179
7144 30277190 0.9023305773735046
7145 30298336 0.9029607772827148
7146 30320731 0.9036282002925873
7147 30341950 0.9042605757713318
7148 30362601 0.9048760235309601
7149 30383106 0.9054871201515198
7150 30405086 0.9061421751976013
7151 30425300 0.9067445993423462
7152 30444498 0.9073167443275452
7153 30466188 0.9079631567001343
7154 30487557 0.9086000025272369
7155 30506237 0.9091567099094391
7156 30525990 0.9097453951835632
7157 30548020 0.9104019403457642
7158 30565774 0.9109310507774353
7159 30584374 0.9114853739738464
7160 30606606 0.9121479392051697
7161 30624161 0.9126711189746857
7162 30642380 0.9132140874862671
7163 30662782 0.9138221144676208
7164 30681015 0.9143655002117157
7165 30699127 0.9149052798748016
7166 30718025 0.9154684841632843
7167 30736940 0.9160321950912476
7168 30754945 0.916568785905838
7169 30772467 0.9170909821987152
7170 30791958 0.9176718592643738
7171 30809796 0.9182034730911255
7172 30826688 0.9187068939208984
7173 30844479 0.9192371070384979
7174 30863265 0.9197969734668732
7175 30879408 0.9202780723571777
7176 30895799 0.9207665622234344
7177 30915727 0.9213604629039764
7178 30930838 0.9218108057975769
7179 30946743 0.9222848117351532
7180 30965747 0.922851175069809
7181 30981377 0.9233169853687286
7182 30996919 0.9237801730632782
7183 31014173 0.9242943823337555
7184 31030577 0.9247832596302032
7185 31046156 0.9252475500106812
7186 31061912 0.9257171154022217
7187 31078673 0.9262166321277618
7188 31093970 0.9266725182533264
7189 31109023 0.9271211326122284
7190 31125233 0.9276042282581329
7191 31140953 0.9280727207660675
7192 31155394 0.9285030961036682
7193 31169960 0.9289371967315674
7194 31186505 0.9294302761554718
7195 31200357 0.9298430979251862
7196 31214131 0.9302535951137543
7197 31231859 0.9307819306850433
7198 31245344 0.9311838150024414
7199 31258877 0.9315871298313141
7200 31274914 0.9320650696754456
7201 31289123 0.9324885308742523
7202 31302737 0.9328942596912384
7203 31316944 0.9333176612854004
7204 31331564 0.9337533712387085
7205 31344728 0.9341456890106201
7206 31358320 0.9345507621765137
7207 31372956 0.93498694896698
7208 31386532 0.9353915452957153
7209 31399504 0.9357781410217285
7210 31413113 0.9361837208271027
7211 31427267 0.9366055428981781
7212 31440022 0.9369856715202332
7213 31452377 0.9373538792133331
7214 31467539 0.9378057420253754
7215 31479759 0.938169926404953
7216 31491415 0.938517302274704
7217 31506325 0.9389616549015045
7218 31518065 0.9393115341663361
7219 31529664 0.9396572113037109
7220 31543071 0.9400567710399628
7221 31555800 0.9404361248016357
7222 31567320 0.940779447555542
7223 31579226 0.9411342740058899
7224 31592465 0.9415288269519806
7225 31604039 0.9418737590312958
7226 31615713 0.9422216713428497
7227 31628059 0.9425896108150482
7228 31640118 0.9429489970207214
7229 31651319 0.943282812833786
7230 31662597 0.9436189234256744
7231 31675201 0.943994551897049
7232 31686273 0.9443245232105255
7233 31696726 0.9446360468864441
7234 31709898 0.9450286030769348
7235 31720406 0.9453417658805847
7236 31730393 0.9456394016742706
7237 31742820 0.9460097551345825
7238 31753675 0.946333259344101
7239 31763801 0.9466350376605988
7240 31774844 0.9469641447067261
7241 31786335 0.9473066031932831
7242 31796468 0.9476085901260376
7243 31806867 0.9479185044765472
7244 31817975 0.9482495486736298
7245 31828208 0.948554515838623
7246 31838265 0.9488542377948761
7247 31848313 0.9491536915302277
7248 31858974 0.9494714140892029
7249 31868872 0.9497663974761963
7250 31878155 0.9500430524349213
7251 31889232 0.9503731727600098
7252 31898713 0.9506557285785675
7253 31907684 0.9509230852127075
7254 31918700 0.9512513875961304
7255 31928238 0.9515356421470642
7256 31937133 0.9518007338047028
7257 31947444 0.9521080255508423
7258 31957120 0.9523963928222656
7259 31965809 0.9526553452014923
7260 31975213 0.9529356062412262
7261 31985159 0.9532320201396942
7262 31993800 0.9534895420074463
7263 32002730 0.9537556767463684
7264 32012063 0.9540338218212128
7265 32021030 0.9543010592460632
7266 32029513 0.954553872346878
7267 32038101 0.9548098146915436
7268 32047505 0.9550900757312775
7269 32056095 0.9553460776805878
7270 32063935 0.9555797278881073
7271 32073238 0.95585697889328
7272 32081501 0.9561032354831696
7273 32089062 0.9563285708427429
7274 32097979 0.956594318151474
7275 32106394 0.9568451046943665
7276 32113853 0.9570674002170563
7277 32122030 0.9573110938072205
7278 32130620 0.9575670957565308
7279 32137951 0.957785576581955
7280 32145686 0.9580160975456238
7281 32154119 0.9582674205303192
7282 32161539 0.9584885537624359
7283 32169055 0.9587125480175018
7284 32176633 0.9589383900165558
7285 32184424 0.9591705799102783
7286 32191785 0.9593899548053741
7287 32198813 0.9595994055271149
7288 32206828 0.9598382711410522
7289 32213937 0.9600501358509064
7290 32220571 0.9602478444576263
7291 32228326 0.9604789614677429
7292 32235657 0.9606974422931671
7293 32242021 0.9608871042728424
7294 32249306 0.9611042141914368
7295 32256710 0.9613248705863953
7296 32262877 0.9615086615085602
7297 32269506 0.9617062211036682
7298 32276828 0.9619244337081909
7299 32283077 0.9621106684207916
7300 32289560 0.962303876876831
7301 32296230 0.962502658367157
7302 32302475 0.9626887738704681
7303 32308729 0.9628751575946808
7304 32314870 0.9630581736564636
7305 32321490 0.9632554650306702
7306 32327589 0.9634372293949127
7307 32333266 0.9636064171791077
7308 32339902 0.9638041853904724
7309 32346008 0.9639861583709717
7310 32351368 0.9641458988189697
7311 32357532 0.9643296003341675
7312 32363838 0.9645175337791443
7313 32369219 0.9646779000759125
7314 32375089 0.9648528397083282
7315 32381357 0.9650396406650543
7316 32386575 0.9651951491832733
7317 32392132 0.9653607606887817
7318 32398141 0.9655398428440094
7319 32403342 0.9656948447227478
7320 32408704 0.9658546447753906
7321 32414302 0.9660214781761169
7322 32419779 0.9661847054958344
7323 32425172 0.9663454294204712
7324 32430132 0.9664932489395142
7325 32435895 0.9666649997234344
7326 32441046 0.9668185114860535
7327 32445821 0.9669608175754547
7328 32451241 0.967122346162796
7329 32456689 0.9672847092151642
7330 32461164 0.9674180746078491
7331 32466136 0.9675662517547607
7332 32471560 0.9677278995513916
7333 32475957 0.9678589403629303
7334 32480692 0.968000054359436
7335 32486130 0.9681621193885803
7336 32490549 0.9682938158512115
7337 32495270 0.9684345126152039
7338 32500231 0.9685823619365692
7339 32504941 0.9687227308750153
7340 32509472 0.9688577651977539
7341 32513953 0.9689913094043732
7342 32518801 0.9691357910633087
7343 32523189 0.9692665636539459
7344 32527387 0.9693916738033295
7345 32531887 0.9695257842540741
7346 32536405 0.9696604311466217
7347 32540423 0.9697801768779755
7348 32544725 0.9699083864688873
7349 32549367 0.970046728849411
7350 32553172 0.9701601266860962
7351 32557217 0.9702806770801544
7352 32562039 0.9704243838787079
7353 32565735 0.9705345332622528
7354 32569673 0.9706518948078156
7355 32574098 0.9707837700843811
7356 32577955 0.9708987176418304
7357 32581857 0.9710150063037872
7358 32585776 0.9711318016052246
7359 32589897 0.9712546169757843
7360 32593802 0.9713709950447083
7361 32597500 0.971481204032898
7362 32601641 0.9716046154499054
7363 32605508 0.9717198610305786
7364 32609153 0.9718284904956818
7365 32612916 0.9719406366348267
7366 32616900 0.9720593690872192
7367 32620385 0.9721632301807404
7368 32623995 0.9722708165645599
7369 32628096 0.9723930358886719
7370 32631372 0.972490668296814
7371 32634894 0.9725956320762634
7372 32638917 0.9727155268192291
7373 32642302 0.9728164076805115
7374 32645756 0.9729193449020386
7375 32649407 0.973028153181076
7376 32652808 0.9731295108795166
7377 32656110 0.9732279181480408
7378 32659591 0.9733316600322723
7379 32663292 0.9734419584274292
7380 32666560 0.9735393524169922
7381 32669841 0.9736371338367462
7382 32673390 0.9737429022789001
7383 32676924 0.9738482236862183
7384 32680143 0.9739441573619843
7385 32683399 0.9740411937236786
7386 32686914 0.9741459488868713
7387 32689877 0.9742342531681061
7388 32692931 0.9743252694606781
7389 32696730 0.974438488483429
7390 32699687 0.9745266139507294
7391 32702684 0.9746159315109253
7392 32706151 0.9747192561626434
7393 32709146 0.9748085141181946
7394 32712235 0.9749005734920502
7395 32715526 0.9749986529350281
7396 32718732 0.975094199180603
7397 32721798 0.9751855731010437
7398 32724842 0.9752762913703918
7399 32728031 0.9753713309764862
7400 32730893 0.9754566252231598
7401 32733741 0.97554150223732
7402 32736710 0.975629985332489
7403 32739812 0.9757224321365356
7404 32742520 0.9758031368255615
7405 32745300 0.9758859872817993
7406 32748637 0.9759854376316071
7407 32751250 0.9760633111000061
7408 32753840 0.9761404991149902
7409 32757049 0.9762361347675323
7410 32759672 0.9763143062591553
7411 32762358 0.9763943552970886
7412 32765155 0.976477712392807
7413 32767901 0.9765595495700836
7414 32770554 0.9766386151313782
7415 32773312 0.9767208099365234
7416 32776210 0.976807177066803
7417 32778806 0.9768845438957214
7418 32781393 0.9769616425037384
7419 32784161 0.9770441353321075
7420 32786904 0.977125883102417
7421 32789538 0.9772043824195862
7422 32792150 0.9772822260856628
7423 32795098 0.9773700833320618
7424 32797534 0.9774426817893982
7425 32800008 0.9775164127349854
7426 32803040 0.9776067733764648
7427 32805396 0.9776769876480103
7428 32807753 0.977747231721878
7429 32810539 0.9778302609920502
7430 32813068 0.9779056310653687
7431 32815462 0.9779769778251648
7432 32818082 0.9780550599098206
7433 32820720 0.9781336784362793
7434 32823155 0.9782062470912933
7435 32825604 0.9782792329788208
7436 32828128 0.9783544540405273
7437 32830516 0.9784256219863892
7438 32832898 0.9784966111183167
7439 32835299 0.9785681664943695
7440 32837824 0.9786434173583984
7441 32840208 0.9787144660949707
7442 32842371 0.9787789285182953
7443 32844992 0.9788570404052734
7444 32847273 0.9789250195026398
7445 32849477 0.9789907038211823
7446 32852166 0.9790708422660828
7447 32854499 0.9791403710842133
7448 32856605 0.9792031347751617
7449 32859082 0.9792769551277161
7450 32861474 0.9793482422828674
7451 32863659 0.9794133603572845
7452 32865947 0.9794815480709076
7453 32868435 0.9795556962490082
7454 32870526 0.9796180129051208
7455 32872772 0.9796849489212036
7456 32875059 0.9797531068325043
7457 32877242 0.9798181653022766
7458 32879424 0.9798831939697266
7459 32881570 0.9799471497535706
7460 32883944 0.980017900466919
7461 32886085 0.980081707239151
7462 32888113 0.9801421463489532
7463 32890645 0.9802176058292389
7464 32892724 0.9802795648574829
7465 32894698 0.9803383946418762
7466 32897035 0.9804080426692963
7467 32899243 0.9804738461971283
7468 32901162 0.9805310368537903
7469 32903319 0.9805953204631805
7470 32905645 0.9806646406650543
7471 32907667 0.9807249009609222
7472 32909744 0.9807868003845215
7473 32912094 0.9808568358421326
7474 32914167 0.9809186160564423
7475 32916253 0.980980783700943
7476 32918339 0.9810429513454437
7477 32920541 0.9811085760593414
7478 32922586 0.9811695218086243
7479 32924525 0.981227308511734
7480 32926845 0.9812964498996735
7481 32928805 0.9813548624515533
7482 32930751 0.9814128577709198
7483 32932888 0.9814765453338623
7484 32935108 0.981542706489563
7485 32936997 0.9815990030765533
7486 32939178 0.9816640019416809
7487 32941339 0.9817284047603607
7488 32943211 0.9817841947078705
7489 32945171 0.9818426072597504
7490 32947389 0.9819087088108063
7491 32949243 0.9819639623165131
7492 32951257 0.9820239841938019
7493 32953453 0.9820894300937653
7494 32955486 0.9821500182151794
7495 32957398 0.9822070002555847
7496 32959392 0.9822664260864258
7497 32961524 0.9823299646377563
7498 32963429 0.9823867380619049
7499 32965229 0.9824403822422028
7500 32967391 0.982504814863205
7501 32969355 0.9825633466243744
7502 32971100 0.9826153516769409
7503 32973162 0.9826768040657043
7504 32975251 0.9827390611171722
7505 32977025 0.982791930437088
7506 32978897 0.9828477203845978
7507 32980978 0.9829097390174866
7508 32982719 0.9829616248607635
7509 32984636 0.9830187559127808
7510 32986656 0.9830789566040039
7511 32988483 0.9831334054470062
7512 32990305 0.9831877052783966
7513 32992172 0.9832433462142944
7514 32994080 0.9833002090454102
7515 32995983 0.9833569228649139
7516 32997804 0.9834111928939819
7517 32999868 0.9834727048873901
7518 33001748 0.983528733253479
7519 33003441 0.9835791885852814
7520 33005448 0.9836390018463135
7521 33007405 0.9836973249912262
7522 33009156 0.983749508857727
7523 33011151 0.9838089644908905
7524 33013196 0.9838699102401733
7525 33014933 0.9839216768741608
7526 33016847 0.9839787185192108
7527 33018967 0.9840418994426727
7528 33020781 0.984095960855484
7529 33022604 0.9841502904891968
7530 33024562 0.9842086434364319
7531 33026512 0.9842667579650879
7532 33028329 0.9843209087848663
7533 33030203 0.9843767583370209
7534 33032134 0.9844343066215515
7535 33033978 0.9844892621040344
7536 33035634 0.9845386147499084
7537 33037531 0.9845951497554779
7538 33039457 0.9846525490283966
7539 33041106 0.9847016930580139
7540 33042960 0.9847569465637207
7541 33044856 0.9848134517669678
7542 33046503 0.9848625361919403
7543 33048269 0.984915167093277
7544 33050323 0.9849763810634613
7545 33051945 0.9850247204303741
7546 33053605 0.9850741922855377
7547 33055540 0.9851318597793579
7548 33057259 0.9851830899715424
7549 33059006 0.9852351546287537
7550 33060773 0.9852878153324127
7551 33062577 0.9853415787220001
7552 33064313 0.9853933155536652
7553 33066044 0.9854449033737183
7554 33067959 0.9855019748210907
7555 33069723 0.9855545461177826
7556 33071352 0.9856030941009521
7557 33073183 0.985657662153244
7558 33075052 0.9857133626937866
7559 33076678 0.985761821269989
7560 33078416 0.9858136177062988
7561 33080433 0.9858737289905548
7562 33082006 0.9859206080436707
7563 33083672 0.9859702587127686
7564 33085699 0.9860306680202484
7565 33087363 0.9860802590847015
7566 33089017 0.9861295521259308
7567 33090880 0.9861850738525391
7568 33092660 0.9862381219863892
7569 33094384 0.9862895011901855
7570 33096103 0.98634073138237
7571 33097965 0.9863962233066559
7572 33099596 0.9864448308944702
7573 33101233 0.9864936172962189
7574 33103064 0.9865481853485107
7575 33104864 0.9866018295288086
7576 33106470 0.9866496920585632
7577 33108165 0.9867002069950104
7578 33110017 0.9867554008960724
7579 33111522 0.9868002533912659
7580 33113137 0.986848384141922
7581 33115179 0.9869092404842377
7582 33116685 0.9869541227817535
7583 33118307 0.9870024621486664
7584 33120195 0.9870587289333344
7585 33121819 0.987107127904892
7586 33123350 0.9871527552604675
7587 33125048 0.9872033596038818
7588 33126798 0.9872555136680603
7589 33128404 0.9873033761978149
7590 33129961 0.9873497784137726
7591 33131801 0.9874046146869659
7592 33133397 0.9874521791934967
7593 33135041 0.9875011742115021
7594 33136700 0.9875506162643433
7595 33138427 0.9876020848751068
7596 33139954 0.9876475930213928
7597 33141532 0.9876946210861206
7598 33143276 0.9877465963363647
7599 33144701 0.9877890646457672
7600 33146242 0.9878349900245667
7601 33148068 0.9878894090652466
7602 33149529 0.987932950258255
7603 33150977 0.9879761040210724
7604 33152582 0.9880239367485046
7605 33154137 0.9880702793598175
7606 33155564 0.9881128072738647
7607 33157057 0.9881573021411896
7608 33158657 0.9882049858570099
7609 33160147 0.9882493913173676
7610 33161550 0.9882912039756775
7611 33163093 0.9883371889591217
7612 33164672 0.9883842468261719
7613 33166036 0.9884248971939087
7614 33167412 0.9884659051895142
7615 33169039 0.9885143935680389
7616 33170423 0.9885556399822235
7617 33171739 0.9885948598384857
7618 33173351 0.9886429011821747
7619 33174652 0.9886816740036011
7620 33175941 0.9887200891971588
7621 33177417 0.988764077425003
7622 33178711 0.9888026416301727
7623 33179971 0.9888401925563812
7624 33181365 0.9888817369937897
7625 33182752 0.9889230728149414
7626 33184036 0.9889613389968872
7627 33185271 0.988998144865036
7628 33186626 0.9890385270118713
7629 33187888 0.9890761375427246
7630 33189116 0.9891127347946167
7631 33190424 0.9891517162322998
7632 33191713 0.9891901314258575
7633 33192880 0.989224910736084
7634 33194047 0.9892596900463104
7635 33195455 0.9893016517162323
7636 33196577 0.9893350899219513
7637 33197674 0.9893677830696106
7638 33199076 0.9894095659255981
7639 33200230 0.9894439578056335
7640 33201272 0.9894750118255615
7641 33202474 0.9895108342170715
7642 33203606 0.9895445704460144
7643 33204656 0.9895758628845215
7644 33205732 0.9896079301834106
7645 33206881 0.9896421730518341
7646 33207895 0.9896723926067352
7647 33208912 0.9897027015686035
7648 33210031 0.9897360503673553
7649 33211119 0.9897684752941132
7650 33212148 0.9897991418838501
7651 33213138 0.9898286461830139
7652 33214192 0.9898600578308105
7653 33215157 0.9898888170719147
7654 33216013 0.9899143278598785
7655 33217172 0.9899488687515259
7656 33218019 0.9899741113185883
7657 33218867 0.989999383687973
7658 33219924 0.9900308847427368
7659 33220827 0.9900577962398529
7660 33221702 0.9900838732719421
7661 33222633 0.9901116192340851
7662 33223583 0.9901399314403534
7663 33224366 0.990163266658783
7664 33225240 0.9901893138885498
7665 33226154 0.9902165532112122
7666 33227016 0.9902422428131104
7667 33227874 0.990267813205719
7668 33228739 0.9902935922145844
7669 33229628 0.990320086479187
7670 33230408 0.9903433322906494
7671 33231147 0.9903653562068939
7672 33232091 0.9903934895992279
7673 33232863 0.9904164969921112
7674 33233594 0.9904382824897766
7675 33234495 0.9904651343822479
7676 33235275 0.9904883801937103
7677 33235959 0.9905087649822235
7678 33236831 0.9905347526073456
7679 33237647 0.9905590713024139
7680 33238322 0.9905791878700256
7681 33239062 0.9906012415885925
7682 33239839 0.9906243979930878
7683 33240540 0.9906452894210815
7684 33241299 0.9906679093837738
7685 33242049 0.9906902611255646
7686 33242740 0.9907108545303345
7687 33243436 0.9907315969467163
7688 33244104 0.9907515048980713
7689 33244848 0.9907736778259277
7690 33245522 0.990793764591217
7691 33246166 0.9908129572868347
7692 33246964 0.9908367395401001
7693 33247642 0.990856945514679
7694 33248245 0.9908749163150787
7695 33248956 0.9908961057662964
7696 33249581 0.9909147322177887
7697 33250195 0.9909330308437347
7698 33250850 0.9909525513648987
7699 33251541 0.9909731447696686
7700 33252137 0.9909909069538116
7701 33252808 0.9910109043121338
7702 33253505 0.991031676530838
7703 33254121 0.9910500347614288
7704 33254726 0.9910680651664734
7705 33255326 0.991085946559906
7706 33255929 0.9911039173603058
7707 33256538 0.9911220669746399
7708 33257059 0.9911375939846039
7709 33257772 0.9911588430404663
7710 33258333 0.9911755621433258
7711 33258867 0.9911914765834808
7712 33259478 0.9912096858024597
7713 33260032 0.9912261962890625
7714 33260568 0.9912421703338623
7715 33261169 0.9912600815296173
7716 33261791 0.9912786185741425
7717 33262296 0.9912936687469482
7718 33262810 0.9913089871406555
7719 33263432 0.9913275241851807
7720 33263966 0.9913434386253357
7721 33264514 0.9913597702980042
7722 33265085 0.9913767874240875
7723 33265627 0.9913929402828217
7724 33266147 0.9914084374904633
7725 33266637 0.9914230406284332
7726 33267207 0.9914400279521942
7727 33267737 0.9914558231830597
7728 33268238 0.9914707541465759
7729 33268814 0.9914879202842712
7730 33269373 0.991504579782486
7731 33269846 0.9915186762809753
7732 33270346 0.9915335774421692
7733 33270869 0.991549164056778
7734 33271315 0.9915624558925629
7735 33271820 0.9915775060653687
7736 33272330 0.9915927052497864
7737 33272826 0.9916074872016907
7738 33273293 0.9916214048862457
7739 33273802 0.9916365742683411
7740 33274296 0.9916512966156006
7741 33274804 0.9916664361953735
7742 33275291 0.9916809499263763
7743 33275831 0.9916970431804657
7744 33276284 0.9917105436325073
7745 33276716 0.9917234182357788
7746 33277233 0.9917388260364532
7747 33277706 0.9917529225349426
7748 33278179 0.991767019033432
7749 33278712 0.9917829036712646
7750 33279216 0.991797924041748
7751 33279659 0.9918111264705658
7752 33280127 0.9918250739574432
7753 33280684 0.9918416738510132
7754 33281067 0.9918530881404877
7755 33281541 0.9918672144412994
7756 33282073 0.9918830692768097
7757 33282486 0.9918953776359558
7758 33282919 0.9919082820415497
7759 33283386 0.9919221997261047
7760 33283848 0.9919359683990479
7761 33284259 0.9919482171535492
7762 33284698 0.9919613003730774
7763 33285143 0.9919745624065399
7764 33285564 0.9919871091842651
7765 33285940 0.9919983148574829
7766 33286416 0.9920125007629395
7767 33286859 0.9920257031917572
7768 33287266 0.992037832736969
7769 33287746 0.9920521378517151
7770 33288228 0.992066502571106
7771 33288629 0.9920784533023834
7772 33289077 0.9920918047428131
7773 33289583 0.9921068847179413
7774 33289967 0.9921183288097382
7775 33290366 0.9921302199363708
7776 33290830 0.9921440482139587
7777 33291231 0.9921559989452362
7778 33291645 0.9921683371067047
7779 33292083 0.9921813905239105
7780 33292509 0.9921940863132477
7781 33292917 0.9922062456607819
7782 33293295 0.9922175109386444
7783 33293721 0.9922302067279816
7784 33294097 0.9922414124011993
7785 33294470 0.99225252866745
7786 33294862 0.9922642111778259
7787 33295275 0.992276519536972
7788 33295654 0.992287814617157
7789 33296053 0.9922997057437897
7790 33296459 0.9923118054866791
7791 33296827 0.9923227727413177
7792 33297201 0.9923339188098907
7793 33297674 0.9923480153083801
7794 33298014 0.9923581480979919
7795 33298362 0.9923685193061829
7796 33298782 0.9923810362815857
7797 33299152 0.9923920631408691
7798 33299514 0.9924028515815735
7799 33299883 0.9924138486385345
7800 33300279 0.9924256503582001
7801 33300666 0.9924371838569641
7802 33301005 0.9924472868442535
7803 33301398 0.9924589991569519
7804 33301794 0.9924708008766174
7805 33302168 0.9924819469451904
7806 33302539 0.9924930036067963
7807 33302954 0.9925053715705872
7808 33303315 0.9925161302089691
7809 33303666 0.9925265908241272
7810 33304101 0.9925395548343658
7811 33304422 0.9925491213798523
7812 33304786 0.9925599694252014
7813 33305176 0.9925715923309326
7814 33305511 0.9925815761089325
7815 33305823 0.9925908744335175
7816 33306189 0.9926017820835114
7817 33306550 0.9926125407218933
7818 33306891 0.9926227033138275
7819 33307243 0.992633193731308
7820 33307584 0.9926433563232422
7821 33307907 0.9926529824733734
7822 33308237 0.9926628172397614
7823 33308565 0.9926725924015045
7824 33308923 0.9926832616329193
7825 33309223 0.9926922023296356
7826 33309541 0.9927016794681549
7827 33309966 0.9927143454551697
7828 33310278 0.9927236437797546
7829 33310590 0.9927329421043396
7830 33310980 0.9927445650100708
7831 33311303 0.992754191160202
7832 33311607 0.9927632510662079
7833 33311976 0.992774248123169
7834 33312351 0.9927854239940643
7835 33312674 0.9927950501441956
7836 33313025 0.9928055107593536
7837 33313366 0.9928156733512878
7838 33313670 0.9928247332572937
7839 33313993 0.9928343594074249
7840 33314337 0.9928446114063263
7841 33314681 0.9928548634052277
7842 33315018 0.9928649067878723
7843 33315343 0.9928745925426483
7844 33315666 0.9928842186927795
7845 33315953 0.9928927719593048
7846 33316219 0.9929006993770599
7847 33316590 0.9929117560386658
7848 33316878 0.9929203391075134
7849 33317149 0.9929284155368805
7850 33317483 0.992938369512558
7851 33317735 0.9929458796977997
7852 33318026 0.9929545521736145
7853 33318349 0.9929641783237457
7854 33318651 0.9929731786251068
7855 33318932 0.9929815530776978
7856 33319232 0.9929904937744141
7857 33319519 0.9929990470409393
7858 33319819 0.9930079877376556
7859 33320128 0.9930171966552734
7860 33320431 0.9930262267589569
7861 33320753 0.9930358231067657
7862 33321034 0.9930441975593567
7863 33321293 0.9930519163608551
7864 33321639 0.9930622279644012
7865 33321908 0.9930702447891235
7866 33322183 0.9930784404277802
7867 33322512 0.9930882453918457
7868 33322781 0.993096262216568
7869 33323049 0.9931042492389679
7870 33323362 0.9931135773658752
7871 33323709 0.9931239187717438
7872 33324026 0.9931333661079407
7873 33324329 0.9931423962116241
7874 33324609 0.9931507408618927
7875 33324871 0.9931585490703583
7876 33325153 0.9931669533252716
7877 33325457 0.9931760132312775
7878 33325728 0.9931840896606445
7879 33325987 0.9931918084621429
7880 33326241 0.9931993782520294
7881 33326517 0.9932076036930084
7882 33326800 0.9932160377502441
7883 33327044 0.9932233095169067
7884 33327370 0.9932330250740051
7885 33327656 0.993241548538208
7886 33327874 0.9932480454444885
7887 33328173 0.9932569563388824
7888 33328457 0.9932654201984406
7889 33328709 0.9932729303836823
7890 33328997 0.9932815134525299
7891 33329292 0.9932903051376343
7892 33329554 0.9932981133460999
7893 33329844 0.9933067560195923
7894 33330128 0.9933152198791504
7895 33330393 0.9933231174945831
7896 33330646 0.9933306574821472
7897 33330890 0.9933379292488098
7898 33331161 0.9933460056781769
7899 33331408 0.9933533668518066
7900 33331662 0.9933609366416931
7901 33331939 0.9933691918849945
7902 33332239 0.9933781325817108
7903 33332468 0.9933849573135376
7904 33332750 0.9933933615684509
7905 33333029 0.9934016764163971
7906 33333285 0.9934093058109283
7907 33333568 0.9934177398681641
7908 33333845 0.9934259951114655
7909 33334080 0.9934329986572266
7910 33334338 0.9934406876564026
7911 33334603 0.9934485852718353
7912 33334832 0.9934554100036621
7913 33335081 0.9934628307819366
7914 33335320 0.9934699535369873
7915 33335555 0.9934769570827484
7916 33335825 0.9934850037097931
7917 33336057 0.993491917848587
7918 33336311 0.9934994876384735
7919 33336542 0.9935063719749451
7920 33336744 0.9935123920440674
7921 33337025 0.9935207664966583
7922 33337248 0.9935274124145508
7923 33337477 0.9935342371463776
7924 33337725 0.9935416281223297
7925 33337958 0.993548572063446
7926 33338167 0.9935548007488251
7927 33338445 0.9935630857944489
7928 33338697 0.9935705959796906
7929 33338891 0.9935763776302338
7930 33339128 0.9935834407806396
7931 33339390 0.9935912489891052
7932 33339631 0.9935984313488007
7933 33339852 0.9936050176620483
7934 33340073 0.993611603975296
7935 33340292 0.9936181306838989
7936 33340515 0.9936247766017914
7937 33340727 0.9936310946941376
7938 33340944 0.9936375617980957
7939 33341149 0.9936436712741852
7940 33341341 0.9936493933200836
7941 33341585 0.9936566650867462
7942 33341845 0.993664413690567
7943 33342036 0.9936701059341431
7944 33342240 0.9936761856079102
7945 33342483 0.9936834275722504
7946 33342706 0.9936900734901428
7947 33342902 0.9936959147453308
7948 33343131 0.9937027394771576
7949 33343346 0.993709146976471
7950 33343562 0.9937155842781067
7951 33343791 0.9937224090099335
7952 33344022 0.993729293346405
7953 33344224 0.9937353134155273
7954 33344442 0.9937418103218079
7955 33344667 0.9937485158443451
7956 33344856 0.9937541484832764
7957 33345045 0.9937597811222076
7958 33345260 0.993766188621521
7959 33345463 0.9937722384929657
7960 33345661 0.9937781393527985
7961 33345857 0.9937839806079865
7962 33346085 0.9937907755374908
7963 33346282 0.9937966465950012
7964 33346496 0.9938030242919922
7965 33346695 0.9938089549541473
7966 33346873 0.9938142597675323
7967 33347054 0.9938196539878845
7968 33347277 0.993826299905777
7969 33347479 0.9938323199748993
7970 33347681 0.9938383400440216
7971 33347883 0.9938443601131439
7972 33348064 0.9938497543334961
7973 33348246 0.9938551783561707
7974 33348444 0.9938610792160034
7975 33348658 0.9938674569129944
7976 33348850 0.9938731789588928
7977 33349038 0.9938787817955017
7978 33349257 0.9938853085041046
7979 33349502 0.9938926100730896
7980 33349676 0.9938977956771851
7981 33349873 0.9939036667346954
7982 33350101 0.9939104616641998
7983 33350286 0.9939159750938416
7984 33350500 0.9939223527908325
7985 33350753 0.9939298927783966
7986 33350939 0.9939354360103607
7987 33351149 0.9939416944980621
7988 33351358 0.9939479231834412
7989 33351554 0.9939537644386292
7990 33351757 0.9939598143100739
7991 33351947 0.9939654767513275
7992 33352157 0.9939717352390289
7993 33352345 0.9939773380756378
7994 33352562 0.993983805179596
7995 33352771 0.993990033864975
7996 33352967 0.993995875120163
7997 33353136 0.9940009117126465
7998 33353336 0.994006872177124
7999 33353563 0.994013637304306
8000 33353727 0.9940185248851776
8001 33353909 0.9940239489078522
8002 33354137 0.9940307438373566
8003 33354319 0.9940361678600311
8004 33354535 0.9940426051616669
8005 33354769 0.9940495789051056
8006 33354970 0.9940555691719055
8007 33355150 0.9940609335899353
8008 33355362 0.9940672516822815
8009 33355571 0.9940734803676605
8010 33355781 0.9940797388553619
8011 33355966 0.9940852522850037
8012 33356190 0.9940919280052185
8013 33356385 0.9940977394580841
8014 33356570 0.9941032528877258
8015 33356791 0.9941098392009735
8016 33357015 0.9941165149211884
8017 33357197 0.9941219389438629
8018 33357390 0.9941276907920837
8019 33357663 0.9941358268260956
8020 33357851 0.9941414296627045
8021 33358056 0.994147539138794
8022 33358317 0.9941553175449371
8023 33358519 0.9941613376140594
8024 33358726 0.9941675066947937
8025 33358987 0.9941752851009369
8026 33359227 0.9941824376583099
8027 33359436 0.994188666343689
8028 33359673 0.9941957294940948
8029 33359903 0.994202584028244
8030 33360125 0.9942092001438141
8031 33360344 0.994215726852417
8032 33360587 0.9942229688167572
8033 33360841 0.9942305386066437
8034 33361074 0.99423748254776
8035 33361284 0.9942437410354614
8036 33361545 0.9942515194416046
8037 33361783 0.9942586123943329
8038 33362003 0.9942651689052582
8039 33362294 0.994273841381073
8040 33362498 0.9942799210548401
8041 33362713 0.9942863285541534
8042 33362975 0.994294136762619
8043 33363205 0.9943009912967682
8044 33363446 0.9943081736564636
8045 33363666 0.9943147301673889
8046 33363922 0.9943223595619202
8047 33364130 0.9943285584449768
8048 33364360 0.994335412979126
8049 33364624 0.9943432807922363
8050 33364863 0.994350403547287
8051 33365105 0.9943576157093048
8052 33365351 0.9943649470806122
8053 33365608 0.9943726062774658
8054 33365867 0.9943803250789642
8055 33366134 0.9943882822990417
8056 33366382 0.9943956732749939
8057 33366588 0.9944018125534058
8058 33366823 0.9944088160991669
8059 33367126 0.9944178462028503
8060 33367356 0.9944247007369995
8061 33367601 0.9944320023059845
8062 33367886 0.994440495967865
8063 33368163 0.9944487512111664
8064 33368411 0.9944561421871185
8065 33368658 0.9944635033607483
8066 33368944 0.9944720268249512
8067 33369179 0.9944790303707123
8068 33369411 0.9944859445095062
8069 33369675 0.9944938123226166
8070 33369952 0.994502067565918
8071 33370202 0.9945095181465149
8072 33370466 0.9945173859596252
8073 33370747 0.9945257604122162
8074 33371017 0.9945338070392609
8075 33371276 0.9945415258407593
8076 33371599 0.9945511519908905
8077 33371859 0.9945589005947113
8078 33372086 0.9945656657218933
8079 33372396 0.9945749044418335
8080 33372641 0.9945822060108185
8081 33372891 0.9945896565914154
8082 33373185 0.9945984184741974
8083 33373440 0.9946060180664062
8084 33373693 0.9946135580539703
8085 33373942 0.9946209788322449
8086 33374200 0.9946286678314209
8087 33374437 0.9946357309818268
8088 33374677 0.9946428835391998
8089 33374941 0.9946507513523102
8090 33375221 0.9946590960025787
8091 33375481 0.9946668446063995
8092 33375702 0.9946734309196472
8093 33375982 0.9946817755699158
8094 33376239 0.9946894347667694
8095 33376495 0.9946970641613007
8096 33376812 0.9947065114974976
8097 33377073 0.9947142899036407
8098 33377306 0.9947212338447571
8099 33377591 0.9947297275066376
8100 33377815 0.9947364032268524
8101 33378088 0.9947445392608643
8102 33378339 0.9947520196437836
8103 33378649 0.9947612583637238
8104 33378922 0.9947693943977356
8105 33379167 0.9947766959667206
8106 33379447 0.9947850406169891
8107 33379701 0.9947926104068756
8108 33379985 0.9948010742664337
8109 33380245 0.9948088228702545
8110 33380544 0.9948177337646484
8111 33380772 0.9948245286941528
8112 33381018 0.9948318600654602
8113 33381332 0.9948412179946899
8114 33381595 0.9948490560054779
8115 33381820 0.9948557615280151
8116 33382087 0.9948637187480927
8117 33382337 0.9948711693286896
8118 33382548 0.9948774576187134
8119 33382800 0.9948849678039551
8120 33383061 0.9948927462100983
8121 33383300 0.9948998689651489
8122 33383575 0.9949080646038055
8123 33383851 0.9949162900447845
8124 33384123 0.994924396276474
8125 33384371 0.9949317872524261
8126 33384639 0.994939774274826
8127 33384905 0.9949477016925812
8128 33385163 0.9949553906917572
8129 33385377 0.9949617683887482
8130 33385656 0.9949700832366943
8131 33385926 0.994978129863739
8132 33386144 0.9949846267700195
8133 33386435 0.9949932992458344
8134 33386662 0.9950000643730164
8135 33386904 0.9950072765350342
8136 33387193 0.9950158894062042
8137 33387443 0.9950233399868011
8138 33387671 0.9950301349163055
8139 33387928 0.9950377941131592
8140 33388228 0.9950467348098755
8141 33388465 0.9950537979602814
8142 33388708 0.9950610399246216
8143 33388973 0.9950689375400543
8144 33389201 0.9950757324695587
8145 33389440 0.9950828552246094
8146 33389702 0.995090663433075
8147 33389958 0.9950982928276062
8148 33390188 0.9951051473617554
8149 33390423 0.9951121509075165
8150 33390682 0.9951198697090149
8151 33390943 0.9951276481151581
8152 33391174 0.9951345324516296
8153 33391431 0.9951421916484833
8154 33391721 0.9951508343219757
8155 33391998 0.9951590895652771
8156 33392238 0.9951662421226501
8157 33392505 0.9951741993427277
8158 33392754 0.9951816201210022
8159 33392969 0.9951880276203156
8160 33393217 0.9951954185962677
8161 33393488 0.9952034950256348
8162 33393737 0.9952109158039093
8163 33393978 0.9952180981636047
8164 33394231 0.9952256381511688
8165 33394473 0.9952328503131866
8166 33394699 0.9952395856380463
8167 33394970 0.9952476620674133
8168 33395248 0.9952559471130371
8169 33395476 0.9952627420425415
8170 33395767 0.9952714145183563
8171 33396031 0.9952792823314667
8172 33396262 0.9952861666679382
8173 33396519 0.9952938258647919
8174 33396759 0.9953009784221649
8175 33396967 0.9953071773052216
8176 33397196 0.9953140020370483
8177 33397462 0.9953219294548035
8178 33397705 0.9953291714191437
8179 33397938 0.99533611536026
8180 33398183 0.995343416929245
8181 33398417 0.9953503906726837
8182 33398651 0.9953573644161224
8183 33398896 0.9953646659851074
8184 33399157 0.9953724443912506
8185 33399428 0.9953805208206177
8186 33399693 0.9953884184360504
8187 33399972 0.9953967332839966
8188 33400229 0.9954043924808502
8189 33400504 0.9954125881195068
8190 33400767 0.9954204261302948
8191 33401034 0.9954283833503723
8192 33401278 0.9954356551170349
8193 33401535 0.9954433143138885
8194 33401829 0.9954520761966705
8195 33402070 0.995459258556366
8196 33402313 0.9954665005207062
8197 33402592 0.9954748153686523
8198 33402861 0.9954828321933746
8199 33403110 0.9954902529716492
8200 33403375 0.9954981505870819
8201 33403612 0.9955052137374878
8202 33403860 0.9955126047134399
8203 33404089 0.9955194294452667
8204 33404363 0.995527595281601
8205 33404616 0.995535135269165
8206 33404839 0.9955417811870575
8207 33405096 0.9955494403839111
8208 33405371 0.9955576360225677
8209 33405610 0.9955647587776184
8210 33405848 0.9955718517303467
8211 33406120 0.9955799579620361
8212 33406344 0.995586633682251
8213 33406597 0.9955941736698151
8214 33406879 0.9956025779247284
8215 33407129 0.9956100285053253
8216 33407365 0.9956170618534088
8217 33407635 0.9956251084804535
8218 33407902 0.995633065700531
8219 33408151 0.9956404864788055
8220 33408403 0.9956479966640472
8221 33408704 0.9956569671630859
8222 33408946 0.9956641793251038
8223 33409206 0.9956719279289246
8224 33409464 0.9956796169281006
8225 33409699 0.9956866204738617
8226 33409923 0.9956932961940765
8227 33410207 0.9957017600536346
8228 33410511 0.9957108199596405
8229 33410744 0.9957177639007568
8230 33410982 0.9957248568534851
8231 33411268 0.995733380317688
8232 33411500 0.9957402944564819
8233 33411740 0.995747447013855
8234 33412016 0.995755672454834
8235 33412271 0.9957632720470428
8236 33412506 0.995770275592804
8237 33412769 0.9957781136035919
8238 33413062 0.9957868456840515
8239 33413288 0.9957935810089111
8240 33413520 0.9958004951477051
8241 33413803 0.9958089292049408
8242 33414042 0.9958160519599915
8243 33414260 0.995822548866272
8244 33414502 0.9958297610282898
8245 33414764 0.9958375692367554
8246 33415000 0.9958446025848389
8247 33415224 0.9958512783050537
8248 33415491 0.9958592355251312
8249 33415720 0.995866060256958
8250 33415946 0.9958727955818176
8251 33416230 0.9958812594413757
8252 33416469 0.9958883821964264
8253 33416684 0.9958947896957397
8254 33416945 0.9959025681018829
8255 33417220 0.9959107637405396
8256 33417476 0.9959183931350708
8257 33417712 0.9959254264831543
8258 33417966 0.9959329962730408
8259 33418234 0.9959409832954407
8260 33418487 0.9959485232830048
8261 33418734 0.9959558844566345
8262 33419007 0.9959640204906464
8263 33419239 0.9959709346294403
8264 33419453 0.9959773123264313
8265 33419737 0.9959857761859894
8266 33419975 0.9959928691387177
8267 33420181 0.9959990084171295
8268 33420470 0.9960076212882996
8269 33420684 0.9960139989852905
8270 33420906 0.9960206151008606
8271 33421186 0.9960289597511292
8272 33421395 0.9960351884365082
8273 33421635 0.9960423409938812
8274 33421877 0.996049553155899
8275 33422134 0.9960572123527527
8276 33422344 0.9960634708404541
8277 33422577 0.9960704147815704
8278 33422877 0.9960793554782867
8279 33423121 0.9960866272449493
8280 33423368 0.9960939884185791
8281 33423613 0.9961012899875641
8282 33423848 0.9961082935333252
8283 33424064 0.9961147308349609
8284 33424303 0.9961218535900116
8285 33424579 0.9961300790309906
8286 33424809 0.9961369335651398
8287 33425044 0.9961439371109009
8288 33425354 0.9961531758308411
8289 33425578 0.9961598515510559
8290 33425789 0.9961661398410797
8291 33426061 0.9961742460727692
8292 33426299 0.9961813390254974
8293 33426540 0.9961885213851929
8294 33426752 0.9961948394775391
8295 33427012 0.9962025880813599
8296 33427233 0.9962091743946075
8297 33427447 0.9962155520915985
8298 33427696 0.996222972869873
8299 33427936 0.9962301254272461
8300 33428197 0.9962379038333893
8301 33428439 0.9962451159954071
8302 33428714 0.9962533116340637
8303 33428938 0.9962599873542786
8304 33429147 0.9962662160396576
8305 33429424 0.996274471282959
8306 33429641 0.9962809383869171
8307 33429874 0.9962878823280334
8308 33430179 0.9962969720363617
8309 33430436 0.9963046312332153
8310 33430667 0.9963115155696869
8311 33430930 0.9963193535804749
8312 33431213 0.9963277876377106
8313 33431435 0.9963344037532806
8314 33431666 0.9963412880897522
8315 33431909 0.9963485300540924
8316 33432178 0.9963565468788147
8317 33432432 0.9963641166687012
8318 33432681 0.9963715374469757
8319 33432953 0.9963796436786652
8320 33433204 0.9963871240615845
8321 33433443 0.9963942468166351
8322 33433747 0.996403306722641
8323 33433978 0.9964101910591125
8324 33434223 0.9964174926280975
8325 33434494 0.9964255690574646
8326 33434741 0.9964329302310944
8327 33434959 0.9964394271373749
8328 33435247 0.9964480102062225
8329 33435472 0.9964547157287598
8330 33435706 0.9964616894721985
8331 33435939 0.9964686334133148
8332 33436186 0.9964759945869446
8333 33436407 0.9964825809001923
8334 33436641 0.996489554643631
8335 33436891 0.9964970052242279
8336 33437137 0.9965043365955353
8337 33437366 0.9965111613273621
8338 33437604 0.9965182542800903
8339 33437850 0.9965255856513977
8340 33438103 0.9965331256389618
8341 33438324 0.9965397119522095
8342 33438611 0.9965482652187347
8343 33438858 0.9965556263923645
8344 33439067 0.9965618550777435
8345 33439322 0.9965694546699524
8346 33439570 0.9965768456459045
8347 33439765 0.9965826570987701
8348 33440017 0.9965901672840118
8349 33440299 0.9965985715389252
8350 33440532 0.9966055154800415
8351 33440754 0.9966121315956116
8352 33441028 0.9966202974319458
8353 33441269 0.9966274797916412
8354 33441511 0.9966346919536591
8355 33441746 0.9966416954994202
8356 33441988 0.996648907661438
8357 33442233 0.996656209230423
8358 33442449 0.9966626465320587
8359 33442688 0.9966697692871094
8360 33442909 0.9966763556003571
8361 33443143 0.9966833293437958
8362 33443391 0.9966907203197479
8363 33443613 0.996697336435318
8364 33443824 0.9967036247253418
8365 33444076 0.9967111349105835
8366 33444308 0.9967180490493774
8367 33444523 0.9967244565486908
8368 33444729 0.9967305958271027
8369 33444997 0.9967385828495026
8370 33445213 0.9967450201511383
8371 33445433 0.9967515766620636
8372 33445668 0.9967585802078247
8373 33445888 0.99676513671875
8374 33446114 0.9967718720436096
8375 33446318 0.9967779517173767
8376 33446551 0.996784895658493
8377 33446762 0.9967911839485168
8378 33446967 0.9967972934246063
8379 33447198 0.9968041777610779
8380 33447440 0.9968113899230957
8381 33447627 0.9968169629573822
8382 33447855 0.9968237578868866
8383 33448096 0.996830940246582
8384 33448296 0.9968369007110596
8385 33448526 0.9968437552452087
8386 33448748 0.9968503713607788
8387 33448968 0.9968569278717041
8388 33449187 0.996863454580307
8389 33449435 0.9968708455562592
8390 33449647 0.9968771636486053
8391 33449856 0.9968833923339844
8392 33450050 0.9968891739845276
8393 33450262 0.9968954920768738
8394 33450479 0.9969019591808319
8395 33450664 0.9969074726104736
8396 33450896 0.9969143867492676
8397 33451105 0.9969206154346466
8398 33451313 0.9969268143177032
8399 33451510 0.9969326853752136
8400 33451716 0.9969388246536255
8401 33451880 0.9969437122344971
8402 33452070 0.9969493746757507
8403 33452277 0.996955543756485
8404 33452434 0.9969602227210999
8405 33452615 0.996965616941452
8406 33452839 0.9969722926616669
8407 33453060 0.9969788789749146
8408 33453267 0.9969850480556488
8409 33453477 0.9969913065433502
8410 33453683 0.9969974458217621
8411 33453873 0.9970031082630157
8412 33454052 0.9970084428787231
8413 33454259 0.9970146119594574
8414 33454445 0.9970201551914215
8415 33454638 0.9970259070396423
8416 33454844 0.9970320463180542
8417 33455021 0.9970373213291168
8418 33455213 0.9970430433750153
8419 33455410 0.9970489144325256
8420 33455620 0.997055172920227
8421 33455810 0.9970608353614807
8422 33455984 0.9970660209655762
8423 33456207 0.9970726668834686
8424 33456407 0.9970786273479462
8425 33456599 0.9970843493938446
8426 33456808 0.9970905780792236
8427 33457006 0.9970964789390564
8428 33457174 0.9971014857292175
8429 33457335 0.997106283903122
8430 33457560 0.9971129894256592
8431 33457762 0.9971190094947815
8432 33457960 0.9971249103546143
8433 33458189 0.997131735086441
8434 33458389 0.9971376955509186
8435 33458551 0.9971425235271454
8436 33458747 0.9971483647823334
8437 33458927 0.9971537292003632
8438 33459096 0.9971587657928467
8439 33459289 0.9971645176410675
8440 33459522 0.9971714615821838
8441 33459719 0.9971773326396942
8442 33459884 0.9971822500228882
8443 33460144 0.997189998626709
8444 33460325 0.9971953928470612
8445 33460525 0.9972013533115387
8446 33460720 0.9972071647644043
8447 33460892 0.997212290763855
8448 33461081 0.9972179234027863
8449 33461256 0.9972231388092041
8450 33461463 0.9972293078899384
8451 33461639 0.9972345530986786
8452 33461801 0.9972393810749054
8453 33461995 0.9972451627254486
8454 33462177 0.9972505867481232
8455 33462338 0.9972553849220276
8456 33462521 0.9972608387470245
8457 33462705 0.9972663223743439
8458 33462864 0.9972710609436035
8459 33463024 0.9972758293151855
8460 33463239 0.9972822368144989
8461 33463405 0.9972871840000153
8462 33463569 0.9972920715808868
8463 33463769 0.9972980320453644
8464 33463932 0.9973028898239136
8465 33464101 0.9973079264163971
8466 33464288 0.9973134994506836
8467 33464465 0.9973187744617462
8468 33464639 0.9973239600658417
8469 33464817 0.9973292648792267
8470 33465006 0.997334897518158
8471 33465176 0.9973399639129639
8472 33465340 0.9973448514938354
8473 33465548 0.9973510503768921
8474 33465734 0.9973565936088562
8475 33465918 0.9973620772361755
8476 33466073 0.9973666965961456
8477 33466275 0.9973727166652679
8478 33466459 0.9973782002925873
8479 33466610 0.9973827004432678
8480 33466800 0.9973883628845215
8481 33466957 0.9973930418491364
8482 33467129 0.997398167848587
8483 33467313 0.9974036514759064
8484 33467483 0.9974087178707123
8485 33467651 0.9974137246608734
8486 33467819 0.9974187314510345
8487 33468006 0.997424304485321
8488 33468161 0.9974289238452911
8489 33468323 0.9974337518215179
8490 33468520 0.9974396228790283
8491 33468681 0.9974444210529327
8492 33468836 0.9974490404129028
8493 33469025 0.9974546730518341
8494 33469210 0.9974601864814758
8495 33469378 0.997465193271637
8496 33469539 0.9974699914455414
8497 33469715 0.9974752366542816
8498 33469875 0.9974800050258636
8499 33470045 0.9974850714206696
8500 33470221 0.9974903166294098
8501 33470404 0.9974957704544067
8502 33470570 0.9975007176399231
8503 33470737 0.9975056946277618
8504 33470888 0.9975101947784424
8505 33471038 0.9975146651268005
8506 33471204 0.9975196123123169
8507 33471379 0.9975248277187347
8508 33471540 0.9975296258926392
8509 33471711 0.9975347220897675
8510 33471866 0.9975393414497375
8511 33472045 0.997544676065445
8512 33472188 0.9975489377975464
8513 33472314 0.9975526928901672
8514 33472493 0.9975580275058746
8515 33472657 0.9975629150867462
8516 33472792 0.9975669384002686
8517 33472975 0.9975723922252655
8518 33473115 0.9975765645503998
8519 33473275 0.9975813329219818
8520 33473443 0.9975863397121429
8521 33473609 0.9975912868976593
8522 33473772 0.9975961446762085
8523 33473896 0.9975998401641846
8524 33474059 0.9976046979427338
8525 33474202 0.9976089596748352
8526 33474350 0.9976133704185486
8527 33474500 0.9976178407669067
8528 33474647 0.9976222217082977
8529 33474794 0.9976266026496887
8530 33474957 0.9976314604282379
8531 33475117 0.99763622879982
8532 33475260 0.9976404905319214
8533 33475394 0.9976444840431213
8534 33475555 0.9976492822170258
8535 33475705 0.9976537525653839
8536 33475842 0.997657835483551
8537 33476028 0.9976633787155151
8538 33476189 0.9976681768894196
8539 33476327 0.9976722896099091
8540 33476467 0.9976764619350433
8541 33476603 0.9976805150508881
8542 33476729 0.9976842701435089
8543 33476860 0.9976881742477417
8544 33477010 0.9976926445960999
8545 33477145 0.9976966679096222
8546 33477304 0.9977014064788818
8547 33477462 0.9977061152458191
8548 33477605 0.9977103769779205
8549 33477740 0.9977144002914429
8550 33477882 0.9977186322212219
8551 33478047 0.9977235496044159
8552 33478173 0.9977273046970367
8553 33478303 0.9977311789989471
8554 33478453 0.9977356493473053
8555 33478595 0.9977398812770844
8556 33478726 0.9977437853813171
8557 33478879 0.9977483451366425
8558 33479019 0.9977525174617767
8559 33479153 0.9977565109729767
8560 33479277 0.9977602064609528
8561 33479435 0.99776491522789
8562 33479563 0.9977687299251556
8563 33479686 0.9977723956108093
8564 33479838 0.9977769255638123
8565 33480019 0.9977823197841644
8566 33480159 0.9977864921092987
8567 33480298 0.9977906346321106
8568 33480461 0.9977954924106598
8569 33480599 0.9977996051311493
8570 33480712 0.9978029727935791
8571 33480870 0.9978076815605164
8572 33480989 0.9978112280368805
8573 33481115 0.9978149831295013
8574 33481253 0.9978190958499908
8575 33481379 0.9978228509426117
8576 33481495 0.9978263080120087
8577 33481645 0.9978307783603668
8578 33481812 0.9978357553482056
8579 33481928 0.9978392124176025
8580 33482080 0.9978437423706055
8581 33482237 0.9978484213352203
8582 33482348 0.9978517293930054
8583 33482475 0.9978555142879486
8584 33482628 0.9978600740432739
8585 33482761 0.9978640377521515
8586 33482892 0.9978679418563843
8587 33483014 0.9978715777397156
8588 33483168 0.9978761672973633
8589 33483299 0.9978800714015961
8590 33483416 0.9978835582733154
8591 33483559 0.9978878200054169
8592 33483692 0.9978917837142944
8593 33483805 0.9978951513767242
8594 33483937 0.9978990852832794
8595 33484071 0.9979030787944794
8596 33484196 0.9979068040847778
8597 33484341 0.997911125421524
8598 33484506 0.997916042804718
8599 33484613 0.9979192316532135
8600 33484739 0.9979229867458344
8601 33484881 0.9979272186756134
8602 33485015 0.9979312121868134
8603 33485140 0.9979349374771118
8604 33485273 0.9979389011859894
8605 33485406 0.9979428648948669
8606 33485531 0.9979465901851654
8607 33485661 0.9979504644870758
8608 33485800 0.9979546070098877
8609 33485903 0.9979576766490936
8610 33486000 0.9979605674743652
8611 33486123 0.9979642331600189
8612 33486254 0.9979681372642517
8613 33486369 0.9979715645313263
8614 33486484 0.9979749917984009
8615 33486623 0.9979791343212128
8616 33486734 0.9979824423789978
8617 33486849 0.9979858696460724
8618 33487006 0.9979905486106873
8619 33487131 0.9979942739009857
8620 33487276 0.9979985952377319
8621 33487413 0.998002678155899
8622 33487545 0.9980066120624542
8623 33487663 0.998010128736496
8624 33487786 0.9980137944221497
8625 33487906 0.9980173707008362
8626 33488042 0.9980214238166809
8627 33488154 0.9980247616767883
8628 33488281 0.9980285465717316
8629 33488408 0.9980323314666748
8630 33488524 0.9980357885360718
8631 33488641 0.9980392754077911
8632 33488799 0.9980439841747284
8633 33488926 0.9980477690696716
8634 33489042 0.9980512261390686
8635 33489183 0.9980554282665253
8636 33489294 0.9980587363243103
8637 33489410 0.9980621933937073
8638 33489538 0.9980660080909729
8639 33489675 0.99807009100914
8640 33489795 0.9980736672878265
8641 33489919 0.9980773627758026
8642 33490034 0.9980807900428772
8643 33490155 0.9980843961238861
8644 33490267 0.9980877339839935
8645 33490383 0.9980911910533905
8646 33490497 0.9980945885181427
8647 33490615 0.9980981051921844
8648 33490728 0.9981014728546143
8649 33490886 0.9981061816215515
8650 33490989 0.9981092512607574
8651 33491088 0.9981122016906738
8652 33491219 0.9981161057949066
8653 33491341 0.9981197416782379
8654 33491475 0.9981237351894379
8655 33491597 0.9981273710727692
8656 33491705 0.998130589723587
8657 33491807 0.9981336295604706
8658 33491938 0.9981375336647034
8659 33492063 0.9981412589550018
8660 33492172 0.9981445074081421
8661 33492275 0.998147577047348
8662 33492396 0.9981511831283569
8663 33492502 0.99815434217453
8664 33492615 0.9981577098369598
8665 33492732 0.9981611967086792
8666 33492845 0.998164564371109
8667 33492943 0.998167484998703
8668 33493036 0.9981702566146851
8669 33493159 0.9981739223003387
8670 33493243 0.9981764256954193
8671 33493347 0.9981795251369476
8672 33493478 0.9981834292411804
8673 33493583 0.9981865584850311
8674 33493674 0.9981892704963684
8675 33493804 0.9981931447982788
8676 33493904 0.9981961250305176
8677 33494010 0.9981992840766907
8678 33494122 0.9982026219367981
8679 33494249 0.9982064068317413
8680 33494363 0.9982098042964935
8681 33494483 0.99821338057518
8682 33494597 0.9982167780399323
8683 33494708 0.9982200860977173
8684 33494812 0.9982231855392456
8685 33494939 0.9982269704341888
8686 33495063 0.9982306659221649
8687 33495172 0.9982339143753052
8688 33495269 0.9982368052005768
8689 33495377 0.9982400238513947
8690 33495487 0.9982433021068573
8691 33495581 0.9982461035251617
8692 33495715 0.9982500970363617
8693 33495819 0.99825319647789
8694 33495923 0.9982562959194183
8695 33496029 0.9982594549655914
8696 33496129 0.9982624351978302
8697 33496220 0.9982651472091675
8698 33496305 0.9982676804065704
8699 33496435 0.9982715547084808
8700 33496542 0.9982747435569763
8701 33496643 0.9982777535915375
8702 33496762 0.9982813000679016
8703 33496862 0.9982842803001404
8704 33496969 0.9982874691486359
8705 33497080 0.9982907772064209
8706 33497199 0.998294323682785
8707 33497276 0.9982966184616089
8708 33497367 0.9982993304729462
8709 33497495 0.9983031451702118
8710 33497602 0.9983063340187073
8711 33497696 0.9983091354370117
8712 33497797 0.9983121454715729
8713 33497922 0.9983158707618713
8714 33498022 0.9983188509941101
8715 33498123 0.9983218610286713
8716 33498243 0.9983254373073578
8717 33498339 0.998328298330307
8718 33498437 0.998331218957901
8719 33498540 0.9983342885971069
8720 33498639 0.9983372390270233
8721 33498752 0.9983406066894531
8722 33498842 0.998343288898468
8723 33498953 0.998346596956253
8724 33499040 0.9983491897583008
8725 33499135 0.9983520209789276
8726 33499258 0.9983556866645813
8727 33499344 0.9983582496643066
8728 33499435 0.9983609616756439
8729 33499561 0.9983647167682648
8730 33499624 0.9983665943145752
8731 33499720 0.9983694553375244
8732 33499820 0.9983724355697632
8733 33499920 0.998375415802002
8734 33500000 0.998377799987793
8735 33500095 0.9983806312084198
8736 33500178 0.998383104801178
8737 33500270 0.9983858466148376
8738 33500346 0.9983881115913391
8739 33500446 0.9983910918235779
8740 33500550 0.9983941912651062
8741 33500652 0.9983972311019897
8742 33500733 0.9983996450901031
8743 33500835 0.9984026849269867
8744 33500940 0.9984058141708374
8745 33501035 0.9984086453914642
8746 33501122 0.998411238193512
8747 33501216 0.9984140396118164
8748 33501305 0.9984166920185089
8749 33501406 0.9984197020530701
8750 33501508 0.9984227418899536
8751 33501592 0.9984252452850342
8752 33501694 0.9984282851219177
8753 33501827 0.9984322488307953
8754 33501915 0.9984348714351654
8755 33502040 0.9984385967254639
8756 33502149 0.9984418451786041
8757 33502246 0.9984447360038757
8758 33502336 0.9984474182128906
8759 33502433 0.9984503090381622
8760 33502532 0.9984532594680786
8761 33502632 0.9984562397003174
8762 33502702 0.9984583258628845
8763 33502808 0.9984614849090576
8764 33502891 0.9984639585018158
8765 33502982 0.9984666705131531
8766 33503078 0.9984695315361023
8767 33503166 0.9984721541404724
8768 33503248 0.9984745979309082
8769 33503335 0.9984771907329559
8770 33503420 0.9984797239303589
8771 33503498 0.9984820485115051
8772 33503582 0.9984845519065857
8773 33503684 0.9984875917434692
8774 33503768 0.9984900951385498
8775 33503859 0.9984928071498871
8776 33503942 0.9984952807426453
8777 33504025 0.9984977543354034
8778 33504107 0.9985001981258392
8779 33504200 0.9985029697418213
8780 33504299 0.9985059201717377
8781 33504387 0.9985085427761078
8782 33504478 0.9985112547874451
8783 33504579 0.9985142648220062
8784 33504671 0.9985170066356659
8785 33504771 0.9985199868679047
8786 33504850 0.9985223412513733
8787 33504945 0.9985251724720001
8788 33505017 0.998527318239212
8789 33505112 0.9985301494598389
8790 33505219 0.9985333383083344
8791 33505304 0.9985358715057373
8792 33505383 0.9985382258892059
8793 33505480 0.9985411167144775
8794 33505560 0.9985435009002686
8795 33505652 0.9985462427139282
8796 33505741 0.9985488951206207
8797 33505854 0.9985522627830505
8798 33505952 0.9985551834106445
8799 33506034 0.9985576272010803
8800 33506122 0.9985602498054504
8801 33506211 0.9985629022121429
8802 33506301 0.9985655844211578
8803 33506410 0.9985688328742981
8804 33506518 0.998572051525116
8805 33506607 0.9985747039318085
8806 33506697 0.9985773861408234
8807 33506782 0.9985799193382263
8808 33506873 0.9985826313495636
8809 33506966 0.9985854029655457
8810 33507086 0.9985889792442322
8811 33507185 0.9985919296741486
8812 33507273 0.9985945522785187
8813 33507373 0.9985975325107574
8814 33507463 0.9986002147197723
8815 33507555 0.998602956533432
8816 33507657 0.9986059963703156
8817 33507758 0.9986090064048767
8818 33507850 0.9986117482185364
8819 33507929 0.998614102602005
8820 33508017 0.9986167252063751
8821 33508104 0.9986193180084229
8822 33508176 0.9986214637756348
8823 33508254 0.998623788356781
8824 33508353 0.9986267387866974
8825 33508423 0.9986288249492645
8826 33508519 0.9986316859722137
8827 33508627 0.9986349046230316
8828 33508697 0.9986369907855988
8829 33508776 0.9986393451690674
8830 33508856 0.9986417293548584
8831 33508951 0.9986445605754852
8832 33509052 0.9986475706100464
8833 33509149 0.998650461435318
8834 33509241 0.9986532032489777
8835 33509357 0.9986566603183746
8836 33509447 0.9986593425273895
8837 33509549 0.9986623823642731
8838 33509653 0.9986654818058014
8839 33509748 0.9986683130264282
8840 33509842 0.9986711144447327
8841 33509929 0.9986737072467804
8842 33510007 0.9986760318279266
8843 33510113 0.9986791908740997
8844 33510232 0.9986827373504639
8845 33510313 0.9986851513385773
8846 33510408 0.9986879825592041
8847 33510519 0.9986912906169891
8848 33510608 0.9986939430236816
8849 33510681 0.9986961185932159
8850 33510782 0.9986991286277771
8851 33510872 0.998701810836792
8852 33510959 0.9987044036388397
8853 33511059 0.9987073838710785
8854 33511163 0.9987104833126068
8855 33511266 0.9987135529518127
8856 33511352 0.9987161159515381
8857 33511444 0.9987188577651978
8858 33511537 0.9987216293811798
8859 33511620 0.998724102973938
8860 33511689 0.9987261593341827
8861 33511805 0.9987296164035797
8862 33511893 0.9987322390079498
8863 33511974 0.9987346529960632
8864 33512086 0.9987379908561707
8865 33512156 0.9987400770187378
8866 33512220 0.9987419843673706
8867 33512309 0.9987446367740631
8868 33512394 0.9987471699714661
8869 33512472 0.9987494945526123
8870 33512577 0.998752623796463
8871 33512681 0.9987557232379913
8872 33512771 0.9987584054470062
8873 33512861 0.9987610876560211
8874 33512959 0.9987640082836151
8875 33513051 0.9987667500972748
8876 33513160 0.998769998550415
8877 33513244 0.9987725019454956
8878 33513346 0.9987755417823792
8879 33513410 0.998777449131012
8880 33513479 0.9987795054912567
8881 33513578 0.9987824559211731
8882 33513649 0.9987845718860626
8883 33513738 0.9987872242927551
8884 33513835 0.9987901151180267
8885 33513931 0.998792976140976
8886 33514010 0.9987953305244446
8887 33514091 0.998797744512558
8888 33514198 0.9988009333610535
8889 33514293 0.9988037645816803
8890 33514388 0.9988065958023071
8891 33514472 0.9988090991973877
8892 33514561 0.9988117516040802
8893 33514646 0.9988142848014832
8894 33514738 0.9988170266151428
8895 33514843 0.9988201558589935
8896 33514937 0.998822957277298
8897 33515015 0.9988252818584442
8898 33515111 0.9988281428813934
8899 33515201 0.9988308250904083
8900 33515288 0.998833417892456
8901 33515403 0.9988368451595306
8902 33515493 0.9988395273685455
8903 33515557 0.9988414347171783
8904 33515670 0.9988448023796082
8905 33515772 0.9988478422164917
8906 33515863 0.998850554227829
8907 33515952 0.9988532066345215
8908 33516038 0.9988557696342468
8909 33516121 0.998858243227005
8910 33516200 0.9988605976104736
8911 33516301 0.9988636076450348
8912 33516409 0.9988668262958527
8913 33516491 0.9988692700862885
8914 33516574 0.9988717436790466
8915 33516675 0.9988747537136078
8916 33516754 0.9988771080970764
8917 33516818 0.9988790154457092
8918 33516920 0.9988820552825928
8919 33516994 0.9988842606544495
8920 33517087 0.9988870322704315
8921 33517193 0.9988901913166046
8922 33517270 0.9988924860954285
8923 33517348 0.9988948106765747
8924 33517456 0.9988980293273926
8925 33517532 0.998900294303894
8926 33517631 0.9989032447338104
8927 33517726 0.9989060759544373
8928 33517826 0.998909056186676
8929 33517917 0.9989117681980133
8930 33518010 0.9989145398139954
8931 33518115 0.9989176690578461
8932 33518202 0.9989202618598938
8933 33518310 0.9989234805107117
8934 33518400 0.9989261627197266
8935 33518493 0.9989289343357086
8936 33518562 0.9989309906959534
8937 33518634 0.9989331364631653
8938 33518723 0.9989357888698578
8939 33518809 0.9989383518695831
8940 33518875 0.9989403188228607
8941 33518979 0.998943418264389
8942 33519089 0.9989466965198517
8943 33519185 0.9989495575428009
8944 33519270 0.9989520907402039
8945 33519372 0.9989551305770874
8946 33519468 0.9989579916000366
8947 33519557 0.9989606440067291
8948 33519656 0.9989635944366455
8949 33519729 0.9989657700061798
8950 33519820 0.9989684820175171
8951 33519930 0.9989717602729797
8952 33520027 0.9989746510982513
8953 33520125 0.9989775717258453
8954 33520217 0.998980313539505
8955 33520319 0.9989833533763885
8956 33520411 0.9989860951900482
8957 33520504 0.9989888668060303
8958 33520598 0.9989916682243347
8959 33520684 0.9989942312240601
8960 33520758 0.9989964365959167
8961 33520834 0.9989987015724182
8962 33520932 0.9990016222000122
8963 33521024 0.9990043640136719
8964 33521119 0.9990071952342987
8965 33521211 0.9990099370479584
8966 33521294 0.9990124106407166
8967 33521392 0.9990153312683105
8968 33521488 0.9990181922912598
8969 33521578 0.9990208745002747
8970 33521686 0.9990240931510925
8971 33521769 0.9990265667438507
8972 33521859 0.9990292489528656
8973 33521940 0.999031662940979
8974 33522016 0.9990339279174805
8975 33522137 0.9990375339984894
8976 33522236 0.9990404844284058
8977 33522328 0.9990432262420654
8978 33522448 0.999046802520752
8979 33522548 0.9990497827529907
8980 33522627 0.9990521371364594
8981 33522722 0.9990549683570862
8982 33522827 0.9990580976009369
8983 33522899 0.9990602433681488
8984 33522992 0.9990630149841309
8985 33523109 0.9990665018558502
8986 33523194 0.9990690350532532
8987 33523275 0.9990714490413666
8988 33523367 0.9990741908550262
8989 33523463 0.9990770518779755
8990 33523547 0.999079555273056
8991 33523626 0.9990819096565247
8992 33523716 0.9990845918655396
8993 33523819 0.9990876615047455
8994 33523908 0.999090313911438
8995 33524010 0.9990933537483215
8996 33524097 0.9990959465503693
8997 33524169 0.9990980923175812
8998 33524241 0.9991002380847931
8999 33524344 0.999103307723999
9000 33524420 0.9991055727005005
9001 33524507 0.9991081655025482
9002 33524604 0.9991110563278198
9003 33524687 0.999113529920578
9004 33524790 0.9991165995597839
9005 33524877 0.9991191923618317
9006 33524982 0.9991223216056824
9007 33525067 0.9991248548030853
9008 33525149 0.9991272985935211
9009 33525249 0.9991302788257599
9010 33525343 0.9991330802440643
9011 33525426 0.9991355538368225
9012 33525518 0.9991382956504822
9013 33525627 0.9991415441036224
9014 33525706 0.9991438984870911
9015 33525804 0.9991468191146851
9016 33525912 0.9991500377655029
9017 33525986 0.9991522431373596
9018 33526083 0.9991551339626312
9019 33526174 0.9991578459739685
9020 33526267 0.9991606175899506
9021 33526355 0.9991632401943207
9022 33526440 0.9991657733917236
9023 33526513 0.9991679489612579
9024 33526607 0.9991707503795624
9025 33526685 0.9991730749607086
9026 33526768 0.9991755485534668
9027 33526851 0.999178022146225
9028 33526937 0.9991805851459503
9029 33527036 0.9991835355758667
9030 33527119 0.9991860091686249
9031 33527192 0.9991881847381592
9032 33527283 0.9991908967494965
9033 33527375 0.9991936385631561
9034 33527440 0.9991955757141113
9035 33527518 0.9991979002952576
9036 33527609 0.9992006123065948
9037 33527694 0.9992031455039978
9038 33527763 0.9992052018642426
9039 33527874 0.9992085099220276
9040 33527938 0.9992104172706604
9041 33528021 0.9992128908634186
9042 33528094 0.9992150664329529
9043 33528168 0.9992172718048096
9044 33528255 0.9992198646068573
9045 33528332 0.9992221593856812
9046 33528433 0.9992251694202423
9047 33528516 0.9992276430130005
9048 33528587 0.99922975897789
9049 33528665 0.9992320835590363
9050 33528733 0.9992341101169586
9051 33528808 0.9992363452911377
9052 33528891 0.9992388188838959
9053 33528977 0.9992413818836212
9054 33529052 0.9992436170578003
9055 33529124 0.9992457628250122
9056 33529211 0.9992483556270599
9057 33529287 0.9992506206035614
9058 33529348 0.999252438545227
9059 33529437 0.9992550909519196
9060 33529504 0.9992570877075195
9061 33529579 0.9992593228816986
9062 33529648 0.9992613792419434
9063 33529729 0.9992637932300568
9064 33529807 0.999266117811203
9065 33529893 0.9992686808109283
9066 33529969 0.9992709457874298
9067 33530043 0.9992731511592865
9068 33530115 0.9992752969264984
9069 33530176 0.9992771148681641
9070 33530240 0.9992790222167969
9071 33530316 0.9992812871932983
9072 33530374 0.9992830157279968
9073 33530475 0.999286025762558
9074 33530542 0.999288022518158
9075 33530620 0.9992903470993042
9076 33530699 0.9992927014827728
9077 33530767 0.9992947280406952
9078 33530828 0.9992965459823608
9079 33530900 0.9992986917495728
9080 33530985 0.9993012249469757
9081 33531047 0.9993030726909637
9082 33531121 0.9993052780628204
9083 33531188 0.9993072748184204
9084 33531239 0.9993087947368622
9085 33531302 0.9993106722831726
9086 33531381 0.9993130266666412
9087 33531460 0.9993153810501099
9088 33531514 0.9993169903755188
9089 33531572 0.9993187189102173
9090 33531650 0.9993210434913635
9091 33531707 0.9993227422237396
9092 33531757 0.999324232339859
9093 33531837 0.99932661652565
9094 33531893 0.9993282854557037
9095 33531951 0.9993300139904022
9096 33532022 0.9993321299552917
9097 33532101 0.9993344843387604
9098 33532164 0.9993363618850708
9099 33532216 0.999337911605835
9100 33532278 0.999339759349823
9101 33532350 0.9993419051170349
9102 33532411 0.9993437230587006
9103 33532467 0.9993453919887543
9104 33532520 0.9993469715118408
9105 33532594 0.9993491768836975
9106 33532644 0.9993506669998169
9107 33532705 0.9993524849414825
9108 33532764 0.9993542432785034
9109 33532820 0.9993559122085571
9110 33532878 0.9993576407432556
9111 33532932 0.9993592500686646
9112 33532966 0.9993602633476257
9113 33533025 0.9993620216846466
9114 33533083 0.9993637502193451
9115 33533144 0.9993655681610107
9116 33533202 0.9993672966957092
9117 33533268 0.9993692636489868
9118 33533317 0.9993707239627838
9119 33533378 0.9993725419044495
9120 33533444 0.999374508857727
9121 33533501 0.9993762075901031
9122 33533559 0.9993779361248016
9123 33533611 0.9993794858455658
9124 33533674 0.9993813633918762
9125 33533724 0.9993828535079956
9126 33533782 0.9993845820426941
9127 33533835 0.9993861615657806
9128 33533888 0.9993877410888672
9129 33533945 0.9993894398212433
9130 33534022 0.9993917346000671
9131 33534075 0.9993933141231537
9132 33534122 0.9993947148323059
9133 33534186 0.9993966221809387
9134 33534260 0.9993988275527954
9135 33534302 0.9994000792503357
9136 33534343 0.9994013011455536
9137 33534399 0.9994029700756073
9138 33534444 0.9994043111801147
9139 33534495 0.9994058310985565
9140 33534551 0.9994075000286102
9141 33534596 0.9994088411331177
9142 33534646 0.9994103312492371
9143 33534704 0.9994120597839355
9144 33534763 0.9994138181209564
9145 33534805 0.9994150698184967
9146 33534875 0.9994171559810638
9147 33534926 0.9994186758995056
9148 33534978 0.9994202256202698
9149 33535021 0.9994215071201324
9150 33535060 0.9994226694107056
9151 33535115 0.9994243085384369
9152 33535163 0.9994257390499115
9153 33535222 0.9994274973869324
9154 33535267 0.9994288384914398
9155 33535314 0.999430239200592
9156 33535365 0.9994317591190338
9157 33535426 0.9994335770606995
9158 33535476 0.9994350671768188
9159 33535521 0.9994364082813263
9160 33535569 0.9994378387928009
9161 33535613 0.999439150094986
9162 33535663 0.9994406402111053
9163 33535712 0.9994421005249023
9164 33535756 0.9994434118270874
9165 33535798 0.9994446635246277
9166 33535840 0.999445915222168
9167 33535892 0.9994474649429321
9168 33535937 0.9994488060474396
9169 33535978 0.9994500279426575
9170 33536039 0.9994518458843231
9171 33536086 0.9994532465934753
9172 33536118 0.9994542002677917
9173 33536158 0.9994553923606873
9174 33536217 0.9994571506977081
9175 33536260 0.9994584321975708
9176 33536305 0.9994597733020782
9177 33536352 0.9994611740112305
9178 33536402 0.9994626641273499
9179 33536448 0.9994640350341797
9180 33536484 0.9994651079177856
9181 33536528 0.9994664192199707
9182 33536577 0.9994678795337677
9183 33536613 0.9994689524173737
9184 33536665 0.9994705021381378
9185 33536714 0.9994719624519348
9186 33536749 0.9994730055332184
9187 33536798 0.9994744658470154
9188 33536841 0.999475747346878
9189 33536879 0.9994768798351288
9190 33536924 0.9994782209396362
9191 33536980 0.9994798898696899
9192 33537014 0.9994809031486511
9193 33537054 0.9994820952415466
9194 33537098 0.9994834065437317
9195 33537131 0.9994843900203705
9196 33537167 0.9994854629039764
9197 33537210 0.9994867444038391
9198 33537255 0.9994880855083466
9199 33537293 0.9994892179965973
9200 33537325 0.9994901716709137
9201 33537359 0.9994911849498749
9202 33537402 0.9994924664497375
9203 33537433 0.9994933903217316
9204 33537483 0.999494880437851
9205 33537516 0.9994958639144897
9206 33537560 0.9994971752166748
9207 33537609 0.9994986355304718
9208 33537654 0.9994999766349792
9209 33537696 0.9995012283325195
9210 33537757 0.9995030462741852
9211 33537796 0.9995042085647583
9212 33537830 0.9995052218437195
9213 33537862 0.9995061755180359
9214 33537907 0.9995075166225433
9215 33537953 0.9995088875293732
9216 33537990 0.9995099902153015
9217 33538024 0.9995110034942627
9218 33538067 0.9995122849941254
9219 33538110 0.999513566493988
9220 33538143 0.9995145499706268
9221 33538188 0.9995158910751343
9222 33538224 0.9995169639587402
9223 33538261 0.9995180666446686
9224 33538306 0.999519407749176
9225 33538349 0.9995206892490387
9226 33538386 0.999521791934967
9227 33538433 0.9995231926441193
9228 33538482 0.9995246529579163
9229 33538517 0.9995256960391998
9230 33538543 0.9995264708995819
9231 33538594 0.9995279908180237
9232 33538621 0.9995287954807281
9233 33538652 0.9995297193527222
9234 33538693 0.9995309412479401
9235 33538736 0.9995322227478027
9236 33538780 0.9995335340499878
9237 33538813 0.9995345175266266
9238 33538860 0.9995359182357788
9239 33538898 0.9995370507240295
9240 33538938 0.999538242816925
9241 33538979 0.9995394647121429
9242 33539017 0.9995405972003937
9243 33539052 0.9995416402816772
9244 33539089 0.9995427429676056
9245 33539136 0.9995441436767578
9246 33539170 0.999545156955719
9247 33539200 0.9995460510253906
9248 33539247 0.9995474517345428
9249 33539277 0.9995483458042145
9250 33539306 0.9995492100715637
9251 33539340 0.9995502233505249
9252 33539375 0.9995512664318085
9253 33539410 0.999552309513092
9254 33539442 0.9995532631874084
9255 33539488 0.9995546340942383
9256 33539526 0.999555766582489
9257 33539573 0.9995571672916412
9258 33539618 0.9995585083961487
9259 33539659 0.9995597302913666
9260 33539687 0.9995605647563934
9261 33539725 0.9995616972446442
9262 33539768 0.9995629787445068
9263 33539800 0.9995639324188232
9264 33539840 0.9995651245117188
9265 33539882 0.999566376209259
9266 33539907 0.9995671212673187
9267 33539937 0.9995680153369904
9268 33539990 0.9995695948600769
9269 33540021 0.9995705187320709
9270 33540060 0.999571681022644
9271 33540088 0.9995725154876709
9272 33540127 0.999573677778244
9273 33540164 0.9995747804641724
9274 33540198 0.9995757937431335
9275 33540235 0.9995768964290619
9276 33540278 0.9995781779289246
9277 33540311 0.9995791614055634
9278 33540355 0.9995804727077484
9279 33540401 0.9995818436145782
9280 33540434 0.999582827091217
9281 33540464 0.9995837211608887
9282 33540499 0.9995847642421722
9283 33540530 0.9995856881141663
9284 33540563 0.999586671590805
9285 33540595 0.9995876252651215
9286 33540629 0.9995886385440826
9287 33540664 0.9995896816253662
9288 33540693 0.9995905458927155
9289 33540730 0.9995916485786438
9290 33540776 0.9995930194854736
9291 33540819 0.9995943009853363
9292 33540843 0.9995950162410736
9293 33540880 0.999596118927002
9294 33540908 0.9995969533920288
9295 33540945 0.9995980560779572
9296 33540981 0.9995991289615631
9297 33541005 0.9995998442173004
9298 33541044 0.9996010065078735
9299 33541079 0.9996020495891571
9300 33541110 0.9996029734611511
9301 33541142 0.9996039271354675
9302 33541191 0.9996053874492645
9303 33541229 0.9996065199375153
9304 33541260 0.9996074438095093
9305 33541299 0.9996086061000824
9306 33541323 0.9996093213558197
9307 33541358 0.9996103644371033
9308 33541397 0.9996115267276764
9309 33541435 0.9996126592159271
9310 33541470 0.9996137022972107
9311 33541508 0.9996148347854614
9312 33541547 0.9996159970760345
9313 33541583 0.9996170699596405
9314 33541613 0.9996179640293121
9315 33541647 0.9996189773082733
9316 33541679 0.9996199309825897
9317 33541712 0.9996209144592285
9318 33541749 0.9996220171451569
9319 33541785 0.9996230900287628
9320 33541822 0.9996241927146912
9321 33541873 0.9996257126331329
9322 33541916 0.9996269941329956
9323 33541943 0.9996277987957001
9324 33541976 0.9996287822723389
9325 33542009 0.9996297657489777
9326 33542035 0.9996305406093597
9327 33542071 0.9996316134929657
9328 33542101 0.9996325075626373
9329 33542129 0.9996333420276642
9330 33542157 0.999634176492691
9331 33542189 0.9996351301670074
9332 33542215 0.9996359050273895
9333 33542253 0.9996370375156403
9334 33542286 0.999638020992279
9335 33542320 0.9996390342712402
9336 33542350 0.9996399283409119
9337 33542383 0.9996409118175507
9338 33542408 0.9996416568756104
9339 33542447 0.9996428191661835
9340 33542486 0.9996439814567566
9341 33542504 0.9996445178985596
9342 33542538 0.9996455311775208
9343 33542572 0.9996465444564819
9344 33542596 0.9996472597122192
9345 33542634 0.99964839220047
9346 33542660 0.999649167060852
9347 33542683 0.999649852514267
9348 33542704 0.9996504783630371
9349 33542744 0.9996516704559326
9350 33542767 0.9996523559093475
9351 33542796 0.9996532201766968
9352 33542833 0.9996543228626251
9353 33542864 0.9996552467346191
9354 33542890 0.9996560215950012
9355 33542913 0.9996567070484161
9356 33542939 0.9996574819087982
9357 33542969 0.9996583759784698
9358 33542985 0.999658852815628
9359 33543018 0.9996598362922668
9360 33543047 0.9996607005596161
9361 33543070 0.999661386013031
9362 33543108 0.9996625185012817
9363 33543131 0.9996632039546967
9364 33543154 0.9996638894081116
9365 33543177 0.9996645748615265
9366 33543208 0.9996654987335205
9367 33543232 0.9996662139892578
9368 33543253 0.999666839838028
9369 33543282 0.9996677041053772
9370 33543302 0.999668300151825
9371 33543325 0.9996689856052399
9372 33543346 0.99966961145401
9373 33543372 0.9996703863143921
9374 33543390 0.9996709227561951
9375 33543416 0.9996716976165771
9376 33543440 0.9996724128723145
9377 33543459 0.9996729791164398
9378 33543481 0.9996736347675323
9379 33543516 0.9996746778488159
9380 33543542 0.999675452709198
9381 33543571 0.9996763169765472
9382 33543599 0.9996771514415741
9383 33543625 0.9996779263019562
9384 33543655 0.9996788203716278
9385 33543688 0.9996798038482666
9386 33543711 0.9996804893016815
9387 33543738 0.999681293964386
9388 33543758 0.9996818900108337
9389 33543778 0.9996824860572815
9390 33543804 0.9996832609176636
9391 33543832 0.9996840953826904
9392 33543853 0.9996847212314606
9393 33543875 0.9996853768825531
9394 33543902 0.9996861815452576
9395 33543924 0.9996868371963501
9396 33543954 0.9996877312660217
9397 33543975 0.9996883571147919
9398 33543993 0.9996888935565948
9399 33544016 0.9996895790100098
9400 33544048 0.9996905326843262
9401 33544070 0.9996911883354187
9402 33544090 0.9996917843818665
9403 33544114 0.9996924996376038
9404 33544134 0.9996930956840515
9405 33544151 0.9996936023235321
9406 33544171 0.9996941983699799
9407 33544190 0.9996947646141052
9408 33544208 0.9996953010559082
9409 33544235 0.9996961057186127
9410 33544258 0.9996967911720276
9411 33544288 0.9996976852416992
9412 33544317 0.9996985495090485
9413 33544346 0.9996994137763977
9414 33544363 0.9996999204158783
9415 33544383 0.999700516462326
9416 33544414 0.9997014403343201
9417 33544442 0.9997022747993469
9418 33544461 0.9997028410434723
9419 33544487 0.9997036159038544
9420 33544509 0.9997042715549469
9421 33544534 0.9997050166130066
9422 33544556 0.9997056722640991
9423 33544592 0.9997067451477051
9424 33544617 0.9997074902057648
9425 33544636 0.9997080564498901
9426 33544656 0.9997086524963379
9427 33544683 0.9997094571590424
9428 33544703 0.9997100532054901
9429 33544725 0.9997107088565826
9430 33544743 0.9997112452983856
9431 33544766 0.9997119307518005
9432 33544780 0.999712347984314
9433 33544800 0.9997129440307617
9434 33544825 0.9997136890888214
9435 33544837 0.9997140467166901
9436 33544853 0.9997145235538483
9437 33544872 0.9997150897979736
9438 33544890 0.9997156262397766
9439 33544913 0.9997163116931915
9440 33544932 0.9997168779373169
9441 33544963 0.9997178018093109
9442 33544990 0.9997186064720154
9443 33545014 0.9997193217277527
9444 33545035 0.9997199475765228
9445 33545059 0.9997206628322601
9446 33545079 0.9997212588787079
9447 33545095 0.9997217357158661
9448 33545127 0.9997226893901825
9449 33545144 0.9997231960296631
9450 33545168 0.9997239112854004
9451 33545186 0.9997244477272034
9452 33545202 0.9997249245643616
9453 33545221 0.9997254908084869
9454 33545241 0.9997260868549347
9455 33545256 0.9997265338897705
9456 33545277 0.9997271597385406
9457 33545294 0.9997276663780212
9458 33545306 0.9997280240058899
9459 33545318 0.9997283816337585
9460 33545336 0.9997289180755615
9461 33545352 0.9997293949127197
9462 33545370 0.9997299313545227
9463 33545389 0.9997304975986481
9464 33545408 0.9997310638427734
9465 33545425 0.999731570482254
9466 33545441 0.9997320473194122
9467 33545464 0.9997327327728271
9468 33545480 0.9997332096099854
9469 33545492 0.999733567237854
9470 33545506 0.9997339844703674
9471 33545527 0.9997346103191376
9472 33545547 0.9997352063655853
9473 33545568 0.9997358322143555
9474 33545579 0.9997361600399017
9475 33545590 0.999736487865448
9476 33545612 0.9997371435165405
9477 33545636 0.9997378587722778
9478 33545650 0.9997382760047913
9479 33545674 0.9997389912605286
9480 33545689 0.9997394382953644
9481 33545706 0.999739944934845
9482 33545725 0.9997405111789703
9483 33545744 0.9997410774230957
9484 33545762 0.9997416138648987
9485 33545789 0.9997424185276031
9486 33545810 0.9997430443763733
9487 33545835 0.999743789434433
9488 33545847 0.9997441470623016
9489 33545862 0.9997445940971375
9490 33545874 0.9997449517250061
9491 33545900 0.9997457265853882
9492 33545913 0.9997461140155792
9493 33545925 0.9997464716434479
9494 33545942 0.9997469782829285
9495 33545955 0.9997473657131195
9496 33545973 0.9997479021549225
9497 33545992 0.9997484683990479
9498 33546016 0.9997491836547852
9499 33546032 0.9997496604919434
9500 33546048 0.9997501373291016
9501 33546061 0.9997505247592926
9502 33546082 0.9997511506080627
9503 33546093 0.999751478433609
9504 33546109 0.9997519552707672
9505 33546129 0.999752551317215
9506 33546145 0.9997530281543732
9507 33546155 0.999753326177597
9508 33546174 0.9997538924217224
9509 33546184 0.9997541904449463
9510 33546207 0.9997548758983612
9511 33546220 0.9997552633285522
9512 33546231 0.9997555911540985
9513 33546251 0.9997561872005463
9514 33546271 0.999756783246994
9515 33546292 0.9997574090957642
9516 33546306 0.9997578263282776
9517 33546334 0.9997586607933044
9518 33546354 0.9997592568397522
9519 33546372 0.9997597932815552
9520 33546379 0.9997600018978119
9521 33546396 0.9997605085372925
9522 33546414 0.9997610449790955
9523 33546429 0.9997614920139313
9524 33546441 0.9997618496417999
9525 33546460 0.9997624158859253
9526 33546476 0.9997628927230835
9527 33546493 0.9997633993625641
9528 33546505 0.9997637569904327
9529 33546524 0.9997643232345581
9530 33546536 0.9997646808624268
9531 33546553 0.9997651875019073
9532 33546569 0.9997656643390656
9533 33546580 0.9997659921646118
9534 33546594 0.9997664093971252
9535 33546611 0.9997669160366058
9536 33546624 0.9997673034667969
9537 33546638 0.9997677206993103
9538 33546657 0.9997682869434357
9539 33546670 0.9997686743736267
9540 33546686 0.9997691512107849
9541 33546702 0.9997696280479431
9542 33546715 0.9997700154781342
9543 33546731 0.9997704923152924
9544 33546751 0.9997710883617401
9545 33546768 0.9997715950012207
9546 33546783 0.9997720420360565
9547 33546797 0.99977245926857
9548 33546809 0.9997728168964386
9549 33546817 0.9997730553150177
9550 33546825 0.9997732937335968
9551 33546842 0.9997738003730774
9552 33546860 0.9997743368148804
9553 33546876 0.9997748136520386
9554 33546886 0.9997751116752625
9555 33546909 0.9997757971286774
9556 33546916 0.9997760057449341
9557 33546932 0.9997764825820923
9558 33546943 0.9997768104076385
9559 33546951 0.9997770488262177
9560 33546961 0.9997773468494415
9561 33546979 0.9997778832912445
9562 33546994 0.9997783303260803
9563 33547018 0.9997790455818176
9564 33547030 0.9997794032096863
9565 33547043 0.9997797906398773
9566 33547053 0.9997800886631012
9567 33547066 0.9997804760932922
9568 33547081 0.999780923128128
9569 33547103 0.9997815787792206
9570 33547113 0.9997818768024445
9571 33547129 0.9997823536396027
9572 33547144 0.9997828006744385
9573 33547154 0.9997830986976624
9574 33547169 0.9997835457324982
9575 33547184 0.999783992767334
9576 33547195 0.9997843205928802
9577 33547214 0.9997848868370056
9578 33547226 0.9997852444648743
9579 33547239 0.9997856318950653
9580 33547251 0.999785989522934
9581 33547259 0.9997862279415131
9582 33547274 0.9997866749763489
9583 33547288 0.9997870922088623
9584 33547301 0.9997874796390533
9585 33547318 0.9997879862785339
9586 33547331 0.999788373708725
9587 33547341 0.9997886717319489
9588 33547358 0.9997891783714294
9589 33547372 0.9997895956039429
9590 33547383 0.9997899234294891
9591 33547393 0.999790221452713
9592 33547409 0.9997906982898712
9593 33547418 0.9997909665107727
9594 33547436 0.9997915029525757
9595 33547455 0.999792069196701
9596 33547467 0.9997924268245697
9597 33547484 0.9997929334640503
9598 33547497 0.9997933208942413
9599 33547513 0.9997937977313995
9600 33547526 0.9997941851615906
9601 33547535 0.9997944533824921
9602 33547556 0.9997950792312622
9603 33547573 0.9997955858707428
9604 33547586 0.9997959733009338
9605 33547593 0.9997961819171906
9606 33547606 0.9997965693473816
9607 33547617 0.9997968971729279
9608 33547629 0.9997972548007965
9609 33547644 0.9997977018356323
9610 33547659 0.9997981488704681
9611 33547667 0.9997983872890472
9612 33547681 0.9997988045215607
9613 33547691 0.9997991025447845
9614 33547705 0.999799519777298
9615 33547714 0.9997997879981995
9616 33547726 0.9998001456260681
9617 33547733 0.9998003542423248
9618 33547739 0.9998005330562592
9619 33547747 0.9998007714748383
9620 33547755 0.9998010098934174
9621 33547768 0.9998013973236084
9622 33547784 0.9998018741607666
9623 33547795 0.9998022019863129
9624 33547809 0.9998026192188263
9625 33547817 0.9998028576374054
9626 33547827 0.9998031556606293
9627 33547839 0.9998035132884979
9628 33547850 0.9998038411140442
9629 33547861 0.9998041689395905
9630 33547868 0.9998043775558472
9631 33547879 0.9998047053813934
9632 33547896 0.999805212020874
9633 33547906 0.9998055100440979
9634 33547917 0.9998058378696442
9635 33547925 0.9998060762882233
9636 33547935 0.9998063743114471
9637 33547958 0.9998070597648621
9638 33547968 0.9998073577880859
9639 33547977 0.9998076260089874
9640 33547992 0.9998080730438232
9641 33548013 0.9998086988925934
9642 33548022 0.9998089671134949
9643 33548031 0.9998092353343964
9644 33548046 0.9998096823692322
9645 33548056 0.999809980392456
9646 33548062 0.9998101592063904
9647 33548072 0.9998104572296143
9648 33548082 0.9998107552528381
9649 33548098 0.9998112320899963
9650 33548114 0.9998117089271545
9651 33548124 0.9998120069503784
9652 33548141 0.999812513589859
9653 33548148 0.9998127222061157
9654 33548166 0.9998132586479187
9655 33548179 0.9998136460781097
9656 33548194 0.9998140931129456
9657 33548209 0.9998145401477814
9658 33548219 0.9998148381710052
9659 33548229 0.9998151361942291
9660 33548237 0.9998153746128082
9661 33548245 0.9998156130313873
9662 33548254 0.9998158812522888
9663 33548265 0.9998162090778351
9664 33548277 0.9998165667057037
9665 33548287 0.9998168647289276
9666 33548298 0.9998171925544739
9667 33548307 0.9998174607753754
9668 33548312 0.9998176097869873
9669 33548324 0.999817967414856
9670 33548332 0.9998182058334351
9671 33548344 0.9998185634613037
9672 33548356 0.9998189210891724
9673 33548366 0.9998192191123962
9674 33548373 0.999819427728653
9675 33548381 0.9998196661472321
9676 33548400 0.9998202323913574
9677 33548409 0.9998205006122589
9678 33548419 0.9998207986354828
9679 33548427 0.9998210370540619
9680 33548436 0.9998213052749634
9681 33548445 0.9998215734958649
9682 33548454 0.9998218417167664
9683 33548464 0.9998221397399902
9684 33548472 0.9998223781585693
9685 33548484 0.999822735786438
9686 33548496 0.9998230934143066
9687 33548504 0.9998233318328857
9688 33548520 0.999823808670044
9689 33548537 0.9998243153095245
9690 33548547 0.9998246133327484
9691 33548557 0.9998249113559723
9692 33548564 0.999825119972229
9693 33548574 0.9998254179954529
9694 33548582 0.999825656414032
9695 33548594 0.9998260140419006
9696 33548603 0.9998262822628021
9697 33548615 0.9998266398906708
9698 33548625 0.9998269379138947
9699 33548632 0.9998271465301514
9700 33548639 0.9998273551464081
9701 33548645 0.9998275339603424
9702 33548656 0.9998278617858887
9703 33548666 0.9998281598091125
9704 33548679 0.9998285472393036
9705 33548687 0.9998287856578827
9706 33548701 0.9998292028903961
9707 33548711 0.99982950091362
9708 33548720 0.9998297691345215
9709 33548739 0.9998303353786469
9710 33548757 0.9998308718204498
9711 33548770 0.9998312592506409
9712 33548773 0.999831348657608
9713 33548779 0.9998315274715424
9714 33548790 0.9998318552970886
9715 33548801 0.9998321831226349
9716 33548813 0.9998325407505035
9717 33548821 0.9998327791690826
9718 33548833 0.9998331367969513
9719 33548843 0.9998334348201752
9720 33548853 0.999833732843399
9721 33548863 0.9998340308666229
9722 33548871 0.999834269285202
9723 33548882 0.9998345971107483
9724 33548895 0.9998349845409393
9725 33548903 0.9998352229595184
9726 33548915 0.9998355805873871
9727 33548922 0.9998357892036438
9728 33548928 0.9998359680175781
9729 33548938 0.999836266040802
9730 33548947 0.9998365342617035
9731 33548954 0.9998367428779602
9732 33548967 0.9998371303081512
9733 33548980 0.9998375177383423
9734 33548993 0.9998379051685333
9735 33549003 0.9998382031917572
9736 33549014 0.9998385310173035
9737 33549026 0.9998388886451721
9738 33549033 0.9998390972614288
9739 33549043 0.9998393952846527
9740 33549053 0.9998396933078766
9741 33549065 0.9998400509357452
9742 33549074 0.9998403191566467
9743 33549080 0.999840497970581
9744 33549088 0.9998407363891602
9745 33549097 0.9998410046100616
9746 33549110 0.9998413920402527
9747 33549119 0.9998416602611542
9748 33549128 0.9998419284820557
9749 33549137 0.9998421967029572
9750 33549145 0.9998424351215363
9751 33549153 0.9998426735401154
9752 33549159 0.9998428523540497
9753 33549165 0.999843031167984
9754 33549172 0.9998432397842407
9755 33549183 0.999843567609787
9756 33549193 0.9998438656330109
9757 33549202 0.9998441338539124
9758 33549207 0.9998442828655243
9759 33549217 0.9998445808887482
9760 33549228 0.9998449087142944
9761 33549231 0.9998449981212616
9762 33549241 0.9998452961444855
9763 33549253 0.9998456537723541
9764 33549265 0.9998460114002228
9765 33549270 0.9998461604118347
9766 33549279 0.9998464286327362
9767 33549294 0.999846875667572
9768 33549302 0.9998471140861511
9769 33549312 0.999847412109375
9770 33549318 0.9998475909233093
9771 33549323 0.9998477399349213
9772 33549326 0.9998478293418884
9773 33549338 0.9998481869697571
9774 33549345 0.9998483955860138
9775 33549351 0.9998485743999481
9776 33549368 0.9998490810394287
9777 33549374 0.999849259853363
9778 33549382 0.9998494982719421
9779 33549389 0.9998497068881989
9780 33549402 0.9998500943183899
9781 33549410 0.999850332736969
9782 33549420 0.9998506307601929
9783 33549431 0.9998509585857391
9784 33549440 0.9998512268066406
9785 33549450 0.9998515248298645
9786 33549457 0.9998517334461212
9787 33549462 0.9998518824577332
9788 33549472 0.999852180480957
9789 33549485 0.9998525679111481
9790 33549490 0.99985271692276
9791 33549497 0.9998529255390167
9792 33549511 0.9998533427715302
9793 33549521 0.999853640794754
9794 33549533 0.9998539984226227
9795 33549541 0.9998542368412018
9796 33549549 0.9998544752597809
9797 33549554 0.9998546242713928
9798 33549561 0.9998548328876495
9799 33549569 0.9998550713062286
9800 33549573 0.9998551905155182
9801 33549584 0.9998555183410645
9802 33549592 0.9998557567596436
9803 33549596 0.9998558759689331
9804 33549600 0.9998559951782227
9805 33549606 0.999856173992157
9806 33549615 0.9998564422130585
9807 33549621 0.9998566210269928
9808 33549633 0.9998569786548615
9809 33549651 0.9998575150966644
9810 33549660 0.9998577833175659
9811 33549668 0.999858021736145
9812 33549672 0.9998581409454346
9813 33549684 0.9998584985733032
9814 33549695 0.9998588263988495
9815 33549704 0.999859094619751
9816 33549713 0.9998593628406525
9817 33549723 0.9998596608638763
9818 33549735 0.999860018491745
9819 33549740 0.9998601675033569
9820 33549748 0.999860405921936
9821 33549752 0.9998605251312256
9822 33549760 0.9998607635498047
9823 33549769 0.9998610317707062
9824 33549777 0.9998612701892853
9825 33549782 0.9998614192008972
9826 33549800 0.9998619556427002
9827 33549814 0.9998623728752136
9828 33549820 0.999862551689148
9829 33549830 0.9998628497123718
9830 33549837 0.9998630583286285
9831 33549848 0.9998633861541748
9832 33549858 0.9998636841773987
9833 33549869 0.999864012002945
9834 33549876 0.9998642206192017
9835 33549884 0.9998644590377808
9836 33549895 0.999864786863327
9837 33549903 0.9998650252819061
9838 33549912 0.9998652935028076
9839 33549920 0.9998655319213867
9840 33549935 0.9998659789562225
9841 33549945 0.9998662769794464
9842 33549954 0.9998665452003479
9843 33549960 0.9998667240142822
9844 33549965 0.9998668730258942
9845 33549970 0.9998670220375061
9846 33549977 0.9998672306537628
9847 33549988 0.9998675584793091
9848 33549993 0.999867707490921
9849 33549999 0.9998678863048553
9850 33550006 0.9998680949211121
9851 33550016 0.9998683929443359
9852 33550019 0.9998684823513031
9853 33550023 0.9998686015605927
9854 33550034 0.9998689293861389
9855 33550043 0.9998691976070404
9856 33550054 0.9998695254325867
9857 33550060 0.999869704246521
9858 33550068 0.9998699426651001
9859 33550074 0.9998701214790344
9860 33550079 0.9998702704906464
9861 33550089 0.9998705685138702
9862 33550095 0.9998707473278046
9863 33550101 0.9998709261417389
9864 33550110 0.9998711943626404
9865 33550123 0.9998715817928314
9866 33550128 0.9998717308044434
9867 33550133 0.9998718798160553
9868 33550145 0.999872237443924
9869 33550151 0.9998724162578583
9870 33550157 0.9998725950717926
9871 33550165 0.9998728334903717
9872 33550172 0.9998730421066284
9873 33550178 0.9998732209205627
9874 33550183 0.9998733699321747
9875 33550186 0.9998734593391418
9876 33550191 0.9998736083507538
9877 33550194 0.999873697757721
9878 33550204 0.9998739957809448
9879 33550210 0.9998741745948792
9880 33550215 0.9998743236064911
9881 33550223 0.9998745620250702
9882 33550227 0.9998746812343597
9883 33550233 0.9998748600482941
9884 33550240 0.9998750686645508
9885 33550248 0.9998753070831299
9886 33550252 0.9998754262924194
9887 33550260 0.9998756647109985
9888 33550267 0.9998758733272552
9889 33550278 0.9998762011528015
9890 33550284 0.9998763799667358
9891 33550291 0.9998765885829926
9892 33550301 0.9998768866062164
9893 33550305 0.999877005815506
9894 33550310 0.9998771548271179
9895 33550317 0.9998773634433746
9896 33550322 0.9998775124549866
9897 33550332 0.9998778104782104
9898 33550339 0.9998780190944672
9899 33550347 0.9998782575130463
9900 33550355 0.9998784959316254
9901 33550359 0.9998786151409149
9902 33550366 0.9998788237571716
9903 33550371 0.9998789727687836
9904 33550379 0.9998792111873627
9905 33550387 0.9998794496059418
9906 33550393 0.9998796284198761
9907 33550399 0.9998798072338104
9908 33550406 0.9998800158500671
9909 33550410 0.9998801350593567
9910 33550416 0.999880313873291
9911 33550424 0.9998805522918701
9912 33550430 0.9998807311058044
9913 33550437 0.9998809397220612
9914 33550438 0.9998809695243835
9915 33550451 0.9998813569545746
9916 33550454 0.9998814463615417
9917 33550457 0.9998815357685089
9918 33550467 0.9998818337917328
9919 33550478 0.999882161617279
9920 33550483 0.999882310628891
9921 33550495 0.9998826682567596
9922 33550501 0.999882847070694
9923 33550508 0.9998830556869507
9924 33550512 0.9998831748962402
9925 33550517 0.9998833239078522
9926 33550521 0.9998834431171417
9927 33550527 0.999883621931076
9928 33550534 0.9998838305473328
9929 33550539 0.9998839795589447
9930 33550545 0.999884158372879
9931 33550552 0.9998843669891357
9932 33550559 0.9998845756053925
9933 33550564 0.9998847246170044
9934 33550567 0.9998848140239716
9935 33550577 0.9998851120471954
9936 33550583 0.9998852908611298
9937 33550585 0.9998853504657745
9938 33550591 0.9998855292797089
9939 33550596 0.9998856782913208
9940 33550601 0.9998858273029327
9941 33550603 0.9998858869075775
9942 33550609 0.9998860657215118
9943 33550612 0.999886155128479
9944 33550615 0.9998862445354462
9945 33550621 0.9998864233493805
9946 33550627 0.9998866021633148
9947 33550631 0.9998867213726044
9948 33550638 0.9998869299888611
9949 33550643 0.999887079000473
9950 33550646 0.9998871684074402
9951 33550649 0.9998872578144073
9952 33550655 0.9998874366283417
9953 33550662 0.9998876452445984
9954 33550665 0.9998877346515656
9955 33550672 0.9998879432678223
9956 33550678 0.9998881220817566
9957 33550686 0.9998883605003357
9958 33550689 0.9998884499073029
9959 33550691 0.9998885095119476
9960 33550696 0.9998886585235596
9961 33550705 0.9998889267444611
9962 33550710 0.999889075756073
9963 33550717 0.9998892843723297
9964 33550723 0.999889463186264
9965 33550728 0.999889612197876
9966 33550734 0.9998897910118103
9967 33550740 0.9998899698257446
9968 33550746 0.999890148639679
9969 33550754 0.9998903870582581
9970 33550764 0.9998906850814819
9971 33550769 0.9998908340930939
9972 33550774 0.9998909831047058
9973 33550781 0.9998911917209625
9974 33550788 0.9998914003372192
9975 33550795 0.999891608953476
9976 33550803 0.999891847372055
9977 33550805 0.9998919069766998
9978 33550812 0.9998921155929565
9979 33550814 0.9998921751976013
9980 33550821 0.999892383813858
9981 33550828 0.9998925924301147
9982 33550830 0.9998926520347595
9983 33550836 0.9998928308486938
9984 33550840 0.9998929500579834
9985 33550846 0.9998931288719177
9986 33550854 0.9998933672904968
9987 33550858 0.9998934864997864
9988 33550863 0.9998936355113983
9989 33550867 0.9998937547206879
9990 33550876 0.9998940229415894
9991 33550882 0.9998942017555237
9992 33550888 0.999894380569458
9993 33550894 0.9998945593833923
9994 33550898 0.9998946785926819
9995 33550903 0.9998948276042938
9996 33550905 0.9998948872089386
9997 33550911 0.9998950660228729
9998 33550913 0.9998951256275177
9999 33550918 0.9998952746391296
10000 33550922 0.9998953938484192
10001 33550926 0.9998955130577087
10002 33550933 0.9998957216739655
10003 33550941 0.9998959600925446
10004 33550948 0.9998961687088013
10005 33550951 0.9998962581157684
10006 33550956 0.9998964071273804
10007 33550963 0.9998966157436371
10008 33550966 0.9998967051506042
10009 33550974 0.9998969435691833
10010 33550979 0.9998970925807953
10011 33550984 0.9998972415924072
10012 33550985 0.9998972713947296
10013 33550993 0.9998975098133087
10014 33550997 0.9998976290225983
10015 33551004 0.999897837638855
10016 33551007 0.9998979270458221
10017 33551013 0.9998981058597565
10018 33551017 0.999898225069046
10019 33551022 0.999898374080658
10020 33551028 0.9998985528945923
10021 33551038 0.9998988509178162
10022 33551042 0.9998989701271057
10024 33551052 0.9998992681503296
10025 33551058 0.9998994469642639
10026 33551066 0.999899685382843
10027 33551075 0.9998999536037445
10028 33551083 0.9999001920223236
10029 33551086 0.9999002814292908
10030 33551090 0.9999004006385803
10031 33551099 0.9999006688594818
10032 33551108 0.9999009370803833
10033 33551113 0.9999010860919952
10034 33551116 0.9999011754989624
10035 33551120 0.999901294708252
10036 33551125 0.9999014437198639
10037 33551130 0.9999015927314758
10038 33551136 0.9999017715454102
10039 33551137 0.9999018013477325
10040 33551145 0.9999020397663116
10041 33551150 0.9999021887779236
10042 33551158 0.9999024271965027
10043 33551166 0.9999026656150818
10044 33551170 0.9999027848243713
10045 33551173 0.9999028742313385
10046 33551178 0.9999030232429504
10047 33551183 0.9999031722545624
10048 33551187 0.9999032914638519
10049 33551189 0.9999033510684967
10050 33551192 0.9999034404754639
10051 33551196 0.9999035596847534
10052 33551202 0.9999037384986877
10053 33551211 0.9999040067195892
10054 33551214 0.9999040961265564
10055 33551220 0.9999042749404907
10056 33551222 0.9999043345451355
10057 33551233 0.9999046623706818
10058 33551240 0.9999048709869385
10059 33551247 0.9999050796031952
10060 33551251 0.9999051988124847
10061 33551260 0.9999054670333862
10062 33551265 0.9999056160449982
10063 33551270 0.9999057650566101
10064 33551276 0.9999059438705444
10065 33551282 0.9999061226844788
10066 33551287 0.9999062716960907
10067 33551289 0.9999063313007355
10068 33551296 0.9999065399169922
10069 33551301 0.9999066889286041
10070 33551305 0.9999068081378937
10071 33551310 0.9999069571495056
10072 33551316 0.9999071359634399
10073 33551321 0.9999072849750519
10074 33551324 0.999907374382019
10075 33551331 0.9999075829982758
10076 33551334 0.9999076724052429
10077 33551340 0.9999078512191772
10078 33551344 0.9999079704284668
10079 33551347 0.999908059835434
10080 33551353 0.9999082386493683
10081 33551362 0.9999085068702698
10082 33551364 0.9999085664749146
10083 33551371 0.9999087750911713
10084 33551374 0.9999088644981384
10085 33551377 0.9999089539051056
10086 33551383 0.9999091327190399
10087 33551387 0.9999092519283295
10088 33551390 0.9999093413352966
10089 33551393 0.9999094307422638
10090 33551398 0.9999095797538757
10091 33551400 0.9999096393585205
10092 33551405 0.9999097883701324
10093 33551409 0.999909907579422
10094 33551412 0.9999099969863892
10095 33551419 0.9999102056026459
10096 33551423 0.9999103248119354
10097 33551425 0.9999103844165802
10098 33551427 0.999910444021225
10099 33551430 0.9999105334281921
10100 33551431 0.9999105632305145
10101 33551437 0.9999107420444489
10102 33551441 0.9999108612537384
10103 33551447 0.9999110400676727
10104 33551449 0.9999110996723175
10105 33551452 0.9999111890792847
10106 33551458 0.999911367893219
10107 33551463 0.9999115169048309
10108 33551467 0.9999116361141205
10109 33551471 0.99991175532341
10110 33551475 0.9999118745326996
10111 33551480 0.9999120235443115
10112 33551487 0.9999122321605682
10113 33551490 0.9999123215675354
10114 33551495 0.9999124705791473
10115 33551500 0.9999126195907593
10116 33551502 0.999912679195404
10117 33551505 0.9999127686023712
10118 33551513 0.9999130070209503
10119 33551517 0.9999131262302399
10120 33551522 0.9999132752418518
10121 33551523 0.9999133050441742
10122 33551526 0.9999133944511414
10123 33551531 0.9999135434627533
10124 33551535 0.9999136626720428
10125 33551538 0.99991375207901
10126 33551545 0.9999139606952667
10127 33551546 0.9999139904975891
10128 33551548 0.9999140501022339
10129 33551551 0.999914139509201
10130 33551556 0.999914288520813
10131 33551561 0.9999144375324249
10132 33551563 0.9999144971370697
10133 33551566 0.9999145865440369
10134 33551571 0.9999147355556488
10135 33551573 0.9999147951602936
10136 33551578 0.9999149441719055
10137 33551582 0.9999150633811951
10138 33551584 0.9999151229858398
10139 33551586 0.9999151825904846
10140 33551594 0.9999154210090637
10141 33551598 0.9999155402183533
10142 33551599 0.9999155700206757
10143 33551600 0.999915599822998
10144 33551609 0.9999158680438995
10145 33551616 0.9999160766601562
10146 33551620 0.9999161958694458
10147 33551625 0.9999163448810577
10148 33551632 0.9999165534973145
10149 33551637 0.9999167025089264
10150 33551644 0.9999169111251831
10151 33551649 0.999917060136795
10152 33551654 0.999917209148407
10153 33551660 0.9999173879623413
10154 33551667 0.999917596578598
10155 33551676 0.9999178647994995
10156 33551683 0.9999180734157562
10157 33551692 0.9999183416366577
10158 33551696 0.9999184608459473
10159 33551697 0.9999184906482697
10160 33551701 0.9999186098575592
10161 33551705 0.9999187290668488
10162 33551715 0.9999190270900726
10163 33551723 0.9999192655086517
10164 33551730 0.9999194741249084
10165 33551734 0.999919593334198
10166 33551739 0.9999197423458099
10167 33551744 0.9999198913574219
10168 33551748 0.9999200105667114
10169 33551755 0.9999202191829681
10170 33551758 0.9999203085899353
10171 33551764 0.9999204874038696
10172 33551765 0.999920517206192
10173 33551775 0.9999208152294159
10174 33551780 0.9999209642410278
10175 33551784 0.9999210834503174
10176 33551791 0.9999212920665741
10177 33551796 0.999921441078186
10178 33551799 0.9999215304851532
10179 33551806 0.9999217391014099
10180 33551810 0.9999218583106995
10181 33551816 0.9999220371246338
10183 33551821 0.9999221861362457
10184 33551825 0.9999223053455353
10185 33551830 0.9999224543571472
10186 33551835 0.9999226033687592
10187 33551837 0.9999226629734039
10188 33551843 0.9999228417873383
10189 33551850 0.999923050403595
10190 33551854 0.9999231696128845
10191 33551856 0.9999232292175293
10192 33551861 0.9999233782291412
10193 33551863 0.999923437833786
10194 33551866 0.9999235272407532
10195 33551873 0.9999237358570099
10196 33551879 0.9999239146709442
10197 33551885 0.9999240934848785
10198 33551887 0.9999241530895233
10199 33551894 0.99992436170578
10201 33551895 0.9999243915081024
10202 33551902 0.9999246001243591
10203 33551909 0.9999248087406158
10204 33551912 0.999924898147583
10205 33551915 0.9999249875545502
10207 33551919 0.9999251067638397
10208 33551922 0.9999251961708069
10209 33551929 0.9999254047870636
10210 33551934 0.9999255537986755
10211 33551941 0.9999257624149323
10212 33551943 0.999925822019577
10213 33551945 0.9999258816242218
10214 33551951 0.9999260604381561
10215 33551958 0.9999262690544128
10216 33551959 0.9999262988567352
10217 33551960 0.9999263286590576
10218 33551962 0.9999263882637024
10219 33551965 0.9999264776706696
10220 33551970 0.9999266266822815
10221 33551978 0.9999268651008606
10222 33551984 0.9999270439147949
10223 33551988 0.9999271631240845
10224 33551997 0.999927431344986
10225 33552002 0.9999275803565979
10226 33552005 0.9999276697635651
10227 33552008 0.9999277591705322
10228 33552012 0.9999278783798218
10229 33552013 0.9999279081821442
10230 33552017 0.9999280273914337
10231 33552021 0.9999281466007233
10232 33552027 0.9999283254146576
10233 33552030 0.9999284148216248
10234 33552036 0.9999285936355591
10235 33552040 0.9999287128448486
10236 33552045 0.9999288618564606
10237 33552049 0.9999289810657501
10238 33552055 0.9999291598796844
10239 33552064 0.9999294281005859
10240 33552067 0.9999295175075531
10241 33552072 0.999929666519165
10242 33552075 0.9999297559261322
10243 33552077 0.999929815530777
10244 33552081 0.9999299347400665
10245 33552091 0.9999302327632904
10246 33552094 0.9999303221702576
10247 33552096 0.9999303817749023
10248 33552099 0.9999304711818695
10249 33552104 0.9999306201934814
10250 33552109 0.9999307692050934
10251 33552111 0.9999308288097382
10252 33552119 0.9999310672283173
10253 33552122 0.9999311566352844
10254 33552123 0.9999311864376068
10255 33552127 0.9999313056468964
10256 33552128 0.9999313354492188
10257 33552133 0.9999314844608307
10258 33552140 0.9999316930770874
10259 33552145 0.9999318420886993
10260 33552146 0.9999318718910217
10261 33552149 0.9999319612979889
10262 33552151 0.9999320209026337
10263 33552153 0.9999320805072784
10264 33552156 0.9999321699142456
10265 33552158 0.9999322295188904
10266 33552165 0.9999324381351471
10267 33552172 0.9999326467514038
10268 33552174 0.9999327063560486
10269 33552180 0.9999328851699829
10270 33552182 0.9999329447746277
10271 33552186 0.9999330639839172
10272 33552189 0.9999331533908844
10273 33552194 0.9999333024024963
10274 33552198 0.9999334216117859
10275 33552202 0.9999335408210754
10276 33552203 0.9999335706233978
10277 33552212 0.9999338388442993
10278 33552214 0.9999338984489441
10279 33552216 0.9999339580535889
10280 33552220 0.9999340772628784
10281 33552224 0.999934196472168
10282 33552234 0.9999344944953918
10283 33552241 0.9999347031116486
10284 33552243 0.9999347627162933
10285 33552247 0.9999348819255829
10286 33552248 0.9999349117279053
10287 33552249 0.9999349415302277
10288 33552256 0.9999351501464844
10289 33552261 0.9999352991580963
10290 33552262 0.9999353289604187
10291 33552263 0.9999353587627411
10292 33552266 0.9999354481697083
10293 33552270 0.9999355673789978
10294 33552271 0.9999355971813202
10295 33552274 0.9999356865882874
10296 33552277 0.9999357759952545
10297 33552281 0.9999358952045441
10298 33552287 0.9999360740184784
10299 33552292 0.9999362230300903
10300 33552297 0.9999363720417023
10301 33552301 0.9999364912509918
10302 33552306 0.9999366402626038
10303 33552311 0.9999367892742157
10304 33552313 0.9999368488788605
10305 33552318 0.9999369978904724
10306 33552323 0.9999371469020844
10307 33552327 0.9999372661113739
10308 33552333 0.9999374449253082
10309 33552337 0.9999375641345978
10310 33552340 0.9999376535415649
10311 33552345 0.9999378025531769
10312 33552351 0.9999379813671112
10313 33552354 0.9999380707740784
10314 33552356 0.9999381303787231
10315 33552360 0.9999382495880127
10316 33552362 0.9999383091926575
10317 33552369 0.9999385178089142
10318 33552374 0.9999386668205261
10319 33552378 0.9999387860298157
10320 33552384 0.99993896484375
10321 33552387 0.9999390542507172
10322 33552389 0.9999391138553619
10323 33552393 0.9999392330646515
10324 33552402 0.999939501285553
10325 33552407 0.9999396502971649
10326 33552411 0.9999397695064545
10327 33552415 0.999939888715744
10328 33552417 0.9999399483203888
10329 33552423 0.9999401271343231
10330 33552427 0.9999402463436127
10331 33552429 0.9999403059482574
10332 33552430 0.9999403357505798
10333 33552435 0.9999404847621918
10334 33552437 0.9999405443668365
10335 33552440 0.9999406337738037
10336 33552445 0.9999407827854156
10337 33552447 0.9999408423900604
10338 33552450 0.9999409317970276
10339 33552453 0.9999410212039948
10340 33552456 0.9999411106109619
10341 33552460 0.9999412298202515
10342 33552464 0.999941349029541
10343 33552468 0.9999414682388306
10344 33552470 0.9999415278434753
10345 33552471 0.9999415576457977
10346 33552477 0.9999417364597321
10347 33552482 0.999941885471344
10348 33552484 0.9999419450759888
10349 33552488 0.9999420642852783
10350 33552492 0.9999421834945679
10351 33552494 0.9999422430992126
10352 33552500 0.999942421913147
10353 33552503 0.9999425113201141
10354 33552505 0.9999425709247589
10355 33552508 0.9999426603317261
10356 33552513 0.999942809343338
10357 33552514 0.9999428391456604
10358 33552518 0.99994295835495
10359 33552520 0.9999430179595947
10360 33552522 0.9999430775642395
10361 33552527 0.9999432265758514
10362 33552528 0.9999432563781738
10363 33552531 0.999943345785141
10364 33552535 0.9999434649944305
10365 33552539 0.9999435842037201
10366 33552541 0.9999436438083649
10367 33552543 0.9999437034130096
10368 33552545 0.9999437630176544
10369 33552547 0.9999438226222992
10370 33552551 0.9999439418315887
10371 33552554 0.9999440312385559
10372 33552557 0.9999441206455231
10373 33552562 0.999944269657135
10374 33552564 0.9999443292617798
10375 33552569 0.9999444782733917
10376 33552577 0.9999447166919708
10377 33552580 0.999944806098938
10378 33552585 0.9999449551105499
10379 33552587 0.9999450147151947
10380 33552592 0.9999451637268066
10381 33552595 0.9999452531337738
10382 33552599 0.9999453723430634
10383 33552604 0.9999455213546753
10384 33552611 0.999945729970932
10385 33552616 0.999945878982544
10386 33552621 0.9999460279941559
10387 33552624 0.999946117401123
10388 33552626 0.9999461770057678
10389 33552633 0.9999463856220245
10390 33552635 0.9999464452266693
10391 33552637 0.9999465048313141
10392 33552640 0.9999465942382812
10393 33552644 0.9999467134475708
10394 33552647 0.999946802854538
10395 33552648 0.9999468326568604
10396 33552655 0.9999470412731171
10397 33552658 0.9999471306800842
10398 33552661 0.9999472200870514
10399 33552667 0.9999473989009857
10400 33552670 0.9999474883079529
10401 33552675 0.9999476373195648
10402 33552680 0.9999477863311768
10403 33552685 0.9999479353427887
10404 33552687 0.9999479949474335
10405 33552690 0.9999480843544006
10406 33552696 0.999948263168335
10407 33552699 0.9999483525753021
10408 33552702 0.9999484419822693
10409 33552706 0.9999485611915588
10410 33552708 0.9999486207962036
10411 33552711 0.9999487102031708
10412 33552715 0.9999488294124603
10413 33552722 0.999949038028717
10414 33552725 0.9999491274356842
10415 33552729 0.9999492466449738
10416 33552736 0.9999494552612305
10417 33552739 0.9999495446681976
10418 33552742 0.9999496340751648
10419 33552743 0.9999496638774872
10420 33552747 0.9999497830867767
10421 33552749 0.9999498426914215
10422 33552755 0.9999500215053558
10423 33552760 0.9999501705169678
10424 33552766 0.9999503493309021
10425 33552767 0.9999503791332245
10426 33552771 0.999950498342514
10427 33552775 0.9999506175518036
10428 33552777 0.9999506771564484
10429 33552781 0.9999507963657379
10430 33552790 0.9999510645866394
10431 33552792 0.9999511241912842
10433 33552793 0.9999511539936066
10434 33552798 0.9999513030052185
10435 33552800 0.9999513626098633
10436 33552801 0.9999513924121857
10437 33552804 0.9999514818191528
10438 33552807 0.99995157122612
10439 33552808 0.9999516010284424
10440 33552810 0.9999516606330872
10441 33552811 0.9999516904354095
10442 33552816 0.9999518394470215
10443 33552819 0.9999519288539886
10444 33552824 0.9999520778656006
10445 33552825 0.999952107667923
10447 33552829 0.9999522268772125
10448 33552831 0.9999522864818573
10449 33552834 0.9999523758888245
10450 33552838 0.999952495098114
10451 33552842 0.9999526143074036
10452 33552845 0.9999527037143707
10453 33552848 0.9999527931213379
10454 33552851 0.999952882528305
10455 33552852 0.9999529123306274
10456 33552859 0.9999531209468842
10457 33552862 0.9999532103538513
10458 33552866 0.9999533295631409
10459 33552870 0.9999534487724304
10460 33552873 0.9999535381793976
10461 33552875 0.9999535977840424
10463 33552876 0.9999536275863647
10464 33552879 0.9999537169933319
10465 33552880 0.9999537467956543
10466 33552882 0.9999538064002991
10467 33552885 0.9999538958072662
10468 33552891 0.9999540746212006
10469 33552892 0.999954104423523
10470 33552895 0.9999541938304901
10471 33552898 0.9999542832374573
10472 33552900 0.999954342842102
10473 33552902 0.9999544024467468
10474 33552906 0.9999545216560364
10476 33552912 0.9999547004699707
10477 33552914 0.9999547600746155
10478 33552919 0.9999549090862274
10479 33552922 0.9999549984931946
10480 33552926 0.9999551177024841
10482 33552931 0.9999552667140961
10483 33552934 0.9999553561210632
10484 33552935 0.9999553859233856
10485 33552938 0.9999554753303528
10486 33552942 0.9999555945396423
10487 33552944 0.9999556541442871
10488 33552947 0.9999557435512543
10489 33552951 0.9999558627605438
10490 33552954 0.999955952167511
10491 33552955 0.9999559819698334
10492 33552958 0.9999560713768005
10493 33552962 0.9999561905860901
10494 33552965 0.9999562799930573
10495 33552967 0.999956339597702
10496 33552972 0.999956488609314
10497 33552977 0.9999566376209259
10498 33552978 0.9999566674232483
10499 33552982 0.9999567866325378
10500 33552985 0.999956876039505
10501 33552988 0.9999569654464722
10502 33552992 0.9999570846557617
10503 33552994 0.9999571442604065
10504 33552999 0.9999572932720184
10505 33553001 0.9999573528766632
10506 33553004 0.9999574422836304
10507 33553005 0.9999574720859528
10508 33553007 0.9999575316905975
10509 33553008 0.9999575614929199
10510 33553013 0.9999577105045319
10511 33553014 0.9999577403068542
10512 33553017 0.9999578297138214
10513 33553019 0.9999578893184662
10514 33553021 0.999957948923111
10517 33553024 0.9999580383300781
10518 33553026 0.9999580979347229
10519 33553030 0.9999582171440125
10520 33553032 0.9999582767486572
10521 33553033 0.9999583065509796
10522 33553035 0.9999583661556244
10523 33553039 0.9999584853649139
10524 33553043 0.9999586045742035
10525 33553047 0.999958723783493
10526 33553050 0.9999588131904602
10527 33553051 0.9999588429927826
10528 33553054 0.9999589323997498
10529 33553058 0.9999590516090393
10530 33553064 0.9999592304229736
10531 33553067 0.9999593198299408
10532 33553074 0.9999595284461975
10533 33553075 0.9999595582485199
10534 33553078 0.9999596476554871
10535 33553081 0.9999597370624542
10536 33553085 0.9999598562717438
10537 33553090 0.9999600052833557
10538 33553093 0.9999600946903229
10539 33553096 0.99996018409729
10540 33553099 0.9999602735042572
10541 33553101 0.999960333108902
10542 33553104 0.9999604225158691
10543 33553107 0.9999605119228363
10544 33553108 0.9999605417251587
10545 33553112 0.9999606609344482
10546 33553114 0.999960720539093
10547 33553115 0.9999607503414154
10548 33553118 0.9999608397483826
10549 33553121 0.9999609291553497
10550 33553125 0.9999610483646393
10551 33553130 0.9999611973762512
10552 33553136 0.9999613761901855
10554 33553138 0.9999614357948303
10555 33553143 0.9999615848064423
10556 33553144 0.9999616146087646
10557 33553146 0.9999616742134094
10558 33553150 0.999961793422699
10559 33553153 0.9999618828296661
10560 33553156 0.9999619722366333
10561 33553160 0.9999620914459229
10562 33553163 0.99996218085289
10563 33553164 0.9999622106552124
10564 33553165 0.9999622404575348
10565 33553166 0.9999622702598572
10566 33553168 0.999962329864502
10567 33553170 0.9999623894691467
10568 33553176 0.999962568283081
10569 33553180 0.9999626874923706
10570 33553183 0.9999627768993378
10571 33553188 0.9999629259109497
10572 33553190 0.9999629855155945
10573 33553193 0.9999630749225616
10574 33553198 0.9999632239341736
10575 33553204 0.9999634027481079
10576 33553207 0.9999634921550751
10577 33553209 0.9999635517597198
10578 33553212 0.999963641166687
10579 33553221 0.9999639093875885
10580 33553224 0.9999639987945557
10581 33553227 0.9999640882015228
10582 33553230 0.99996417760849
10584 33553233 0.9999642670154572
10585 33553235 0.9999643266201019
10586 33553239 0.9999644458293915
10587 33553240 0.9999644756317139
10588 33553244 0.9999645948410034
10589 33553248 0.999964714050293
10590 33553251 0.9999648034572601
10591 33553255 0.9999649226665497
10592 33553259 0.9999650418758392
10593 33553260 0.9999650716781616
10594 33553261 0.999965101480484
10595 33553265 0.9999652206897736
10596 33553270 0.9999653697013855
10597 33553271 0.9999653995037079
10598 33553274 0.999965488910675
10599 33553277 0.9999655783176422
10600 33553279 0.999965637922287
10601 33553282 0.9999657273292542
10602 33553284 0.9999657869338989
10603 33553285 0.9999658167362213
10604 33553288 0.9999659061431885
10605 33553290 0.9999659657478333
10606 33553294 0.9999660849571228
10608 33553295 0.9999661147594452
10609 33553296 0.9999661445617676
10610 33553299 0.9999662339687347
10612 33553300 0.9999662637710571
10613 33553304 0.9999663829803467
10614 33553308 0.9999665021896362
10615 33553311 0.9999665915966034
10616 33553315 0.9999667108058929
10617 33553316 0.9999667406082153
10618 33553319 0.9999668300151825
10619 33553323 0.999966949224472
10620 33553325 0.9999670088291168
10621 33553329 0.9999671280384064
10622 33553333 0.9999672472476959
10623 33553336 0.9999673366546631
10624 33553338 0.9999673962593079
10625 33553342 0.9999675154685974
10626 33553344 0.9999675750732422
10627 33553348 0.9999676942825317
10628 33553349 0.9999677240848541
10629 33553353 0.9999678432941437
10630 33553356 0.9999679327011108
10632 33553359 0.999968022108078
10634 33553361 0.9999680817127228
10635 33553365 0.9999682009220123
10637 33553369 0.9999683201313019
10638 33553373 0.9999684393405914
10639 33553374 0.9999684691429138
10640 33553378 0.9999685883522034
10641 33553379 0.9999686181545258
10642 33553380 0.9999686479568481
10643 33553381 0.9999686777591705
10644 33553384 0.9999687671661377
10645 33553387 0.9999688565731049
10646 33553388 0.9999688863754272
10647 33553392 0.9999690055847168
10648 33553394 0.9999690651893616
10649 33553396 0.9999691247940063
10650 33553398 0.9999691843986511
10651 33553399 0.9999692142009735
10652 33553401 0.9999692738056183
10653 33553403 0.9999693334102631
10654 33553407 0.9999694526195526
10655 33553409 0.9999695122241974
10656 33553412 0.9999696016311646
10657 33553413 0.9999696314334869
10658 33553414 0.9999696612358093
10659 33553417 0.9999697506427765
10660 33553419 0.9999698102474213
10661 33553420 0.9999698400497437
10662 33553424 0.9999699592590332
10663 33553426 0.999970018863678
10664 33553427 0.9999700486660004
10665 33553429 0.9999701082706451
10666 33553430 0.9999701380729675
10667 33553432 0.9999701976776123
10668 33553435 0.9999702870845795
10670 33553437 0.9999703466892242
10671 33553438 0.9999703764915466
10672 33553441 0.9999704658985138
10673 33553444 0.999970555305481
10674 33553446 0.9999706149101257
10675 33553451 0.9999707639217377
10676 33553454 0.9999708533287048
10677 33553455 0.9999708831310272
10678 33553456 0.9999709129333496
10679 33553459 0.9999710023403168
10680 33553460 0.9999710321426392
10681 33553462 0.9999710917472839
10682 33553465 0.9999711811542511
10683 33553466 0.9999712109565735
10684 33553469 0.9999713003635406
10685 33553471 0.9999713599681854
10688 33553472 0.9999713897705078
10689 33553473 0.9999714195728302
10690 33553479 0.9999715983867645
10692 33553480 0.9999716281890869
10693 33553481 0.9999716579914093
10695 33553483 0.9999717175960541
10696 33553485 0.9999717772006989
10697 33553489 0.9999718964099884
10698 33553490 0.9999719262123108
10699 33553491 0.9999719560146332
10700 33553494 0.9999720454216003
10701 33553496 0.9999721050262451
10702 33553498 0.9999721646308899
10703 33553503 0.9999723136425018
10704 33553505 0.9999723732471466
10705 33553508 0.9999724626541138
10706 33553513 0.9999726116657257
10707 33553514 0.9999726414680481
10708 33553515 0.9999726712703705
10709 33553516 0.9999727010726929
10710 33553519 0.99997279047966
10711 33553523 0.9999729096889496
10712 33553524 0.999972939491272
10713 33553527 0.9999730288982391
10714 33553529 0.9999730885028839
10715 33553531 0.9999731481075287
10716 33553533 0.9999732077121735
10718 33553534 0.9999732375144958
10719 33553536 0.9999732971191406
10720 33553541 0.9999734461307526
10721 33553544 0.9999735355377197
10723 33553550 0.999973714351654
10724 33553555 0.999973863363266
10725 33553557 0.9999739229679108
10726 33553561 0.9999740421772003
10727 33553564 0.9999741315841675
10728 33553567 0.9999742209911346
10730 33553569 0.9999742805957794
10731 33553572 0.9999743700027466
10732 33553577 0.9999745190143585
10733 33553583 0.9999746978282928
10734 33553585 0.9999747574329376
10735 33553587 0.9999748170375824
10736 33553588 0.9999748468399048
10738 33553590 0.9999749064445496
10739 33553591 0.999974936246872
10740 33553592 0.9999749660491943
10742 33553594 0.9999750256538391
10743 33553599 0.999975174665451
10744 33553601 0.9999752342700958
10745 33553604 0.999975323677063
10748 33553605 0.9999753534793854
10749 33553608 0.9999754428863525
10750 33553610 0.9999755024909973
10751 33553614 0.9999756217002869
10752 33553618 0.9999757409095764
10753 33553620 0.9999758005142212
10754 33553627 0.9999760091304779
10755 33553629 0.9999760687351227
10756 33553630 0.9999760985374451
10758 33553631 0.9999761283397675
10759 33553632 0.9999761581420898
10761 33553636 0.9999762773513794
10762 33553638 0.9999763369560242
10763 33553640 0.999976396560669
10764 33553641 0.9999764263629913
10765 33553645 0.9999765455722809
10767 33553650 0.9999766945838928
10768 33553653 0.99997678399086
10769 33553655 0.9999768435955048
10770 33553656 0.9999768733978271
10771 33553660 0.9999769926071167
10772 33553662 0.9999770522117615
10773 33553665 0.9999771416187286
10774 33553668 0.9999772310256958
10775 33553670 0.9999772906303406
10776 33553673 0.9999773800373077
10777 33553675 0.9999774396419525
10778 33553678 0.9999775290489197
10779 33553679 0.9999775588512421
10780 33553683 0.9999776780605316
10781 33553687 0.9999777972698212
10782 33553690 0.9999778866767883
10783 33553691 0.9999779164791107
10784 33553692 0.9999779462814331
10786 33553694 0.9999780058860779
10787 33553696 0.9999780654907227
10788 33553697 0.999978095293045
10789 33553698 0.9999781250953674
10790 33553700 0.9999781847000122
10791 33553703 0.9999782741069794
10792 33553707 0.9999783933162689
10793 33553710 0.9999784827232361
10794 33553714 0.9999786019325256
10795 33553715 0.999978631734848
10798 33553717 0.9999786913394928
10799 33553723 0.9999788701534271
10801 33553725 0.9999789297580719
10803 33553726 0.9999789595603943
10805 33553728 0.9999790191650391
10807 33553730 0.9999790787696838
10808 33553732 0.9999791383743286
10809 33553736 0.9999792575836182
10810 33553738 0.9999793171882629
10811 33553741 0.9999794065952301
10814 33553744 0.9999794960021973
10815 33553745 0.9999795258045197
10816 33553747 0.9999795854091644
10817 33553750 0.9999796748161316
10818 33553753 0.9999797642230988
10819 33553755 0.9999798238277435
10821 33553758 0.9999799132347107
10822 33553761 0.9999800026416779
10824 33553762 0.9999800324440002
10825 33553763 0.9999800622463226
10826 33553764 0.999980092048645
10827 33553765 0.9999801218509674
10828 33553766 0.9999801516532898
10831 33553767 0.9999801814556122
10832 33553768 0.9999802112579346
10833 33553769 0.999980241060257
10834 33553772 0.9999803304672241
10835 33553776 0.9999804496765137
10837 33553778 0.9999805092811584
10838 33553779 0.9999805390834808
10839 33553781 0.9999805986881256
10841 33553784 0.9999806880950928
10842 33553785 0.9999807178974152
10843 33553787 0.9999807775020599
10844 33553789 0.9999808371067047
10845 33553791 0.9999808967113495
10846 33553792 0.9999809265136719
10847 33553797 0.9999810755252838
10848 33553798 0.9999811053276062
10850 33553802 0.9999812245368958
10851 33553806 0.9999813437461853
10852 33553807 0.9999813735485077
10853 33553808 0.9999814033508301
10854 33553809 0.9999814331531525
10855 33553810 0.9999814629554749
10857 33553815 0.9999816119670868
10858 33553816 0.9999816417694092
10861 33553818 0.999981701374054
10863 33553819 0.9999817311763763
10866 33553820 0.9999817609786987
10867 33553824 0.9999818801879883
10868 33553825 0.9999819099903107
10869 33553826 0.9999819397926331
10870 33553827 0.9999819695949554
10871 33553829 0.9999820291996002
10872 33553830 0.9999820590019226
10873 33553832 0.9999821186065674
10874 33553834 0.9999821782112122
10875 33553838 0.9999822974205017
10878 33553839 0.9999823272228241
10879 33553840 0.9999823570251465
10881 33553844 0.999982476234436
10882 33553845 0.9999825060367584
10883 33553846 0.9999825358390808
10884 33553848 0.9999825954437256
10885 33553849 0.999982625246048
10886 33553850 0.9999826550483704
10887 33553852 0.9999827146530151
10888 33553855 0.9999828040599823
10891 33553856 0.9999828338623047
10893 33553857 0.9999828636646271
10894 33553858 0.9999828934669495
10895 33553859 0.9999829232692719
10896 33553862 0.999983012676239
10897 33553863 0.9999830424785614
10898 33553864 0.9999830722808838
10899 33553866 0.9999831318855286
10902 33553868 0.9999831914901733
10903 33553869 0.9999832212924957
10906 33553872 0.9999833106994629
10907 33553875 0.99998340010643
10908 33553878 0.9999834895133972
10909 33553881 0.9999835789203644
10910 33553882 0.9999836087226868
10911 33553883 0.9999836385250092
10912 33553884 0.9999836683273315
10916 33553885 0.9999836981296539
10917 33553886 0.9999837279319763
10920 33553887 0.9999837577342987
10922 33553888 0.9999837875366211
10923 33553890 0.9999838471412659
10925 33553891 0.9999838769435883
10928 33553892 0.9999839067459106
10929 33553894 0.9999839663505554
10930 33553895 0.9999839961528778
10932 33553896 0.9999840259552002
10935 33553898 0.999984085559845
10939 33553899 0.9999841153621674
10940 33553900 0.9999841451644897
10941 33553901 0.9999841749668121
10943 33553902 0.9999842047691345
10944 33553904 0.9999842643737793
10945 33553905 0.9999842941761017
10946 33553908 0.9999843835830688
10950 33553910 0.9999844431877136
10951 33553911 0.999984472990036
10953 33553912 0.9999845027923584
10954 33553913 0.9999845325946808
10955 33553915 0.9999845921993256
10956 33553917 0.9999846518039703
10959 33553918 0.9999846816062927
10960 33553919 0.9999847114086151
10962 33553920 0.9999847412109375
10964 33553921 0.9999847710132599
10965 33553922 0.9999848008155823
10966 33553923 0.9999848306179047
10967 33553924 0.999984860420227
10975 33553925 0.9999848902225494
10977 33553927 0.9999849498271942
10982 33553928 0.9999849796295166
10984 33553929 0.999985009431839
10985 33553931 0.9999850690364838
10987 33553933 0.9999851286411285
10988 33553934 0.9999851584434509
10989 33553937 0.9999852478504181
10990 33553939 0.9999853074550629
10991 33553941 0.9999853670597076
10992 33553942 0.99998539686203
10993 33553943 0.9999854266643524
10995 33553945 0.9999854862689972
10997 33553946 0.9999855160713196
11003 33553948 0.9999855756759644
11006 33553950 0.9999856352806091
11007 33553951 0.9999856650829315
11009 33553953 0.9999857246875763
11010 33553955 0.9999857842922211
11011 33553956 0.9999858140945435
11013 33553957 0.9999858438968658
11014 33553958 0.9999858736991882
11017 33553959 0.9999859035015106
11020 33553960 0.999985933303833
11021 33553962 0.9999859929084778
11023 33553964 0.9999860525131226
11024 33553965 0.999986082315445
11025 33553967 0.9999861419200897
11027 33553969 0.9999862015247345
11030 33553970 0.9999862313270569
11031 33553971 0.9999862611293793
11036 33553972 0.9999862909317017
11040 33553973 0.999986320734024
11042 33553974 0.9999863505363464
11045 33553975 0.9999863803386688
11046 33553979 0.9999864995479584
11048 33553981 0.9999865591526031
11053 33553983 0.9999866187572479
11059 33553984 0.9999866485595703
11060 33553985 0.9999866783618927
11068 33553986 0.9999867081642151
11069 33553987 0.9999867379665375
11073 33553988 0.9999867677688599
11079 33553989 0.9999867975711823
11083 33553990 0.9999868273735046
11088 33553991 0.999986857175827
11097 33553992 0.9999868869781494
11099 33553994 0.9999869465827942
11101 33553995 0.9999869763851166
11104 33553996 0.999987006187439
11114 33553997 0.9999870359897614
11122 33553998 0.9999870657920837
11124 33554000 0.9999871253967285
11127 33554001 0.9999871551990509
11128 33554002 0.9999871850013733
11136 33554003 0.9999872148036957
11141 33554004 0.9999872446060181
11148 33554005 0.9999872744083405
11150 33554006 0.9999873042106628
11151 33554007 0.9999873340129852
11152 33554008 0.9999873638153076
11158 33554009 0.99998739361763
11167 33554010 0.9999874234199524
11186 33554011 0.9999874532222748
11188 33554012 0.9999874830245972
11189 33554013 0.9999875128269196
11190 33554014 0.9999875426292419
11200 33554015 0.9999875724315643
11205 33554016 0.9999876022338867
11210 33554017 0.9999876320362091
11212 33554019 0.9999876916408539
11213 33554020 0.9999877214431763
11215 33554021 0.9999877512454987
11223 33554022 0.999987781047821
11225 33554023 0.9999878108501434
11226 33554025 0.9999878704547882
11232 33554026 0.9999879002571106
11238 33554027 0.999987930059433
11239 33554028 0.9999879598617554
11246 33554029 0.9999879896640778
11252 33554031 0.9999880492687225
11253 33554032 0.9999880790710449
11258 33554033 0.9999881088733673
11271 33554034 0.9999881386756897
11272 33554036 0.9999881982803345
11276 33554037 0.9999882280826569
11282 33554038 0.9999882578849792
11285 33554039 0.9999882876873016
11287 33554040 0.999988317489624
11288 33554041 0.9999883472919464
11297 33554042 0.9999883770942688
11298 33554043 0.9999884068965912
11301 33554044 0.9999884366989136
11303 33554045 0.999988466501236
11306 33554047 0.9999885261058807
11308 33554048 0.9999885559082031
11310 33554049 0.9999885857105255
11313 33554050 0.9999886155128479
11314 33554051 0.9999886453151703
11317 33554052 0.9999886751174927
11318 33554053 0.9999887049198151
11323 33554054 0.9999887347221375
11329 33554055 0.9999887645244598
11331 33554056 0.9999887943267822
11332 33554057 0.9999888241291046
11340 33554058 0.999988853931427
11347 33554059 0.9999888837337494
11354 33554060 0.9999889135360718
11359 33554062 0.9999889731407166
11360 33554064 0.9999890327453613
11374 33554065 0.9999890625476837
11383 33554066 0.9999890923500061
11385 33554067 0.9999891221523285
11389 33554068 0.9999891519546509
11391 33554069 0.9999891817569733
11393 33554070 0.9999892115592957
11395 33554071 0.999989241361618
11398 33554072 0.9999892711639404
11401 33554073 0.9999893009662628
11404 33554074 0.9999893307685852
11410 33554076 0.99998939037323
11423 33554077 0.9999894201755524
11425 33554078 0.9999894499778748
11431 33554079 0.9999894797801971
11433 33554080 0.9999895095825195
11437 33554081 0.9999895393848419
11442 33554083 0.9999895989894867
11445 33554084 0.9999896287918091
11457 33554085 0.9999896585941315
11458 33554086 0.9999896883964539
11459 33554087 0.9999897181987762
11463 33554088 0.9999897480010986
11464 33554089 0.999989777803421
11472 33554090 0.9999898076057434
11476 33554091 0.9999898374080658
11480 33554092 0.9999898672103882
11493 33554093 0.9999898970127106
11495 33554094 0.999989926815033
11507 33554095 0.9999899566173553
11513 33554096 0.9999899864196777
11514 33554097 0.9999900162220001
11529 33554098 0.9999900460243225
11530 33554099 0.9999900758266449
11534 33554100 0.9999901056289673
11537 33554101 0.9999901354312897
11541 33554102 0.9999901652336121
11543 33554103 0.9999901950359344
11544 33554105 0.9999902546405792
11547 33554106 0.9999902844429016
11548 33554107 0.999990314245224
11559 33554108 0.9999903440475464
11568 33554109 0.9999903738498688
11576 33554110 0.9999904036521912
11578 33554111 0.9999904334545135
11583 33554112 0.9999904632568359
11592 33554114 0.9999905228614807
11597 33554115 0.9999905526638031
11598 33554116 0.9999905824661255
11599 33554117 0.9999906122684479
11602 33554118 0.9999906420707703
11608 33554119 0.9999906718730927
11613 33554121 0.9999907314777374
11614 33554122 0.9999907612800598
11617 33554124 0.9999908208847046
11624 33554125 0.999990850687027
11627 33554126 0.9999908804893494
11629 33554127 0.9999909102916718
11631 33554129 0.9999909698963165
11651 33554130 0.9999909996986389
11655 33554131 0.9999910295009613
11659 33554132 0.9999910593032837
11669 33554133 0.9999910891056061
11670 33554134 0.9999911189079285
11671 33554136 0.9999911785125732
11674 33554137 0.9999912083148956
11676 33554139 0.9999912679195404
11679 33554140 0.9999912977218628
11683 33554141 0.9999913275241852
11696 33554142 0.9999913573265076
11701 33554143 0.99999138712883
11704 33554144 0.9999914169311523
11713 33554145 0.9999914467334747
11732 33554146 0.9999914765357971
11735 33554147 0.9999915063381195
11738 33554148 0.9999915361404419
11743 33554149 0.9999915659427643
11750 33554150 0.9999915957450867
11752 33554151 0.9999916255474091
11760 33554152 0.9999916553497314
11769 33554153 0.9999916851520538
11771 33554154 0.9999917149543762
11776 33554155 0.9999917447566986
11778 33554156 0.999991774559021
11781 33554157 0.9999918043613434
11786 33554158 0.9999918341636658
11788 33554159 0.9999918639659882
11803 33554160 0.9999918937683105
11807 33554161 0.9999919235706329
11813 33554162 0.9999919533729553
11816 33554163 0.9999919831752777
11822 33554164 0.9999920129776001
11826 33554165 0.9999920427799225
11827 33554166 0.9999920725822449
11836 33554167 0.9999921023845673
11838 33554168 0.9999921321868896
11839 33554169 0.999992161989212
11840 33554170 0.9999921917915344
11849 33554172 0.9999922513961792
11858 33554173 0.9999922811985016
11859 33554174 0.999992311000824
11860 33554175 0.9999923408031464
11861 33554176 0.9999923706054688
11885 33554177 0.9999924004077911
11900 33554178 0.9999924302101135
11904 33554179 0.9999924600124359
11922 33554180 0.9999924898147583
11931 33554181 0.9999925196170807
11939 33554182 0.9999925494194031
11946 33554183 0.9999925792217255
11949 33554184 0.9999926090240479
11950 33554185 0.9999926388263702
11954 33554186 0.9999926686286926
11965 33554187 0.999992698431015
11978 33554188 0.9999927282333374
11990 33554190 0.9999927878379822
12001 33554191 0.9999928176403046
12004 33554192 0.999992847442627
12005 33554193 0.9999928772449493
12014 33554194 0.9999929070472717
12036 33554195 0.9999929368495941
12050 33554196 0.9999929666519165
12058 33554197 0.9999929964542389
12072 33554198 0.9999930262565613
12076 33554199 0.9999930560588837
12077 33554200 0.999993085861206
12087 33554201 0.9999931156635284
12088 33554202 0.9999931454658508
12095 33554203 0.9999931752681732
12100 33554204 0.9999932050704956
12118 33554205 0.999993234872818
12126 33554207 0.9999932944774628
12128 33554208 0.9999933242797852
12146 33554209 0.9999933540821075
12150 33554210 0.9999933838844299
12156 33554211 0.9999934136867523
12158 33554212 0.9999934434890747
12162 33554213 0.9999934732913971
12164 33554214 0.9999935030937195
12180 33554215 0.9999935328960419
12183 33554216 0.9999935626983643
12186 33554217 0.9999935925006866
12206 33554218 0.999993622303009
12211 33554219 0.9999936521053314
12227 33554220 0.9999936819076538
12236 33554221 0.9999937117099762
12253 33554222 0.9999937415122986
12267 33554223 0.999993771314621
12273 33554224 0.9999938011169434
12299 33554225 0.9999938309192657
12314 33554226 0.9999938607215881
12339 33554227 0.9999938905239105
12360 33554228 0.9999939203262329
12370 33554229 0.9999939501285553
12384 33554230 0.9999939799308777
12388 33554231 0.9999940097332001
12390 33554232 0.9999940395355225
12397 33554233 0.9999940693378448
12409 33554234 0.9999940991401672
12454 33554235 0.9999941289424896
12462 33554236 0.999994158744812
12488 33554237 0.9999941885471344
12491 33554238 0.9999942183494568
12506 33554240 0.9999942779541016
12512 33554241 0.999994307756424
12518 33554242 0.9999943375587463
12531 33554243 0.9999943673610687
12542 33554244 0.9999943971633911
12557 33554245 0.9999944269657135
12561 33554246 0.9999944567680359
12577 33554247 0.9999944865703583
12579 33554248 0.9999945163726807
12583 33554249 0.999994546175003
12586 33554250 0.9999945759773254
12599 33554251 0.9999946057796478
12609 33554252 0.9999946355819702
12632 33554253 0.9999946653842926
12638 33554254 0.999994695186615
12639 33554255 0.9999947249889374
12642 33554256 0.9999947547912598
12649 33554257 0.9999947845935822
12653 33554258 0.9999948143959045
12665 33554259 0.9999948441982269
12667 33554260 0.9999948740005493
12676 33554261 0.9999949038028717
12679 33554262 0.9999949336051941
12691 33554263 0.9999949634075165
12692 33554264 0.9999949932098389
12704 33554265 0.9999950230121613
12714 33554266 0.9999950528144836
12735 33554267 0.999995082616806
12792 33554268 0.9999951124191284
12802 33554269 0.9999951422214508
12806 33554270 0.9999951720237732
12813 33554271 0.9999952018260956
12816 33554272 0.999995231628418
12821 33554273 0.9999952614307404
12822 33554274 0.9999952912330627
12824 33554275 0.9999953210353851
12828 33554276 0.9999953508377075
12832 33554277 0.9999953806400299
12846 33554278 0.9999954104423523
12849 33554279 0.9999954402446747
12871 33554280 0.9999954700469971
12888 33554282 0.9999955296516418
12937 33554283 0.9999955594539642
12954 33554284 0.9999955892562866
12956 33554286 0.9999956488609314
13010 33554287 0.9999956786632538
13077 33554288 0.9999957084655762
13089 33554289 0.9999957382678986
13108 33554290 0.999995768070221
13122 33554291 0.9999957978725433
13143 33554292 0.9999958276748657
13166 33554293 0.9999958574771881
13176 33554294 0.9999958872795105
13265 33554295 0.9999959170818329
13269 33554296 0.9999959468841553
13287 33554297 0.9999959766864777
13338 33554298 0.9999960064888
13354 33554299 0.9999960362911224
13376 33554300 0.9999960660934448
13401 33554301 0.9999960958957672
13413 33554302 0.9999961256980896
13421 33554303 0.999996155500412
13484 33554304 0.9999961853027344
13500 33554305 0.9999962151050568
13502 33554306 0.9999962449073792
13536 33554307 0.9999962747097015
13600 33554308 0.9999963045120239
13612 33554309 0.9999963343143463
13655 33554310 0.9999963641166687
13660 33554311 0.9999963939189911
13721 33554312 0.9999964237213135
13730 33554313 0.9999964535236359
13768 33554314 0.9999964833259583
13824 33554315 0.9999965131282806
13875 33554316 0.999996542930603
13929 33554317 0.9999965727329254
13939 33554318 0.9999966025352478
13955 33554319 0.9999966323375702
13959 33554320 0.9999966621398926
13994 33554321 0.999996691942215
14007 33554322 0.9999967217445374
14011 33554323 0.9999967515468597
14071 33554324 0.9999967813491821
14077 33554325 0.9999968111515045
14092 33554326 0.9999968409538269
14118 33554327 0.9999968707561493
14124 33554328 0.9999969005584717
14154 33554329 0.9999969303607941
14176 33554330 0.9999969601631165
14178 33554331 0.9999969899654388
14215 33554332 0.9999970197677612
14227 33554333 0.9999970495700836
14229 33554334 0.999997079372406
14376 33554335 0.9999971091747284
14424 33554336 0.9999971389770508
14509 33554337 0.9999971687793732
14512 33554338 0.9999971985816956
14522 33554339 0.9999972283840179
14546 33554340 0.9999972581863403
14557 33554341 0.9999972879886627
14649 33554342 0.9999973177909851
14673 33554343 0.9999973475933075
14734 33554344 0.9999973773956299
14773 33554345 0.9999974071979523
14791 33554346 0.9999974370002747
14822 33554347 0.999997466802597
14858 33554348 0.9999974966049194
14890 33554349 0.9999975264072418
14938 33554350 0.9999975562095642
14945 33554351 0.9999975860118866
15009 33554352 0.999997615814209
15081 33554353 0.9999976456165314
15310 33554354 0.9999976754188538
15317 33554355 0.9999977052211761
15353 33554356 0.9999977350234985
15428 33554357 0.9999977648258209
15448 33554358 0.9999977946281433
15480 33554359 0.9999978244304657
15482 33554360 0.9999978542327881
15520 33554361 0.9999978840351105
15587 33554362 0.9999979138374329
15805 33554363 0.9999979436397552
15873 33554364 0.9999979734420776
15911 33554365 0.9999980032444
15926 33554366 0.9999980330467224
15968 33554367 0.9999980628490448
16169 33554368 0.9999980926513672
16219 33554369 0.9999981224536896
16460 33554370 0.999998152256012
16603 33554371 0.9999981820583344
16630 33554372 0.9999982118606567
16678 33554373 0.9999982416629791
16925 33554374 0.9999982714653015
17078 33554375 0.9999983012676239
17081 33554376 0.9999983310699463
17248 33554377 0.9999983608722687
17701 33554378 0.9999983906745911
18083 33554379 0.9999984204769135
18275 33554380 0.9999984502792358
18423 33554381 0.9999984800815582
18524 33554382 0.9999985098838806
18567 33554383 0.999998539686203
18686 33554384 0.9999985694885254
18820 33554385 0.9999985992908478
18882 33554386 0.9999986290931702
18888 33554387 0.9999986588954926
19510 33554388 0.9999986886978149
19732 33554389 0.9999987185001373
19876 33554390 0.9999987483024597
19942 33554391 0.9999987781047821
20055 33554392 0.9999988079071045
20404 33554393 0.9999988377094269
20408 33554394 0.9999988675117493
20516 33554395 0.9999988973140717
20519 33554396 0.999998927116394
20765 33554397 0.9999989569187164
20865 33554398 0.9999989867210388
20979 33554399 0.9999990165233612
21221 33554400 0.9999990463256836
21548 33554401 0.999999076128006
22214 33554402 0.9999991059303284
23643 33554403 0.9999991357326508
23729 33554404 0.9999991655349731
24148 33554405 0.9999991953372955
24225 33554406 0.9999992251396179
24298 33554407 0.9999992549419403
26113 33554408 0.9999992847442627
26280 33554409 0.9999993145465851
26701 33554410 0.9999993443489075
26704 33554411 0.9999993741512299
29699 33554412 0.9999994039535522
31027 33554413 0.9999994337558746
31913 33554414 0.999999463558197
32226 33554415 0.9999994933605194
32361 33554416 0.9999995231628418
50242 33554417 0.9999995529651642
50389 33554418 0.9999995827674866
64753 33554419 0.999999612569809
90357 33554420 0.9999996423721313
90819 33554421 0.9999996721744537
115322 33554422 0.9999997019767761
258562 33554423 0.9999997317790985
302696 33554424 0.9999997615814209
303448 33554425 0.9999997913837433
303688 33554426 0.9999998211860657
311329 33554427 0.9999998509883881
317480 33554428 0.9999998807907104
333602 33554429 0.9999999105930328
370368 33554430 0.9999999403953552
620395 33554431 0.9999999701976776
653226 33554432 1.0
